x position (mm), y position (mm), z position (mm), cosine of the angle, total number of photons, number of absorbed photons, absorption ratios , errors, outliers: (x,y,z)
-44.5, -44.5, 246.5679495594159, 0.9998000563695831, 629.6680151805645, 318.6491129427238, 0.5060589155879984, 0.15491933384829668
-44.5, -43.5, 246.68870939896792, 0.999800513949775, 797.2202277035141, 144.66147062220023, 0.18145735092411602, 0.14491376746189438
-44.5, -42.5, 246.82000434803786, 0.9998009704491027, 796.6893108191699, 0.0, 0.0, 0.15491933384829668
-44.5, -41.5, 246.9545167765317, 0.9998014258679991, 848.5553893492324, 0.0, 0.0, 0.15491933384829668
-44.5, -40.5, 247.08568584746072, 0.9998018802068965, 780.0237167243215, 0.0, 0.0, 0.15491933384829668
-44.5, -39.5, 247.2074282495393, 0.9998023334662257, 790.5765130545311, 0.0, 0.0, 0.14491376746189438
-44.5, -38.5, 247.32609614375195, 0.9998027856464167, 789.2355855486919, 0.0, 0.0, 0.15491933384829668
-44.5, -37.5, 247.44169277355667, 0.999803236747898, 763.0905966237026, 0.0, 0.0, 0.14491376746189438
-44.5, -36.5, 247.55422129419338, 0.9998036867710972, 788.195620727615, 0.7656905789609072, 0.000971447390501951, 0.15811388300841897
-44.5, -35.5, 247.6636847731126, 0.9998041357164409, 782.9481054957988, 0.0, 0.0, 0.14491376746189438
-44.5, -34.5, 247.77008619039128, 0.9998045835843544, 778.4191180540587, 0.0, 0.0, 0.15811388300841897
-44.5, -33.5, 247.87342843913612, 0.9998050303752621, 790.5043517939049, 0.0, 0.0, 0.15811388300841897
-44.5, -32.5, 247.9737143258741, 0.999805476089587, 768.3506572133356, 0.0, 0.0, 0.0
-44.5, -31.5, 248.0709465709308, 0.9998059207277512, 790.8013931717682, 0.0, 0.0, 0.0
-44.5, -30.5, 248.16512780879617, 0.9998063642901758, 781.1431325577116, 0.0, 0.0, 0.0
-44.5, -29.5, 248.25626058847843, 0.9998068067772804, 785.5166807282127, 0.0, 0.0, 0.0
-44.5, -28.5, 248.3443473738455, 0.999807248189484, 793.1719876800324, 0.0, 0.0, 0.0
-44.5, -27.5, 248.42939054395464, 0.999807688527204, 796.4374373450136, 0.0, 0.0, 0.0
-44.5, -26.5, 248.5113923933704, 0.9998081277908573, 781.9615013061774, 0.0, 0.0, 0.0
-44.5, -25.5, 248.59035513247028, 0.9998085659808591, 783.388861642184, 0.0, 0.0, 0.0
-44.5, -24.5, 248.66628088773928, 0.9998090030976238, 785.3515721901388, 0.0, 0.0, 0.0
-44.5, -23.5, 248.7391717020525, 0.9998094391415646, 782.6440690084361, 0.0, 0.0, 0.0
-44.5, -22.5, 248.8090295349463, 0.9998098741130939, 763.5862814461688, 0.0, 0.0, 0.0
-44.5, -21.5, 248.87909155965664, 0.9998103080126225, 865.1505261076849, 0.0, 0.0, 0.0
-44.5, -20.5, 248.9458668755996, 0.9998107408405605, 777.5772075701232, 0.0, 0.0, 0.0
-44.5, -19.5, 249.0063340227976, 0.9998111725973169, 792.8177650434494, 0.0, 0.0, 0.0
-44.5, -18.5, 249.0637753567043, 0.9998116032832993, 772.7153444616597, 0.0, 0.0, 0.0
-44.5, -17.5, 249.11819241562893, 0.9998120328989145, 792.7560701938354, 0.0, 0.0, 0.0
-44.5, -16.5, 249.16958665595175, 0.9998124614445681, 794.7743506138539, 0.0, 0.0, 0.0
-44.5, -15.5, 249.21795945231543, 0.9998128889206647, 793.1496227772398, 0.0, 0.0, 0.0
-44.5, -14.5, 249.2633120978058, 0.9998133153276075, 786.873912627809, 0.0, 0.0, 0.0
-44.5, -13.5, 249.30564580412178, 0.9998137406657992, 777.017847183946, 0.9306242620601765, 0.0011976871128931313, 0.0
-44.5, -12.5, 249.34496170173458, 0.9998141649356408, 793.352965464624, 0.0, 0.0, 0.0
-44.5, -11.5, 249.38126084003534, 0.9998145881375325, 789.7633862110453, 0.0, 0.0, 0.0
-44.5, -10.5, 249.41454418747335, 0.9998150102718736, 771.3814242574559, 1.9997966282843747, 0.0025924874068745055, 0.0
-44.5, -9.5, 249.44481263168217, 0.9998154313390618, 785.7686180634519, 10.002333714090836, 0.012729362670071834, 0.0
-44.5, -8.5, 249.4720669795964, 0.9998158513394944, 789.986443941939, 102.01572233214584, 0.1291360416554738, 0.0
-44.5, -7.5, 249.49630795755667, 0.9998162702735669, 786.9284677527743, 217.97847769132676, 0.2769991004567496, 0.0
-44.5, -6.5, 249.51753621140477, 0.9998166881416743, 782.0435627606229, 272.5714091342999, 0.3485373732533769, 0.0
-44.5, -5.5, 249.53575230656824, 0.9998171049442103, 787.631295961476, 347.8362300475738, 0.4416231704238767, 0.0
-44.5, -4.5, 249.5509567281337, 0.9998175206815674, 779.6456757806808, 391.12611699741257, 0.5016716300077816, 0.0
-44.5, -3.5, 249.56314988091071, 0.9998179353541371, 790.0499624223966, 449.64459856018453, 0.5691343838325305, 0.0
-44.5, -2.5, 249.57233208948423, 0.99981834896231, 769.0915396517822, 411.6342590579603, 0.5352214110225864, 0.0
-44.5, -1.5, 249.578503598257, 0.9998187615064754, 782.3410532956137, 429.02497095918557, 0.5483861151756216, 0.0
-44.5, -0.5, 249.58166457148158, 0.9998191729870217, 771.3709002874856, 419.1345257334995, 0.5433631545826922, 0.0
-44.5, 0.5, 249.58171725407166, 0.9998195834043361, 872.0475312969135, 486.0853656813419, 0.5574069626209861, 0.0
-44.5, 1.5, 249.578503598257, 0.9998199927588047, 790.640444856307, 441.392699924434, 0.5582723509732086, 0.0
-44.5, 2.5, 249.57233208948418, 0.9998204010508127, 795.6752544396978, 425.41021198890047, 0.5346530630621004, 0.0
-44.5, 3.5, 249.56314988091071, 0.999820808280744, 787.6802191383938, 419.41843726839744, 0.5324729846931785, 0.0
-44.5, 4.5, 249.55095672813368, 0.9998212144489816, 787.1595696436947, 422.892625622486, 0.5372387530191712, 0.0
-44.5, 5.5, 249.5357523065682, 0.9998216195559075, 785.6713194471859, 375.32274417120595, 0.4777096158165613, 0.0
-44.5, 6.5, 249.51753621140477, 0.9998220236019025, 770.5428690860066, 289.2335530487396, 0.37536335050614283, 0.0
-44.5, 7.5, 249.4963079575566, 0.9998224265873462, 760.0591668622151, 200.10860648197192, 0.2632803013324461, 0.0
-44.5, 8.5, 249.47206697959638, 0.9998228285126174, 793.1476206610323, 91.91614886848166, 0.11588782021671586, 0.0
-44.5, 9.5, 249.44481263168217, 0.9998232293780938, 784.3021210014724, 17.998204788413133, 0.022948050638230192, 0.0
-44.5, 10.5, 249.4145441874733, 0.8870424169191482, 791.3677397441711, 0.9998991998755672, 0.001263507658523974, 0.0, (1317.9562855311917, 1092.8432530836603, 3500.0)
-44.5, 11.5, 249.38126084003528, 0.9998240279311668, 794.8993314590543, 0.0, 0.0, 0.0
-44.5, 12.5, 249.34496170173452, 0.9998244256195135, 772.3480891415807, 0.0, 0.0, 0.0
-44.5, 13.5, 249.30564580412175, 0.9998248222495651, 799.9152225053638, 0.0, 0.0, 0.0
-44.5, 14.5, 249.26331209780568, 0.999825217821694, 794.9548069538029, 0.7735188086686617, 0.0009730349472729375, 0.0
-44.5, 15.5, 249.21795945231534, 0.9998256123362714, 772.0329689300522, 0.0, 0.0, 0.0
-44.5, 16.5, 249.16958665595172, 0.9998260057936675, 787.0842085694203, 0.0, 0.0, 0.0
-44.5, 17.5, 249.1181924156289, 0.9998263981942515, 790.4821957539991, 0.0, 0.0, 0.0
-44.5, 18.5, 249.0637753567042, 0.9998267895383913, 783.0925875297997, 0.0, 0.0, 0.0
-44.5, 19.5, 249.00633402279755, 0.9998271798264541, 786.1212628598175, 0.0, 0.0, 0.0
-44.5, 20.5, 248.9458668755995, 0.9998275690588059, 799.90575841945, 0.0, 0.0, 0.0
-44.5, 21.5, 248.87909155965656, 0.9998279572358113, 858.2129656530758, 0.0, 0.0, 0.0
-44.5, 22.5, 248.8090295349462, 0.9998283443578345, 787.3874044707748, 0.0, 0.0, 0.0, (-920.6649610079888, -783.5881779245753, 3490.0), (-45.0, -38.299999999999905, 262.50144049648316)
-44.5, 23.5, 248.73917170205246, 0.9998287304252381, 785.7245514162017, 0.0, 0.0, 0.0
-44.5, 24.5, 248.6662808877392, 0.999829115438384, 792.9415691427921, 0.0, 0.0, 0.0
-44.5, 25.5, 248.59035513247017, 0.9998294993976328, 794.3348714566794, 0.0, 0.0, 0.0
-44.5, 26.5, 248.51139239337027, 0.9998298823033442, 795.3014373045908, 0.0, 0.0, 0.0
-44.5, 27.5, 248.42939054395453, 0.9998302641558767, 781.7598491547783, 0.0, 0.0, 0.0
-44.5, 28.5, 248.34434737384535, 0.999830644955588, 799.8381082195834, 0.0, 0.0, 0.0
-44.5, 29.5, 248.25626058847834, 0.9998310247028346, 791.6061927393903, 0.0, 0.0, 0.0
-44.5, 30.5, 248.16512780879606, 0.9998314033979718, 793.0157471659871, 0.0, 0.0, 0.0
-44.5, 31.5, 248.07094657093066, 0.9998317810413542, 799.8839704271356, 0.0, 0.0, 0.0
-44.5, 32.5, 247.97371432587397, 0.9998321576333351, 782.7555627921304, 0.0, 0.0, 0.0
-44.5, 33.5, 247.87342843913598, 0.9998325331742667, 795.7585911641604, 0.0, 0.0, 0.0
-44.5, 34.5, 247.77008619039117, 0.9998329076645005, 799.296146469056, 0.0, 0.0, 0.0
-44.5, 35.5, 247.6636847731125, 0.9998332811043866, 775.5887853275585, 0.0, 0.0, 0.0
-44.5, 36.5, 247.55422129419327, 0.9998336534942742, 791.400022128992, 0.0, 0.0, 0.0
-44.5, 37.5, 247.44169277355655, 0.9998340248345116, 790.924794846591, 0.0, 0.0, 0.0
-44.5, 38.5, 247.32609614375178, 0.9998343951254457, 788.9285698217698, 0.0, 0.0, 0.0
-44.5, 39.5, 247.20742824953913, 0.9998347643674227, 794.8190557086103, 0.0, 0.0, 0.0
-44.5, 40.5, 247.08568584746058, 0.9998351325607876, 792.3478451863848, 0.0, 0.0, 0.0
-44.5, 41.5, 246.95451677653153, 0.9998354997058845, 846.1408658807633, 0.9564731377189255, 0.0011303946851962, 0.0
-44.5, 42.5, 246.82000434803768, 0.9998358658030563, 793.3313002360129, 0.0, 0.0, 0.0
-44.5, 43.5, 246.68870939896775, 0.999836230852645, 782.2210965828207, 150.97067693223346, 0.193002563586891, 0.0
-44.5, 44.5, 246.55432571192833, 0.9998365948549912, 779.1481337525884, 378.83924741360283, 0.4862223638899197, 0.0
-44.5, 45.5, 246.4377340786809, 0.9998369578104351, 556.3744122722428, 276.53887902077474, 0.49703737792574815, 0.0
-43.5, -44.5, 246.68870939896792, 0.9998373197193154, 770.6314813037284, 371.3324454387137, 0.4818547573614641, 0.0
-43.5, -43.5, 246.8094259371753, 0.99983768058197, 999.8113222696581, 112.97845393251198, 0.11299977447348879, 0.0
-43.5, -42.5, 246.94067384079779, 0.9998380403987355, 961.7713795248492, 0.7326453049164435, 0.000761766590807056, 0.0
-43.5, -41.5, 247.07513810808769, 0.9998383991699477, 1093.4751741491907, 0.0, 0.0, 0.0
-43.5, -40.5, 247.20626025017475, 0.9998387568959413, 990.2391645587779, 0.0, 0.0, 0.0
-43.5, -39.5, 247.32795912794765, 0.9998391135770499, 982.0023758929008, 0.0, 0.0, 0.0
-43.5, -38.5, 247.4465846263264, 0.9998394692136063, 972.8483772264207, 0.0, 0.0, 0.0
-43.5, -37.5, 247.5621399853357, 0.999839823805942, 982.600816662718, 0.0, 0.0, 0.0
-43.5, -36.5, 247.67462835687923, 0.9998401773543877, 980.6824296346034, 0.0, 0.0, 0.0
-43.5, -35.5, 247.78405280516748, 0.9998405298592727, 981.3231306481408, 0.0, 0.0, 0.0
-43.5, -34.5, 247.89041630713294, 0.999840881320926, 993.779176465083, 0.0, 0.0, 0.0
-43.5, -33.5, 247.9937217528326, 0.9998412317396747, 984.286177524698, 0.0, 0.0, 0.0
-43.5, -32.5, 248.09397194583795, 0.9998415811158453, 994.858913708283, 0.0, 0.0, 0.0
-43.5, -31.5, 248.19116960361242, 0.9998419294497636, 979.2456413283917, 0.0, 0.0, 0.0
-43.5, -30.5, 248.28531735787692, 0.9998422767417537, 986.2433912920583, 1.5752101688435505, 0.0015971819763272617, 0.0
-43.5, -29.5, 248.37641775496257, 0.9998426229921392, 998.0400568212185, 0.0, 0.0, 0.0
-43.5, -28.5, 248.4644732561519, 0.9998429682012424, 979.4532174014811, 0.0, 0.0, 0.0
-43.5, -27.5, 248.549486238008, 0.9998433123693848, 980.839716851579, 0.0, 0.0, 0.0
-43.5, -26.5, 248.6314589926915, 0.9998436554968867, 981.4848125192101, 0.0, 0.0, 0.0
-43.5, -25.5, 248.71039372826627, 0.9998439975840674, 987.638027459722, 0.0, 0.0, 0.0
-43.5, -24.5, 248.78629256899302, 0.9998443386312453, 978.9785334288887, 0.0, 0.0, 0.0
-43.5, -23.5, 248.85915755561138, 0.9998446786387376, 992.9521800823705, 1.390111812582001, 0.0013999786097117829, 0.0
-43.5, -22.5, 248.92899064561098, 0.9998450176068608, 986.1531308367947, 0.0, 0.0, 0.0
-43.5, -21.5, 248.9990278651148, 0.9998453555359299, 1087.0386952765807, 0.0, 0.0, 0.0
-43.5, -20.5, 249.06577954860654, 0.9998456924262594, 973.5973466034835, 0.0, 0.0, 0.0
-43.5, -19.5, 249.1262253037343, 0.9998460282781624, 983.4428875135385, 0.0, 0.0, 0.0
-43.5, -18.5, 249.1836463228958, 0.9998463630919512, 984.9264816064426, 0.0, 0.0, 0.0
-43.5, -17.5, 249.2380441427986, 0.9998466968679369, 988.5284724580221, 0.0, 0.0, 0.0
-43.5, -16.5, 249.2894202183071, 0.04401044387416777, 990.3899999047463, 0.0, 0.0, 0.0, (3500.0, -1909.1290137022202, 286.22676121766983); (-916.203315122314, -673.918438456632, 3490.0), (-45.0, -33.09999999999983, 263.0439260148136), (3500.0, -1909.1290137022202, 286.22676121766983)
-43.5, -15.5, 249.33777592263397, 0.9998473613077393, 990.7938047846615, 0.6067294707322461, 0.000612367041257502, 0.0
-43.5, -14.5, 249.38311254752057, 0.9998476919721734, 995.9797035597097, 0.0, 0.0, 0.0
-43.5, -13.5, 249.42543130340653, 0.999848021600039, 992.212322964189, 10.9988963314137, 0.011085224479529745, 0.0
-43.5, -12.5, 249.4647333195884, 0.9998483501916428, 990.8028040487278, 116.24748824513556, 0.1173265636412334, 0.0
-43.5, -11.5, 249.5010196443677, 0.9998486777472896, 997.2263681388744, 289.48979287811215, 0.2902949642400527, 0.0
-43.5, -10.5, 249.53429124518826, 0.9998490042672836, 986.2231897130001, 422.55146757467395, 0.42845419980201466, 0.0
-43.5, -9.5, 249.56454900876247, 0.9998493297519281, 994.136062136258, 511.63892083173675, 0.5146568365423713, 0.0
-43.5, -8.5, 249.59179374118767, 0.9998496542015252, 979.13953441002, 522.6086008006243, 0.533742722497179, 0.0
-43.5, -7.5, 249.61602616805118, 0.9998499776163758, 989.8283530847352, 546.5491150382403, 0.5521655480315913, 0.0
-43.5, -6.5, 249.63724693452505, 0.9998502999967802, 985.2665651506987, 592.1029645651764, 0.6009571272466887, 0.0
-43.5, -5.5, 249.66726304878657, 0.9998506213430377, 980.1393700458036, 539.3000115231497, 0.5502278839160877, 0.0
-43.5, -4.5, 249.67065566541154, 0.9998509416554461, 987.1179477922769, 542.690445259109, 0.5497726451766526, 0.0
-43.5, -3.5, 249.68284451879802, 0.9998512609343028, 988.8796376063983, 551.0522236482832, 0.5572490348594046, 0.0
-43.5, -2.5, 249.6920234898585, 0.9998515791799036, 974.8323728572925, 545.9187244661503, 0.5600129208532842, 0.0
-43.5, -1.5, 249.6981928227426, 0.999851896392544, 958.757635772955, 545.42604176529, 0.5688883419693079, 0.0
-43.5, -0.5, 249.7013526815327, 0.9998522125725178, 982.6082304829431, 556.1750960734948, 0.5660191710384308, 0.0
-43.5, 0.5, 249.70140534554918, 0.9998525277201182, 1088.4789622005344, 633.2136424118953, 0.5817417372328011, 0.0
-43.5, 1.5, 249.6981928227426, 0.9998528418356375, 983.6223961472268, 538.3169173283314, 0.5472800532367679, 0.0
-43.5, 2.5, 249.6920234898585, 0.9998531549193667, 994.4727903679891, 544.7754194517657, 0.5478032428118824, 0.0
-43.5, 3.5, 249.68284451879796, 0.9998534669715957, 987.9976356957945, 565.4954892492162, 0.5723652251970903, 0.0
-43.5, 4.5, 249.67065566541154, 0.999853777992614, 982.7435709408878, 524.8908798652635, 0.5341076709997992, 0.0
-43.5, 5.5, 249.65545660545052, 0.9998540879827095, 982.4064173216648, 556.8575511119145, 0.5668301237588366, 0.0
-43.5, 6.5, 249.63724693452502, 0.9998543969421694, 983.0518963160292, 545.8768774941342, 0.5552879553356225, 0.0
-43.5, 7.5, 249.61602616805115, 0.9998547048712797, 986.9988766980317, 548.3768302371402, 0.5556002576940255, 0.0
-43.5, 8.5, 249.59179374118764, 0.9998550117703258, 976.7825009142895, 546.2805090904922, 0.5592652495096522, 0.0
-43.5, 9.5, 249.56454900876244, 0.9998553176395916, 991.2582541484874, 494.00618780791, 0.4983627482953695, 0.0
-43.5, 10.5, 249.53429124518823, 0.9998556224793604, 975.2050235958745, 412.90800471670633, 0.4234063553058722, 0.0
-43.5, 11.5, 249.50101964436766, 0.9998559262899144, 975.9338077000228, 258.2735918889186, 0.2646425299043491, 0.0
-43.5, 12.5, 249.46473331958833, 0.9998562290715346, 976.048335103081, 125.98751756561101, 0.1290791788014324, 0.0
-43.5, 13.5, 249.42543130340644, 0.9998565308245013, 980.7278544044098, 7.9991988557438445, 0.008156389991188444, 0.0
-43.5, 14.5, 249.3831125475205, 0.9998568315490938, 990.8991124815318, 0.0, 0.0, 0.0
-43.5, 15.5, 249.3377759226339, 0.9998571312455901, 976.5369268217339, 0.9202787087181346, 0.0009423900760346062, 0.0
-43.5, 16.5, 249.28942021830707, 0.9998574299142674, 989.6158042921661, 0.0, 0.0, 0.0
-43.5, 17.5, 249.23804414279854, 0.9998577275554021, 974.6910475817853, 0.0, 0.0, 0.0
-43.5, 18.5, 249.18364632289573, 0.9998580241692693, 978.3702476594212, 0.0, 0.0, 0.0
-43.5, 19.5, 249.1262253037342, 0.9998583197561434, 982.4050171274448, 0.0, 0.0, 0.0
-43.5, 20.5, 249.06577954860649, 0.9998586143162974, 965.6452836835169, 0.5640713568017629, 0.0005841392966266825, 0.0
-43.5, 21.5, 248.9990278651147, 0.9998589078500038, 1099.8728512911755, 0.0, 0.0, 0.0
-43.5, 22.5, 248.9289906456109, 0.5909906640363914, 988.2683631127027, 0.0, 0.0, 0.0, (3500.0, -2179.030676529995, 3159.644321075281)
-43.5, 23.5, 248.85915755561126, 0.9998594918391578, 997.6838487131454, 0.0, 0.0, 0.0
-43.5, 24.5, 248.7862925689929, 0.9998597822951449, 980.3886297265757, 0.0, 0.0, 0.0
-43.5, 25.5, 248.7103937282662, 0.9998600717257637, 969.0007605677229, 0.8416255483530799, 0.0008685499357709319, 0.0
-43.5, 26.5, 248.6314589926914, 0.9998603601312814, 999.3523996791947, 1.9625466862754508, 0.0019638184557373897, 0.0
-43.5, 27.5, 248.5494862380079, 0.9998606475119646, 938.334267741138, 0.0, 0.0, 0.0
-43.5, 28.5, 248.4644732561518, 0.9998609338680783, 985.2775253310249, 0.0, 0.0, 0.0
-43.5, 29.5, 248.37641775496246, 0.9998612191998871, 986.9919125778796, 0.0, 0.0, 0.0
-43.5, 30.5, 248.2853173578768, 0.9998615035076546, 995.1936650434943, 0.0, 0.0, 0.0
-43.5, 31.5, 248.19116960361234, 0.9998617867916431, 987.42263650377, 0.9198590099122421, 0.000931575777084922, 0.0
-43.5, 32.5, 248.0939719458378, 0.9998620690521139, 988.708468890964, 0.0, 0.0, 0.0
-43.5, 33.5, 247.99372175283247, 0.9998623502893279, 979.2037722639197, 0.0, 0.0, 0.0
-43.5, 34.5, 247.8904163071328, 0.9998626305035443, 966.5483514869925, 0.0, 0.0, 0.0
-43.5, 35.5, 247.78405280516733, 0.9998629096950217, 977.037416528911, 0.0, 0.0, 0.0
-43.5, 36.5, 247.67462835687908, 0.9998631878640177, 996.8226117624329, 1.9310349601938985, 0.0019371901654394966, 0.0
-43.5, 37.5, 247.56213998533556, 0.9998634650107889, 988.0395080145078, 0.0, 0.0, 0.0
-43.5, 38.5, 247.44658462632623, 0.9998637411355908, 988.8085010282626, 0.0, 0.0, 0.0
-43.5, 39.5, 247.3279591279475, 0.9998640162386783, 991.2765896316132, 0.0, 0.0, 0.0
-43.5, 40.5, 247.2062602501746, 0.9998642903203048, 997.1281804321277, 0.0, 0.0, 0.0
-43.5, 41.5, 247.07513810808751, 0.9998645633807232, 1084.144299404502, 0.0, 0.0, 0.0
-43.5, 42.5, 246.94067384079764, 0.9998648354201849, 990.3509438836182, 0.0, 0.0, 0.0
-43.5, 43.5, 246.80942593717512, 0.999865106438941, 992.9689267703823, 99.0558166809898, 0.09975721697875027, 0.0
-43.5, 44.5, 246.6750904391622, 0.9998653764372409, 991.242726773491, 488.62314950890726, 0.49293995941779317, 0.0
-43.5, 45.5, 246.55854064420944, 0.9998656454153338, 684.3180231664269, 295.45916222298547, 0.43175709570801335, 0.0
-42.5, -44.5, 246.82000434803786, 0.9998659133734673, 791.7138657356201, 388.4561497014035, 0.4906521996308223, 0.0
-42.5, -43.5, 246.94067384079779, 0.9998661803118883, 985.2797147036407, 16.99680673729372, 0.017250742589789477, 0.0
-42.5, -42.5, 247.07187063109356, 0.9998664462308428, 971.5230396180331, 0.0, 0.0, 0.0
-42.5, -41.5, 247.2062825727815, 0.9998667111305756, 1069.461395163558, 0.632672461942172, 0.0005915804579794245, 0.0
-42.5, -40.5, 247.33735372814812, 0.8351432498754175, 985.7802144329092, 0.0, 0.0, 0.0, (-2138.620056951986, -817.1414851272979, 3500.0)
-42.5, -39.5, 247.4590053180864, 0.9998672378733507, 978.0985943597474, 0.0, 0.0, 0.0, (-911.412167073199, -532.6697776449976, 3490.0), (-45.0, -26.299999999999734, 263.63312830148345)
-42.5, -38.5, 247.5775847546474, 0.9998674997168783, 990.8904341045422, 0.0, 0.0, 0.0
-42.5, -37.5, 247.69309527412832, 0.9998677605421541, 972.4799241815064, 0.0, 0.0, 0.0
-42.5, -36.5, 247.80554002481063, 0.9998680203494185, 974.1554334332677, 0.0, 0.0, 0.0
-42.5, -35.5, 247.91492206738704, 0.9998682791389102, 981.8896973218749, 0.0, 0.0, 0.0
-42.5, -34.5, 248.0212443753762, 0.9998685369108677, 966.8522772814179, 0.0, 0.0, 0.0
-42.5, -33.5, 248.1245098355239, 0.999868793665528, 979.37010999859, 0.0, 0.0, 0.0
-42.5, -32.5, 248.2309702781524, 0.9998690494031275, 1060.3743440007938, 0.0, 0.0, 0.0
-42.5, -31.5, 248.32830940128622, 0.9998693041239013, 1081.4346253752128, 0.0, 0.0, 0.0
-42.5, -30.5, 248.42241898832552, 0.9998695578280838, 1095.8590532010608, 0.0, 0.0, 0.0
-42.5, -29.5, 248.51348247317546, 0.9998698105159083, 1079.7009729302902, 0.0, 0.0, 0.0
-42.5, -28.5, 248.60150231417384, 0.9998700621876072, 1062.941602360728, 0.0, 0.0, 0.0
-42.5, -27.5, 248.6864808850425, 0.9998703128434119, 1086.8542315387804, 0.0, 0.0, 0.0
-42.5, -26.5, 248.7684204752041, 0.9998705624835528, 1085.668742339647, 0.9839803242500126, 0.0009063356859013063, 0.0
-42.5, -25.5, 248.8473232900869, 0.9998708111082595, 1070.4849371687994, 0.0, 0.0, 0.0
-42.5, -24.5, 248.92319145141798, 0.9998710587177604, 1072.956150415678, 0.0, 0.0, 0.0
-42.5, -23.5, 248.99602699750483, 0.4073067620682779, 1087.0110473774726, 0.8344026374847235, 0.0007676119203183877, 0.0, (-120.94740651883986, 169.2700720572936, 179.3041638865752), (-120.94740651883986, 169.2700720572936, 179.3041638865752)
-42.5, -22.5, 249.06583188350552, 0.9999911730490787, 1078.9174054396224, 0.0, 0.0, 0.0
-42.5, -21.5, 249.13584082796936, 0.8473937293483036, 1209.8654666727114, 0.0, 0.0, 0.0, (1379.3693198408714, -1595.6099239061896, 3500.0)
-42.5, -20.5, 249.20256557321426, 0.9998720390082442, 1078.8030936816524, 0.0, 0.0, 0.0
-42.5, -19.5, 249.26298694385915, 0.999872281545111, 1057.5796707750635, 0.0, 0.0, 0.0
-42.5, -18.5, 249.32038480655538, 0.9998725230681231, 1079.307171720076, 0.8956753267475884, 0.0008298613686779861, 0.0
-42.5, -17.5, 249.37476069618577, 0.9998727635775025, 1092.6051173972805, 2.99969403413193, 0.0027454512031552343, 0.0
-42.5, -16.5, 249.42611606588818, 0.99987300307347, 1087.0976949130247, 14.998506498867641, 0.013796834055533183, 0.0
-42.5, -15.5, 249.47445228724635, 0.9998732415562455, 1099.8911928761472, 217.97921499232666, 0.19818252605725895, 0.0
-42.5, -14.5, 249.51977065047026, 0.999873479026048, 1096.2979771487765, 370.0027591242808, 0.3375019993073183, 0.0
-42.5, -13.5, 249.56207236456495, 0.9998737154830953, 1065.8122470635353, 530.1781049783275, 0.49744043234541896, 0.0
-42.5, -12.5, 249.60135855748925, 0.9998739509276049, 1080.8449596070245, 581.5695527161049, 0.5380693572624449, 0.0
-42.5, -11.5, 249.63763027630327, 0.9998741853597924, 1087.3717604807596, 593.6825984207348, 0.5459794156859932, 0.0
-42.5, -10.5, 249.67088848730552, 0.9998744187798734, 1063.1642921979735, 573.6720579584069, 0.539589282830788, 0.0
-42.5, -9.5, 249.70113407615926, 0.9998746511880618, 1059.0443271281886, 566.286743301597, 0.5347148639539926, 0.0
-42.5, -8.5, 249.72836784800805, 0.999874882584571, 1090.8514130353622, 586.5171266098203, 0.5376691267033332, 0.0
-42.5, -7.5, 249.75259052758108, 0.9998751129696133, 1046.0005888737642, 562.1973917416678, 0.5374733032865588, 0.0
-42.5, -6.5, 249.77380275928758, 0.9998753423433999, 1081.3352997022437, 590.7568222918088, 0.5463215918822585, 0.0
-42.5, -5.5, 249.79200510730098, 0.9998755707061414, 1071.4675957929974, 574.3419618054539, 0.5360329738953805, 0.0
-42.5, -4.5, 249.80719805563254, 0.9998757980580473, 1073.284314454358, 588.7967745139323, 0.5485934775943017, 0.0
-42.5, -3.5, 249.81938200819417, 0.9998760243993258, 1090.900320981543, 626.1908505413625, 0.5740128942101183, 0.0
-42.5, -2.5, 249.82855728885139, 0.9998762497301846, 1091.476114305046, 619.7361169094019, 0.5677963161878208, 0.0, (-909.2868947291465, -456.6640849084094, 3489.9999999999995), (-45.0, -22.59999999999968, 263.8967248554939)
-42.5, -1.5, 249.83472414146527, 0.9998764740508305, 1078.35700246468, 597.5181639968204, 0.5541005090439808, 0.0
-42.5, -0.5, 249.83788272992433, 0.9998766973614688, 1091.1750317999904, 601.8369115600048, 0.551549379357793, 0.0
-42.5, 0.5, 249.83793537276898, 0.9998769196623045, 1200.203713235219, 651.0268530406926, 0.5424302940088493, 0.0
-42.5, 1.5, 249.83472414146527, 0.9998771409535413, 1077.0757274988728, 570.5507376750097, 0.5297220270666687, 0.0
-42.5, 2.5, 249.82855728885139, 0.999877361235382, 1072.272843635334, 582.9784752121834, 0.5436848267421447, 0.0
-42.5, 3.5, 249.81938200819417, 0.9998775805080283, 1075.719584865109, 592.283853847607, 0.5505931677555885, 0.0
-42.5, 4.5, 249.80719805563248, 0.9998777987716815, 1094.8662849940542, 620.4257459593119, 0.5666680529510334, 0.0
-42.5, 5.5, 249.79200510730095, 0.9998780160265412, 1084.720350954156, 546.495234301947, 0.5038120966581218, 0.0
-42.5, 6.5, 249.77380275928755, 0.7955957398491904, 1079.1647576324538, 568.2384704167781, 0.5265539542483012, 0.0, (1735.8269142191507, -1900.757968236083, 3500.0)
-42.5, 7.5, 249.75259052758102, 0.999878447510676, 1089.8086185639913, 582.8444763942275, 0.5348136053119349, 0.0
-42.5, 8.5, 249.728367848008, 0.9998786617403462, 1099.8861356777043, 641.9333541905683, 0.5836361904816952, 0.0
-42.5, 9.5, 249.70113407615924, 0.9998788749620138, 1074.9165390986743, 539.2888198426775, 0.5017029696974198, 0.0
-42.5, 10.5, 249.67088848730546, 0.9998790871758736, 1081.1584750898392, 573.103572820746, 0.5300828565147434, 0.0
-42.5, 11.5, 249.6376302763032, 0.9998792983821203, 1087.33967692338, 614.3097765247119, 0.5649658423786181, 0.0
-42.5, 12.5, 249.6013585574892, 0.9998795085809471, 1097.9877485523948, 616.4718996451625, 0.5614560822358257, 0.0
-42.5, 13.5, 249.5620723645649, 0.9998797177725465, 1087.4278956157752, 542.6770641231793, 0.4990464805171095, 0.0
-42.5, 14.5, 249.5197706504702, 0.9998799259571101, 1072.6744345196505, 360.1631511120389, 0.33576184862960956, 0.0
-42.5, 15.5, 249.47445228724632, 0.9998801331348282, 1081.194028302696, 201.58404289442066, 0.1864457605365022, 0.0
-42.5, 16.5, 249.42611606588807, 0.9998803393058906, 1067.2544437953409, 17.998209541546068, 0.0168640286729951, 0.0
-42.5, 17.5, 249.3747606961857, 0.999880544470486, 1071.8018047799862, 0.0, 0.0, 0.0
-42.5, 18.5, 249.3203848065553, 0.9998807486288022, 1090.0448957058002, 0.0, 0.0, 0.0
-42.5, 19.5, 249.26298694385906, 0.9998809517810259, 1077.0847052899574, 0.0, 0.0, 0.0
-42.5, 20.5, 249.20256557321417, 0.9998811539273429, 1072.646197963391, 0.0, 0.0, 0.0
-42.5, 21.5, 249.1358408279693, 0.9998813550679383, 1198.4699882898037, 0.0, 0.0, 0.0
-42.5, 22.5, 249.06583188350544, 0.9998815552029959, 1090.2754726327282, 0.0, 0.0, 0.0
-42.5, 23.5, 248.99602699750474, 0.999881754332699, 1087.6127196929967, 0.0, 0.0, 0.0
-42.5, 24.5, 248.9231914514179, 0.9998819524572296, 1071.9640097405686, 0.993007033006494, 0.0009263436309273262, 0.0, (-907.9456035756325, -401.5137224701059, 3490.0), (-45.0, -19.899999999999643, 264.0637990706674)
-42.5, 25.5, 248.8473232900868, 0.9998821495767687, 1084.1718069743401, 0.0, 0.0, 0.0
-42.5, 26.5, 248.76842047520398, 0.9998823456914968, 1091.674749997241, 0.0, 0.0, 0.0
-42.5, 27.5, 248.68648088504239, 0.9998825408015932, 1083.6509078376357, 0.0, 0.0, 0.0
-42.5, 28.5, 248.60150231417373, 0.9998827349072362, 1073.1378440895603, 0.9519073188398482, 0.0008870317304366777, 0.0
-42.5, 29.5, 248.51348247317537, 0.9998829280086032, 1075.418067719797, 0.0, 0.0, 0.0
-42.5, 30.5, 248.42241898832538, 0.9998831201058709, 1077.9607209794253, 0.0, 0.0, 0.0
-42.5, 31.5, 248.3283094012861, 0.9998833111992147, 1071.6650691782982, 0.0, 0.0, 0.0
-42.5, 32.5, 248.2309702781523, 0.9998835012888093, 1070.0352976367578, 0.0, 0.0, 0.0
-42.5, 33.5, 248.12450983552375, 0.9998836903748284, 982.8422643839161, 0.0, 0.0, 0.0
-42.5, 34.5, 248.02124437537606, 0.9998838784574448, 973.8083310696076, 0.0, 0.0, 0.0
-42.5, 35.5, 247.91492206738695, 0.9998840655368303, 975.5926376857824, 0.0, 0.0, 0.0
-42.5, 36.5, 247.80554002481048, 0.999884251613156, 994.453769724017, 0.0, 0.0, 0.0
-42.5, 37.5, 247.69309527412818, 0.993337041413574, 992.1679094254491, 0.0, 0.0, 0.0, (-429.97165457867766, 53.13007965823084, 3500.0)
-42.5, 38.5, 247.57758475464726, 0.9998846207573063, 994.4966553200115, 0.0, 0.0, 0.0
-42.5, 39.5, 247.45900531808627, 0.9998848038254684, 974.3368507153118, 0.0, 0.0, 0.0
-42.5, 40.5, 247.33735372814797, 0.9998849858912447, 993.7965631542988, 0.0, 0.0, 0.0
-42.5, 41.5, 247.20628257278133, 0.9998851669548019, 1088.839969515456, 0.0, 0.0, 0.0
-42.5, 42.5, 247.07187063109336, 0.999885347016305, 986.5261222021797, 0.0, 0.0, 0.0
-42.5, 43.5, 246.94067384079764, 0.9998855260759186, 992.5742245007524, 19.996246825314536, 0.02014584535012714, 0.0
-42.5, 44.5, 246.80639069853038, 0.9998857041338062, 979.3724811591796, 496.37277905120584, 0.5068273701786086, 0.0
-42.5, 45.5, 246.68988635943455, 0.9998858811901301, 689.8960401578707, 352.20376165675026, 0.5105171520859209, 0.0
-41.5, -44.5, 246.9545167765317, 0.9998860572450522, 860.2377914385738, 316.30174440599876, 0.36769105886065295, 0.0
-41.5, -43.5, 247.07513810808769, 0.9998862322987331, 1084.6182506786893, 0.9279741658188202, 0.0008555767572951584, 0.0
-41.5, -42.5, 247.2062825727815, 0.9998864063513325, 1082.0660562743926, 0.0, 0.0, 0.0
-41.5, -41.5, 247.34064094779342, 0.9998865794030094, 1159.0730694918361, 0.480285411334097, 0.0004143702618719845, 0.0
-41.5, -40.5, 247.47165990707686, 0.9998867514539216, 1090.2882650545137, 0.0, 0.0, 0.0
-41.5, -39.5, 247.593263087512, 0.9998869225042262, 1077.4440258912377, 0.0, 0.0, 0.0
-41.5, -38.5, 247.7117953696309, 0.999887092554079, 1073.0669322130489, 0.0, 0.0, 0.0
-41.5, -37.5, 247.8272599859177, 0.9998872616036355, 1066.4231343978238, 0.0, 0.0, 0.0
-41.5, -36.5, 247.93966008094864, 0.9998874296530498, 1090.7198505785377, 0.0, 0.0, 0.0
-41.5, -35.5, 248.04899871181806, 0.999887596702475, 1090.1407929895124, 0.0, 0.0, 0.0
-41.5, -34.5, 248.15527884855214, 0.9998877627520637, 1087.3331330849414, 0.0, 0.0, 0.0
-41.5, -33.5, 248.2585033745098, 0.9998879278019672, 1085.5079193956515, 0.0, 0.0, 0.0
-41.5, -32.5, 248.36386756480678, 0.9998880918523362, 995.0684807383182, 0.0, 0.0, 0.0
-41.5, -31.5, 248.4621173524891, 0.9998882549033201, 997.1831606732848, 0.0, 0.0, 0.0
-41.5, -30.5, 248.55618972803205, 0.9998884169550677, 989.6716436728551, 0.0, 0.0, 0.0
-41.5, -29.5, 248.647217224928, 0.9998885780077267, 990.6936738928717, 0.0, 0.0, 0.0
-41.5, -28.5, 248.73520229864567, 0.999888738061444, 973.0416612045877, 0.0, 0.0, 0.0
-41.5, -27.5, 248.8201473201391, 0.9998888971163653, 976.3487868354147, 0.0, 0.0, 0.0
-41.5, -26.5, 248.90205457616347, 0.9998890551726359, 997.6016203172845, 0.0, 0.0, 0.0
-41.5, -25.5, 248.98092626957938, 0.9998892122303997, 994.0295811590356, 0.0, 0.0, 0.0
-41.5, -24.5, 249.0567645196456, 0.9998893682897999, 979.1728280533242, 0.0, 0.0, 0.0
-41.5, -23.5, 249.12957136230006, 0.9998895233509787, 981.0120383818426, 0.0, 0.0, 0.0
-41.5, -22.5, 249.1993487504294, 0.9998896774140774, 976.4351047573465, 0.0, 0.0, 0.0
-41.5, -21.5, 249.26933012774697, 0.9998898304792365, 1086.943317906958, 0.996939089374382, 0.0009171951038754346, 0.0
-41.5, -20.5, 249.33602860915926, 0.32347050148912976, 989.3114777610829, 0.9697447973669266, 0.0009802219211704308, 0.0, (-3500.0, -514.5135324947879, -1085.0861265177925)
-41.5, -19.5, 249.39642620579093, 0.9998901336162924, 983.7977353054605, 0.9998977691464033, 0.0010163651869313807, 0.0
-41.5, -18.5, 249.45380149173926, 0.9998902836884656, 980.9881976175956, 72.99276137339605, 0.07440737977344124, 0.0
-41.5, -17.5, 249.50815600010944, 0.9998904327632513, 992.8181067913737, 297.9710153460064, 0.3001264917588985, 0.0
-41.5, -16.5, 249.5594911823573, 0.9998905808407855, 984.5475882510905, 507.17073053845627, 0.5151307428819905, 0.0
-41.5, -15.5, 249.60780840847968, 0.9998907279212031, 975.7174299875421, 540.7250211587659, 0.5541819839845127, 0.0
-41.5, -14.5, 249.65310896719438, 0.999890874004638, 974.3663440238781, 510.3305984777577, 0.5237563895836403, 0.0
-41.5, -13.5, 249.695394066109, 0.9998910190912232, 979.8278751424332, 546.3795465401336, 0.5576280899956115, 0.0
-41.5, -12.5, 249.74602447582268, 0.9998911631810911, 976.9884522403636, 531.2560287221507, 0.5437689949189374, 0.0
-41.5, -11.5, 249.77092231035505, 0.9998913062743725, 999.9098493274668, 549.9504293055313, 0.5500000121765223, 0.0
-41.5, -10.5, 249.80416746672003, 0.9998914483711979, 973.3856437380405, 529.3175584509455, 0.5437901841434971, 0.0
-41.5, -9.5, 249.83440118561484, 0.9998915894716968, 984.018403061918, 530.0145016612909, 0.5386225501597052, 0.0
-41.5, -8.5, 249.86162427125402, 0.16317058258573627, 988.4309282671386, 521.0687533016886, 0.5271675930003495, 0.0, (3500.0, -1794.5277725608125, -545.1977332592061)
-41.5, -7.5, 249.8858374475306, 0.7820107117841864, 988.5166734983233, 538.0447742827771, 0.544295092543717, 0.0, (2820.7686439680588, -351.96477615799375, -3500.0)
-41.5, -6.5, 249.90704135811072, 0.9998920067965136, 978.5535886540579, 535.8977421427093, 0.5476427130371109, 0.0
-41.5, -5.5, 249.92523656651719, 0.9998921439129813, 975.3897447078699, 542.3829927107201, 0.5560679673469033, 0.0
-41.5, -4.5, 249.9404235562032, 0.9998922800337557, 990.5142722979177, 535.5435181759312, 0.5406721873209469, 0.0
-41.5, -3.5, 249.9526027306152, 0.9998924151589605, 969.55834594054, 530.1137860286963, 0.5467580040419832, 0.0
-41.5, -2.5, 249.96177441324534, 0.9998925492887187, 986.1662828569863, 499.3505419518775, 0.506355318197685, 0.0
-41.5, -1.5, 249.96793884767368, 0.9998926824231524, 984.8611037702416, 547.6313626488155, 0.5560493358427653, 0.0
-41.5, -0.5, 249.97109619759988, 0.9998928145623828, 993.0443766200885, 527.0211895202132, 0.5307126266743233, 0.0
-41.5, 0.5, 249.97114881980264, 0.99989294570653, 1091.143219097561, 576.5008321553466, 0.5283457039050715, 0.0
-41.5, 1.5, 249.96793884767365, 0.9998930758557133, 974.9918071195563, 501.29680709891375, 0.5141548918035609, 0.0
-41.5, 2.5, 249.96177441324534, 0.9998932050100513, 982.5266767760576, 524.1739662036675, 0.5334959127253701, 0.0
-41.5, 3.5, 249.95260273061518, 0.9998933331696613, 998.1697386066214, 547.0808258760503, 0.5480839627934811, 0.0
-41.5, 4.5, 249.9404235562032, 0.9998934603346602, 982.9906232994693, 548.4486861526109, 0.5579388787165728, 0.0
-41.5, 5.5, 249.92523656651716, 0.9998935865051634, 977.0349585520385, 525.3578161738812, 0.5377062627855806, 0.0
-41.5, 6.5, 249.9070413581107, 0.9998937116812856, 979.2111887455628, 542.3214261551067, 0.5538349973817782, 0.0
-41.5, 7.5, 249.88583744753058, 0.9998938358631408, 980.8125837691837, 522.8099912937552, 0.5330376057010183, 0.0
-41.5, 8.5, 249.86162427125402, 0.999893959050842, 977.1915754654441, 542.3620295772158, 0.555021188469502, 0.0
-41.5, 9.5, 249.8344011856148, 0.9998940812445012, 979.804029314861, 537.0412405097994, 0.5481108716049388, 0.0
-41.5, 10.5, 249.80416746672, 0.9998942024442294, 977.1174878756407, 548.6953831189941, 0.5615449420641496, 0.0
-41.5, 11.5, 249.770922310355, 0.999894322650137, 983.1906572618726, 542.7151904990043, 0.5519938442157636, 0.0
-41.5, 12.5, 249.73466483187892, 0.9998944418623331, 984.7485615342672, 553.1855863435927, 0.5617531296331252, 0.0
-41.5, 13.5, 249.69539406610892, 0.9998945600809263, 993.4251926692683, 556.1732406250514, 0.5598541739520924, 0.0
-41.5, 14.5, 249.6531089671943, 0.9998946773060239, 983.9040909738164, 525.7179898181989, 0.534318329033342, 0.0
-41.5, 15.5, 249.60780840847963, 0.9998947935377326, 990.7859747118841, 537.5148290875431, 0.5425135627740895, 0.0
-41.5, 16.5, 249.55949118235722, 0.9998949087761579, 990.7071672285299, 473.4310707540175, 0.477871853979239, 0.0
-41.5, 17.5, 249.5081560001094, 0.9998950230214049, 988.9059077917854, 302.89571045179844, 0.3062937616867522, 0.0, (-904.8818147095184, -231.24757487020068, 3490.0000000000005), (-45.0, -11.499999999999524, 264.4475218010041)
-41.5, 18.5, 249.45380149173917, 0.9998951362735771, 971.8478868628114, 63.56161124050022, 0.0654028393740519, 0.0
-41.5, 19.5, 249.39705106854026, 0.9998952485327774, 972.5502685459895, 1.7917420061052394, 0.0018423130033000574, 0.0
-41.5, 20.5, 249.33602860915917, 0.9998953597991083, 983.0773465800582, 0.9038131608538958, 0.000919371363807835, 0.0
-41.5, 21.5, 249.26933012774685, 0.9998954700726704, 1099.8829929386197, 0.0, 0.0, 0.0
-41.5, 22.5, 249.1993487504293, 0.9998955793535643, 986.72749526004, 0.9931751200892935, 0.0010065343520477804, 0.0
-41.5, 23.5, 249.12957136229994, 0.9998956876418891, 985.8290969558308, 0.0, 0.0, 0.0
-41.5, 24.5, 249.05676451964553, 0.9998957949377432, 987.8431493203615, 0.0, 0.0, 0.0
-41.5, 25.5, 248.9809262695793, 0.9998959012412242, 963.8181163326553, 0.9993438561369191, 0.001036859381663669, 0.0
-41.5, 26.5, 248.90205457616338, 0.9998960065524286, 989.3634707557703, 0.0, 0.0, 0.0
-41.5, 27.5, 248.820147320139, 0.9998961108714522, 954.0405261037174, 0.0, 0.0, 0.0
-41.5, 28.5, 248.73520229864556, 0.9998962141983897, 988.756468383928, 0.0, 0.0, 0.0
-41.5, 29.5, 248.64721722492789, 0.999896316533335, 982.3336655721349, 0.0, 0.0, 0.0
-41.5, 30.5, 248.55618972803194, 0.999896417876381, 994.9802075975978, 0.0, 0.0, 0.0
-41.5, 31.5, 248.46211735248897, 0.9998965182276198, 992.7234770097131, 0.5968336005779726, 0.0006012083066432134, 0.0
-41.5, 32.5, 248.3638675648067, 0.9998966175871425, 1002.1075736135209, 0.9042458315883934, 0.0009023440750255526, 0.0
-41.5, 33.5, 248.25850337450964, 0.9998967159550396, 1089.1680158724907, 0.0, 0.0, 0.0
-41.5, 34.5, 248.15527884855203, 0.9998968133314001, 1076.917485175183, 0.0, 0.0, 0.0
-41.5, 35.5, 248.04899871181792, 0.9998969097163126, 1082.9251358875138, 0.0, 0.0, 0.0
-41.5, 36.5, 247.9396600809485, 0.9998970051098648, 1082.0762977268903, 0.0, 0.0, 0.0
-41.5, 37.5, 247.82725998591758, 0.999897099512143, 1052.995678652649, 0.0, 0.0, 0.0
-41.5, 38.5, 247.71179536963072, 0.9998971929232332, 1086.5804832411534, 0.0, 0.0, 0.09486832980505139
-41.5, 39.5, 247.59326308751187, 0.9998972853432202, 1077.178821402718, 0.5571661217492684, 0.0005172457076567088, 0.0
-41.5, 40.5, 247.4716599070767, 0.9998973767721877, 1053.5272876942215, 0.0, 0.0, 0.0
-41.5, 41.5, 247.34064094779328, 0.999897467210219, 1195.529876042961, 0.0, 0.0, 0.0
-41.5, 42.5, 247.20628257278133, 0.999897556657396, 1080.7379274195307, 0.9749618231211528, 0.0009021260366507737, 0.0
-41.5, 43.5, 247.07513810808751, 0.9998976451138, 1096.3434736084596, 0.0, 0.0, 0.0
-41.5, 44.5, 246.94090856326133, 0.9998977325795113, 1083.7919423820458, 410.3436605839656, 0.3786184825125005, 0.0
-41.5, 45.5, 246.82445075803935, 0.9998978190546094, 740.6230742066205, 352.80369420469776, 0.4763606569814646, 0.0
-40.5, -44.5, 247.08568584746072, 0.9998979045391726, 799.3955857396162, 141.97434232445502, 0.17760210946511248, 0.0
-40.5, -43.5, 247.20626025017475, 0.9998979890332786, 999.002050270334, 0.9434719155608784, 0.0009444143936497137, 0.0
-40.5, -42.5, 247.33735372814812, 0.9998980725370042, 985.4854517866111, 0.0, 0.0, 0.0
-40.5, -41.5, 247.47165990707686, 0.9998981550504252, 1085.7992501833016, 0.0, 0.0, 0.0
-40.5, -40.5, 247.6026280057586, 0.9998982365736163, 947.1416810231357, 0.0, 0.0, 0.0
-40.5, -39.5, 247.724184015251, 0.9998983171066517, 984.530150737944, 0.0, 0.0, 0.0
-40.5, -38.5, 247.84267034934214, 0.9998983966496042, 992.9782161053631, 0.0, 0.0, 0.0
-40.5, -37.5, 247.95809023680366, 0.9998984752025464, 990.713999678522, 0.0, 0.0, 0.0
-40.5, -36.5, 248.07044681860384, 0.9998985527655493, 987.3404676345066, 0.0, 0.0, 0.0, (-904.0569090900328, -156.70319757559508, 3490.0), (-45.0, -7.799999999999471, 264.5513367030253)
-40.5, -35.5, 248.1797431483334, 0.9998986293386833, 996.8225004195522, 0.0, 0.0, 0.0
-40.5, -34.5, 248.28598219261795, 0.9998987049220182, 974.8548293225018, 0.0, 0.0, 0.0
-40.5, -33.5, 248.38916683151857, 0.9998987795156221, 978.7380310442928, 0.0, 0.0, 0.0
-40.5, -32.5, 248.4892998589191, 0.9998988531195631, 979.0410674930666, 0.8534419648987196, 0.000871712120395566, 0.0
-40.5, -31.5, 248.58638398290202, 0.9998989257339077, 992.7536597477023, 0.0, 0.0, 0.0
-40.5, -30.5, 248.68042182611111, 0.3384535607739064, 977.1812893109341, 0.0, 0.0, 0.0, (-3324.9742532628024, 3490.0, 1903.3760726656576), (-3490.0, 3330.1318766186237, 1839.1400072501356)
-40.5, -29.5, 248.77141592610312, 0.9998990679940708, 985.5511928713049, 0.0, 0.0, 0.0, (-903.9365874294439, -142.62110601663477, 3490.0), (-45.0, -7.099999999999461, 264.56649707518824)
-40.5, -28.5, 248.8593687356863, 0.9998991376400184, 993.5645290308493, 0.0, 0.0, 0.0
-40.5, -27.5, 248.94428262324791, 0.9998992062966278, 970.2055201684434, 0.9794684777167477, 0.0010095474178983192, 0.0
-40.5, -26.5, 249.02615987306956, 0.9998992739639614, 981.1867929324578, 0.0, 0.0, 0.0
-40.5, -25.5, 249.10500268563086, 0.9998993406420805, 970.0203297951292, 0.0, 0.0, 0.0
-40.5, -24.5, 249.18081317790163, 0.9998994063310457, 984.5638018266212, 0.0, 0.0, 0.0
-40.5, -23.5, 249.25359338362233, 0.9998994710309165, 998.8285156291148, 0.9936078558293076, 0.000994773217105722, 0.0
-40.5, -22.5, 249.3233452535735, 0.9998995347417515, 991.4882146774634, 0.0, 0.0, 0.0
-40.5, -21.5, 249.39330104841392, 0.9998995974636088, 1094.1829127774076, 1.9516073697946368, 0.0017836207703525498, 0.0
-40.5, -20.5, 249.45997515682183, 0.999899659196545, 990.8241468022156, 80.99197420026977, 0.08174202704048256, 0.0
-40.5, -19.5, 249.5203506910084, 0.9998997199406162, 980.9019175051769, 343.686001644744, 0.35037754082372885, 0.0
-40.5, -18.5, 249.5777050255743, 0.9998997796958776, 969.6153028657051, 508.0137502271337, 0.523933305018697, 0.0
-40.5, -17.5, 249.63203969197613, 0.9998998384623832, 981.1512300119209, 554.4099869420705, 0.5650606858387514, 0.0
-40.5, -16.5, 249.6833561401099, 0.9998998962401865, 987.715764899667, 553.9967197444814, 0.5608867848745503, 0.0
-40.5, -15.5, 249.73165573850093, 0.9998999530293396, 988.5035920186463, 504.1169562062416, 0.5099798931198344, 0.0
-40.5, -14.5, 249.77693977448334, 0.9999000088298944, 991.1937683788263, 506.7241683579455, 0.511226144194522, 0.0
-40.5, -13.5, 249.81920945436866, 0.9999000636419012, 987.8408706737599, 550.2659565270449, 0.5570390665773266, 0.0
-40.5, -12.5, 249.8584659036038, 0.9999001174654099, 972.468634691282, 533.962564959076, 0.5490794724999915, 0.0
-40.5, -11.5, 249.89471016691797, 0.9999001703004691, 968.8281590609629, 516.3639053937312, 0.5329778047473529, 0.0
-40.5, -10.5, 249.92794320845928, 0.9999002221471269, 991.2141413988402, 535.8664334859425, 0.5406162110739329, 0.0
-40.5, -9.5, 249.95816591192067, 0.9999002730054303, 998.0490059714639, 509.21025869071957, 0.5102056669001671, 0.0
-40.5, -8.5, 249.98537908065512, 0.9999003228754252, 986.5385504944144, 523.6282162984459, 0.5307731928326814, 0.0
-40.5, -7.5, 250.00958343778035, 0.9999003717571572, 979.672430988279, 528.5821154785231, 0.5395498523371708, 0.0
-40.5, -6.5, 250.03077962627322, 0.9999004196506702, 958.8165299287964, 512.2517485873625, 0.5342541900330018, 0.0
-40.5, -5.5, 250.0489682090533, 0.999900466556008, 991.5441258090574, 549.8264385976382, 0.554515350639593, 0.15811388300841897
-40.5, -4.5, 250.06414966905643, 0.9999005124732129, 984.3878697767282, 535.3642093716062, 0.5438549435732418, 0.14491376746189438
-40.5, -3.5, 250.0763244092971, 0.9999005574023266, 995.4900542582751, 530.1853336741391, 0.5325872733798153, 0.15811388300841897
-40.5, -2.5, 250.08549275292137, 0.9999006013433899, 998.6476512861431, 541.3204302754954, 0.5420534755960594, 0.15811388300841897
-40.5, -1.5, 250.09165494324876, 0.9999006442964425, 958.0902155893417, 526.6184585445127, 0.5496543540219524, 0.15491933384829668
-40.5, -0.5, 250.09481114380375, 0.9999006862615235, 980.9709269742052, 516.0015336750495, 0.5260110360932417, 0.12649110640673517
-40.5, 0.5, 250.09486374685065, 0.9999007272386709, 1052.5425542587898, 579.7454316499233, 0.5508047435271493, 0.12649110640673517
-40.5, 1.5, 250.09165494324876, 0.9999007672279216, 991.3453360048674, 556.4099278425618, 0.5612675095490941, 0.15491933384829668
-40.5, 2.5, 250.08549275292137, 0.9999008062293122, 979.4953655632645, 524.1966826325682, 0.5351701509390255, 0.15491933384829668
-40.5, 3.5, 250.0763244092971, 0.8680527634426294, 988.6688692774079, 541.0853819442503, 0.5472867597618558, 0.15491933384829668, (908.0504442583624, 1690.637408229327, 3500.0)
-40.5, 4.5, 250.06414966905638, 0.9999008812686533, 979.354827385592, 533.0313879862102, 0.5442678925769413, 0.15811388300841897
-40.5, 5.5, 250.0489682090533, 0.9999009173066717, 995.3002109820612, 509.4894749552093, 0.5118952747457943, 0.15491933384829668
-40.5, 6.5, 250.0307796262732, 0.999900952356966, 947.6705183615795, 519.5285171352369, 0.5482163970168091, 0.15491933384829668
-40.5, 7.5, 250.00958343778032, 0.9999009864195679, 981.4206590190868, 526.9698027737104, 0.5369459038088802, 0.15491933384829668
-40.5, 8.5, 249.98537908065506, 0.9999010194945083, 991.6481817872194, 547.6735941306429, 0.5522861879740315, 0.15491933384829668
-40.5, 9.5, 249.95816591192062, 0.999901051581817, 984.9683052798448, 514.723109174466, 0.5225783473593347, 0.14491376746189438
-40.5, 10.5, 249.92794320845925, 0.9999010826815233, 987.4992967134154, 545.8733296845047, 0.5527835123541601, 0.15491933384829668, (-903.4663108104359, -62.23879030026252, 3490.0); (-903.4663108104359, -62.23879030026252, 3490.0), (-45.0, -3.0999999999994046, 264.6257948937934); (-45.0, -3.0999999999994046, 264.6257948937934)
-40.5, 11.5, 249.8947101669179, 0.9999011127936555, 980.3395931703828, 536.2029626560048, 0.546956346955185, 0.0
-40.5, 12.5, 249.85846590360376, 0.9999011419182405, 984.3163551174299, 528.4788221705062, 0.536899361087481, 0.12649110640673517
-40.5, 13.5, 249.8192094543686, 0.46854114223618637, 980.8906864523807, 524.4344949291249, 0.5346513145372643, 0.14491376746189438, (-3500.0, -1837.5607596031084, 2192.286500831182)
-40.5, 14.5, 249.77693977448325, 0.9999011972048745, 974.1022334729637, 517.9787711247562, 0.531749906042211, 0.14491376746189438
-40.5, 15.5, 249.73165573850085, 0.9999012233669734, 986.9529599434059, 520.1464665566975, 0.5270225508888731, 0.15811388300841897, (3490.0, 589.4854907860927, -1458.6509367697195), (-45.0, -2.5999999999993975, 264.62993663895253)
-40.5, 16.5, 249.68335614010982, 0.9999012485416257, 966.6973140315337, 527.6503844506515, 0.545827920272301, 0.15811388300841897
-40.5, 17.5, 249.63203969197605, 0.9999012727288539, 989.7833334034826, 527.3905005959584, 0.5328342908972473, 0.15491933384829668
-40.5, 18.5, 249.57770502557418, 0.9999012959286802, 980.1519750883576, 522.5430978843199, 0.5331245675827101, 0.15491933384829668
-40.5, 19.5, 249.5203506910083, 0.9999013181411255, 987.9242231228033, 352.34681097910044, 0.35665368125638336, 0.15811388300841897
-40.5, 20.5, 249.4599751568217, 0.99990133936621, 989.8363255457515, 81.99188425240233, 0.08283377982435194, 0.12649110640673517
-40.5, 21.5, 249.39330104841386, 0.9999013596039528, 1088.3215084912235, 3.9995953506586392, 0.0036750126864656123, 0.14491376746189438
-40.5, 22.5, 249.3233452535734, 0.9999013788543722, 999.5935384604331, 0.0, 0.0, 0.15811388300841897
-40.5, 23.5, 249.25359338362225, 0.9999013971174859, 986.1067995783909, 0.0, 0.0, 0.14491376746189438
-40.5, 24.5, 249.1808131779015, 0.9999014143933104, 995.6593799362473, 0.0, 0.0, 0.15491933384829668
-40.5, 25.5, 249.10500268563078, 0.9999014306818612, 996.4367487442589, 0.0, 0.0, 0.15491933384829668
-40.5, 26.5, 249.02615987306945, 0.9999014459831532, 983.1603274606415, 0.0, 0.0, 0.15811388300841897
-40.5, 27.5, 248.94428262324783, 0.9999014602972002, 988.6564355243909, 0.0, 0.0, 0.15491933384829668
-40.5, 28.5, 248.8593687356862, 0.9999014736240152, 974.1528418930704, 0.0, 0.0, 0.14491376746189438
-40.5, 29.5, 248.771415926103, 0.9999014859636102, 987.3800609682063, 0.0, 0.0, 0.15491933384829668
-40.5, 30.5, 248.680421826111, 0.9999014973159964, 998.0072526162395, 0.0, 0.0, 0.14491376746189438
-40.5, 31.5, 248.58638398290185, 0.9999015076811842, 972.1895953398624, 0.0, 0.0, 0.14491376746189438
-40.5, 32.5, 248.48929985891897, 0.999901517059183, 964.2358170359786, 0.0, 0.0, 0.14491376746189438
-40.5, 33.5, 248.38916683151842, 0.9999015254500011, 983.6803087052722, 0.0, 0.0, 0.15811388300841897
-40.5, 34.5, 248.28598219261784, 0.9999015328536464, 998.5837373772339, 0.0, 0.0, 0.14491376746189438
-40.5, 35.5, 248.17974314833324, 0.9999015392701253, 962.8432238402523, 0.9045002566567922, 0.0009394055379537677, 0.15491933384829668
-40.5, 36.5, 248.0704468186037, 0.9999015446994437, 971.5647543662323, 0.0, 0.0, 0.15491933384829668
-40.5, 37.5, 247.9580902368035, 0.9999015491416067, 989.9917557682402, 0.0, 0.0, 0.12649110640673517
-40.5, 38.5, 247.842670349342, 0.9999015525966182, 990.2724225098142, 0.0, 0.0, 0.15491933384829668
-40.5, 39.5, 247.72418401525084, 0.9999015550644812, 977.0466031341963, 0.0, 0.0, 0.15491933384829668
-40.5, 40.5, 247.60262800575845, 0.9999015565451982, 979.3779929249745, 0.0, 0.0, 0.15491933384829668
-40.5, 41.5, 247.47165990707666, 0.9999015570387704, 1089.835577579027, 0.0, 0.0, 0.15491933384829668
-40.5, 42.5, 247.33735372814797, 0.9999015565451982, 988.8530675088706, 0.0, 0.0, 0.12649110640673517
-40.5, 43.5, 247.2062602501746, 0.9999015550644812, 986.6046916264236, 0.9998215462256227, 0.0010133963021982098, 0.12649110640673517
-40.5, 44.5, 247.07208293132058, 0.9999015525966182, 991.7195070125732, 272.5075682266821, 0.27478290615415635, 0.14491376746189438
-40.5, 45.5, 246.955670469213, 0.9999015491416067, 696.152776230445, 341.1935958453095, 0.4901131008811281, 0.15811388300841897
-39.5, -44.5, 247.2074282495393, 0.9999015446994437, 783.1113543986481, 40.99271217489884, 0.052345955584282365, 0.15491933384829668
-39.5, -43.5, 247.32795912794765, 0.9999015392701253, 988.5879932346511, 0.0, 0.0, 0.15491933384829668
-39.5, -42.5, 247.4590053180864, 0.9999015328536464, 975.3234731680219, 0.7782741766647973, 0.0007979651859878099, 0.15491933384829668
-39.5, -41.5, 247.593263087512, 0.9999015254500011, 1078.3304152576104, 0.9070986942085685, 0.0008412066295949418, 0.15811388300841897
-39.5, -40.5, 247.724184015251, 0.999901517059183, 977.8077179900298, 0.0, 0.0, 0.14491376746189438
-39.5, -39.5, 247.84569627576025, 0.9999015076811842, 992.1229389391586, 0.0, 0.0, 0.15491933384829668
-39.5, -38.5, 247.96413999503667, 0.9999014973159964, 983.9548490159299, 0.700912526129522, 0.0007123421636983818, 0.14491376746189438
-39.5, -37.5, 248.079518398411, 0.9999014859636102, 984.3954552040182, 0.0, 0.0, 0.15811388300841897
-39.5, -36.5, 248.19183462350796, 0.9999014736240152, 982.885737029661, 0.0, 0.0, 0.15491933384829668
-39.5, -35.5, 248.31297051428703, 0.9999014602972002, 988.7677456397491, 0.0, 0.0, 0.15491933384829668
-39.5, -34.5, 248.40729265337416, 0.9999014459831532, 954.488431152711, 0.0, 0.0, 0.15811388300841897
-39.5, -33.5, 248.51044029862211, 0.9999014306818612, 979.8984223680261, 0.0, 0.0, 0.15491933384829668
-39.5, -32.5, 248.61053744733658, 0.9999014143933104, 965.0404786618797, 0.663491322072867, 0.000687526934614039, 0.15491933384829668
-39.5, -31.5, 248.70758680473136, 0.9999013971174859, 955.4746846592634, 0.0, 0.0, 0.15811388300841897
-39.5, -30.5, 248.80159099067498, 0.9999013788543722, 984.217307454212, 0.9291980031699638, 0.0009440984182379786, 0.15811388300841897
-39.5, -29.5, 248.892552540041, 0.9999013596039528, 992.8528711606616, 0.9803416582892603, 0.0009873987241868218, 0.15491933384829668
-39.5, -28.5, 248.98047390304652, 0.99990133936621, 984.6357394854269, 0.9949671406338579, 0.0010104926123784925, 0.15491933384829668
-39.5, -27.5, 249.06535744557877, 0.9999013181411255, 979.5389204562146, 0.0, 0.0, 0.15811388300841897
-39.5, -26.5, 249.14720544951018, 0.9999012959286802, 992.3716288596976, 0.0, 0.0, 0.15811388300841897
-39.5, -25.5, 249.22602011300125, 0.9999012727288539, 978.3319517076292, 0.7958935054533802, 0.000813520915946973, 0.14491376746189438
-39.5, -24.5, 249.30180355079239, 0.9999012485416257, 983.765995777552, 0.0, 0.0, 0.15811388300841897
-39.5, -23.5, 249.37455779448385, 0.9999012233669734, 993.5846136014557, 0.9998969907762962, 0.0010063531349906478, 0.14491376746189438
-39.5, -22.5, 249.4442847928046, 0.9999011972048745, 982.3533975670085, 43.255594474624466, 0.04403262062487436, 0.15811388300841897
-39.5, -21.5, 249.51421565333456, 0.999901170055305, 1089.3572171336245, 330.17428327377013, 0.30309092194986553, 0.15811388300841897
-39.5, -20.5, 249.58086600625154, 0.575204365779429, 994.9192994527128, 523.9618097867472, 0.5266374972070288, 0.15491933384829668, (-3500.0, 422.6019173831695, -2344.159894134396)
-39.5, -19.5, 249.64122003695815, 0.9999011127936555, 993.3599378809071, 519.3686398993207, 0.5228403321833855, 0.15811388300841897
-39.5, -18.5, 249.69855395095013, 0.9999010826815233, 996.8893233419207, 524.3476329137799, 0.5259837984381092, 0.14491376746189438
-39.5, -17.5, 249.75286927807855, 0.999901051581817, 972.5589118440136, 530.1517153678237, 0.545110130513979, 0.15491933384829668
-39.5, -16.5, 249.80416746672003, 0.9999010194945083, 979.2915998459281, 513.2795714178204, 0.5241335384665555, 0.15491933384829668
-39.5, -15.5, 249.8524498839666, 0.9999009864195679, 978.4640793114797, 514.9456388117618, 0.5262795535367184, 0.14491376746189438
-39.5, -14.5, 249.89771781580475, 0.999900952356966, 999.9142512550616, 513.9558346428579, 0.5139999094899951, 0.14491376746189438
-39.5, -13.5, 249.93997246728378, 0.9999009173066717, 992.3098090796424, 541.3192629497324, 0.5455143726250179, 0.15811388300841897, (-903.5049004119174, 72.28039203296726, 3489.9999999999995), (-45.0, 3.6000000000006906, 264.62092646292945)
-39.5, -12.5, 249.9792149626732, 0.9999008812686533, 961.1081338164637, 482.89954472380094, 0.5024403891019582, 0.15491933384829668
-39.5, -11.5, 250.01544634561, 0.999900844242878, 960.2727277415806, 498.88996107147113, 0.5195294489356024, 0.15811388300841897
-39.5, -10.5, 250.0486675792345, 0.9999008062293122, 973.1240987645712, 523.9339472691848, 0.5384040411026145, 0.15491933384829668
-39.5, -9.5, 250.0788795463163, 0.9999007672279216, 985.4065674807622, 545.5234837927891, 0.5536024436973718, 0.15811388300841897
-39.5, -8.5, 250.10608304936915, 0.9999007272386709, 963.3667637042463, 525.3676931053558, 0.5453454622881756, 0.14491376746189438
-39.5, -7.5, 250.1302788107557, 0.9999006862615235, 994.5947414649457, 515.0407520587089, 0.5178398101121082, 0.15811388300841897
-39.5, -6.5, 250.15146747278143, 0.9999006442964425, 990.7191368714016, 511.13052379100355, 0.515918694580894, 0.15811388300841897
-39.5, -5.5, 250.1696495977784, 0.9999006013433899, 996.332608959565, 529.1104696688374, 0.5310580672666819, 0.15491933384829668
-39.5, -4.5, 250.18482566817832, 0.9999005574023266, 977.9053522887126, 503.1524860447582, 0.5145206382879164, 0.15491933384829668
-39.5, -3.5, 250.19699608657524, 0.9999005124732129, 963.9028507053165, 510.4891702337478, 0.5296064534514112, 0.15491933384829668
-39.5, -2.5, 250.20616117577802, 0.999900466556008, 998.0985886329364, 546.8630951001243, 0.5479048876816318, 0.15491933384829668
-39.5, -1.5, 250.2123211788524, 0.9999004196506702, 981.9645697333485, 512.9646505154852, 0.5223861087521521, 0.0
-39.5, -0.5, 250.21547625915215, 0.9999003717571572, 999.9238105130764, 555.9576459431839, 0.5560000072984695, 0.0
-39.5, 0.5, 250.21552884352846, 0.9999003228754252, 1086.5874082697767, 579.2026625843844, 0.5330474641765595, 0.0
-39.5, 1.5, 250.2123211788524, 0.9999002730054303, 992.7456504708783, 517.6527144670098, 0.52143538903593, 0.09486832980505139
-39.5, 2.5, 250.20616117577802, 0.9999002221471269, 972.6401486159153, 534.0678513693407, 0.5490908966993898, 0.0
-39.5, 3.5, 250.1969960865752, 0.9999001703004691, 965.5503038915866, 510.65391231651944, 0.5288734416615712, 0.0
-39.5, 4.5, 250.18482566817826, 0.9999001174654099, 959.3033693871106, 509.4040761651632, 0.5310145803934958, 0.0
-39.5, 5.5, 250.16964959777837, 0.9999000636419012, 990.0175082433284, 521.9968623390366, 0.527260233271288, 0.0
-39.5, 6.5, 250.1514674727814, 0.9999000088298944, 969.4859521814884, 501.42434762443685, 0.5172064087119128, 0.0
-39.5, 7.5, 250.13027881075567, 0.9998999530293396, 990.5099244160875, 554.1153187016783, 0.5594242975690861, 0.0
-39.5, 8.5, 250.10608304936912, 0.9998998962401865, 987.9853046511786, 529.3305442326558, 0.5357676290737371, 0.0
-39.5, 9.5, 250.07887954631624, 0.9998998384623832, 984.876717578147, 516.2285663642951, 0.5241555183005268, 0.0
-39.5, 10.5, 250.04866757923446, 0.9998997796958776, 999.1266968762613, 519.4860619316562, 0.5199401272689572, 0.0
-39.5, 11.5, 250.01544634560997, 0.9998997199406162, 991.0893025765686, 561.3992986543567, 0.5664467341084883, 0.0
-39.5, 12.5, 249.97921496267318, 0.999899659196545, 999.0116425366967, 542.5022061718219, 0.54303892274398, 0.0
-39.5, 13.5, 249.9399724672837, 0.4206157242534721, 957.7939939306319, 522.3815467027397, 0.5454007333653974, 0.0, (-3500.0, -506.99339559365313, 1734.434835295251)
-39.5, 14.5, 249.89771781580473, 0.9998995347417515, 979.8032597445192, 517.5191938633338, 0.5281868464065689, 0.0
-39.5, 15.5, 249.85244988396656, 0.9998994710309165, 985.7238500946039, 532.8186437061381, 0.5405354082231056, 0.0
-39.5, 16.5, 249.80416746672, 0.9998994063310457, 993.7528653514577, 525.9433153071061, 0.5292496088764457, 0.0
-39.5, 17.5, 249.75286927807846, 0.8306855687645766, 997.1605292797194, 509.1328782263091, 0.5105826627474634, 0.0, (-1301.2188180583807, -1889.3517787633195, 3500.0)
-39.5, 18.5, 249.69855395095004, 0.9998992739639614, 963.9696014942438, 510.6974824696455, 0.5297858788057385, 0.0
-39.5, 19.5, 249.6412200369581, 0.9998992062966278, 992.4442749855093, 540.9640615110862, 0.5450825554099598, 0.0
-39.5, 20.5, 249.58086600625145, 0.9998991376400184, 983.2857799418509, 543.4159245311796, 0.5526530898914411, 0.0
-39.5, 21.5, 249.5142156533345, 0.9998990679940708, 1060.5481328977532, 341.4946960739886, 0.3219983002005925, 0.0
-39.5, 22.5, 249.44428479280452, 0.9998989973587219, 984.0285413923579, 47.995229512125796, 0.04877422502828487, 0.0
-39.5, 23.5, 249.37455779448374, 0.9998989257339077, 976.0479657213873, 1.9997951592152776, 0.002048869757888639, 0.0
-39.5, 24.5, 249.30180355079227, 0.9998988531195631, 992.2630822099554, 0.0, 0.0, 0.0
-39.5, 25.5, 249.22602011300117, 0.9998987795156221, 978.0995095942284, 0.0, 0.0, 0.0
-39.5, 26.5, 249.14720544951007, 0.9998987049220182, 993.9223294224385, 0.0, 0.0, 0.0
-39.5, 27.5, 249.06535744557866, 0.9998986293386833, 990.6068967962823, 0.0, 0.0, 0.0
-39.5, 28.5, 248.98047390304637, 0.9998985527655493, 977.295837148866, 0.0, 0.0, 0.0, (-904.0569090900335, 156.70319757562083, 3490.0), (-45.0, 7.80000000000075, 264.5513367030253)
-39.5, 29.5, 248.8925525400409, 0.9998984752025464, 987.1867323982154, 0.0, 0.0, 0.0
-39.5, 30.5, 248.8015909906749, 0.9998983966496042, 979.4391109344842, 0.0, 0.0, 0.0
-39.5, 31.5, 248.71283582420773, 0.9998983171066517, 989.600039158559, 0.0, 0.0, 0.0
-39.5, 32.5, 248.61053744733644, 0.9998982365736163, 975.7778620382292, 0.0, 0.0, 0.0
-39.5, 33.5, 248.51044029862203, 0.9999688415541439, 990.8999931795383, 0.0, 0.0, 0.0
-39.5, 34.5, 248.40729265337407, 0.9998980725370042, 988.3871915120852, 0.0, 0.0, 0.0
-39.5, 35.5, 248.3010917206708, 0.9998979890332786, 978.8042782466615, 0.0, 0.0, 0.0
-39.5, 36.5, 248.19183462350782, 0.9998979045391726, 985.4448374566459, 0.0, 0.0, 0.0
-39.5, 37.5, 248.07951839841087, 0.9998978190546094, 984.7866737576012, 0.0, 0.0, 0.0
-39.5, 38.5, 247.96413999503653, 0.9998977325795113, 996.8986783037038, 0.0, 0.0, 0.0
-39.5, 39.5, 247.8456962757601, 0.9998976451138, 987.4979458853213, 0.0, 0.0, 0.0
-39.5, 40.5, 247.72418401525084, 0.999897556657396, 985.2779265179294, 0.0, 0.0, 0.0
-39.5, 41.5, 247.59326308751184, 0.7232792061895457, 1073.8081439658367, 0.0, 0.0, 0.0, (2688.2262485466986, -2109.800448329608, -3500.0)
-39.5, 42.5, 247.45900531808624, 0.9998973767721877, 979.5177071955189, 0.9270040035789315, 0.0009463882038774565, 0.0
-39.5, 43.5, 247.32795912794748, 0.13482373723092025, 986.1228016208188, 0.0, 0.0, 0.0, (3500.0, 1234.4381910916063, 621.7878125132238)
-39.5, 44.5, 247.19383024623684, 0.9998971929232332, 986.368618379798, 138.97529437626076, 0.14089590016006448, 0.0
-39.5, 45.5, 247.07745983771247, 0.999897099512143, 686.7377643846073, 352.555159960034, 0.5133766893917102, 0.0
-38.5, -44.5, 247.32609614375195, 0.9998970051098648, 791.0315595544434, 0.0, 0.0, 0.0
-38.5, -43.5, 247.4465846263264, 0.9998969097163126, 985.6494636066662, 0.0, 0.0, 0.0
-38.5, -42.5, 247.5775847546474, 0.9998968133314001, 980.0899520784832, 0.0, 0.0, 0.0
-38.5, -41.5, 247.7117953696309, 0.9998967159550396, 1084.2762127619578, 0.6448595686941846, 0.0005947373566847373, 0.0
-38.5, -40.5, 247.84267034934214, 0.9993075935330016, 955.436137465766, 0.0, 0.0, 0.0, (-39.90562315897022, 40.16030197607022, 247.7071140446848), (-39.90562315897022, 40.16030197607022, 247.7071140446848)
-38.5, -39.5, 247.96413999503667, 0.9998965182276198, 987.6782623234972, 0.0, 0.0, 0.0
-38.5, -38.5, 248.08254220423495, 0.999896417876381, 985.17022986354, 0.0, 0.0, 0.0
-38.5, -37.5, 248.2089184955955, 0.999896316533335, 984.5719038181903, 0.0, 0.0, 0.0
-38.5, -36.5, 248.310157113457, 0.9998962141983897, 988.1335567678552, 0.0, 0.0, 0.0
-38.5, -35.5, 248.4193759950332, 0.9998961108714522, 972.5828150930554, 0.0, 0.0, 0.0
-38.5, -34.5, 248.52553980405358, 0.9998960065524286, 995.0060721649319, 0.0, 0.0, 0.0
-38.5, -33.5, 248.62865141454733, 0.9998959012412242, 991.4873735718411, 0.0, 0.0, 0.0
-38.5, -32.5, 248.72871361455285, 0.9998957949377432, 996.3377368176132, 0.0, 0.0, 0.0
-38.5, -31.5, 248.8257291064917, 0.9998956876418891, 993.6130183051221, 0.0, 0.0, 0.0
-38.5, -30.5, 248.91970050753073, 0.9998955793535643, 967.8379565108986, 0.0, 0.0, 0.0
-38.5, -29.5, 249.01063034993166, 0.9998954700726704, 993.9823547826417, 0.0, 0.0, 0.0
-38.5, -28.5, 249.09852108138938, 0.8109272895279823, 979.2643811297922, 0.0, 0.0, 0.0, (2407.5545049489615, -113.38260791486404, 3500.0)
-38.5, -27.5, 249.18337506535755, 0.9998952485327776, 991.8397704948239, 0.0, 0.0, 0.0
-38.5, -26.5, 249.26519458136332, 0.9998951362735771, 981.9114946151306, 0.9969996326340472, 0.0010153660875767939, 0.0
-38.5, -25.5, 249.34398182530975, 0.9998950230214049, 979.4384322039739, 0.0, 0.0, 0.0
-38.5, -24.5, 249.41973890976712, 0.9998949087761579, 968.9146299796053, 2.9997017270100943, 0.0030959401728439533, 0.0
-38.5, -23.5, 249.49246786425235, 0.9998947935377326, 973.5818843436059, 218.51809480848698, 0.22444757685257571, 0.0
-38.5, -22.5, 249.56217063549738, 0.9998946773060239, 997.0096501891499, 501.66236346078165, 0.5031670088304638, 0.0
-38.5, -21.5, 249.6320772078859, 0.9998945600809263, 1085.1318394405546, 579.4257559883247, 0.5339680718308392, 0.0
-38.5, -20.5, 249.69870442092318, 0.9998944418623331, 972.2880285930751, 547.1411666449587, 0.5627356817677635, 0.0
-38.5, -19.5, 249.75903750539365, 0.999894322650137, 982.6729653416145, 537.4144669495687, 0.5468904568497445, 0.0
-38.5, -18.5, 249.8163515279862, 0.9998942024442294, 976.385590648161, 500.033760390151, 0.5121273451590063, 0.0
-38.5, -17.5, 249.87064801698895, 0.9998940812445012, 979.9376039530138, 534.4481356636109, 0.5453899651443896, 0.0
-38.5, -16.5, 249.92192841929972, 0.999893959050842, 982.450492629598, 532.0848285306093, 0.5415894566925675, 0.0
-38.5, -15.5, 249.9701941006152, 0.9998938358631408, 970.8302358805398, 511.401223962576, 0.5267668898865071, 0.0
-38.5, -14.5, 250.01544634561, 0.9998937116812856, 993.7261819251534, 537.4677259053601, 0.5408609893563635, 0.0
-38.5, -13.5, 250.05768635810463, 0.9998935865051634, 957.7619790397658, 499.00853841834174, 0.5210151888871579, 0.0
-38.5, -12.5, 250.09691526122276, 0.9998934603346602, 987.9821861970993, 545.6629832996679, 0.552300426994551, 0.0
-38.5, -11.5, 250.13313409753792, 0.9998933331696613, 987.3969488479847, 504.81266612115934, 0.5112560523000745, 0.0
-38.5, -10.5, 250.16634382920955, 0.9998932050100513, 988.7912357820782, 571.596554871732, 0.5780760732771173, 0.0
-38.5, -9.5, 250.1965453381083, 0.9998930758557133, 998.8481557401542, 547.3952973362424, 0.5480265385589247, 0.0
-38.5, -8.5, 250.22373942593111, 0.99989294570653, 986.691899450603, 523.131478637685, 0.5301872640577755, 0.0
-38.5, -7.5, 250.24792681430554, 0.9998928145623828, 980.1206127047938, 525.0031121371783, 0.535651536486261, 0.0
-38.5, -6.5, 250.2691081448836, 0.9998926824231524, 981.4678311533048, 520.0504165542206, 0.5298700579346742, 0.0
-38.5, -5.5, 250.28728397942533, 0.9998925492887187, 987.819421032552, 527.4956873643907, 0.5340001179699503, 0.0
-38.5, -4.5, 250.30245479987178, 0.9998924151589605, 982.9072431292409, 504.7009994559325, 0.5134777497916659, 0.0
-38.5, -3.5, 250.3146210084077, 0.9998922800337557, 977.669449999076, 497.17912647859373, 0.5085349925571098, 0.0
-38.5, -2.5, 250.32378292751375, 0.9998921439129813, 989.8542286332219, 504.4050336680428, 0.5095750657796541, 0.0
-38.5, -1.5, 250.32994080000844, 0.9998920067965136, 985.312430152187, 547.134503426826, 0.5552903695148939, 0.0
-38.5, -0.5, 250.33309478907967, 0.9998918686842275, 985.6898448970952, 520.0659333147468, 0.5276162030146927, 0.0
-38.5, 0.5, 250.3331473552691, 0.9998917295759974, 1081.2289695619959, 555.852447936448, 0.514093188015137, 0.0
-38.5, 1.5, 250.32994080000844, 0.9998915894716968, 990.0679008827626, 524.608046279186, 0.5298707753391823, 0.0
-38.5, 2.5, 250.32378292751375, 0.9998914483711979, 967.9368211445077, 484.2427888106806, 0.5002834670945799, 0.0
-38.5, 3.5, 250.31462100840767, 0.9998913062743725, 995.1662906187381, 518.5579640123241, 0.5210766973325776, 0.0
-38.5, 4.5, 250.30245479987178, 0.9998911631810911, 988.349385608993, 485.065962412859, 0.4907838963384138, 0.0
-38.5, 5.5, 250.2872839794253, 0.9998910190912232, 981.1319186400995, 523.6446022914346, 0.5337147761100604, 0.0
-38.5, 6.5, 250.2691081448836, 0.999890874004638, 995.05777607164, 579.0359480673199, 0.5819118869190483, 0.0
-38.5, 7.5, 250.24792681430554, 0.999890727921203, 978.2417059731487, 515.3566250445607, 0.5268193145904438, 0.0
-38.5, 8.5, 250.2237394259311, 0.8335902566507771, 978.6602555902928, 536.2846463845644, 0.5479783646277704, 0.0, (2203.2354067193705, -132.07699702925404, 3500.0)
-38.5, 9.5, 250.19654533810825, 0.9998904327632513, 978.5515879753581, 535.0546102716529, 0.5467822206274184, 0.0
-38.5, 10.5, 250.1663438292095, 0.9998902836884654, 992.5829248031291, 535.4759820464953, 0.5394773259399992, 0.0
-38.5, 11.5, 250.1331340975379, 0.4320621669760984, 976.9679702716988, 551.0337578381834, 0.5640243842230965, 0.0, (398.0229979474259, 1338.349317715517, -3490.0), (3490.0, 721.0018817140372, -1612.9349929186988)
-38.5, 12.5, 250.0969152612227, 0.9998899825465952, 995.3066267087471, 556.6684516329099, 0.559293424453212, 0.0
-38.5, 13.5, 250.05768635810455, 0.9998898304792365, 991.9215390785124, 535.5223125551389, 0.5398837422692072, 0.0
-38.5, 14.5, 250.01544634560997, 0.9998896774140774, 979.5501114872773, 516.3420411538597, 0.5271216195053907, 0.0
-38.5, 15.5, 249.97019410061515, 0.9998895233509787, 966.7355134096766, 515.6902776445511, 0.533434709381588, 0.0
-38.5, 16.5, 249.92192841929966, 0.9998893682897999, 991.9848521059919, 527.7827910996549, 0.5320472283212468, 0.0
-38.5, 17.5, 249.87064801698892, 0.9998892122303997, 988.956590167558, 559.2945706467832, 0.5655400613206111, 0.0
-38.5, 18.5, 249.8163515279861, 0.9998890551726359, 987.6404626986678, 486.19810268340916, 0.49228248643732386, 0.0
-38.5, 19.5, 249.75903750539356, 0.9998888971163653, 983.4696429235336, 548.3744399746614, 0.5575916286999195, 0.0
-38.5, 20.5, 249.6987044209231, 0.999888738061444, 965.0234265676901, 525.109126866577, 0.5441413259098161, 0.0
-38.5, 21.5, 249.63207720788586, 0.9998885780077267, 1085.6520927991864, 567.1107055400151, 0.5223687305551152, 0.0
-38.5, 22.5, 249.56217063549732, 0.9998884169550677, 991.689902715452, 530.3899913611116, 0.5348345182388105, 0.0
-38.5, 23.5, 249.49246786425226, 0.9998882549033201, 993.2052601694048, 226.35857657125965, 0.22790714633614714, 0.0
-38.5, 24.5, 249.41973890976703, 0.9998880918523362, 980.1394656231329, 6.9993024444634795, 0.007141129084128458, 0.0
-38.5, 25.5, 249.34398182530967, 0.9998879278019672, 981.069291934226, 1.7469696865655164, 0.0017806792047494224, 0.0
-38.5, 26.5, 249.2651945813632, 0.9998877627520637, 982.3241515469723, 0.5196025604253908, 0.0005289522400595733, 0.0
-38.5, 27.5, 249.18337506535744, 0.999887596702475, 973.400953685098, 0.0, 0.0, 0.0
-38.5, 28.5, 249.09852108138926, 0.9998874296530498, 961.5319454196982, 0.0, 0.0, 0.0
-38.5, 29.5, 249.01063034993157, 0.9998872616036355, 976.6017252629443, 0.0, 0.0, 0.0
-38.5, 30.5, 248.91970050753062, 0.999887092554079, 984.654373274334, 0.0, 0.0, 0.0
-38.5, 31.5, 248.8257291064916, 0.9998869225042262, 993.6930878984791, 0.0, 0.0, 0.0
-38.5, 32.5, 248.72871361455273, 0.9998867514539216, 966.4629813075439, 0.0, 0.0, 0.0
-38.5, 33.5, 248.6286514145472, 0.6266633074897313, 986.9933026083396, 0.0, 0.0, 0.0, (-3500.0, -2224.4226325032996, 3438.560797895568)
-38.5, 34.5, 248.52553980405344, 0.9998864063513325, 976.4051139857661, 0.0, 0.0, 0.0, (-906.8999662476247, 352.6833202074275, 3490.0000000000005), (-45.0, 17.500000000000888, 264.19443161102504)
-38.5, 35.5, 248.41937599503308, 0.9998862322987331, 988.8772661089859, 0.0, 0.0, 0.0
-38.5, 36.5, 248.31015711345685, 0.9998860572450522, 978.3680652764256, 0.0, 0.0, 0.0
-38.5, 37.5, 248.19788019891828, 0.9998858811901301, 984.5517006635853, 0.0, 0.0, 0.0
-38.5, 38.5, 248.08254220423484, 0.9998857041338062, 960.0991441771696, 0.9690139808130912, 0.0010092853292183296, 0.0
-38.5, 39.5, 247.96413999503653, 0.9998855260759186, 968.4292836456164, 0.9023259995230437, 0.0009317417541591377, 0.0
-38.5, 40.5, 247.842670349342, 0.999885347016305, 997.1848389592614, 0.0, 0.0, 0.0
-38.5, 41.5, 247.71179536963072, 0.9998851669548019, 1074.1422339530957, 0.9789603358050061, 0.0009113879939365219, 0.0
-38.5, 42.5, 247.5775847546472, 0.9998849858912447, 990.7497818469121, 0.0, 0.0, 0.0
-38.5, 43.5, 247.44658462632623, 0.9998848038254684, 995.5094797310543, 0.0, 0.0, 0.0
-38.5, 44.5, 247.3125029259076, 0.9998846207573063, 983.1377086363517, 18.996675609762807, 0.01932249718720676, 0.0
-38.5, 45.5, 247.19617348059515, 0.9998844366865915, 693.5575958115334, 307.4177129058929, 0.44324756121542114, 0.0
-37.5, -44.5, 247.44169277355667, 0.999884251613156, 786.2411359895336, 0.0, 0.0, 0.0
-37.5, -43.5, 247.5621399853357, 0.9998840655368303, 991.6618169541949, 0.0, 0.0, 0.0
-37.5, -42.5, 247.69309527412832, 0.9998838784574448, 986.6385284822193, 0.0, 0.0, 0.0
-37.5, -41.5, 247.8272599859177, 0.9998836903748284, 1067.2406693488977, 0.0, 0.0, 0.0
-37.5, -40.5, 247.95809023680366, 0.9998835012888093, 985.6351691329627, 0.0, 0.0, 0.0
-37.5, -39.5, 248.079518398411, 0.9998833111992147, 999.7639321374837, 0.0, 0.0, 0.0
-37.5, -38.5, 248.19788019891843, 0.9998831201058709, 982.9589411298707, 0.0, 0.0, 0.0
-37.5, -37.5, 248.31317885704894, 0.9998829280086032, 981.4911631768821, 0.0, 0.0, 0.0
-37.5, -36.5, 248.42541750400625, 0.9998827349072362, 990.9301147742266, 0.9991096110405014, 0.0010082543623857253, 0.0
-37.5, -35.5, 248.53459918389802, 0.9998825408015932, 968.5102295271474, 0.0, 0.0, 0.0
-37.5, -34.5, 248.6407268541463, 0.9998823456914968, 991.8916602468418, 0.0, 0.0, 0.0
-37.5, -33.5, 248.743803385886, 0.9998821495767687, 975.2833261764084, 0.0, 0.0, 0.0
-37.5, -32.5, 248.84383156435035, 0.9998819524572296, 989.9584951628341, 0.0, 0.0, 0.0
-37.5, -31.5, 248.94081408924467, 0.999881754332699, 999.883121456073, 0.0, 0.0, 0.0
-37.5, -30.5, 249.03475357510743, 0.9998815552029959, 981.152502801606, 0.0, 0.0, 0.0
-37.5, -29.5, 249.1337947828444, 0.9998813550679383, 983.624318789666, 0.0, 0.0, 0.0
-37.5, -28.5, 249.21351346414235, 0.9998811539273429, 998.9217733235957, 0.0, 0.0, 0.0
-37.5, -27.5, 249.2983386736418, 0.9998809517810259, 979.5934038970814, 0.0, 0.0, 0.0
-37.5, -26.5, 249.38013045740365, 0.9998807486288022, 982.3014709267723, 0.9998973822084242, 0.0010179129440425765, 0.0
-37.5, -25.5, 249.45889100913482, 0.999880544470486, 986.0467504136437, 89.60387404559327, 0.09087183138933799, 0.0
-37.5, -24.5, 249.53462243929437, 0.9998803393058906, 998.5296780482273, 393.05680504593624, 0.39363557607443717, 0.0
-37.5, -23.5, 249.60732677537243, 0.9998801331348282, 995.1019347409211, 529.7191871643319, 0.5323265573815273, 0.0
-37.5, -22.5, 249.68967746446134, 0.9998799259571101, 974.155362024283, 528.8345986156138, 0.5428647413249381, 0.0
-37.5, -21.5, 249.7468888906323, 0.9998797177725465, 1084.5673996167577, 565.6963688637245, 0.5215871038200288, 0.0
-37.5, -20.5, 249.81349357755138, 0.2612117511819289, 985.3707787604255, 533.2122117170506, 0.5411285002664883, 0.0, (-3500.0, -773.0305533923805, 1071.0039751025488)
-37.5, -19.5, 249.8738062713557, 0.9998792983821203, 989.0650520754044, 522.3400413221341, 0.5281149508074136, 0.0
-37.5, -18.5, 249.9311009301344, 0.9998790871758736, 974.3659107067581, 513.5770507850468, 0.5270884840506405, 0.0
-37.5, -17.5, 249.98537908065512, 0.9998788749620138, 969.645617525223, 512.506981400141, 0.5285508149958811, 0.0
-37.5, -16.5, 250.03664216837677, 0.9998786617403462, 986.1688641491978, 494.03047540264225, 0.5009593116984681, 0.0
-37.5, -15.5, 250.0848915576388, 0.999878447510676, 986.1204870585219, 556.0084251988569, 0.5638341688421491, 0.0
-37.5, -14.5, 250.13012853183955, 0.9998782322728067, 975.6018569395604, 542.3118388714504, 0.5558741355543024, 0.0
-37.5, -13.5, 250.1723542936041, 0.9998780160265412, 989.8963284908384, 523.9408359321592, 0.52928859401968, 0.0
-37.5, -12.5, 250.21156996494133, 0.9998777987716815, 989.9513929333903, 509.4536478766892, 0.5146249113980167, 0.0
-37.5, -11.5, 250.2477765873903, 0.9998775805080283, 983.0961620027264, 517.459871719112, 0.526357330767076, 0.0
-37.5, -10.5, 250.28097512215606, 0.9998773612353818, 972.8623471449012, 488.34207660790423, 0.5019642070032432, 0.0
-37.5, -9.5, 250.31116645023488, 0.9998771409535413, 978.4097905266206, 537.3692343252933, 0.5492271638410926, 0.0
-37.5, -8.5, 250.338351372529, 0.9998769196623045, 988.3805863198228, 522.1615143270088, 0.5283000511687979, 0.0
-37.5, -7.5, 250.36253060995074, 0.9998766973614688, 979.096552542618, 505.42503185847846, 0.5162157200389881, 0.0
-37.5, -6.5, 250.38370480351648, 0.9998764740508304, 979.7861209601751, 490.62532016167233, 0.5007473668649921, 0.0
-37.5, -5.5, 250.40187451442978, 0.9998762497301846, 979.3982119717557, 529.1321270176583, 0.5402625005332535, 0.0
-37.5, -4.5, 250.41704022415433, 0.9998760243993258, 992.144509798818, 516.8494436793221, 0.5209416960681728, 0.0
-37.5, -3.5, 250.42920233447668, 0.9998757980580472, 982.6452469189028, 527.4032129986131, 0.5367178182078353, 0.0
-37.5, -2.5, 250.4383611675582, 0.9998755707061414, 971.6945933896642, 498.3366317976914, 0.5128531487031244, 0.0
-37.5, -1.5, 250.44451696597702, 0.9998753423433999, 977.2267443230085, 539.1327401455675, 0.5516966694552158, 0.0
-37.5, -0.5, 250.4476698927594, 0.9998751129696133, 995.2843042493581, 575.7073947438661, 0.5784351187754977, 0.0
-37.5, 0.5, 250.44772244124434, 0.999874882584571, 1081.9716332315584, 623.3952891400078, 0.57616601950838, 0.0
-37.5, 1.5, 250.44451696597702, 0.9998746511880618, 975.5507207101408, 542.9303134940853, 0.5565372481082947, 0.0
-37.5, 2.5, 250.4383611675582, 0.9998744187798734, 996.385226527477, 504.1922306327205, 0.5060213833056231, 0.0
-37.5, 3.5, 250.42920233447668, 0.9998741853597924, 990.7018545013219, 542.9218349064105, 0.548017380243721, 0.0
-37.5, 4.5, 250.4170402241543, 0.9998739509276049, 988.7976586787569, 527.3965597462517, 0.5333715701258488, 0.0
-37.5, 5.5, 250.40187451442972, 0.9998737154830953, 992.3157218312487, 494.53121751869895, 0.4983607602286866, 0.0
-37.5, 6.5, 250.38370480351645, 0.999873479026048, 984.7441337458807, 528.8677295967854, 0.5370610613185566, 0.0
-37.5, 7.5, 250.3625306099507, 0.9998732415562455, 990.3946546872618, 523.2257931821052, 0.528300299992355, 0.0
-37.5, 8.5, 250.33835137252896, 0.99987300307347, 981.0400018684285, 517.0646722676025, 0.5270576849902481, 0.0
-37.5, 9.5, 250.31116645023485, 0.9998727635775025, 996.0297260848965, 516.403253116875, 0.5184616880328523, 0.0
-37.5, 10.5, 250.280975122156, 0.9998725230681231, 994.8137486239248, 530.4270461047219, 0.5331923154846167, 0.0
-37.5, 11.5, 250.24777658739026, 0.999872281545111, 993.0121301254666, 500.3714527470945, 0.5038925885868815, 0.0
-37.5, 12.5, 250.21156996494128, 0.9998720390082442, 991.6385713844011, 552.4182134673431, 0.5570761660633332, 0.0
-37.5, 13.5, 250.17235429360403, 0.9998717954572999, 994.8516576524363, 520.2528277521839, 0.5229451283016715, 0.0
-37.5, 14.5, 250.13012853183946, 0.9998715508920545, 983.7691611244528, 484.4638872583836, 0.4924568754570829, 0.0
-37.5, 15.5, 250.08489155763874, 0.9998713053122832, 975.7508739948348, 510.1180940912733, 0.5227954262575158, 0.0
-37.5, 16.5, 250.03664216837672, 0.9998710587177604, 993.4407267337203, 543.429343027038, 0.5470173795005866, 0.0
-37.5, 17.5, 249.98537908065504, 0.9998708111082595, 977.2043153106187, 518.3134166834868, 0.5304043469340732, 0.0
-37.5, 18.5, 249.9311009301343, 0.9998705624835528, 969.3919629425703, 515.9893304685462, 0.5322814198936318, 0.0
-37.5, 19.5, 249.87380627135565, 0.9998703128434119, 980.599237831947, 509.0216419682921, 0.5190924307607173, 0.0
-37.5, 20.5, 249.8134935775513, 0.9998700621876072, 979.113380296752, 514.8250390804973, 0.5258073778181469, 0.0
-37.5, 21.5, 249.74688889063225, 0.9998698105159083, 1092.1358524460454, 600.8393349952643, 0.5501507286383563, 0.0
-37.5, 22.5, 249.67700596215815, 0.9998695578280838, 980.9583938993836, 513.1984052924549, 0.5231602160540699, 0.0
-37.5, 23.5, 249.60732677537234, 0.9998693041239013, 990.6736784061907, 523.9539226449992, 0.5288864881198252, 0.0
-37.5, 24.5, 249.53462243929425, 0.9998690494031275, 976.9017320088565, 413.8860002317397, 0.42367209174728687, 0.0
-37.5, 25.5, 249.4588910091347, 0.999868793665528, 979.8855921042311, 87.48682172104284, 0.08928269016913641, 0.0, (-911.0447663845881, 520.3077888018852, 3490.0), (-45.0, 25.700000000001005, 263.6785979686314)
-37.5, 26.5, 249.38013045740354, 0.9998685369108676, 979.5059232525709, 0.0, 0.0, 0.0
-37.5, 27.5, 249.2983386736417, 0.9998682791389102, 979.9219509534712, 0.0, 0.0, 0.0
-37.5, 28.5, 249.21351346414224, 0.9998680203494185, 992.43691974805, 0.0, 0.0, 0.0
-37.5, 29.5, 249.12565255165958, 0.9998677605421541, 986.8274609742488, 0.0, 0.0, 0.0
-37.5, 30.5, 249.03475357510732, 0.9998674997168783, 978.0914566288882, 0.0, 0.0, 0.0
-37.5, 31.5, 248.94081408924455, 0.9998672378733507, 991.7977312267768, 0.6976907718949164, 0.0007034607460050619, 0.0
-37.5, 32.5, 248.8438315643502, 0.9998669750113305, 981.9538262967715, 0.0, 0.0, 0.0
-37.5, 33.5, 248.74380338588583, 0.9998667111305756, 970.5661423712382, 0.5266462058016667, 0.0005426175330153092, 0.0
-37.5, 34.5, 248.64072685414615, 0.9998664462308428, 971.4838299648644, 0.0, 0.0, 0.0
-37.5, 35.5, 248.53459918389788, 0.9998661803118883, 994.1845133611815, 0.0, 0.0, 0.0
-37.5, 36.5, 248.42541750400613, 0.9998659133734673, 987.4668030695759, 0.0, 0.0, 0.0
-37.5, 37.5, 248.3131788570488, 0.9998656454153338, 999.8623269689247, 0.0, 0.0, 0.0
-37.5, 38.5, 248.19788019891828, 0.9998653764372409, 990.2368459037416, 0.7301743138955975, 0.0007373734040659763, 0.0
-37.5, 39.5, 248.07951839841087, 0.9998651064389409, 996.0135991930041, 0.0, 0.0, 0.0
-37.5, 40.5, 247.9580902368035, 0.9998648354201849, 990.3892911032062, 0.6807529092181502, 0.0006873589156642148, 0.0
-37.5, 41.5, 247.82725998591758, 0.9998645633807232, 1088.1168949705088, 0.0, 0.0, 0.0
-37.5, 42.5, 247.69309527412813, 0.9998642903203048, 986.2278780373268, 0.0, 0.0, 0.0
-37.5, 43.5, 247.56213998533553, 0.9998640162386783, 980.0735779040381, 0.0, 0.0, 0.0
-37.5, 44.5, 247.42810421417857, 0.9998637411355908, 971.5371449767798, 0.9930545487029108, 0.0010221477931516918, 0.0
-37.5, 45.5, 247.31181464502654, 0.9998634650107889, 699.5300423117745, 166.97110747177967, 0.23869040265945016, 0.0
-36.5, -44.5, 247.55422129419338, 0.9998631878640177, 799.8689223867173, 0.0, 0.0, 0.0
-36.5, -43.5, 247.67462835687923, 0.9998629096950217, 974.7862883994526, 0.0, 0.0, 0.0
-36.5, -42.5, 247.80554002481063, 0.9998626305035443, 985.0677801020446, 0.0, 0.0, 0.0
-36.5, -41.5, 247.93966008094864, 0.9998623502893279, 1083.1727276472957, 0.9731196790839574, 0.0008983975078449593, 0.0
-36.5, -40.5, 248.07044681860384, 0.9998620690521139, 983.2657831806649, 0.8300477910054839, 0.0008441743882518193, 0.0
-36.5, -39.5, 248.19183462350796, 0.9998617867916431, 978.5161493430843, 0.0, 0.0, 0.0
-36.5, -38.5, 248.310157113457, 0.9998615035076546, 997.2467716058306, 0.9729601298284193, 0.0009756463069433623, 0.0
-36.5, -37.5, 248.42541750400625, 0.9998612191998871, 995.0400085938744, 0.0, 0.0, 0.0
-36.5, -36.5, 248.53761892328134, 0.9998609338680783, 972.546157514688, 0.0, 0.0, 0.0
-36.5, -35.5, 248.64676441240027, 0.9998606475119645, 985.7735471676754, 0.0, 0.0, 0.0
-36.5, -34.5, 248.75285692588383, 0.9998603601312814, 983.5996815162841, 0.0, 0.0, 0.0
-36.5, -33.5, 248.855899332053, 0.9998600717257637, 989.2392617212413, 0.9178790417701803, 0.000927863538466016, 0.0
-36.5, -32.5, 248.95589441341403, 0.9998597822951449, 984.8853319761593, 0.998129841677269, 0.0010134477682539294, 0.0
-36.5, -31.5, 249.05284486703124, 0.9998594918391578, 976.319652077638, 0.0, 0.0, 0.0
-36.5, -30.5, 249.1467533048879, 0.9998592003575338, 973.1416666790541, 0.0, 0.0, 0.0
-36.5, -29.5, 249.23762225423496, 0.9998589078500038, 985.3762728689317, 0.0, 0.0, 0.0
-36.5, -28.5, 249.3254541579277, 0.9998586143162974, 965.0260066485934, 0.7614901949620062, 0.0007890877444915295, 0.0
-36.5, -27.5, 249.4102513747509, 0.9998583197561434, 978.8430367643416, 3.217110491484835, 0.0032866459387802345, 0.0
-36.5, -26.5, 249.49201617973205, 0.9998580241692693, 989.4189379610001, 218.91861879623949, 0.22125978227927207, 0.0
-36.5, -25.5, 249.570750764443, 0.9998577275554021, 976.0334869465008, 488.0921095127235, 0.5000772166534049, 0.0
-36.5, -24.5, 249.64645723729024, 0.9998574299142674, 987.7873366920003, 503.3070722746334, 0.5095297880211319, 0.0, (-913.7331138357146, 605.0943731623393, 3490.0), (-45.0, 29.800000000001063, 263.34683702374053)
-36.5, -23.5, 249.71913762379347, 0.9998571312455901, 996.7507330963051, 538.6873057853563, 0.5404433504773845, 0.0
-36.5, -22.5, 249.78879386685315, 0.9998568315490938, 999.9101387626916, 536.9517320171914, 0.5369999875005027, 0.0
-36.5, -21.5, 249.8586537937523, 0.9998565308245013, 1099.9033684383016, 623.9451841728495, 0.5672727278385904, 0.0
-36.5, -20.5, 249.92523656651719, 0.9998562290715346, 994.3253522683248, 540.1589579722383, 0.5432416630431778, 0.0
-36.5, -19.5, 249.985529423599, 0.9998559262899144, 984.7655002826685, 497.6790794956863, 0.5053782645237184, 0.0
-36.5, -18.5, 250.0428052446053, 0.9998556224793604, 989.1544105097375, 509.4995309693644, 0.5150859416446475, 0.0
-36.5, -17.5, 250.0970655548256, 0.9998553176395916, 983.6058545828378, 505.80173503837625, 0.5142321313783705, 0.0, (3485.325174866932, -3489.9999999999995, -213.34000295136195), (-45.0, 30.500000000001073, 263.28526082157464)
-36.5, -16.5, 250.14831179832004, 0.9998550117703258, 995.1579629862389, 529.100119259611, 0.5316745069013002, 0.0
-36.5, -15.5, 250.1965453381083, 0.9998547048712797, 982.6708297087897, 527.7031026345769, 0.537009023449856, 0.0
-36.5, -14.5, 250.24176745634801, 0.9998543969421694, 974.3730473956305, 502.33617477876516, 0.5155481015422614, 0.0
-36.5, -13.5, 250.28397935450204, 0.6520880847962232, 990.0858109225823, 507.2274670270541, 0.5123065712399304, 0.0, (-2861.2421777112113, -3490.0, -3173.9684756784823), (-2660.5088405924143, -3239.040756418198, -3490.0)
-36.5, -12.5, 250.32318215349542, 0.6606807410292681, 990.2474571984234, 542.4435892568757, 0.5477858946404567, 0.0, (-3500.0, 4.90384705586772, 3158.0433991351815)
-36.5, -11.5, 250.3593768938615, 0.9998534669715957, 994.1340904140317, 522.887499373378, 0.5259728083116118, 0.0
-36.5, -10.5, 250.39256453587743, 0.9998531549193667, 973.4127103168884, 496.6258434479598, 0.51019042404561, 0.0
-36.5, -9.5, 250.4227459596894, 0.9998528418356375, 990.7241914217066, 514.7236486000384, 0.5195428284247313, 0.0
-36.5, -8.5, 250.44992196542694, 0.9998525277201182, 960.7583122138091, 582.5159931563051, 0.6063085645484072, 0.0
-36.5, -7.5, 250.47409327330718, 0.9998522125725178, 995.6440226194245, 651.8118937293955, 0.654663593534719, 0.0
-36.5, -6.5, 250.4952605237284, 0.9998518963925439, 963.37351524503, 682.18754237632, 0.7081236214001674, 0.0
-36.5, -5.5, 250.51342427735312, 0.9998515791799036, 968.7771899045597, 732.7596672914142, 0.7563758467141479, 0.0
-36.5, -4.5, 250.52858501518102, 0.9998512609343028, 996.5354662129063, 844.2611098336539, 0.8471962498656124, 0.0, (-915.1971910407254, 646.7393483354681, 3490.0000000000005), (-45.0, 31.80000000000109, 263.16708113175736)
-36.5, -3.5, 250.54074313861148, 0.9998509416554461, 963.4601185173472, 843.827638371809, 0.8758303765290891, 0.0
-36.5, -2.5, 250.54989896949536, 0.9998506213430377, 975.8891432957354, 898.8252490646839, 0.9210321225925373, 0.0
-36.5, -1.5, 250.55605275017712, 0.9998502999967802, 971.4614345034206, 884.8807153853969, 0.910875804182303, 0.0
-36.5, -0.5, 250.559204643526, 0.9998499776163757, 983.708575446941, 878.0652942516926, 0.892607136064408, 0.0
-36.5, 0.5, 250.55925717478732, 0.9998496542015252, 1082.0453683575254, 982.089250950295, 0.9076229885268514, 0.0
-36.5, 1.5, 250.55605275017712, 0.9998493297519281, 990.9604950089793, 896.8640536441361, 0.9050452143765928, 0.0
-36.5, 2.5, 250.54989896949533, 0.9998490042672836, 989.0461682318669, 906.3183410088221, 0.9163559499240176, 0.0
-36.5, 3.5, 250.54074313861145, 0.9998486777472896, 979.985063950336, 842.7650713246464, 0.8599774652967123, 0.0
-36.5, 4.5, 250.52858501518102, 0.9998483501916428, 975.6603808958112, 814.3640945847076, 0.834679885061021, 0.0
-36.5, 5.5, 250.51342427735307, 0.005666274457664861, 991.6903586278899, 786.634628102108, 0.7932260521222587, 0.0, (-3500.0, -22.83009883936754, 90.33847543473564)
-36.5, 6.5, 250.49526052372835, 0.9998476919721734, 978.7975442540122, 698.0789609105365, 0.713200564313405, 0.0
-36.5, 7.5, 250.47409327330715, 0.9998473613077393, 994.95719045022, 644.9766539762276, 0.6482456332461646, 0.0
-36.5, 8.5, 250.4499219654269, 0.9998470296064299, 981.1658311655417, 560.8704787196071, 0.5716367823911486, 0.0
-36.5, 9.5, 250.42274595968934, 0.9998466968679369, 974.6894406968225, 485.20801890074074, 0.49780781307516475, 0.0
-36.5, 10.5, 250.3925645358774, 0.9998463630919512, 978.0803818324141, 496.4146688759916, 0.5075397463202038, 0.0
-36.5, 11.5, 250.35937689386145, 0.9998460282781624, 989.9178258487143, 530.7817235248906, 0.5361876608998535, 0.0
-36.5, 12.5, 250.3231821534954, 0.9998456924262594, 997.593739339298, 529.7946158380709, 0.5310725147382656, 0.0
-36.5, 13.5, 250.283979354502, 0.9998453555359299, 977.3725486124243, 494.60499621503953, 0.5060557480535239, 0.0
-36.5, 14.5, 250.24176745634796, 0.9998450176068607, 986.8947146391833, 526.8446652640212, 0.5338408013023352, 0.0
-36.5, 15.5, 250.19654533810822, 0.9998446786387377, 988.6204963569212, 545.1448160232303, 0.5514196984910749, 0.0
-36.5, 16.5, 250.14831179831995, 0.9998443386312453, 987.1841067702478, 540.222895168324, 0.5472362160851246, 0.0
-36.5, 17.5, 250.09706555482552, 0.9998439975840674, 975.7553870052616, 517.7801444790739, 0.5306454377548642, 0.0
-36.5, 18.5, 250.04280524460523, 0.9998436554968867, 983.9088640627301, 525.9943873315353, 0.5345966547751317, 0.0
-36.5, 19.5, 249.98552942359893, 0.9998433123693848, 987.1744801100645, 517.2259032630817, 0.5239457802894316, 0.0
-36.5, 20.5, 249.92523656651713, 0.9998429682012424, 982.3821749262542, 545.283420616602, 0.555062413115889, 0.0
-36.5, 21.5, 249.85865379375218, 0.9998426229921392, 1070.7555460023623, 560.9824154955966, 0.5239126872515484, 0.0
-36.5, 22.5, 249.78879386685304, 0.9998422767417536, 989.3267644366649, 500.64834126615955, 0.5060495270753491, 0.0
-36.5, 23.5, 249.71913762379336, 0.9998419294497636, 986.187870035479, 511.19476110080166, 0.5183543385931232, 0.0, (-917.418098686272, 705.3925825454676, 3490.0000000000005), (-45.0, 34.60000000000113, 262.8956344476703)
-36.5, 24.5, 249.64645723729012, 0.9998415811158453, 996.6850970691022, 514.6630503921858, 0.5163747826727093, 0.0
-36.5, 25.5, 249.5707507644429, 0.9998412317396747, 986.1871226933084, 509.1294359167023, 0.5162604785654203, 0.0
-36.5, 26.5, 249.50748458915348, 0.999840881320926, 962.5263526252139, 212.20098871854046, 0.22046252358678717, 0.0
-36.5, 27.5, 249.4102513747508, 0.9998405298592727, 991.9925081319079, 1.9997977194280248, 0.0020159403453499734, 0.0
-36.5, 28.5, 249.3254541579276, 0.9998401773543877, 984.0435642511501, 0.0, 0.0, 0.0
-36.5, 29.5, 249.23762225423485, 0.999839823805942, 975.0383999081075, 0.0, 0.0, 0.0
-36.5, 30.5, 249.1467533048878, 0.9998394692136063, 973.0025044797766, 0.0, 0.0, 0.0
-36.5, 31.5, 249.05284486703113, 0.9998391135770499, 983.2368344371496, 0.0, 0.0, 0.0
-36.5, 32.5, 248.95589441341392, 0.9998387568959413, 989.9689282231802, 0.0, 0.0, 0.0
-36.5, 33.5, 248.8558993320529, 0.9998383991699477, 969.4251949428887, 0.0, 0.0, 0.0
-36.5, 34.5, 248.75285692588372, 0.9998380403987355, 999.8758390312063, 0.0, 0.0, 0.0
-36.5, 35.5, 248.6467644124001, 0.99983768058197, 962.4989613419643, 1.9098571046442985, 0.0019842692629833906, 0.0
-36.5, 36.5, 248.5376189232812, 0.5226056155556313, 984.9499142423341, 0.0, 0.0, 0.0, (20.384474470757322, 201.4166029583261, 183.7046143198934), (20.384474470757322, 201.4166029583261, 183.7046143198934)
-36.5, 37.5, 248.42541750400613, 0.9998369578104351, 991.9453459249426, 0.0, 0.0, 0.0
-36.5, 38.5, 248.31015711345685, 0.9998365948549912, 979.9972846025797, 0.0, 0.0, 0.0
-36.5, 39.5, 248.19183462350782, 0.999836230852645, 975.0868008239551, 0.0, 0.0, 0.0
-36.5, 40.5, 248.0704468186037, 0.9998358658030563, 991.300037471302, 0.0, 0.0, 0.0
-36.5, 41.5, 247.9396600809485, 0.9998354997058845, 1097.3721577469144, 0.0, 0.0, 0.0, (-918.9528048040663, 743.3307132193129, 3490.0000000000005), (-45.0, 36.40000000000116, 262.7089191541938)
-36.5, 42.5, 247.80554002481043, 0.9998351325607876, 985.8628236416655, 0.0, 0.0, 0.0
-36.5, 43.5, 247.67462835687908, 0.9998347643674227, 988.4385922247826, 0.0, 0.0, 0.0, (-919.1285520818874, 747.5578890266255, 3490.0), (-45.0, 36.60000000000116, 262.6875821263794)
-36.5, 44.5, 247.54063726666647, 0.908667440261201, 992.8763074536669, 0.0, 0.0, 0.0, (32.473243371700136, 37.739489044415585, 248.81566932647988), (32.473243371700136, 37.739489044415585, 248.81566932647988)
-36.5, 45.5, 247.42438648984924, 0.4610926433696047, 677.5523837996914, 21.99624447118116, 0.032464271393787957, 0.0, (-3500.0, -860.4033654535338, -1749.3256694827521)
-35.5, -44.5, 247.6636847731126, 0.9998336534942742, 777.5960269817018, 0.0, 0.0, 0.0
-35.5, -43.5, 247.78405280516748, 0.9998332811043866, 989.9784141044497, 0.0, 0.0, 0.0
-35.5, -42.5, 247.91492206738704, 0.9998329076645005, 991.2887816880334, 0.0, 0.0, 0.0
-35.5, -41.5, 248.04899871181806, 0.9998325331742667, 1088.5808072172294, 0.6416940346080297, 0.0005894776302812197, 0.0
-35.5, -40.5, 248.1797431483334, 0.9998321576333351, 993.0828395300305, 0.0, 0.0, 0.0
-35.5, -39.5, 248.30109172067097, 0.9998317810413542, 990.1699210156851, 0.0, 0.0, 0.0
-35.5, -38.5, 248.4193759950332, 0.9998314033979718, 982.9459081343955, 0.0, 0.0, 0.0
-35.5, -37.5, 248.53459918389802, 0.9998310247028346, 968.5588011347261, 0.0, 0.0, 0.0
-35.5, -36.5, 248.64676441240027, 0.8958002198924038, 979.4382168493191, 0.0, 0.0, 0.0, (-1574.6566265715705, -669.4424856120534, 3500.0)
-35.5, -35.5, 248.7558747187537, 0.9998302641558767, 983.7883474931351, 0.0, 0.0, 0.0
-35.5, -34.5, 248.86193305466034, 0.9998298823033442, 991.454107632673, 0.0, 0.0, 0.0
-35.5, -33.5, 248.96494228570725, 0.9998294993976328, 988.4355411718539, 0.5703059259732278, 0.0005769783685611846, 0.0
-35.5, -32.5, 249.06490519175128, 0.999829115438384, 999.8861154731086, 0.0, 0.0, 0.0
-35.5, -31.5, 249.16182446729107, 0.9998287304252381, 997.1498991305587, 0.0, 0.0, 0.0
-35.5, -30.5, 249.2674102040525, 0.9998283443578345, 984.8044480153153, 0.8358133066801186, 0.0008487099224262646, 0.0
-35.5, -29.5, 249.34654248021124, 0.9998279572358113, 977.92497732793, 0.9998972161520319, 0.0010224682254094159, 0.0
-35.5, -28.5, 249.4343461829803, 0.9998275690588059, 988.5175301997132, 24.99751862017929, 0.025287886007574357, 0.0
-35.5, -27.5, 249.51911618668316, 0.9998271798264541, 986.2779175790454, 336.80830854313405, 0.34149432177278827, 0.0
-35.5, -26.5, 249.6008547641923, 0.9998267895383913, 987.2499215776832, 525.3720441850014, 0.5321570888001957, 0.0
-35.5, -25.5, 249.6795641050053, 0.9998263981942515, 981.3151696049083, 517.6009677849778, 0.5274564011818664, 0.0
-35.5, -24.5, 249.75524631553444, 0.9998260057936675, 982.3786969781846, 504.6843530414737, 0.5137370696187654, 0.0
-35.5, -23.5, 249.82790341938508, 0.9998256123362714, 982.5242570328663, 501.738864247795, 0.5106630809940516, 0.0
-35.5, -22.5, 249.8975373576226, 0.999825217821694, 995.0186344989094, 493.0248284039253, 0.4954930604412371, 0.0
-35.5, -21.5, 249.96737492345326, 0.9998248222495651, 1094.304957316974, 574.7104145422547, 0.5251830494776653, 0.0
-35.5, -20.5, 250.0339363922824, 0.9998244256195135, 988.5518107358063, 513.1693823791628, 0.5191122779869238, 0.0
-35.5, -19.5, 250.09420996500558, 0.9998240279311668, 946.6939001351799, 485.3996427179909, 0.5127313513361393, 0.0
-35.5, -18.5, 250.15146747278143, 0.9998236291841517, 990.4798044305285, 526.1605795509842, 0.5312178776360792, 0.0
-35.5, -17.5, 250.2057104394633, 0.9998232293780938, 980.9008849637313, 530.7474914066954, 0.541081672514058, 0.0
-35.5, -16.5, 250.25694030775227, 0.9998228285126174, 995.3426885535881, 519.9339345211188, 0.5223667592080032, 0.0
-35.5, -15.5, 250.30515843938593, 0.9998224265873462, 995.4417386904265, 509.71996889144236, 0.5120540450333284, 0.0
-35.5, -14.5, 250.3503661153164, 0.9998220236019025, 991.571335495573, 504.7850128294995, 0.509075842311653, 0.0
-35.5, -13.5, 250.39256453587743, 0.9998216195559075, 991.703922585742, 539.3482692712129, 0.5438601753887701, 0.0
-35.5, -12.5, 250.43175482094102, 0.9998212144489816, 985.2206792037193, 525.0171441645854, 0.5328929398730422, 0.0
-35.5, -11.5, 250.46793801006334, 0.999820808280744, 977.7529298955945, 593.0291663923587, 0.6065225153103687, 0.0
-35.5, -10.5, 250.50111506262016, 0.9998204010508127, 990.7515123452566, 716.3414849428394, 0.7230284042132343, 0.0
-35.5, -9.5, 250.53128685793163, 0.9998199927588047, 980.6989962522704, 808.4321899775633, 0.8243428341080978, 0.0
-35.5, -8.5, 250.57059941302867, 0.41417416088664594, 981.2066700349235, 860.2677249716828, 0.8767446769813171, 0.0, (-3500.0, -1412.7699676479122, -1601.245940863069)
-35.5, -7.5, 250.58261779449697, 0.9998191729870217, 989.0968276907922, 873.2035843525495, 0.8828292234959296, 0.0
-35.5, -6.5, 250.6037782950902, 0.8344381250421073, 987.0470621308424, 840.4208113023884, 0.8514495848739811, 0.0, (-2251.195786252755, -361.51386638306724, 3500.0)
-35.5, -5.5, 250.6219362572933, 0.99981834896231, 989.1300674158298, 827.3239198349737, 0.8364157021294624, 0.0
-35.5, -4.5, 250.63709216165512, 0.9998179353541371, 992.0118444154434, 850.9515852941031, 0.8578038559565163, 0.0
-35.5, -3.5, 250.6492464091988, 0.9998175206815673, 992.9500495843728, 833.6586258651133, 0.8395776063600224, 0.0
-35.5, -2.5, 250.65839932147372, 0.9998171049442103, 983.3320954725068, 788.038798353241, 0.8013963969868956, 0.0
-35.5, -1.5, 250.6645511405972, 0.9998166881416743, 979.901919719681, 812.6662640581483, 0.8293342912223567, 0.0
-35.5, -0.5, 250.66770202928586, 0.023131410703845032, 972.1498737469946, 795.1526758698681, 0.8179321906457495, 0.0, (-2453.0308022356858, 3500.0, 206.61751800656208), (-2453.0308022356858, 3500.0, 206.61751800656208)
-35.5, 0.5, 250.66775454380314, 0.9998158513394944, 1091.7994371040807, 901.9449761454349, 0.8261086656517967, 0.0
-35.5, 1.5, 250.6645511405972, 0.9998154313390618, 977.6785192252147, 824.9743785158537, 0.843809455044205, 0.0
-35.5, 2.5, 250.65839932147372, 0.9999887978870847, 977.8694796776714, 793.180443796562, 0.8111311992864455, 0.0
-35.5, 3.5, 250.6492464091988, 0.9998145881375325, 979.5169284787647, 797.0330872047424, 0.8137001658997071, 0.0
-35.5, 4.5, 250.63709216165512, 0.9998141649356408, 994.0740081998334, 835.834316714082, 0.840816991310026, 0.0
-35.5, 5.5, 250.62193625729327, 0.9998137406657992, 970.9151652908866, 824.8848123120671, 0.8495951467242056, 0.0
-35.5, 6.5, 250.60377829509017, 0.9998133153276075, 979.9667378295302, 833.8515042086141, 0.8508977621581952, 0.0
-35.5, 7.5, 250.58261779449694, 0.9998128889206647, 991.027939155598, 846.9401154445055, 0.8546077077969547, 0.0
-35.5, 8.5, 250.5584541953767, 0.9998124614445681, 979.4043613447241, 871.484436274944, 0.889810654996874, 0.0
-35.5, 9.5, 250.5312868579316, 0.34800798209120615, 973.5447204115421, 790.4602469204477, 0.8119403560488727, 0.0, (1401.4062938417646, 3500.0, 1501.9301575256322)
-35.5, 10.5, 250.50111506262013, 0.9998116032832993, 979.0391902995697, 711.0195034041001, 0.7262421264122634, 0.0
-35.5, 11.5, 250.4679380100633, 0.9998111725973169, 990.6059582818102, 589.0397778713083, 0.5946257166603238, 0.0
-35.5, 12.5, 250.43175482094094, 0.9998107408405605, 986.7368906194929, 531.0751816110229, 0.5382135670204885, 0.0
-35.5, 13.5, 250.3925645358774, 0.9998103080126225, 995.8047305703315, 569.3097792680779, 0.571708249409515, 0.0
-35.5, 14.5, 250.35036611531635, 0.9998098741130939, 952.267956022715, 502.195707065767, 0.5273680626231089, 0.0
-35.5, 15.5, 250.30515843938588, 0.9998094391415646, 999.9267358000329, 557.9591118613359, 0.5579999932844255, 0.0
-35.5, 16.5, 250.2569403077522, 0.9998090030976238, 994.4352203030862, 518.316204024402, 0.521216659911169, 0.0
-35.5, 17.5, 250.20571043946322, 0.9998085659808591, 984.9617581704281, 534.0339217508348, 0.5421874680117589, 0.0
-35.5, 18.5, 250.15146747278138, 0.9998081277908573, 980.6670275413155, 541.0628018963223, 0.5517293706232285, 0.0
-35.5, 19.5, 250.0942099650055, 0.999807688527204, 987.8420977185181, 525.1263538537692, 0.5315893654123273, 0.0
-35.5, 20.5, 250.03393639228233, 0.999807248189484, 996.8996720979742, 527.353005326974, 0.5289930572623824, 0.0, (-925.7392079307658, 892.8240360932532, 3489.9999999999995), (-45.0, 43.400000000001256, 261.8916078715205)
-35.5, 21.5, 249.96737492345318, 0.9998068067772804, 1075.0850053396323, 559.726405655569, 0.5206345571518269, 0.0
-35.5, 22.5, 249.8975373576225, 0.9998063642901758, 982.3488111846038, 548.3052521112324, 0.5581573936553524, 0.0
-35.5, 23.5, 249.82790341938497, 0.9998059207277512, 978.6030357310392, 523.9977757236908, 0.5354548847605528, 0.0
-35.5, 24.5, 249.75524631553432, 0.1888868008125561, 969.8817974646066, 496.4419329335184, 0.5118581813075369, 0.0, (-3500.0, 0.9689103171262128, -557.2785186172691); (-926.1672479794546, 901.4694547000286, 3490.0), (-45.0, 43.80000000000126, 261.840508541245)
-35.5, 25.5, 249.6795641050052, 0.9998050303752621, 987.7012967129654, 496.0826264195412, 0.5022597703075682, 0.15491933384829668
-35.5, 26.5, 249.60085476419223, 0.9998045835843544, 988.7585577742548, 513.916180394114, 0.5197590214045431, 0.15491933384829668
-35.5, 27.5, 249.51911618668305, 0.9998041357164409, 989.1006007556707, 335.0257645993544, 0.3387175827649841, 0.14491376746189438
-35.5, 28.5, 249.4343461829802, 0.9998036867710972, 988.9905609650725, 28.997120919881556, 0.02931991675591495, 0.14491376746189438
-35.5, 29.5, 249.34654248021113, 0.999803236747898, 988.0376562999143, 0.0, 0.0, 0.15811388300841897
-35.5, 30.5, 249.25570272182725, 0.9998027856464167, 981.0196088902067, 0.0, 0.0, 0.15491933384829668
-35.5, 31.5, 249.16182446729093, 0.9998023334662257, 990.4363912824286, 0.0, 0.0, 0.14491376746189438
-35.5, 32.5, 249.06490519175117, 0.9998018802068965, 978.8791253081872, 0.0, 0.0, 0.15491933384829668
-35.5, 33.5, 248.96494228570714, 0.9998014258679991, 972.2790179807672, 0.0, 0.0, 0.15811388300841897
-35.5, 34.5, 248.8619330546602, 0.4403310760077339, 996.0000838862666, 0.0, 0.0, 0.15491933384829668, (3297.4262380168125, -3490.0, 2608.553027409497), (3490.0, -3307.3853081592642, 2497.3703862563334)
-35.5, 35.5, 248.75587471875355, 0.999800513949775, 970.2975571617194, 0.0, 0.0, 0.15491933384829668
-35.5, 36.5, 248.6467644124001, 0.9998000563695831, 972.1212847897083, 0.0, 0.0, 0.15811388300841897
-35.5, 37.5, 248.53459918389788, 0.9997995977080927, 974.4187909975776, 0.7212924613340055, 0.000740228398710959, 0.15811388300841897
-35.5, 38.5, 248.42554521860157, 0.9997991379648683, 961.0460381654793, 0.0, 0.0, 0.14491376746189438
-35.5, 39.5, 248.3010917206708, 0.9997986771394736, 988.0385756443684, 0.0, 0.0, 0.15811388300841897
-35.5, 40.5, 248.17974314833322, 0.9997982152314707, 995.009243880858, 0.0, 0.0, 0.12649110640673517
-35.5, 41.5, 248.04899871181792, 0.9997977522404211, 1094.3585848194145, 0.0, 0.0, 0.15491933384829668
-35.5, 42.5, 247.9149220673869, 0.9997972881658849, 961.42839777233, 0.0, 0.0, 0.15811388300841897
-35.5, 43.5, 247.7840528051673, 0.999796823007421, 978.7028734873081, 0.0, 0.0, 0.15811388300841897
-35.5, 44.5, 247.65010515118766, 0.9997963567645874, 958.8149617104106, 0.9363159144640558, 0.000976534526321722, 0.15491933384829668
-35.5, 45.5, 247.53389208601251, 0.9997958894369409, 671.5696511206379, 0.0, 0.0, 0.15811388300841897
-34.5, -44.5, 247.77008619039128, 0.999800513949775, 799.8746600960259, 0.0, 0.0, 0.15811388300841897
-34.5, -43.5, 247.89041630713294, 0.9998009714668682, 991.9475258867225, 0.9575301875930612, 0.0009653032671633564, 0.15811388300841897
-34.5, -42.5, 248.0212443753762, 0.9998014279032506, 984.519327391594, 0.0, 0.0, 0.15491933384829668
-34.5, -41.5, 248.15527884855214, 0.999801883259355, 1072.5208079625338, 0.0, 0.0, 0.15491933384829668
-34.5, -40.5, 248.28598219261795, 0.9998023375356138, 981.6559146028382, 0.0, 0.0, 0.15491933384829668
-34.5, -39.5, 248.40729265337416, 0.9998027907324575, 981.4911849620595, 0.9888188994553644, 0.0010074658994452285, 0.14491376746189438
-34.5, -38.5, 248.52553980405358, 0.9998032428503159, 977.5312255139503, 0.0, 0.0, 0.15491933384829668
-34.5, -37.5, 248.6407268541463, 0.9998036938896177, 999.8696585987569, 0.0, 0.0, 0.14491376746189438
-34.5, -36.5, 248.75285692588383, 0.9998041438507903, 988.8262492683235, 0.0, 0.0, 0.15811388300841897
-34.5, -35.5, 248.86193305466028, 0.9998045927342601, 981.3797664348082, 0.0, 0.0, 0.15811388300841897
-34.5, -34.5, 248.96795818944116, 0.9998050405404526, 986.6676314379719, 0.0, 0.0, 0.15491933384829668
-34.5, -33.5, 249.07093519315941, 0.9998054872697917, 975.1134801331232, 0.0, 0.0, 0.14491376746189438
-34.5, -32.5, 249.17086684309965, 0.9998059329227006, 989.0995576570015, 0.0, 0.0, 0.0
-34.5, -31.5, 249.2677558312696, 0.9998063774996013, 993.6635454246323, 0.0, 0.0, 0.0
-34.5, -30.5, 249.36160476476002, 0.9998068210009147, 969.4948625299205, 0.0, 0.0, 0.0
-34.5, -29.5, 249.45241616609198, 0.9998072634270604, 966.4987214733753, 58.488442890564144, 0.0605157995464305, 0.0
-34.5, -28.5, 249.54019247355296, 0.9998077047784573, 992.2036201157907, 407.4161802173644, 0.41061751031488747, 0.0
-34.5, -27.5, 249.62493604152075, 0.9998081450555227, 978.3103548823942, 504.49089074627483, 0.5156757139782306, 0.0
-34.5, -26.5, 249.70664914077554, 0.9998085842586732, 982.6302144722983, 506.04155930795224, 0.5149867690357065, 0.0
-34.5, -25.5, 249.7853339588011, 0.9998090223883244, 978.7656577733044, 502.7141113182473, 0.5136205048938107, 0.0
-34.5, -24.5, 249.8609926000737, 0.9998094594448902, 990.3758886125873, 534.1597581374285, 0.5393505276928039, 0.0
-34.5, -23.5, 249.9336270863401, 0.999809895428784, 979.6183353846255, 493.94145195983884, 0.5042182594162079, 0.0
-34.5, -22.5, 250.0032393568842, 0.9998103303404177, 981.0291695250659, 487.75622356553527, 0.497188298490316, 0.0
-34.5, -21.5, 250.0730552003739, 0.9998107641802023, 1085.2390096903318, 563.4413262249561, 0.5191863923005603, 0.0
-34.5, -20.5, 250.1395959737913, 0.999811196948548, 976.8686711698805, 536.730245673845, 0.5494395116910306, 0.0
-34.5, -19.5, 250.19985081298665, 0.9998116286458633, 995.2950991917049, 512.1093538623612, 0.5145301672622054, 0.0
-34.5, -18.5, 250.2570905306186, 0.999812059272556, 985.0382507229639, 534.9224326279333, 0.5430473712420097, 0.0
-34.5, -17.5, 250.31131664914608, 0.9998124888290327, 984.4660287862789, 538.413672602751, 0.5469093466501291, 0.0
-34.5, -16.5, 250.36253060995074, 0.999812917315699, 985.1017415074945, 506.0700110575088, 0.5137235980144277, 0.0
-34.5, -15.5, 250.41073377352552, 0.9998133447329591, 978.4556922680395, 499.2412958239555, 0.5102339326850098, 0.0
-34.5, -14.5, 250.4559274196521, 0.9998137710812167, 989.5027747865746, 556.0518444664907, 0.5619507682395588, 0.0
-34.5, -13.5, 250.49811274756806, 0.999814196360874, 990.4949559991907, 713.3623800809047, 0.7202079887032636, 0.0
-34.5, -12.5, 250.53729087612294, 0.999814620572332, 988.5501417038356, 803.2023805381403, 0.8125054528379962, 0.0
-34.5, -11.5, 250.57346284392435, 0.9998150437159908, 983.2163640046706, 822.64772811495, 0.8366904358307061, 0.0
-34.5, -10.5, 250.60662960947292, 0.9998154657922496, 995.3307621526383, 814.4042888683892, 0.8182247749552594, 0.0
-34.5, -9.5, 250.6367920512868, 0.9998158868015061, 977.4272982734759, 789.5771793848497, 0.8078116712921319, 0.0
-34.5, -8.5, 250.66395096801622, 0.9998163067441574, 988.2857641944022, 767.7140636871184, 0.7768138442355464, 0.0
-34.5, -7.5, 250.68810707854692, 0.9998167256205992, 977.7393388193034, 769.0070486067233, 0.7865154014722977, 0.0
-34.5, -6.5, 250.70926102209376, 0.9998171434312261, 986.4478970481226, 781.5080464381041, 0.7922446271888389, 0.0
-34.5, -5.5, 250.7274133582832, 0.9998175601764318, 977.7424385687601, 772.9818482278891, 0.7905781908775446, 0.0
-34.5, -4.5, 250.7425645672265, 0.9998179758566087, 998.9793773947912, 741.3792262787882, 0.742136667738036, 0.0
-34.5, -3.5, 250.75471504958153, 0.9998183904721484, 995.2613130320705, 779.0516665260405, 0.78276092552282, 0.0
-34.5, -2.5, 250.76386512660486, 0.9998188040234411, 973.4791457523219, 750.8232918241024, 0.7712782498733991, 0.0
-34.5, -1.5, 250.77001504019333, 0.9998192165108764, 995.3167760696057, 758.718142918282, 0.7622881088314163, 0.0
-34.5, -0.5, 250.77316495291547, 0.9998196279348424, 996.4617479359296, 761.2822966830762, 0.7639854698486881, 0.0
-34.5, 0.5, 250.7732174511669, 0.9998200382957261, 1085.1843327630934, 842.6073021468927, 0.7764646767443171, 0.0
-34.5, 1.5, 250.77001504019333, 0.9998204475939136, 988.8824653642969, 772.3375252299924, 0.7810205482260918, 0.0
-34.5, 2.5, 250.76386512660483, 0.9998208558297902, 972.824569862599, 742.2725511281135, 0.7630076111594832, 0.0
-34.5, 3.5, 250.75471504958153, 0.9998212630037397, 984.4886328856587, 749.2270132116968, 0.7610316545917033, 0.0
-34.5, 4.5, 250.7425645672265, 0.9998216691161449, 981.7639673848554, 782.2440821867042, 0.7967740803019931, 0.0
-34.5, 5.5, 250.7274133582832, 0.9998220741673877, 989.5733836629024, 771.7653977718501, 0.7798970854644081, 0.0
-34.5, 6.5, 250.7092610220937, 0.9998224781578486, 969.7412608101845, 757.1007355567566, 0.7807244737882203, 0.0
-34.5, 7.5, 250.68810707854692, 0.9998228810879077, 975.8795432427784, 756.4725201280427, 0.7751699739645512, 0.0
-34.5, 8.5, 250.66395096801617, 0.9998232829579433, 975.4815344899769, 769.8760338809716, 0.7892266605369372, 0.0
-34.5, 9.5, 250.63679205128676, 0.999823683768333, 979.3410773068825, 810.1922700452421, 0.8272830465492294, 0.0
-34.5, 10.5, 250.60662960947283, 0.9998240835194533, 996.2098650346986, 843.9623580597108, 0.8471732590505064, 0.0
-34.5, 11.5, 250.57346284392432, 0.9998244822116796, 985.0673665513084, 825.3397551407559, 0.8378510781757453, 0.0
-34.5, 12.5, 250.5372908761229, 0.9998248798453864, 994.099630592285, 806.2380306987401, 0.8110233681692277, 0.0
-34.5, 13.5, 250.49811274756797, 0.9998252764209468, 978.6869019168211, 656.9392879634818, 0.6712456115197046, 0.0
-34.5, 14.5, 250.45592741965208, 0.999825671938733, 975.0428107009443, 566.2526633234968, 0.5807464627285708, 0.0
-34.5, 15.5, 250.41073377352546, 0.9998260663991163, 979.797713660018, 515.5664542170196, 0.5261968333148377, 0.0
-34.5, 16.5, 250.3625306099507, 0.9998264598024668, 968.8587017057896, 505.3088477154585, 0.5215506108638989, 0.0
-34.5, 17.5, 250.31684435771854, 0.3241904135656341, 993.139705742285, 516.5704833033354, 0.5201387884469328, 0.0, (-918.9758717505679, -794.1261430717584, 3490.0); (-3500.0, -690.715068543666, -1099.3842747118765), (-44.9, -38.79999999999991, 262.4582127245689)
-34.5, 18.5, 250.25709053061854, 0.9998272434395445, 988.7594045448647, 522.3940095514208, 0.5283327846493493, 0.0
-34.5, 19.5, 250.1998508129866, 0.9998276336740066, 991.15095015058, 513.5034868001503, 0.518088073993307, 0.0
-34.5, 20.5, 250.13959597379122, 0.9998280228529058, 979.9102012219731, 533.9498289941902, 0.5448966939300571, 0.0
-34.5, 21.5, 250.07305520037377, 0.999828410976607, 1070.9483344542434, 540.5870769022479, 0.5047741889226913, 0.0
-34.5, 22.5, 250.0032393568841, 0.9998287980454739, 982.4466383356212, 525.2002450679455, 0.5345839912055639, 0.0
-34.5, 23.5, 249.93362708633998, 0.9998291840598691, 990.8910344802598, 498.47590110999784, 0.5030582412842775, 0.0
-34.5, 24.5, 249.87089454098103, 0.9998295690201544, 988.7461281529814, 490.1331392266424, 0.495711816482388, 0.0
-34.5, 25.5, 249.78533395880098, 0.9998299529266904, 993.680315303322, 526.4080355079751, 0.5297559259260243, 0.0
-34.5, 26.5, 249.70664914077545, 0.9998303357798368, 989.9036582392102, 508.58938689746344, 0.5137766515603307, 0.0
-34.5, 27.5, 249.62493604152064, 0.999830717579952, 983.316992397448, 482.10611970675313, 0.49028555738807994, 0.0
-34.5, 28.5, 249.54019247355285, 0.9998310983273935, 985.1757390751042, 429.44901022071326, 0.4359110696573645, 0.0
-34.5, 29.5, 249.45241616609187, 0.9998314780225177, 973.7940892417498, 61.45526122580015, 0.06310909247113282, 0.0
-34.5, 30.5, 249.36160476475987, 0.9999748449674986, 998.5473128618564, 0.9998981594971972, 0.0010013528118477122, 0.0
-34.5, 31.5, 249.26775583126948, 0.9998322342572349, 961.3980254148828, 0.0, 0.0, 0.0
-34.5, 32.5, 249.1708668430995, 0.9998326107975355, 989.0003490836266, 0.0, 0.0, 0.0
-34.5, 33.5, 249.0709351931593, 0.9998329862869341, 993.9781727276826, 0.0, 0.0, 0.0
-34.5, 34.5, 248.96795818944102, 0.9998333607257819, 987.7752839174897, 0.0, 0.0, 0.0
-34.5, 35.5, 248.8619330546602, 0.999833734114429, 978.8381733737435, 0.0, 0.0, 0.0
-34.5, 36.5, 248.7528569258837, 0.9998341064532248, 993.0594045285575, 0.0, 0.0, 0.0
-34.5, 37.5, 248.64072685414615, 0.9998344777425171, 989.5295148434824, 0.0, 0.0, 0.0
-34.5, 38.5, 248.5255398040534, 0.9998348479826531, 996.5737111257079, 0.0, 0.0, 0.0
-34.5, 39.5, 248.40729265337401, 0.42107102461140167, 987.894463747707, 0.0, 0.0, 0.0, (3500.0, -772.7437268684399, 1791.629682292976)
-34.5, 40.5, 248.2859821926178, 0.9998355853168389, 981.003172561908, 0.0, 0.0, 0.0
-34.5, 41.5, 248.155278848552, 0.9998359524115777, 1097.244014345325, 0.0, 0.0, 0.0
-34.5, 42.5, 248.021244375376, 0.9998363184585379, 973.726233048689, 0.9701914741486362, 0.0009963698637460083, 0.0
-34.5, 43.5, 247.89041630713277, 0.9998366834580615, 993.0795645166355, 0.0, 0.0, 0.0
-34.5, 44.5, 247.75651084817426, 0.9998370474104893, 982.0825763161661, 0.0, 0.0, 0.0, (-916.5417594932355, -736.9077398152713, 3490.0), (-44.9, -36.09999999999987, 262.75383947813793)
-34.5, 45.5, 247.64033441698894, 0.9998374103161608, 682.5028249998654, 0.0, 0.0, 0.0
-33.5, -44.5, 247.87342843913612, 0.9998377721754151, 781.6914171125414, 0.0, 0.0, 0.0
-33.5, -43.5, 247.9937217528326, 0.9998381329885898, 987.5564577654662, 0.0, 0.0, 0.0
-33.5, -42.5, 248.1245098355239, 0.9998384927560217, 987.9234371091103, 0.0, 0.0, 0.0
-33.5, -41.5, 248.2585033745098, 0.9998388514780462, 1077.6883206807643, 0.0, 0.0, 0.0
-33.5, -40.5, 248.38916683151857, 0.9998392091549981, 975.8844518489832, 0.0, 0.0, 0.0
-33.5, -39.5, 248.51044029862211, 0.999839565787211, 992.3475289757556, 0.0, 0.0, 0.0
-33.5, -38.5, 248.62865141454733, 0.9998399213750175, 971.0099339785336, 0.0, 0.0, 0.0
-33.5, -37.5, 248.743803385886, 0.9998402759187491, 958.1006035821005, 0.4287455607837273, 0.00044749534566699363, 0.0
-33.5, -36.5, 248.855899332053, 0.9998406294187364, 973.5915026747946, 0.0, 0.0, 0.0
-33.5, -35.5, 248.96494228570725, 0.9998409818753088, 978.2722674721348, 0.0, 0.0, 0.0
-33.5, -34.5, 249.07093519315941, 0.9998413332887948, 987.2124167137923, 0.0, 0.0, 0.0
-33.5, -33.5, 249.1738809147678, 0.9998416836595219, 962.109821881176, 0.0, 0.0, 0.0
-33.5, -32.5, 249.2737822253217, 0.9998420329878164, 992.770497571111, 0.0, 0.0, 0.0
-33.5, -31.5, 249.3706418144125, 0.9998423812740037, 979.5855191749399, 0.0, 0.0, 0.0
-33.5, -30.5, 249.4644622867928, 0.9998427285184083, 964.5448718342991, 98.0406008717698, 0.1016444166929461, 0.0
-33.5, -29.5, 249.55524616272362, 0.9998430747213535, 977.1143313999548, 435.27601558208386, 0.4454709153210809, 0.0
-33.5, -28.5, 249.64299587830948, 0.9998434198831616, 995.4043165983612, 520.1497735303562, 0.5225512536532761, 0.0
-33.5, -27.5, 249.7277137858221, 0.999843764004154, 984.097633634103, 497.8734226566659, 0.5059187276145611, 0.0
-33.5, -26.5, 249.80940215401216, 0.9998441070846509, 996.6440376551338, 523.1615344153705, 0.5249231567634168, 0.0
-33.5, -25.5, 249.88806316840973, 0.9998444491249716, 999.9134788572213, 505.95637368377123, 0.5060001533952891, 0.0
-33.5, -24.5, 249.9636989316129, 0.9998447901254344, 983.5617468220281, 520.8193199097944, 0.5295237656330232, 0.0
-33.5, -23.5, 250.03631146356548, 0.9998451300863566, 995.6895180765272, 496.96673617935534, 0.49911817605491676, 0.0
-33.5, -22.5, 250.10590270182303, 0.9998454690080542, 983.0158592193488, 497.5407851701733, 0.5061370887396363, 0.0
-33.5, -21.5, 250.1777549906182, 0.9998458068908426, 1090.574952811594, 551.2870275741609, 0.5055012735739957, 0.0
-33.5, -20.5, 250.24221814486032, 0.9998461437350359, 974.6143260731889, 495.56090995893686, 0.5084687313756177, 0.0
-33.5, -19.5, 250.30245479987178, 0.9998464795409473, 986.9675643723082, 497.6607026975306, 0.5042320747531688, 0.0
-33.5, -18.5, 250.35967724903472, 0.9998468143088891, 999.9297348273059, 523.9630069628979, 0.5239998259011566, 0.0
-33.5, -17.5, 250.42565073143413, 0.9999914267811497, 988.557172220972, 506.1853062760534, 0.5120445438060166, 0.0
-33.5, -16.5, 250.46508553323557, 0.999847480732107, 965.2435660315031, 567.261604042527, 0.5876875267604871, 0.0
-33.5, -15.5, 250.51327416766057, 0.14234825467735665, 986.8723987782931, 713.5273219543308, 0.7230188247615881, 0.0, (3500.0, -320.20430353772406, 621.9021948834567)
-33.5, -14.5, 250.5584541953767, 0.999848143007167, 985.3763447349843, 805.2999509803815, 0.8172511500638528, 0.0
-33.5, -13.5, 250.600626814558, 0.9998484725899074, 993.9201353741893, 802.589248250483, 0.8074987312218257, 0.0
-33.5, -12.5, 250.6397931430624, 0.9998488011365297, 973.4766723640772, 755.0315918750994, 0.77560316883764, 0.0
-33.5, -11.5, 250.6759542185771, 0.9998491286473393, 999.9388108740361, 780.95218511578, 0.780999973821556, 0.0
-33.5, -10.5, 250.7091109987536, 0.28730836388304076, 972.8255193951959, 731.5112036060656, 0.7519449161457493, 0.0, (-3500.0, -926.3652724319004, 1181.409532329295)
-33.5, -9.5, 250.73926436133232, 0.9998497805627353, 990.8023718999233, 757.3452875202134, 0.7643757312247428, 0.0
-33.5, -8.5, 250.76641510425634, 0.999850104967927, 981.2591885758305, 705.0119876431208, 0.718476826358542, 0.0
-33.5, -7.5, 250.7905639457753, 0.9998504283385161, 976.5716142565059, 730.9373563798058, 0.7484728674366508, 0.0
-33.5, -6.5, 250.81171152453825, 0.9998507506748028, 991.4852060149412, 728.9031015165896, 0.7351628618305429, 0.0
-33.5, -5.5, 250.82985839967694, 0.999851071977086, 974.7665067727202, 741.81408083486, 0.7610172032796607, 0.0
-33.5, -4.5, 250.84500505087775, 0.999851392245664, 996.0775011682543, 740.7366160276042, 0.7436535963906701, 0.0
-33.5, -3.5, 250.8571518784443, 0.9998517114808337, 984.8675568440734, 732.5414317451243, 0.7437968959932976, 0.0
-33.5, -2.5, 250.8662992033491, 0.9998520296828912, 984.6891958197833, 754.1748046869468, 0.7659013705934629, 0.0
-33.5, -1.5, 250.87244726727513, 0.9998523468521315, 992.737632669532, 743.0126895258069, 0.7484481952475203, 0.0
-33.5, -0.5, 250.87559623264727, 0.9998526629888488, 988.3867558548625, 737.0812888195885, 0.7457417700645754, 0.0
-33.5, 0.5, 250.87564871510975, 0.9998529780933361, 1091.6118684955986, 806.7711455602657, 0.7390641022180482, 0.0
-33.5, 1.5, 250.87244726727513, 0.9998532921658854, 986.7324620212574, 742.9982788096057, 0.752988583437928, 0.0
-33.5, 2.5, 250.8662992033491, 0.9998536052067877, 986.4811729000979, 731.1119934737312, 0.7411312182718887, 0.0
-33.5, 3.5, 250.85715187844428, 0.9998539172163331, 973.8069322002854, 717.5215278001697, 0.736821133711744, 0.0
-33.5, 4.5, 250.84500505087775, 0.9998542281948108, 964.2285898619175, 725.9886655219292, 0.7529217378068975, 0.0
-33.5, 5.5, 250.82985839967688, 0.9998545381425088, 980.3663479480656, 730.681351486861, 0.7453145989927109, 0.0
-33.5, 6.5, 250.81171152453825, 0.9998548470597142, 972.6584359461486, 728.0830567190126, 0.7485495728115219, 0.0
-33.5, 7.5, 250.79056394577526, 0.9998551549467128, 984.6353192618824, 721.7889759538647, 0.733052087238698, 0.0
-33.5, 8.5, 250.7664151042563, 0.9998554618037901, 999.8802759884165, 731.9020127642068, 0.7319896495014827, 0.0
-33.5, 9.5, 250.73926436133223, 0.99985576763123, 999.9408694244418, 731.9567012457932, 0.7319999848262045, 0.0
-33.5, 10.5, 250.70911099875357, 0.9998560724293155, 968.1384796567588, 735.6146293340674, 0.7598237698339088, 0.0
-33.5, 11.5, 250.67595421857706, 0.9998563761983289, 983.7244376389166, 745.4209647320118, 0.7577538345200937, 0.0
-33.5, 12.5, 250.63979314306235, 0.9998566789385511, 976.7774765455952, 786.8540133757349, 0.8055611766955042, 0.0
-33.5, 13.5, 250.60062681455798, 0.9998569806502624, 998.7300718511581, 789.8639698932019, 0.790868315829501, 0.0
-33.5, 14.5, 250.55845419537664, 0.999857281333742, 986.734190631407, 800.7067708564881, 0.8114715983887406, 0.0
-33.5, 15.5, 250.51327416766054, 0.9998575809892677, 988.2057136471784, 715.7133511806037, 0.7242554270801723, 0.0
-33.5, 16.5, 250.46508553323554, 0.999857879617117, 975.6035312878156, 570.7002021616491, 0.5849714395850062, 0.0
-33.5, 17.5, 250.41388701345534, 0.9998581772175659, 991.859785768135, 507.28473631904285, 0.5114480328751122, 0.0
-33.5, 18.5, 250.35967724903466, 0.9998584737908897, 985.4228126878029, 495.55038080998725, 0.5028809709188103, 0.0
-33.5, 19.5, 250.3024547998717, 0.9998587693373623, 993.9219144240723, 506.32789509857594, 0.5094242190966958, 0.0, (-911.3858523774477, -598.7947137001004, 3490.0), (-44.9, -29.49999999999978, 263.3858981144253)
-33.5, 20.5, 250.24221814486023, 0.9998590638572573, 994.2580758048032, 512.1198580124757, 0.5150773933598073, 0.0, (-911.3162257813188, -596.7193104225073, 3490.0), (-44.9, -29.39999999999978, 263.39448862355215)
-33.5, 21.5, 250.1756974599737, 0.9998593573508466, 1098.1605670302026, 548.904482184862, 0.4998399129093528, 0.0
-33.5, 22.5, 250.10590270182297, 0.9998596498184017, 994.5057941521058, 532.4790244785298, 0.5354207362185456, 0.0
-33.5, 23.5, 250.0363114635654, 0.9998599412601926, 977.1861020820022, 522.2720431197074, 0.5344652794456957, 0.0
-33.5, 24.5, 249.96369893161278, 0.9998602316764887, 989.8989826177618, 505.18785217902837, 0.510342834016328, 0.0
-33.5, 25.5, 249.88806316840962, 0.9998605210675584, 978.1961210314768, 498.9025119314895, 0.5100229915095275, 0.0
-33.5, 26.5, 249.80940215401205, 0.9998608094336687, 961.2703199289169, 503.86134667299507, 0.5241619721601871, 0.0
-33.5, 27.5, 249.72771378582198, 0.9998610967750862, 988.5001703604871, 494.00368249494335, 0.499750730760916, 0.0
-33.5, 28.5, 249.64299587830934, 0.9998613830920761, 979.2721753627148, 544.5300108200621, 0.5560558387338764, 0.0
-33.5, 29.5, 249.55524616272348, 0.9998616683849028, 994.45997956363, 441.7401031814042, 0.44420098572014954, 0.0
-33.5, 30.5, 249.4644622867927, 0.9998619526538296, 976.1982299164144, 98.990634460007, 0.10140423474080969, 0.0
-33.5, 31.5, 249.37064181441238, 0.9998622358991189, 977.0791886568043, 0.999736994500496, 0.0010231893239634339, 0.0
-33.5, 32.5, 249.27378222532155, 0.9998625181210323, 986.5957430332443, 0.0, 0.0, 0.0
-33.5, 33.5, 249.1738809147677, 0.9998627993198301, 997.4335037557088, 0.0, 0.0, 0.0
-33.5, 34.5, 249.07093519315927, 0.9998630794957718, 982.6079635239622, 0.0, 0.0, 0.0
-33.5, 35.5, 248.96494228570714, 0.9998633586491158, 992.1439034406817, 0.0, 0.0, 0.0
-33.5, 36.5, 248.85589933205287, 0.9998636367801197, 977.6566205091912, 0.0, 0.0, 0.0
-33.5, 37.5, 248.74380338588583, 0.99986391388904, 975.220267483049, 0.919932939462393, 0.0009433078558105161, 0.0
-33.5, 38.5, 248.62865141454716, 0.9998641899761322, 970.4972933244765, 0.0, 0.0, 0.0
-33.5, 39.5, 248.51044029862197, 0.999864465041651, 997.5094765670705, 0.0, 0.0, 0.0
-33.5, 40.5, 248.38916683151842, 0.99986473908585, 970.2748955515847, 0.0, 0.0, 0.0
-33.5, 41.5, 248.25850337450962, 0.9998650121089819, 1077.9636096004135, 0.0, 0.0, 0.0
-33.5, 42.5, 248.12450983552372, 0.9998652841112982, 984.6062138955233, 0.9700434941968743, 0.0009852096000480916, 0.0
-33.5, 43.5, 247.9937217528324, 0.9998655550930495, 980.3437599181314, 0.8755725824493528, 0.0008931281232641007, 0.0
-33.5, 44.5, 247.8598572510774, 0.9998658250544858, 981.4015307854646, 0.0, 0.0, 0.0
-33.5, 45.5, 247.7437163791785, 0.9998660939958558, 685.1848140914987, 0.0, 0.0, 0.0
-32.5, -44.5, 247.9737143258741, 0.9998663619174072, 787.4724634441574, 0.0, 0.0, 0.0
-32.5, -43.5, 248.09397194583795, 0.9998666288193867, 981.2050005770985, 0.0, 0.0, 0.0
-32.5, -42.5, 248.2309702781524, 0.9998668947020403, 1070.7604410262416, 0.0, 0.0, 0.0
-32.5, -41.5, 248.36386756480678, 0.9998671595656129, 994.6852130510271, 0.0, 0.0, 0.0
-32.5, -40.5, 248.49189348931614, 0.9998674234103482, 996.7248135370664, 0.9385020388262629, 0.0009415859082466413, 0.0
-32.5, -39.5, 248.61053744733658, 0.9998676862364894, 966.8467673004644, 0.0, 0.0, 0.0
-32.5, -38.5, 248.72871361455285, 0.9998679480442783, 978.9606935762918, 0.0, 0.0, 0.0
-32.5, -37.5, 248.84383156435035, 0.9998682088339559, 976.9760841488827, 0.0, 0.0, 0.0
-32.5, -36.5, 248.95589441341403, 0.9998684686057622, 980.643916838121, 0.0, 0.0, 0.0
-32.5, -35.5, 249.06490519175128, 0.9998687273599364, 987.7478847720859, 0.0, 0.0, 0.0
-32.5, -34.5, 249.17086684309965, 0.9998689850967166, 990.0258424354123, 0.0, 0.0, 0.0
-32.5, -33.5, 249.2737822253217, 0.9998692418163398, 994.4946706662188, 0.0, 0.0, 0.0
-32.5, -32.5, 249.3736541107881, 0.9998694975190423, 958.6792039430478, 0.999898834842229, 0.0010429962710462946, 0.0
-32.5, -31.5, 249.4704851867479, 0.9998697522050594, 975.7532864135674, 109.04679309321865, 0.11175652146048709, 0.0
-32.5, -30.5, 249.56427805568754, 0.999870005874625, 984.4753570794403, 476.39885837065594, 0.48391141021949813, 0.0
-32.5, -29.5, 249.65503523567713, 0.9998702585279728, 973.7518353727306, 481.6008515020504, 0.49458274070179725, 0.0
-32.5, -28.5, 249.74275916070528, 0.999870510165335, 991.7449908406822, 481.7118932360161, 0.4857215289060131, 0.0
-32.5, -27.5, 249.8274521810024, 0.9998707607869428, 976.0435229568923, 521.1239711681837, 0.5339146860884395, 0.0
-32.5, -26.5, 249.90911656335183, 0.9998710103930267, 975.872503665168, 481.4682310670381, 0.493372063726303, 0.0
-32.5, -25.5, 249.98775449138984, 0.9998712589838163, 989.4202991558517, 539.0488260215055, 0.544812782274033, 0.0
-32.5, -24.5, 250.06336806589414, 0.9998715065595399, 980.0972527059911, 491.8018221525091, 0.5017887977898857, 0.0
-32.5, -23.5, 250.13595930506074, 0.9998717531204251, 976.2741662621385, 517.7906111371976, 0.5303741807689769, 0.0
-32.5, -22.5, 250.20553014477005, 0.9998719986666984, 967.2107565248145, 502.9776398266116, 0.5200289972309746, 0.0
-32.5, -21.5, 250.27530445291163, 0.9998722431985856, 1080.6318611681318, 558.1605784340139, 0.5165131609488716, 0.0
-32.5, -20.5, 250.34180565455557, 0.9998724867163111, 996.0527049790301, 524.4653319803168, 0.5265437555248228, 0.0
-32.5, -19.5, 250.40202467328595, 0.9998727292200988, 975.9956648379291, 495.25260176444397, 0.5074331983295071, 0.0
-32.5, -18.5, 250.4592303742868, 0.9998729707101713, 999.9329672755542, 558.9623473224106, 0.5589998186032162, 0.0
-32.5, -17.5, 250.51342427735312, 0.9998732111867505, 995.3345011313702, 722.8658912211001, 0.7262542295072036, 0.0
-32.5, -16.5, 250.564607821346, 0.9998734506500573, 999.9101291563385, 778.9346216612932, 0.7790046314647392, 0.0
-32.5, -15.5, 250.61278236438034, 0.9998736891003114, 977.3397951973394, 731.9819633720588, 0.7489534008223422, 0.0, (-907.8680846171969, -483.2527221013527, 3490.0), (-44.9, -23.8999999999997, 263.8217734841294)
-32.5, -14.5, 250.6701170046891, 0.9998739265377318, 991.8391821569194, 736.284821458759, 0.7423429470265382, 0.0
-32.5, -13.5, 250.7001094773536, 0.9998741629625364, 987.7041339308828, 720.3912408707787, 0.7293593457017868, 0.0
-32.5, -12.5, 250.73926436133232, 0.9998743983749423, 977.7727644546177, 692.3601592053415, 0.7080992479796943, 0.0
-32.5, -11.5, 250.77541487273305, 0.9998746327751655, 998.5114251411156, 707.8143226384886, 0.7088695279960928, 0.0
-32.5, -10.5, 250.8085619683844, 0.9998748661634212, 990.6724627549619, 743.1905473820168, 0.7501879534586816, 0.0
-32.5, -9.5, 250.83870652527258, 0.9998750985399235, 986.0462161784487, 709.7322686574637, 0.719775865484403, 0.0
-32.5, -8.5, 250.86584934065547, 0.9998753299048857, 996.5884438810428, 719.6970004667137, 0.722160692195042, 0.0
-32.5, -7.5, 250.88999113216596, 0.9999783276338926, 980.0761534758666, 710.4603092362471, 0.7249031687145743, 0.0
-32.5, -6.5, 250.91113253790493, 0.9998757896010375, 982.421160911149, 705.5468027339782, 0.7181714226102551, 0.0
-32.5, -5.5, 250.92927411652414, 0.9998760179326488, 982.0988820789064, 715.3763825527861, 0.7284158404075135, 0.0
-32.5, -4.5, 250.94441634729847, 0.026748896551674648, 986.940788060994, 718.3993815689944, 0.7279052505068789, 0.0, (3500.0, -2220.5625818870867, 222.59121400690756), (3500.0, -2220.5625818870867, 222.59121400690756)
-32.5, -3.5, 250.95655963018802, 0.9998764715639894, 997.6241155598146, 741.3346421365767, 0.7431001622495647, 0.0
-32.5, -2.5, 250.96570428589, 0.9998766968641346, 964.9109507055031, 708.3339864709318, 0.7340925978226562, 0.0
-32.5, -1.5, 250.97185055588017, 0.9998769211542056, 975.741840791319, 685.0191934142748, 0.702049624989669, 0.0
-32.5, -0.5, 250.9749986024439, 0.294661897788082, 973.9290399948762, 704.1366644051847, 0.7229855928814783, 0.0, (3500.0, 1266.2563014584607, 1275.0342378266432)
-32.5, 0.5, 250.97505106959318, 0.999877366704946, 1078.4782555200877, 773.8954718876765, 0.7175809692282312, 0.0, (-907.0039086065719, -450.47187443042895, 3489.9999999999995), (-44.9, -22.299999999999677, 263.92943266495547)
-32.5, 1.5, 250.97185055588017, 0.9998775879660238, 997.05890543239, 699.6521952823672, 0.7017160084227443, 0.0
-32.5, 2.5, 250.96570428589, 0.9998778082178442, 985.3913798496619, 700.8252767228732, 0.711215148675033, 0.0
-32.5, 3.5, 250.95655963018802, 0.9998780274606088, 983.950620303797, 671.4279044053891, 0.6823796749049096, 0.0
-32.5, 4.5, 250.94441634729844, 0.9998782456945187, 983.3529918212881, 723.5926484220932, 0.735842219874587, 0.0
-32.5, 5.5, 250.9292741165241, 0.9998784629197737, 978.2222142338876, 690.2113623944857, 0.7055772730892614, 0.0
-32.5, 6.5, 250.91113253790488, 0.9998786791365729, 993.5324909667455, 714.4717227303381, 0.7191226549975528, 0.0
-32.5, 7.5, 250.88999113216593, 0.9998788943451142, 978.4478650441014, 716.5119863094776, 0.7322944961172585, 0.0
-32.5, 8.5, 250.86584934065544, 0.9998791085455948, 984.9219480867765, 700.6531107526313, 0.7113793251471946, 0.0
-32.5, 9.5, 250.83870652527253, 0.9998793217382109, 983.3068490331447, 708.3920312491013, 0.7204180790011189, 0.0
-32.5, 10.5, 250.80856196838434, 0.9998795339231578, 999.9434610485077, 707.9599439881194, 0.7079999735642813, 0.0
-32.5, 11.5, 250.77541487273302, 0.9998797451006296, 982.722358262494, 698.989953055346, 0.7112791799010229, 0.0
-32.5, 12.5, 250.73926436133223, 0.9998799552708197, 980.8960860284162, 720.9272697849633, 0.7349680359149463, 0.0
-32.5, 13.5, 250.70010947735355, 0.9998801644339206, 975.4956050720505, 715.0023552577715, 0.7329631743496795, 0.0
-32.5, 14.5, 250.65794918400172, 0.9998803725901237, 966.8025326695479, 726.1548264816334, 0.7510890817347832, 0.0
-32.5, 15.5, 250.61278236438025, 0.9998805797396195, 950.9652976262946, 739.5163669312785, 0.7776481105853033, 0.0
-32.5, 16.5, 250.56460782134596, 0.9998807858825977, 969.0134776687357, 760.2166805926059, 0.7845264262180794, 0.0
-32.5, 17.5, 250.51342427735304, 0.9998809910192467, 978.6381808572344, 675.4756848489337, 0.6902200405233049, 0.0
-32.5, 18.5, 250.4592303742867, 0.9998811951497544, 999.9323960118656, 556.9625199219271, 0.5570001753551727, 0.0
-32.5, 19.5, 250.4020246732859, 0.9998813982743076, 978.7264889101207, 512.4613927275814, 0.5236002075495498, 0.0
-32.5, 20.5, 250.34180565455551, 0.9998816003930919, 981.1961513253569, 494.31101825653235, 0.5037840982038491, 0.0
-32.5, 21.5, 250.27530445291154, 0.9998818015062926, 1072.9421833286692, 518.5163191096012, 0.48326585268645983, 0.0
-32.5, 22.5, 250.20553014477, 0.9998820016140932, 978.2853314434047, 532.0194040764305, 0.5438284588111588, 0.0
-32.5, 23.5, 250.13595930506068, 0.999882200716677, 978.62956859998, 509.8575396910266, 0.5209913495873877, 0.0
-32.5, 24.5, 250.06336806589402, 0.999882398814226, 998.0366279826785, 531.0212556821814, 0.532065898979609, 0.0
-32.5, 25.5, 249.98775449138972, 0.9998825959069214, 995.3367365435635, 493.6665744515266, 0.495979457330037, 0.0
-32.5, 26.5, 249.90911656335172, 0.9998827919949433, 992.0914948474755, 488.2550339632681, 0.49214718249180495, 0.0
-32.5, 27.5, 249.8274521810023, 0.9998829870784711, 977.2970030596475, 516.5099778888125, 0.5285087095036229, 0.0
-32.5, 28.5, 249.74275916070516, 0.999883181157683, 993.8424791454165, 491.92172060030225, 0.4949695056537481, 0.0
-32.5, 29.5, 249.655035235677, 0.9998833742327566, 999.9054877105727, 511.9516048385695, 0.511999995130296, 0.0
-32.5, 30.5, 249.56427805568742, 0.9998835663038682, 980.5849156127985, 481.29859748480317, 0.49082806580195504, 0.0
-32.5, 31.5, 249.4704851867478, 0.9998837573711935, 997.550019088888, 95.66301229650858, 0.09589796046907238, 0.0
-32.5, 32.5, 249.37365411078792, 0.999883947434907, 981.9263157531562, 1.9261771213391765, 0.001961631021021941, 0.0
-32.5, 33.5, 249.27378222532155, 0.9998841364951824, 989.4328723727301, 0.0, 0.0, 0.0
-32.5, 34.5, 249.1708668430995, 0.9998843245521924, 980.3880773836895, 0.5784735699394096, 0.0005900454965580077, 0.0
-32.5, 35.5, 249.06490519175117, 0.9998845116061089, 987.573887208172, 0.0, 0.0, 0.0
-32.5, 36.5, 248.9558944134139, 0.9998846976571029, 983.0516885452948, 0.0, 0.0, 0.0
-32.5, 37.5, 248.8438315643502, 0.9998848827053439, 985.7687369483431, 0.9841077445939334, 0.000998315028371105, 0.0
-32.5, 38.5, 248.7287136145527, 0.9999860588493656, 978.7159928576564, 0.0, 0.0, 0.0
-32.5, 39.5, 248.61053744733644, 0.9998852497942433, 994.357033289898, 0.0, 0.0, 0.0
-32.5, 40.5, 248.48929985891897, 0.9998854318352368, 991.3128164770609, 0.0, 0.0, 0.0
-32.5, 41.5, 248.36386756480664, 0.9998856128741481, 985.9198934629786, 0.8584352512648004, 0.0008706947257647912, 0.0
-32.5, 42.5, 248.23097027815223, 0.9998857929111424, 1066.9957597855353, 0.0, 0.0, 0.0
-32.5, 43.5, 248.09397194583778, 0.9998859719463844, 983.9190747858135, 0.0, 0.0, 0.0
-32.5, 44.5, 247.96014716675774, 0.9998861499800371, 989.0306049713132, 0.0, 0.0, 0.0
-32.5, 45.5, 247.84404078229957, 0.9998863270122634, 697.5826018654907, 0.0, 0.0, 0.0
-31.5, -44.5, 248.0709465709308, 0.9998865030432247, 771.2367329450843, 0.0, 0.0, 0.0
-31.5, -43.5, 248.19116960361242, 0.9998866780730817, 983.3429728178805, 0.0, 0.0, 0.0
-31.5, -42.5, 248.32830940128622, 0.9998868521019942, 1086.4542077891183, 0.0, 0.0, 0.0
-31.5, -41.5, 248.4621173524891, 0.999887025130121, 965.3390936291244, 0.5133159783516317, 0.0005317468045574083, 0.0
-31.5, -40.5, 248.58638398290202, 0.9998871971576198, 991.522440542421, 0.0, 0.0, 0.0
-31.5, -39.5, 248.70758680473136, 0.9998873681846477, 988.2910300239797, 0.0, 0.0, 0.0
-31.5, -38.5, 248.8257291064917, 0.9998875382113609, 982.3097837326925, 0.0, 0.0, 0.0
-31.5, -37.5, 248.94081408924467, 0.9998877072379142, 981.2628878637508, 0.0, 0.0, 0.0
-31.5, -36.5, 249.05284486703124, 0.9998878752644621, 976.1455026397604, 0.0, 0.0, 0.0
-31.5, -35.5, 249.16182446729107, 0.9998880422911576, 968.936058836762, 0.0, 0.0, 0.0
-31.5, -34.5, 249.2677558312696, 0.9998882083181532, 976.18046109025, 0.0, 0.0, 0.0
-31.5, -33.5, 249.3706418144125, 0.9998883733456002, 984.916192777406, 1.8555505741915352, 0.0018839679840768901, 0.0
-31.5, -32.5, 249.4704851867479, 0.9998885373736491, 991.9081395625944, 106.98987422862767, 0.10786268401407353, 0.0
-31.5, -31.5, 249.56728863325665, 0.9998887004024496, 987.5491858235375, 475.5478219102751, 0.4815434296710052, 0.0
-31.5, -30.5, 249.66105475423018, 0.9998888624321502, 998.8417907369151, 494.63424424840605, 0.4952077985077897, 0.0
-31.5, -29.5, 249.7517860656169, 0.9998890234628989, 980.1974890186684, 516.0188194117413, 0.5264437270986658, 0.0
-31.5, -28.5, 249.83948499935633, 0.9998891834948421, 969.5616768661289, 466.5987874937971, 0.4812471435566261, 0.0
-31.5, -27.5, 249.9241539037017, 0.9998893425281259, 983.580952172766, 504.08155550050844, 0.5124962560397026, 0.0
-31.5, -26.5, 250.00579504353115, 0.9998895005628953, 973.4081727104696, 489.330405918272, 0.502698066069986, 0.0
-31.5, -25.5, 250.08441060064695, 0.9998896575992942, 987.4502969265031, 492.1239824304367, 0.49837848442823035, 0.0
-31.5, -24.5, 250.16000267406366, 0.9998898136374659, 997.0957695358809, 527.8282475709859, 0.5293656474108547, 0.0
-31.5, -23.5, 250.23257328028475, 0.9998899686775524, 979.3791056232077, 518.0139868054305, 0.5289208068981653, 0.0
-31.5, -22.5, 250.30212435356808, 0.9998901227196951, 990.8143076448234, 520.7045046159119, 0.5255318787771972, 0.0
-31.5, -21.5, 250.3718788454109, 0.9998902757640343, 1094.3640608417302, 553.4785245251851, 0.5057535644029438, 0.0
-31.5, -20.5, 250.4383611675582, 0.9998904278107096, 999.9314200314419, 507.96511789760825, 0.5079999565186538, 0.0
-31.5, -19.5, 250.49856309651486, 0.9998905788598593, 978.7236810906206, 650.2144675340777, 0.6643493767408637, 0.0
-31.5, -18.5, 250.55575256833555, 0.9998907289116212, 976.912606073224, 728.5016151003625, 0.7457183074222282, 0.0
-31.5, -17.5, 250.6099311015457, 0.9998908779661319, 983.2056931722514, 700.1346786448199, 0.7120938004191976, 0.0
-31.5, -16.5, 250.6611001338047, 0.9998910260235271, 996.978716872746, 720.8835431384731, 0.723068136699739, 0.0
-31.5, -15.5, 250.70926102209376, 0.9998911730839417, 995.951395910343, 687.5656362923555, 0.6903606331751667, 0.0
-31.5, -14.5, 250.75441504289273, 0.9998913191475097, 983.3532560159233, 677.2702269053783, 0.6887354292691856, 0.0
-31.5, -13.5, 250.79656339234654, 0.9998914642143641, 997.8441319444948, 719.0697807366436, 0.7206233495960889, 0.0
-31.5, -12.5, 250.8357071864206, 0.999891608284637, 981.9630421000405, 696.9195412831272, 0.7097207444718946, 0.0
-31.5, -11.5, 250.8718474610461, 0.9998917513584595, 992.3192571176917, 680.1681665536976, 0.685432799650917, 0.0
-31.5, -10.5, 250.90498517225456, 0.999891893435962, 980.7220521038614, 688.1210958328987, 0.701647418202466, 0.0
-31.5, -9.5, 250.93512119630196, 0.9998920345172736, 990.7609603568933, 683.3706015346504, 0.6897431659887827, 0.0
-31.5, -8.5, 250.9622563297824, 0.999892174602523, 967.8433321875204, 694.6147345014057, 0.7176933615189938, 0.0
-31.5, -7.5, 250.9889636937125, 0.9998923136918377, 979.6730161628533, 706.1065085068785, 0.7207573311272063, 0.0
-31.5, -6.5, 251.00752671371916, 0.9998924517853442, 982.3513684808562, 672.4918759407255, 0.6845736642894806, 0.0
-31.5, -5.5, 251.0256631599325, 0.9998925888831683, 998.7844296132171, 706.0321627034494, 0.7068914390033724, 0.0
-31.5, -4.5, 251.04080110724763, 0.9998927249854347, 977.4189256871977, 709.7991216898389, 0.7261974400493604, 0.0
-31.5, -3.5, 251.05294095529217, 0.9998928600922672, 985.115775314159, 690.4631668888694, 0.7008954522819176, 0.0
-31.5, -2.5, 251.06208302449656, 0.999892994203789, 979.9213555836048, 696.2467807366885, 0.7105129169493706, 0.0
-31.5, -1.5, 251.06822755613578, 0.9998931273201218, 977.1995721287376, 701.2615855982806, 0.7176237133123667, 0.0
-31.5, -0.5, 251.07137471236038, 0.999893259441387, 975.5952665768333, 679.893732657508, 0.6969014261857971, 0.0
-31.5, 0.5, 251.0714271646709, 0.9998933905677047, 1079.6997916288033, 752.5974736432418, 0.6970432702482006, 0.0
-31.5, 1.5, 251.06822755613578, 0.9998935206991942, 991.311289738196, 699.1386894123325, 0.7052665460886399, 0.0
-31.5, 2.5, 251.06208302449656, 0.5830407313151397, 981.0647949089811, 677.4443649228297, 0.6905194931448743, 0.0, (3089.037738116315, 3479.1892094920026, 3490.0), (3079.3956866878757, 3490.0, 3480.4274130092017)
-31.5, 3.5, 251.05294095529214, 0.9998937779781614, 999.9510551439969, 665.9673778085299, 0.6659999750814084, 0.0
-31.5, 4.5, 251.0408011072476, 0.999893905125873, 997.9582354582751, 711.7695020781442, 0.7132257411065811, 0.0
-31.5, 5.5, 251.02566315993244, 0.9998940312792245, 977.3253802983339, 668.1117229152636, 0.6836123735079087, 0.0
-31.5, 6.5, 251.00752671371913, 0.9998941564383307, 997.8943960128104, 681.7324257930653, 0.683170913191814, 0.0
-31.5, 7.5, 250.98639128973144, 0.9998942806033054, 981.3471084440962, 698.7665962429321, 0.7120483570291565, 0.0
-31.5, 8.5, 250.96225632978235, 0.9998944037742614, 983.5403032672801, 705.9450068027511, 0.7177591039814343, 0.0
-31.5, 9.5, 250.9351211963019, 0.7603297027317235, 985.2477037670029, 680.8754649598175, 0.6910703393233534, 0.0, (344.53606304934857, 2869.2829474865434, 3500.0)
-31.5, 10.5, 250.9049851722545, 0.9998946471345648, 978.4865334519156, 691.0763799294537, 0.7062707112498183, 0.0
-31.5, 11.5, 250.87184746104606, 0.9998947673241334, 992.1348824052669, 686.1787072970347, 0.6916183670848343, 0.0
-31.5, 12.5, 250.83570718642056, 0.999894886520126, 992.2971193326671, 705.6662898952716, 0.7111441484077284, 0.0
-31.5, 13.5, 250.79656339234646, 0.999895004722651, 960.4279548148872, 662.5168350119883, 0.6898141934442982, 0.0
-31.5, 14.5, 250.75441504289267, 0.9998951219318157, 974.2367076222419, 666.184232385213, 0.6838012026985997, 0.0
-31.5, 15.5, 250.70926102209367, 0.650155087559585, 987.1532971162787, 721.7030689286195, 0.7310952321558306, 0.0, (632.0778266666497, 3500.0, 3177.733467123391)
-31.5, 16.5, 250.6611001338046, 0.99989535337049, 965.5831100269359, 677.4966743692529, 0.7016451171669247, 0.0
-31.5, 17.5, 250.6099311015456, 0.9999894880389074, 972.2391148399905, 713.6185311871328, 0.7339948787234084, 0.0
-31.5, 18.5, 250.5557525683355, 0.9998955808369903, 982.8230519486541, 735.3289718826233, 0.7481804282313875, 0.0
-31.5, 19.5, 250.49856309651474, 0.9998956930809341, 988.2750381235098, 638.555979612204, 0.6461318509315627, 0.0
-31.5, 20.5, 250.43836116755813, 0.9998958043321435, 965.8006240008622, 501.7316905365634, 0.5194982049795357, 0.0
-31.5, 21.5, 250.3718788454108, 0.9998959145907195, 1070.4841941964457, 506.63783672459766, 0.4732791380492106, 0.0
-31.5, 22.5, 250.30212435356796, 0.049118705161713315, 989.5050704603643, 487.2026913716603, 0.4923700806757773, 0.0, (-3500.0, 3123.9202787423187, -118.97799030845405)
-31.5, 23.5, 250.23257328028464, 0.9998961321303712, 988.8290566195552, 532.3910975672408, 0.5384055959958247, 0.0
-31.5, 24.5, 250.16000267406355, 0.9998962394116445, 994.302032581337, 523.6853045479885, 0.5266863461884248, 0.0
-31.5, 25.5, 250.08441060064683, 0.9998963457006798, 988.1431386508634, 494.77013327436896, 0.5007069461109561, 0.0
-31.5, 26.5, 250.00579504353104, 0.10432059490340484, 989.1168399140298, 495.0781701810755, 0.5005254689871682, 0.0, (3500.0, -548.1587583699551, 498.7195728144061); (23.816291175387015, 74.22950747537523, 243.2877783987309), (23.816291175387015, 74.22950747537523, 243.2877783987309)
-31.5, 27.5, 249.92415390370158, 0.9998965553024216, 978.0365206434439, 508.1118306266087, 0.5195223490144573, 0.0
-31.5, 28.5, 249.83948499935622, 0.9998966586153186, 997.6427166230294, 503.59402896048556, 0.5047839477695243, 0.0
-31.5, 29.5, 249.75178606561676, 0.9998967609363584, 997.7608976564111, 512.0940333333618, 0.5132432374692103, 0.0
-31.5, 30.5, 249.66105475423007, 0.9998968622656338, 983.8952019155076, 500.87403754932274, 0.5090725481475978, 0.0
-31.5, 31.5, 249.5672886332565, 0.9998969626032371, 967.0547541322261, 457.07456800525284, 0.4726460069113695, 0.0
-31.5, 32.5, 249.4704851867478, 0.9998970619492593, 984.7816225460452, 104.98961907196376, 0.10661208197663617, 0.0
-31.5, 33.5, 249.37064181441238, 0.9998971603037907, 988.0153912329679, 0.0, 0.0, 0.0
-31.5, 34.5, 249.26775583126945, 0.9998972576669205, 968.8941463954659, 0.0, 0.0, 0.0
-31.5, 35.5, 249.16182446729093, 0.9998973540387373, 978.6015635292182, 0.0, 0.0, 0.0
-31.5, 36.5, 249.0528448670311, 0.9998974494193285, 986.2352456067376, 0.0, 0.0, 0.0, (-902.3050614347584, -192.92045856955957, 3490.0), (-44.9, -9.599999999999497, 264.518877015175)
-31.5, 37.5, 248.94081408924453, 0.003332948894313061, 998.9279215099355, 0.0, 0.0, 0.09486832980505139, (3500.0, 1256.442334979705, 124.35977873011544)
-31.5, 38.5, 248.82572910649156, 0.9998976372071797, 986.4730528220354, 0.0, 0.0, 0.0
-31.5, 39.5, 248.70758680473122, 0.9998977296146102, 996.2130726276444, 0.0, 0.0, 0.0
-31.5, 40.5, 248.58638398290182, 0.9998978210311563, 982.4370103258655, 0.0, 0.0, 0.0
-31.5, 41.5, 248.46211735248892, 0.9998979114569008, 977.3896880008689, 0.0, 0.0, 0.0
-31.5, 42.5, 248.32830940128608, 0.9998980008919258, 1092.8513267410553, 0.0, 0.0, 0.0
-31.5, 43.5, 248.19116960361228, 0.9999875839494556, 999.8572839694074, 0.0, 0.0, 0.0
-31.5, 44.5, 248.05738331586414, 0.9999628162238096, 991.0791568358338, 0.0, 0.0, 0.0
-31.5, 45.5, 247.9413103497685, 0.999898263253492, 683.8536396676657, 0.0, 0.0, 0.0
-30.5, -44.5, 248.16512780879617, 0.9998983487264422, 774.0471539693973, 0.9786249465427642, 0.0012642962919303688, 0.0
-30.5, -43.5, 248.28531735787692, 0.99989843320907, 955.8467241516706, 0.0, 0.0, 0.0, (-902.0757549874646, -170.7715794519595, 3490.0), (-44.9, -8.499999999999481, 264.5478190523337)
-30.5, -42.5, 248.42241898832552, 0.999898516701452, 1067.0649889594513, 0.9750551391080741, 0.0009137729652801179, 0.0
-30.5, -41.5, 248.55618972803205, 0.999898599203664, 975.2528962261423, 0.0, 0.0, 0.0
-30.5, -40.5, 248.68042182611111, 0.9998986807157809, 987.7013897629123, 0.0, 0.0, 0.0, (-902.0180777506538, -164.73381375400646, 3489.9999999999995), (-44.9, -8.199999999999477, 264.55510142155873)
-30.5, -39.5, 248.80159099067498, 0.9998987612378766, 990.6625920265138, 0.0, 0.0, 0.0
-30.5, -38.5, 248.91970050753073, 0.9998988407700242, 986.5897072945361, 0.0, 0.0, 0.0
-30.5, -37.5, 249.03475357510743, 0.999898919312296, 993.695830807131, 0.0, 0.0, 0.0
-30.5, -36.5, 249.1467533048879, 0.9998989968647631, 995.4982226553633, 0.0, 0.0, 0.0
-30.5, -35.5, 249.25570272182736, 0.999899073427496, 989.5719475425009, 0.0, 0.0, 0.0
-30.5, -34.5, 249.36160476476002, 0.9998991490005641, 967.4720585000857, 0.0, 0.0, 0.0
-30.5, -33.5, 249.4644622867928, 0.999899223584036, 990.0932371917185, 99.75277191968281, 0.1007508870605153, 0.0
-30.5, -32.5, 249.56427805568754, 0.9998992971779794, 982.3610864159606, 476.827490141456, 0.4853892288029345, 0.0
-30.5, -31.5, 249.66105475423018, 0.999899369782461, 990.1393854180378, 477.16606909355994, 0.48191807751602567, 0.0
-30.5, -30.5, 249.75479498058857, 0.9998994413975468, 970.686725157189, 459.8059821968789, 0.4736914292532638, 0.0
-30.5, -29.5, 249.84871162693784, 0.9998995120233016, 990.298090536364, 466.11305975602534, 0.4706795501378476, 0.0, (-901.8243933531928, -142.604748169425, 3490.0), (-44.9, -7.099999999999461, 264.5795638205426)
-30.5, -28.5, 249.93317598839542, 0.9998995816597896, 988.2808785923576, 492.24124155768754, 0.498078281408018, 0.0
-30.5, -27.5, 250.01782154614114, 0.9998996503070741, 973.9161108137424, 483.9399412887126, 0.49690105329951173, 0.0
-30.5, -26.5, 250.09944018492962, 0.999899717965217, 992.9495404935155, 488.6370941698924, 0.4921066723360687, 0.0
-30.5, -25.5, 250.1780340847887, 0.9998997846342801, 982.1467986133418, 508.69445161332845, 0.5179413630747828, 0.0
-30.5, -24.5, 250.25360534302695, 0.9998998503143236, 964.0068487397388, 503.91295371933205, 0.5227275660729023, 0.0
-30.5, -23.5, 250.32615597451004, 0.9998999150054071, 981.8325448104066, 511.84801863934126, 0.521319059288445, 0.0
-30.5, -22.5, 250.3956879119261, 0.9998999787075894, 991.8346530200649, 525.1111480712332, 0.5294341617045821, 0.0
-30.5, -21.5, 250.46542321961374, 0.9999000414209281, 1082.9429204165442, 591.1770319941704, 0.5458986072569545, 0.0
-30.5, -20.5, 250.53188726451822, 0.9999001031454803, 997.6759647377271, 680.3743496650596, 0.6819592470025266, 0.0
-30.5, -19.5, 250.59207264885805, 0.9999001638813019, 985.4414763083527, 711.2117632829248, 0.7217189253564368, 0.0
-30.5, -18.5, 250.64924640919887, 0.9999002236284479, 990.145717266951, 692.0893865624761, 0.6989773065653562, 0.0
-30.5, -17.5, 250.70341006283732, 0.9999002823869726, 976.2447575025217, 670.7108966867623, 0.6870314964892704, 0.0
-30.5, -16.5, 250.7545650462702, 0.9999003401569292, 981.2532878494918, 665.432695023395, 0.6781456972050028, 0.0, (-901.6315061904202, -116.46910324953083, 3489.9999999999995), (-44.9, -5.799999999999443, 264.6039372794492)
-30.5, -15.5, 250.80271271538183, 0.9999003969383701, 964.4196303916722, 641.9363579178306, 0.665619340055455, 0.0
-30.5, -14.5, 250.8478543456208, 0.9999004527313469, 989.4885898001118, 693.7332693798044, 0.7011028490181443, 0.09486832980505139
-30.5, -13.5, 250.88999113216596, 0.99990050753591, 976.1531396225201, 671.4141405473359, 0.6878164022573064, 0.14491376746189438
-30.5, -12.5, 250.9291241900819, 0.9999005613521094, 985.6564335484444, 686.8008689501816, 0.6967954000742853, 0.15491933384829668
-30.5, -11.5, 250.96525455446374, 0.9999006141799935, 972.2189681938997, 666.0753555905303, 0.6851083730940826, 0.14491376746189438
-30.5, -10.5, 250.99838318057195, 0.9999006660196106, 991.8778960517561, 674.8448060950712, 0.6803708488528086, 0.15811388300841897
-30.5, -9.5, 251.02851094395572, 0.9999007168710073, 989.7524940844936, 666.496215563479, 0.673396853806343, 0.12649110640673517
-30.5, -8.5, 251.05563864056705, 0.9999007667342301, 983.6477331754978, 666.2630479995116, 0.6773390773225522, 0.14491376746189438
-30.5, -7.5, 251.07976698686355, 0.33115431188879346, 996.7264762824965, 666.768838235998, 0.6689586903749706, 0.14491376746189438, (-3500.0, 53.808599670436365, 1325.9964124812534)
-30.5, -6.5, 251.1008966199015, 0.9999008634963334, 999.2862876080429, 688.5675971053643, 0.6890593873288953, 0.15491933384829668
-30.5, -5.5, 251.1190280974182, 0.9999009103953017, 954.6311013203098, 648.5292270965999, 0.6793506163790879, 0.15491933384829668
-30.5, -4.5, 251.13416189790416, 0.6746769972637243, 989.4845018939633, 660.2514818237165, 0.6672681386721421, 0.15491933384829668, (-3472.134369585504, 1989.0473067981857, -3500.0)
-30.5, -3.5, 251.1462984206651, 0.39098807963425425, 986.4172331169492, 693.4010495305524, 0.7029490425055693, 0.15491933384829668, (3500.0, -217.6919111976805, -1399.4528546728377)
-30.5, -2.5, 251.1554379858734, 0.9999010451643805, 989.9554418883424, 686.0109015387314, 0.692971493979733, 0.15491933384829668
-30.5, -1.5, 251.16158083460982, 0.9999010881116005, 991.0837307293108, 716.9833195642565, 0.7234336487762225, 0.14491376746189438
-30.5, -0.5, 251.16472712889433, 0.999901130070983, 990.8231638822102, 679.4900663747491, 0.6857833881400126, 0.09486832980505139
-30.5, 0.5, 251.16477956683948, 0.999901171042566, 1087.6966691552936, 758.3188097412209, 0.697178571237266, 0.15811388300841897
-30.5, 1.5, 251.16158083460982, 0.9999012110263868, 986.3723970051713, 681.4543573095477, 0.6908692491584141, 0.15491933384829668
-30.5, 2.5, 251.1554379858734, 0.9999012500224815, 993.4568056772058, 657.5776526431097, 0.6619086495611264, 0.15811388300841897
-30.5, 3.5, 251.1462984206651, 0.9999012880308855, 992.9407127836029, 684.3575792540345, 0.6892230023840108, 0.14491376746189438
-30.5, 4.5, 251.13416189790416, 0.9999013250516332, 986.380309495462, 673.3016284066466, 0.6825984074550753, 0.14491376746189438
-30.5, 5.5, 251.11902809741815, 0.9999013610847582, 959.2437048284291, 653.6481893399126, 0.6814203586113964, 0.15491933384829668
-30.5, 6.5, 251.10089661990148, 0.9999013961302933, 980.2494235239768, 680.2245078106946, 0.6939300258553597, 0.15491933384829668
-30.5, 7.5, 251.07976698686352, 0.9999014301882699, 968.5013682627024, 681.9249454257429, 0.7041032338952496, 0.14491376746189438
-30.5, 8.5, 251.05563864056703, 0.9999014632587193, 989.444879547199, 649.8386635948566, 0.6567709601895592, 0.09486832980505137
-30.5, 9.5, 251.0285109439557, 0.9999014953416713, 984.9153050916608, 662.9091577433929, 0.6730620940870642, 0.15491933384829668
-30.5, 10.5, 250.99838318057192, 0.9999015264371548, 973.7504401182825, 665.3307539271875, 0.6832661907155277, 0.15491933384829668
-30.5, 11.5, 250.9652545544637, 0.03841382807473488, 980.821705460245, 674.1340459784145, 0.6873155867427312, 0.15811388300841897, (-3500.0, -1361.7310769788426, -31.540762419066528)
-30.5, 12.5, 250.9291241900818, 0.9999015856658288, 993.3438318948488, 684.6808279766387, 0.6892687164227705, 0.15491933384829668
-30.5, 13.5, 250.88999113216587, 0.9999016137990728, 980.7020747749425, 688.3589670888956, 0.701904263072824, 0.15491933384829668
-30.5, 14.5, 250.84785434562076, 0.9999016409449559, 988.6830219802297, 674.3434553350676, 0.682062339843186, 0.15811388300841897
-30.5, 15.5, 250.80271271538174, 0.9999016671035026, 976.9028851831008, 691.4614469279268, 0.7078098114106053, 0.15811388300841897
-30.5, 16.5, 250.7545650462701, 0.9999016922747367, 968.5470822511782, 662.535723127984, 0.6840511269602538, 0.15811388300841897
-30.5, 17.5, 250.70341006283724, 0.9999017164586809, 975.4537734472397, 675.57600471479, 0.6925761354403439, 0.14491376746189438
-30.5, 18.5, 250.64924640919878, 0.9999017396553571, 983.432896496357, 705.0722810954505, 0.7169500670634342, 0.14491376746189438
-30.5, 19.5, 250.59207264885796, 0.9999017618647865, 984.7157431061867, 746.345829851089, 0.7579302301970071, 0.15811388300841897
-30.5, 20.5, 250.53188726451816, 0.9397924988895234, 968.9808549236959, 697.0231778168325, 0.7193363772617786, 0.15491933384829668, (-1164.0689660213295, -517.4399951757907, 3500.0)
-30.5, 21.5, 250.46542321961368, 0.9999018033219841, 1065.743637952801, 623.2234238790553, 0.584777991334025, 0.15491933384829668, (-901.2908496410629, -40.1465857301019, 3490.0), (-44.9, -1.999999999999389, 264.64701172847924)
-30.5, 22.5, 250.39568791192605, 0.9999018225697899, 984.3706637170734, 531.1990677074799, 0.539633176085951, 0.15811388300841897
-30.5, 23.5, 250.32615597450996, 0.9999018408304239, 997.9059693219466, 521.8400956269553, 0.5229351378482416, 0.15491933384829668
-30.5, 24.5, 250.25360534302683, 0.9999018581039028, 995.4937016171633, 510.74587251652963, 0.5130578643409107, 0.14491376746189438
-30.5, 25.5, 250.1780340847886, 0.999901874390242, 974.5250076805964, 508.6286205926868, 0.5219246469654387, 0.14491376746189438
-30.5, 26.5, 250.0994401849295, 0.9999018896894565, 967.6888568345788, 507.89942379806035, 0.5248581919806926, 0.15491933384829668
-30.5, 27.5, 250.01782154614102, 0.9999865664741852, 986.5666761890541, 508.1802134621056, 0.5150997147249314, 0.15811388300841897
-30.5, 28.5, 249.93317598839533, 0.9999019173265655, 970.2236127439403, 478.76272817541246, 0.4934560671239473, 0.15811388300841897
-30.5, 29.5, 249.84550124865788, 0.9999019296644851, 999.911742858572, 479.957640438217, 0.4800000038664437, 0.15811388300841897
-30.5, 30.5, 249.7547949805884, 0.99990194101533, 978.9215490544432, 516.027264150845, 0.5271385277495264, 0.14491376746189438
-30.5, 31.5, 249.66105475423007, 0.9999019513791105, 999.9056848965679, 495.9531986169445, 0.4959999789062574, 0.15811388300841897
-30.5, 32.5, 249.56427805568742, 0.999901960755836, 988.6159114687151, 458.8145460867806, 0.464097877410402, 0.15811388300841897
-30.5, 33.5, 249.4644622867927, 0.999901969145515, 984.9569129422263, 98.38562631677682, 0.0998882540180189, 0.15811388300841897
-30.5, 34.5, 249.36160476475987, 0.9999019765481549, 968.998825794054, 0.0, 0.0, 0.15491933384829668
-30.5, 35.5, 249.25570272182725, 0.9999019829637626, 962.8859769230671, 0.0, 0.0, 0.14491376746189438
-30.5, 36.5, 249.14675330488774, 0.999901988392344, 973.0093702363389, 0.8154880135372867, 0.0008381091061221835, 0.14491376746189438
-30.5, 37.5, 249.03475357510732, 0.9999019928339039, 983.7478355925053, 0.0, 0.0, 0.15491933384829668
-30.5, 38.5, 248.9197005075306, 0.9999019962884462, 989.2641138169455, 0.0, 0.0, 0.15491933384829668
-30.5, 39.5, 248.80159099067484, 0.9999019987559743, 985.2197238433915, 0.0, 0.0, 0.14491376746189438
-30.5, 40.5, 248.68042182611097, 0.9999020002364902, 996.6825871152276, 0.9966501317827954, 0.0009999674366414626, 0.14491376746189438
-30.5, 41.5, 248.55618972803188, 0.9999020007299954, 970.0711792588065, 0.8649472262120846, 0.0008916327427364217, 0.14491376746189438
-30.5, 42.5, 248.42241898832535, 0.9999020002364902, 1080.8973852007384, 0.8398864235699007, 0.0007770269732070094, 0.15811388300841897
-30.5, 43.5, 248.28531735787678, 0.9999019987559743, 972.2786048965711, 0.793934829665383, 0.0008165713260242316, 0.15491933384829668
-30.5, 44.5, 248.15156833319935, 0.9999019962884462, 961.8193528915372, 0.0, 0.0, 0.14491376746189438
-30.5, 45.5, 248.03552771906547, 0.9999019928339039, 669.367193011149, 0.9079261817398581, 0.0013563948027622197, 0.15491933384829668
-29.5, -44.5, 248.25626058847843, 0.999901988392344, 785.270692100099, 0.0, 0.0, 0.14491376746189438
-29.5, -43.5, 248.37641775496257, 0.9999019829637626, 989.9759363727596, 0.0, 0.0, 0.15491933384829668
-29.5, -42.5, 248.51348247317546, 0.9334686614414013, 1074.3283646561617, 0.0, 0.0, 0.15491933384829668, (-1238.3235447580732, 519.0846426340038, 3500.0)
-29.5, -41.5, 248.647217224928, 0.999901969145515, 989.0668842974271, 0.9118303792279614, 0.000921909724917815, 0.14491376746189438
-29.5, -40.5, 248.77141592610312, 0.999901960755836, 993.368722014932, 0.0, 0.0, 0.15491933384829668
-29.5, -39.5, 248.892552540041, 0.9999019513791105, 981.160497648208, 0.0, 0.0, 0.12649110640673517
-29.5, -38.5, 249.01063034993166, 0.99990194101533, 983.23541452392, 0.0, 0.0, 0.14491376746189438
-29.5, -37.5, 249.1256525516597, 0.9999019296644851, 968.0578060664765, 0.0, 0.0, 0.15491933384829668
-29.5, -36.5, 249.23762225423496, 0.9999019173265655, 985.6621350784727, 0.9718625264114599, 0.0009859996562961058, 0.15491933384829668
-29.5, -35.5, 249.34654248021124, 0.99990190400156, 976.6691328870704, 0.9418792741770248, 0.0009643790742037628, 0.15491933384829668
-29.5, -34.5, 249.45241616609198, 0.9999018896894565, 990.1561789961896, 68.99315962360366, 0.0696790678956811, 0.15811388300841897, (-901.2707470392556, 30.109267718473923, 3490.0000000000005), (-44.9, 1.5000000000006608, 264.6495547544202)
-29.5, -33.5, 249.55524616272362, 0.999901874390242, 983.5991560511231, 429.7825378378137, 0.4369488680361124, 0.14491376746189438
-29.5, -32.5, 249.65503523567713, 0.9999018581039028, 977.1567738943174, 469.4683315303687, 0.48044320427659765, 0.14491376746189438
-29.5, -31.5, 249.7517860656169, 0.9270419499811914, 977.4490999733605, 494.7283254286463, 0.5061422896006859, 0.14491376746189438, (-194.94886630978058, -1362.2449126864137, 3500.0)
-29.5, -30.5, 249.84550124865802, 0.9999018225697899, 988.5659081118604, 531.8840828780387, 0.5380360363568737, 0.15491933384829668
-29.5, -29.5, 249.93618329671145, 0.9999018033219841, 984.7134803690511, 485.43615104807543, 0.49297197684969596, 0.15491933384829668
-29.5, -28.5, 250.02383463781746, 0.9999017830869891, 983.8714601774323, 483.10065575323944, 0.49102009287485243, 0.14491376746189438
-29.5, -27.5, 250.10845761646726, 0.9999017618647865, 974.39826913374, 474.5890330740066, 0.4870585756437416, 0.14491376746189438
-29.5, -26.5, 250.19005449391344, 0.9999017396553571, 994.9146854888934, 521.95436864, 0.5246222377183182, 0.15491933384829668, (-901.3056688714954, 46.169332703898554, 3490.0), (-44.9, 2.300000000000672, 264.6451371430374)
-29.5, -25.5, 250.2686274484684, 0.9999017164586809, 979.0450043391445, 517.861739025778, 0.5289457958833411, 0.15491933384829668
-29.5, -24.5, 250.34417857579174, 0.9999016922747367, 986.6401553395103, 543.5656912922503, 0.5509259767612086, 0.15491933384829668
-29.5, -23.5, 250.41670988916613, 0.9999016671035026, 976.0608894939231, 522.4684194667366, 0.53528260899546, 0.15491933384829668
-29.5, -22.5, 250.4862233197621, 0.9999016409449559, 991.44471977092, 611.5361425610749, 0.6168131519247735, 0.12649110640673517
-29.5, -21.5, 250.5559400739233, 0.9999016137990728, 1097.4380369387975, 755.207563986753, 0.6881550835374133, 0.14491376746189438
-29.5, -20.5, 250.62238644239608, 0.9999015856658288, 984.2551964220871, 693.8825488117009, 0.7049823575573351, 0.15811388300841897
-29.5, -19.5, 250.6825558259707, 0.9999015565451982, 980.2762247988775, 642.0446890118651, 0.6549630326325551, 0.15811388300841897
-29.5, -18.5, 250.73971439129255, 0.9999015264371548, 996.1375277953024, 646.2992689374819, 0.6488052612252259, 0.15491933384829668
-29.5, -17.5, 250.79386365447058, 0.9999014953416713, 995.0635079109918, 665.3299856247083, 0.6686306756655997, 0.14491376746189438
-29.5, -16.5, 250.84500505087775, 0.9999014632587193, 948.6266860163422, 588.8060820577394, 0.6206931459311655, 0.12649110640673517
-29.5, -15.5, 250.89313993533813, 0.9999014301882699, 993.0014767542452, 654.869729562097, 0.6594851517266863, 0.15491933384829668
-29.5, -14.5, 250.93826958230332, 0.9999013961302933, 987.8779662859719, 657.5605107415664, 0.6656292914536117, 0.09486832980505137
-29.5, -13.5, 250.9803951860185, 0.9999013610847582, 983.662550814002, 673.5210354277482, 0.6847074079117834, 0.15811388300841897
-29.5, -12.5, 251.01951786067733, 0.9999852618080729, 993.8144999680236, 668.2851825990624, 0.6724445886234954, 0.15491933384829668
-29.5, -11.5, 251.05563864056705, 0.9999012880308855, 976.7217053308302, 646.3427146796602, 0.6617470576849055, 0.15491933384829668
-29.5, -10.5, 251.0887584802024, 0.9999012500224815, 978.568686845431, 649.8301099155626, 0.6640618268814542, 0.15491933384829668
-29.5, -9.5, 251.11887825444967, 0.9999012110263868, 990.1133936552802, 678.0208688717792, 0.6847911291944812, 0.15491933384829668
-29.5, -8.5, 251.14599875864, 0.999901171042566, 992.7230492961734, 681.1834363377491, 0.686176710433689, 0.09486832980505137
-29.5, -7.5, 251.17012070867244, 0.999901130070983, 979.776838701177, 668.1003185493968, 0.6818902959933729, 0.15491933384829668
-29.5, -6.5, 251.1912447411066, 0.9999010881116005, 971.7994617053625, 641.0353230776565, 0.6596374543702005, 0.15491933384829668
-29.5, -5.5, 251.20937141324518, 0.9999010451643805, 980.3348427321292, 689.9177372833333, 0.7037572339677101, 0.15491933384829668
-29.5, -4.5, 251.22450120320573, 0.999901001229284, 972.2176847692431, 669.8007410886026, 0.6889411204730148, 0.15491933384829668
-29.5, -3.5, 251.23663450998293, 0.9999009563062714, 986.0919682274406, 666.5692541294146, 0.6759706757652766, 0.15491933384829668
-29.5, -2.5, 251.2457716534998, 0.9999009103953017, 984.2929701580058, 674.0137019923721, 0.6847693953195405, 0.15491933384829668, (-901.4987209527369, 94.36623582357461, 3490.0), (-44.9, 4.700000000000706, 264.6207230046175)
-29.5, -1.5, 251.2519128746492, 0.9999008634963334, 967.5467397708271, 674.5122894036583, 0.6971366464047237, 0.15491933384829668
-29.5, -0.5, 251.25505833532497, 0.9999008156093241, 999.9576063569475, 712.969793457613, 0.7130000201259626, 0.15491933384829668
-29.5, 0.5, 251.25511075937683, 0.9999007667342301, 1099.150827970446, 773.4857209260572, 0.703712085041394, 0.14491376746189438
-29.5, 1.5, 251.2519128746492, 0.9999007168710073, 990.600048187065, 694.886972518654, 0.7014808587889666, 0.15491933384829668
-29.5, 2.5, 251.2457716534998, 0.9999006660196106, 992.3716926650111, 686.1395830596415, 0.6914139007905554, 0.14491376746189438
-29.5, 3.5, 251.2366345099829, 0.9999006141799935, 981.19862213185, 679.8621864130924, 0.692889463028348, 0.15811388300841897
-29.5, 4.5, 251.22450120320573, 0.8217428716625805, 982.8512743377509, 690.082814321927, 0.702123334770978, 0.15491933384829668, (1020.1995650931194, 2277.4740982905787, -3500.0)
-29.5, 5.5, 251.20937141324512, 0.99990050753591, 985.3810656232151, 653.5861042010995, 0.6632825888406245, 0.15491933384829668
-29.5, 6.5, 251.1912447411066, 0.9999004527313469, 973.9311927196584, 648.7542974372311, 0.6661192313038197, 0.15811388300841897
-29.5, 7.5, 251.1701207086724, 0.9999003969383701, 967.0687041414636, 671.709646720009, 0.6945831706097179, 0.0
-29.5, 8.5, 251.14599875863993, 0.9999003401569292, 992.0853610178552, 669.3443983332281, 0.6746842808430287, 0.0
-29.5, 9.5, 251.11887825444958, 0.9999002823869726, 962.7217340513813, 663.4823084386443, 0.6891735015127785, 0.0, (-901.6449599787903, 118.47895910635893, 3490.0), (-44.9, 5.900000000000723, 264.6022368616057)
-29.5, 10.5, 251.08875848020233, 0.9999002236284479, 983.3413576730228, 692.5428493321408, 0.7042751165993597, 0.0
-29.5, 11.5, 251.05563864056697, 0.9999001638813019, 999.9511426454477, 645.9684160488526, 0.6459999778988136, 0.0
-29.5, 12.5, 251.0195178606773, 0.9999001031454803, 980.1430228308595, 649.1556098669301, 0.6623070253482313, 0.0
-29.5, 13.5, 250.98039518601843, 0.9999000414209281, 992.6652397689642, 656.5959987251349, 0.6614475579682361, 0.0
-29.5, 14.5, 250.9382695823033, 0.9998999787075894, 948.515409376503, 631.0778064613927, 0.6653321603665092, 0.0
-29.5, 15.5, 250.89313993533804, 0.9998999150054071, 952.078377054989, 659.4947831450415, 0.6926895926205361, 0.0
-29.5, 16.5, 250.8450050508777, 0.9998998503143236, 952.9988137462792, 646.629213060314, 0.6785204805432935, 0.0
-29.5, 17.5, 250.79386365447053, 0.9998997846342801, 995.7527103610354, 638.4493248148462, 0.641172570430022, 0.0
-29.5, 18.5, 250.73971439129247, 0.999899717965217, 982.2787711516362, 661.5563244155135, 0.6734914199966843, 0.0
-29.5, 19.5, 250.68255582597064, 0.9998996503070741, 998.2635529958576, 680.9401224515163, 0.6821245956621057, 0.0
-29.5, 20.5, 250.62238644239602, 0.9998995816597896, 972.7710402922631, 652.0895176622731, 0.6703422394917892, 0.0
-29.5, 21.5, 250.55594007392324, 0.9998995120233016, 1065.68174275666, 748.3067980327377, 0.7021859979481769, 0.0
-29.5, 22.5, 250.48622331976202, 0.9998994413975468, 983.0111674719726, 560.6156469226137, 0.5703044537778335, 0.0
-29.5, 23.5, 250.41670988916604, 0.999899369782461, 984.3839985379537, 512.6203921197194, 0.5207524633487375, 0.0
-29.5, 24.5, 250.34417857579166, 0.4455093133950538, 980.6713402890682, 488.16389549521267, 0.4977854204970635, 0.0, (362.964353442225, 318.6005894635517, -3490.0), (3490.0000000000005, 172.5266271632501, -1646.4145905683665)
-29.5, 25.5, 250.26862744846832, 0.999899223584036, 991.3439520554301, 530.4389687058871, 0.5350705651717418, 0.0
-29.5, 26.5, 250.19005449391335, 0.9998991490005641, 999.4790554321676, 535.7811198768007, 0.5360603776185513, 0.0
-29.5, 27.5, 250.10845761646718, 0.999899073427496, 960.1081547286869, 481.5111806957938, 0.5015176449905918, 0.0
-29.5, 28.5, 250.02383463781734, 0.9998989968647631, 977.3257782000355, 468.99815351556265, 0.47987903724316766, 0.0
-29.5, 29.5, 249.93618329671136, 0.999898919312296, 984.5227037631632, 504.21516020761743, 0.5121417294698685, 0.09486832980505139
-29.5, 30.5, 249.84550124865788, 0.9998988407700242, 968.1270632795616, 481.670960666178, 0.4975286601683276, 0.0
-29.5, 31.5, 249.75178606561676, 0.8579819795597076, 989.0926025296995, 470.4829271986627, 0.47567126272641946, 0.0, (475.0261677952641, 1973.2332433028012, 3500.0)
-29.5, 32.5, 249.655035235677, 0.9998986807157809, 984.1710723213026, 495.36859753508384, 0.5033358645328693, 0.0
-29.5, 33.5, 249.55524616272348, 0.999898599203664, 964.9903329007044, 432.0166619650541, 0.44769014490169795, 0.0
-29.5, 34.5, 249.45241616609184, 0.999898516701452, 997.8316758500304, 62.9594101502863, 0.06309622321485495, 0.0
-29.5, 35.5, 249.34654248021113, 0.99989843320907, 971.3817419197406, 0.0, 0.0, 0.0
-29.5, 36.5, 249.23762225423482, 0.9998983487264422, 981.104450080265, 0.0, 0.0, 0.0
-29.5, 37.5, 249.12565255165956, 0.999898263253492, 984.9005646114495, 0.0, 0.0, 0.0
-29.5, 38.5, 249.01063034993152, 0.9998981767901416, 984.6146714998, 0.0, 0.0, 0.0
-29.5, 39.5, 248.89255254004084, 0.9998980893363127, 970.6525888176834, 0.9899135707056769, 0.0010198433323208404, 0.0
-29.5, 40.5, 248.77141592610297, 0.9998980008919258, 988.8460602262062, 0.0, 0.0, 0.0
-29.5, 41.5, 248.64721722492786, 0.9998979114569008, 978.8985848875312, 0.0, 0.0, 0.0
-29.5, 42.5, 248.51348247317534, 0.9998978210311563, 1073.0392298804754, 0.740014867196614, 0.0006896438141213564, 0.0, (-902.2184347912557, 184.86435634922603, 3490.0), (-44.9, 9.20000000000077, 264.52980869863273)
-29.5, 43.5, 248.37641775496238, 0.9998977296146102, 971.7729713322327, 0.0, 0.0, 0.0
-29.5, 44.5, 248.24270476807382, 0.9998976372071797, 974.4926001623168, 0.937106191495856, 0.0009616349999371637, 0.0, (-902.2612846500317, 188.8921174991313, 3490.0), (-44.9, 9.400000000000773, 264.5244010475808)
-29.5, 45.5, 248.12669544208953, 0.9998975438087807, 683.0854742374853, 0.9843977658872806, 0.001441104814863973, 0.0
-28.5, -44.5, 248.3443473738455, 0.9998974494193285, 790.486458339008, 0.0, 0.0, 0.0
-28.5, -43.5, 248.4644732561519, 0.9998973540387373, 982.4881928099136, 0.8506572690172284, 0.000865819330188947, 0.0
-28.5, -42.5, 248.60150231417384, 0.9998972576669205, 1087.221597297535, 0.0, 0.0, 0.0
-28.5, -41.5, 248.73520229864567, 0.9998971603037907, 992.9521711692613, 0.0, 0.0, 0.0
-28.5, -40.5, 248.8593687356863, 0.9998970619492593, 963.866567789778, 0.0, 0.0, 0.0
-28.5, -39.5, 248.98047390304652, 0.9998969626032371, 954.7471634078421, 0.9957210497543124, 0.001042915955047428, 0.0
-28.5, -38.5, 249.09852108138938, 0.9998968622656338, 990.2735651055256, 0.0, 0.0, 0.0
-28.5, -37.5, 249.21351346414235, 0.9998967609363584, 978.5754481283532, 0.9378626927604252, 0.0009583958953335727, 0.0
-28.5, -36.5, 249.3254541579277, 0.9998966586153186, 992.237565246781, 0.9998799110809835, 0.0010077021331401637, 0.0, (-902.489444890338, 209.03987142227672, 3490.0), (-44.9, 10.400000000000787, 264.49561695808586)
-28.5, -35.5, 249.4343461829803, 0.9998965553024216, 982.3487926183838, 25.997411426664915, 0.026464542555572942, 0.0
-28.5, -34.5, 249.54019247355296, 0.9998964509975736, 978.0758731633175, 410.1366809535597, 0.41933012786327645, 0.0
-28.5, -33.5, 249.64299587830948, 0.9998963457006798, 990.572343195647, 515.2176545561474, 0.5201211785239468, 0.0
-28.5, -32.5, 249.74275916070528, 0.9998962394116445, 981.6861276045844, 494.3100874226299, 0.5035317027742845, 0.0
-28.5, -31.5, 249.83948499935633, 0.9998961321303711, 971.7815594610114, 509.54052734914865, 0.5243364852814866, 0.0
-28.5, -30.5, 249.93317598839542, 0.9998960238567622, 984.8585708323133, 485.1576236315325, 0.4926165421107329, 0.0
-28.5, -29.5, 250.02383463781746, 0.9998959145907195, 990.6383685244714, 516.2512164293692, 0.5211298419607058, 0.0
-28.5, -28.5, 250.1173059953062, 0.9998958043321435, 984.631887914888, 502.05650329516243, 0.5098925897660552, 0.0
-28.5, -27.5, 250.1960645390848, 0.9998956930809341, 995.0402866660917, 495.4971216008758, 0.49796689464810695, 0.0
-28.5, -26.5, 250.27764039316781, 0.9998955808369903, 978.5383524569414, 505.88494092929994, 0.5169801875001729, 0.0
-28.5, -25.5, 250.35619311271708, 0.9998954676002098, 987.3314564487248, 504.6936344006108, 0.5111694062862273, 0.0
-28.5, -24.5, 250.43172479179984, 0.99989535337049, 994.641202855131, 527.9266488248655, 0.5307709426368473, 0.0
-28.5, -23.5, 250.5042374421702, 0.9998952381477269, 972.2691123119569, 585.3701100625611, 0.6020659328265717, 0.0, (-902.8207726377378, 235.25619242454923, 3490.0), (-44.9, 11.700000000000806, 264.4538466691915)
-28.5, -22.5, 250.57373299353344, 0.9998951219318157, 982.5658808951673, 645.7936665813282, 0.6572522811325155, 0.0
-28.5, -21.5, 250.64343182333405, 0.999895004722651, 1074.907077065309, 707.4448053526254, 0.6581450810465197, 0.0
-28.5, -20.5, 250.70986111479309, 0.876387661438144, 980.8336687841676, 641.6844426573958, 0.6542235070833385, 0.0, (-108.8857125197425, 1877.0014155542501, 3500.0)
-28.5, -19.5, 250.77001504019333, 0.9998947673241334, 983.1924963876605, 613.6977279322264, 0.6241887831599693, 0.0
-28.5, -18.5, 250.8271589257603, 0.9998946471345648, 998.0660963429962, 620.0262281206547, 0.621227622491623, 0.0
-28.5, -17.5, 250.88129428645607, 0.9998945259513109, 962.2193414488631, 611.4725559810214, 0.6354814641953629, 0.0
-28.5, -16.5, 250.93242255656838, 0.9998944037742614, 994.5635857613289, 641.9367502929334, 0.6454456602707176, 0.0, (-903.0154716761867, 249.38511912662477, 3490.0), (-44.9, 12.400000000000816, 264.4293171632841)
-28.5, -15.5, 250.98054508989753, 0.9998942806033054, 970.0253464151867, 643.3519078619123, 0.6632320590791523, 0.0
-28.5, -14.5, 251.0256631599325, 0.9998941564383307, 991.4022519345614, 640.839069026093, 0.6463966243526268, 0.0
-28.5, -13.5, 251.06777796001668, 0.9998940312792245, 985.8966290333726, 660.2977672553488, 0.6697434069763898, 0.0
-28.5, -12.5, 251.10689060350305, 0.999893905125873, 986.1372453723932, 630.3455303527425, 0.63920669593481, 0.0
-28.5, -11.5, 251.14300212389836, 0.9998937779781614, 990.7856688192345, 633.7456365445611, 0.6396394866104849, 0.0
-28.5, -10.5, 251.1761134749977, 0.999893649835974, 988.2021643872987, 675.6667865954614, 0.683733360384194, 0.0
-28.5, -9.5, 251.20622553100765, 0.9998935206991942, 988.3351189245159, 663.9900881044931, 0.6718268686303814, 0.0
-28.5, -8.5, 251.23333908665998, 0.9998933905677047, 977.2462193734174, 653.7760290071548, 0.668998268856274, 0.0
-28.5, -7.5, 251.2574548573143, 0.999893259441387, 989.9443943651794, 688.5396344625937, 0.6955336465177246, 0.0
-28.5, -6.5, 251.27857347905072, 0.9998931273201218, 990.6783257683587, 699.3230243167502, 0.705903224211919, 0.0
-28.5, -5.5, 251.29669550875212, 0.999892994203789, 991.2102442299433, 722.6484620439709, 0.7290566923119179, 0.0
-28.5, -4.5, 251.31182142417617, 0.9998928600922672, 986.8734177727903, 711.8712929628698, 0.7213400220764333, 0.0
-28.5, -3.5, 251.32395162401696, 0.9998927249854347, 994.1023247999238, 697.4573220095621, 0.7015951020433782, 0.0
-28.5, -2.5, 251.33308642795677, 0.9998925888831682, 979.9195954944115, 733.851097430522, 0.748889093354912, 0.0
-28.5, -1.5, 251.33922607670718, 0.9998924517853442, 991.7201031761236, 714.0595054344559, 0.7200212067372432, 0.0
-28.5, -0.5, 251.34237073204008, 0.9998923136918377, 994.4012930982688, 739.6349823338768, 0.7437992965891935, 0.0
-28.5, 0.5, 251.3424231426698, 0.999892174602523, 1090.2137260044306, 784.3574784154516, 0.7194529473501272, 0.0
-28.5, 1.5, 251.33922607670718, 0.9998920345172736, 986.1407899815564, 707.6489126914544, 0.7175942014371897, 0.0
-28.5, 2.5, 251.33308642795677, 0.9998918934359619, 985.3804586278976, 727.4353359273397, 0.7382278890939891, 0.0
-28.5, 3.5, 251.32395162401696, 0.9998917513584595, 997.404522907665, 720.1822736640984, 0.7220563543912959, 0.0
-28.5, 4.5, 251.31182142417612, 0.999891608284637, 968.7248924618183, 701.3549170868993, 0.7239980334401728, 0.0
-28.5, 5.5, 251.29669550875212, 0.9998914642143641, 999.9594632753293, 742.9698323380359, 0.7429999511224848, 0.0, (-903.7018787779443, 293.8540630324889, 3490.0), (-44.9, 14.600000000000847, 264.3429337804243)
-28.5, 6.5, 251.27857347905072, 0.9998913191475097, 983.1712360879919, 690.0153628164413, 0.7018262307611757, 0.0
-28.5, 7.5, 251.2574548573143, 0.9998911730839417, 988.8498644923425, 705.3053214910624, 0.7132582476037991, 0.0
-28.5, 8.5, 251.23333908665995, 0.9998910260235271, 977.4987018941166, 663.3791218376446, 0.6786496192293688, 0.0
-28.5, 9.5, 251.20622553100762, 0.9998908779661319, 997.3516123438459, 651.3116912762902, 0.6530411975227696, 0.0
-28.5, 10.5, 251.17611347499766, 0.9998907289116212, 986.0598038707892, 629.6510742593449, 0.6385526230636746, 0.0
-28.5, 11.5, 251.1446760183993, 0.9998905788598593, 975.0053525517121, 664.5307392130563, 0.6815662472763822, 0.0
-28.5, 12.5, 251.106890603503, 0.9998904278107096, 978.4513096284377, 660.3821653460367, 0.6749259353506448, 0.0
-28.5, 13.5, 251.06777796001666, 0.9998902757640343, 999.9515363727639, 659.9680205553312, 0.6600000065496244, 0.0
-28.5, 14.5, 251.0256631599324, 0.9998901227196951, 992.2441724014224, 660.3433325876196, 0.6655048736536908, 0.0
-28.5, 15.5, 250.98054508989745, 0.9999842105356294, 987.1633214516344, 638.4711860366848, 0.646773610974328, 0.0
-28.5, 16.5, 250.93242255656835, 0.9998898136374659, 971.5033108266009, 631.9872062077325, 0.6505250153702594, 0.0
-28.5, 17.5, 250.88129428645598, 0.9998896575992942, 989.9088898058194, 653.9421221847059, 0.6606083942866532, 0.0
-28.5, 18.5, 250.82715892576024, 0.9998895005628953, 988.1333990192761, 620.5214873251145, 0.6279733970544696, 0.0, (-904.1608112062673, 320.18166811092277, 3490.0), (-44.9, 15.900000000000865, 264.2852600627443)
-28.5, 19.5, 250.77001504019324, 0.9998893425281259, 989.3668476570002, 639.6815400479, 0.6465564735292896, 0.0
-28.5, 20.5, 250.70986111479303, 0.9998891834948421, 991.8645177341556, 643.2266442999075, 0.64850252509215, 0.0
-28.5, 21.5, 250.64343182333397, 0.9998890234628989, 1092.8747826951144, 729.5078921592277, 0.6675127871101614, 0.0
-28.5, 22.5, 250.57373299353338, 0.9998888624321502, 975.9393392764548, 630.0083842169112, 0.6455405155447355, 0.0
-28.5, 23.5, 250.50423744217014, 0.9998887004024496, 973.6507963817678, 593.8023697318405, 0.6098720115451033, 0.0
-28.5, 24.5, 250.43172479179975, 0.9998885373736491, 996.9211888611756, 488.2514130236871, 0.48975928937917046, 0.0
-28.5, 25.5, 250.35619311271697, 0.9998883733456002, 985.5427121190835, 506.3115796348167, 0.5137388500861229, 0.0
-28.5, 26.5, 250.2776403931677, 0.9998882083181532, 976.635902547215, 478.83352397007127, 0.4902886763851304, 0.0
-28.5, 27.5, 250.1960645390847, 0.9998880422911576, 977.924258874935, 474.13100195031905, 0.4848340734442858, 0.0
-28.5, 28.5, 250.11146337381186, 0.9998878752644621, 982.0893653663799, 502.00880903535307, 0.5111640821485455, 0.0
-28.5, 29.5, 250.02383463781734, 0.9998877072379142, 978.1011606077177, 486.24008668164515, 0.49712658185532926, 0.0
-28.5, 30.5, 249.9331759883953, 0.9998875382113609, 999.9152277623795, 510.9567395194424, 0.5110000581377949, 0.0
-28.5, 31.5, 249.83948499935616, 0.9998873681846477, 986.8204024598537, 511.25707803682644, 0.518085232897914, 0.0
-28.5, 32.5, 249.74275916070516, 0.9998871971576198, 979.9390867842071, 488.4173500662506, 0.4984160308056017, 0.0
-28.5, 33.5, 249.64299587830934, 0.9999790344008953, 978.8945514451876, 495.674411043366, 0.5063613954246438, 0.0
-28.5, 34.5, 249.54019247355285, 0.9998868521019941, 975.1126827816361, 382.500175372138, 0.392262537577715, 0.0
-28.5, 35.5, 249.4343461829802, 0.9998866780730817, 997.7245884250111, 30.99691363012759, 0.03106760521864929, 0.0
-28.5, 36.5, 249.32545415792757, 0.9998865030432247, 982.1689682360027, 0.0, 0.0, 0.0
-28.5, 37.5, 249.2135134641422, 0.9998863270122634, 989.358255915454, 0.0, 0.0, 0.0
-28.5, 38.5, 249.09852108138924, 0.9998861499800371, 966.3901673149169, 0.0, 0.0, 0.0
-28.5, 39.5, 248.98047390304635, 0.9998859719463844, 981.5889563910448, 0.6172289180843807, 0.0006288058907607448, 0.0
-28.5, 40.5, 248.85936873568616, 0.4826456788524755, 978.6415496627455, 2.353454430050334, 0.0024048176074900657, 0.0, (-136.260245360218, -148.11676821816883, 184.61273992476757), (-136.260245360218, -148.11676821816883, 184.61273992476757)
-28.5, 41.5, 248.73520229864553, 0.9998856128741481, 985.3411473810223, 0.9740103947853656, 0.0009885006805756837, 0.0
-28.5, 42.5, 248.60150231417364, 0.9998854318352368, 1070.361838295799, 0.0, 0.0, 0.0
-28.5, 43.5, 248.46447325615173, 0.9998852497942433, 982.0416485687014, 0.0, 0.0, 0.0
-28.5, 44.5, 248.33079508464746, 0.9998850667510014, 975.8701085724759, 0.0, 0.0, 0.0, (-905.1982541249788, 372.96587308046605, 3490.0), (-44.9, 18.500000000000902, 264.1551277340159)
-28.5, 45.5, 248.21481598550034, 0.999884882705344, 697.9482506294762, 0.0, 0.0, 0.0
-27.5, -44.5, 248.42939054395464, 0.21353448413709883, 791.8323209206654, 0.0, 0.0, 0.0, (2077.4813068851686, -3500.0, 1009.7506150040322)
-27.5, -43.5, 248.549486238008, 0.9998845116061089, 977.5394636383966, 0.7224789368618402, 0.0007390790487094787, 0.0
-27.5, -42.5, 248.6864808850425, 0.9998843245521924, 1073.9376217391025, 0.0, 0.0, 0.0
-27.5, -41.5, 248.8201473201391, 0.9998841364951824, 964.4413313810793, 0.0, 0.0, 0.0
-27.5, -40.5, 248.94428262324791, 0.999883947434907, 993.6212857724017, 0.0, 0.0, 0.0
-27.5, -39.5, 249.06535744557877, 0.9998837573711935, 987.1805492578768, 0.0, 0.0, 0.0
-27.5, -38.5, 249.18337506535755, 0.9998835663038682, 978.6863775088833, 0.0, 0.0, 0.0
-27.5, -37.5, 249.2983386736418, 0.9998833742327566, 973.9509494973361, 0.0, 0.0, 0.0
-27.5, -36.5, 249.4102513747509, 0.999883181157683, 969.5588478735971, 0.9998986792337605, 0.0010312924083223042, 0.0
-27.5, -35.5, 249.51911618668316, 0.9998829870784711, 991.6775890009723, 341.5919107393175, 0.34445863708933994, 0.0
-27.5, -34.5, 249.62493604152075, 0.9998827919949433, 997.3441812445848, 490.17230589317046, 0.4914775812713771, 0.0
-27.5, -33.5, 249.7277137858221, 0.9998825959069214, 977.214874642249, 493.5200543754562, 0.5050271615606856, 0.0
-27.5, -32.5, 249.8274521810024, 0.999882398814226, 982.2981223829919, 500.57307389731943, 0.5095938417177888, 0.0
-27.5, -31.5, 249.93273189577408, 0.999882200716677, 991.7810274337493, 489.5180129732105, 0.4935746898081393, 0.0
-27.5, -30.5, 250.01782154614114, 0.9998820016140932, 999.4924384612726, 499.66114861482555, 0.4999148861836897, 0.0
-27.5, -29.5, 250.10845761646726, 0.9998818015062926, 982.7241962181448, 505.25482410787447, 0.5141369532288571, 0.0
-27.5, -28.5, 250.1960645390848, 0.999881600393092, 984.0136052730433, 489.20299661505123, 0.4971506430333426, 0.0
-27.5, -27.5, 250.28064465497752, 0.9998813982743076, 971.2877755935084, 473.80567685924024, 0.4878118398738415, 0.0, (-906.0578804511966, 411.66104145223284, 3489.9999999999995), (-44.9, 20.40000000000093, 264.04755385177646)
-27.5, -26.5, 250.36220022201752, 0.9998811951497544, 998.5758064951925, 513.5574937137254, 0.5142899421088647, 0.0
-27.5, -25.5, 250.44073341526342, 0.9998809910192467, 984.1779909738542, 539.4478794454976, 0.5481202428756901, 0.0
-27.5, -24.5, 250.51624632724668, 0.9998807858825977, 996.1348606631838, 620.2993761250298, 0.6227062224406654, 0.0
-27.5, -23.5, 250.588740968247, 0.9998805797396195, 989.4912071928009, 639.3572781856006, 0.646147508475053, 0.0
-27.5, -22.5, 250.65821926655642, 0.9998803725901237, 978.0770978583208, 607.2853075767752, 0.6208971755974428, 0.0
-27.5, -21.5, 250.72790079975076, 0.9998801644339206, 1096.4237430059566, 675.2450236181155, 0.6158613655764723, 0.0
-27.5, -20.5, 250.79431361226972, 0.9998799552708197, 984.906467170593, 605.1579592678466, 0.614431907434139, 0.0
-27.5, -19.5, 250.8649666501546, 0.9998797451006296, 997.6974185753365, 607.8427906400805, 0.6092456283068773, 0.0
-27.5, -18.5, 250.9115823407916, 0.9998795339231578, 980.2237456019574, 620.0995054492286, 0.6326101650071987, 0.0
-27.5, -17.5, 250.96570428589007, 0.9998793217382109, 991.2463268833337, 648.0330933479269, 0.653755858430735, 0.0
-27.5, -16.5, 251.01681988940646, 0.9998791085455948, 989.7175643669428, 607.2399218154752, 0.6135486967980472, 0.0
-27.5, -15.5, 251.06493050415372, 0.9998788943451142, 994.2431524781736, 662.2793097398221, 0.6661140266232419, 0.0
-27.5, -14.5, 251.11003740269229, 0.9998786791365729, 988.606233985776, 656.5951319411743, 0.6641624434169017, 0.0
-27.5, -13.5, 251.152141777496, 0.9998784629197737, 999.9542717005161, 634.9709345942657, 0.6349999720631605, 0.0
-27.5, -12.5, 251.1912447411066, 0.9998782456945188, 975.6259143390052, 617.5142713902185, 0.6329416452704514, 0.0
-27.5, -11.5, 251.22734732627848, 0.9998780274606088, 981.5692054384302, 618.3064629044601, 0.6299163212116926, 0.0
-27.5, -10.5, 251.26045048611212, 0.9998778082178442, 981.8199449617641, 672.2162377226896, 0.6846634570546113, 0.0
-27.5, -9.5, 251.29055509417825, 0.9998775879660238, 979.1485942409032, 701.8282245502666, 0.7167739694242908, 0.0
-27.5, -8.5, 251.31766194463026, 0.999877366704946, 966.2682771305084, 698.1102069432867, 0.7224807265912103, 0.0
-27.5, -7.5, 251.34177175230758, 0.9998771444344078, 983.4255114986121, 721.6322104731556, 0.7337944786214488, 0.0, (-907.0561057539193, 452.5179681266963, 3490.0), (-44.9, 22.400000000000958, 263.9229233893313)
-27.5, -6.5, 251.36288515282777, 0.9998769211542056, 971.2767653550087, 691.9605258386982, 0.712423637134758, 0.0
-27.5, -5.5, 251.38100270266884, 0.9998766968641346, 992.7029181537769, 711.891387866868, 0.7171243025968327, 0.0
-27.5, -4.5, 251.39612487924117, 0.9998764715639894, 993.4829215669898, 729.7887723403733, 0.7345760621524324, 0.0
-27.5, -3.5, 251.40825208094927, 0.9998762452535633, 993.0548348519329, 702.8751416069052, 0.7077908660619993, 0.0
-27.5, -2.5, 251.417384627243, 0.9998760179326488, 997.8919495248658, 707.9382156292791, 0.7094337377572344, 0.0
-27.5, -1.5, 251.42352275865903, 0.9998757896010375, 989.4920194881511, 711.3990393146258, 0.7189537917472256, 0.0
-27.5, -0.5, 251.4266666368518, 0.9998755602585199, 975.5498854431751, 698.7888322573015, 0.7163025107012893, 0.0
-27.5, 0.5, 251.42671903452938, 0.24872981313822712, 1085.3503644975178, 809.8726745987178, 0.7461854725350949, 0.0, (-2794.9070012193033, 3500.0, -1033.730230966226)
-27.5, 1.5, 251.42352275865903, 0.7409937716385065, 986.6489248133669, 677.300962860538, 0.6864660223378395, 0.0, (2833.0185164386703, 3490.0, 2197.2892478963363), (1910.4645643991687, 2378.704538621535, 3490.0000000000005)
-27.5, 2.5, 251.417384627243, 0.9998748661634212, 990.685816552898, 686.6345012395559, 0.6930900692902903, 0.0
-27.5, 3.5, 251.40825208094927, 0.9998746327751655, 994.3305141056674, 685.9005104550495, 0.6898113863798803, 0.0
-27.5, 4.5, 251.39612487924117, 0.9998743983749423, 962.8109794848143, 676.2379433326121, 0.7023579474493081, 0.0
-27.5, 5.5, 251.3810027026688, 0.9998741629625364, 972.4729038939104, 698.7929522637879, 0.7185731853974834, 0.0
-27.5, 6.5, 251.36288515282774, 0.9998739265377318, 974.1840265499657, 712.3818644887851, 0.7312600546445598, 0.0
-27.5, 7.5, 251.34177175230755, 0.9998736891003114, 981.4478337955904, 704.1113234568921, 0.7174210377884841, 0.0
-27.5, 8.5, 251.31766194463023, 0.9998734506500573, 981.6102795342143, 729.7526459075785, 0.7434240055573326, 0.0
-27.5, 9.5, 251.2905550941782, 0.9998732111867505, 966.2136545933398, 682.0021934658309, 0.7058502953499163, 0.0
-27.5, 10.5, 251.2604504861121, 0.9998729707101713, 970.6317179694076, 639.1929197159628, 0.6585328996389843, 0.0
-27.5, 11.5, 251.2273473262784, 0.9998727292200988, 993.9086130457725, 648.7380260136796, 0.6527139593102643, 0.0
-27.5, 12.5, 251.19124474110657, 0.9998724867163111, 991.9797216114363, 633.7376008520945, 0.6388614475128684, 0.0
-27.5, 13.5, 251.15214177749593, 0.9998722431985856, 997.1344990073698, 642.5923087697929, 0.644438949218468, 0.0
-27.5, 14.5, 251.11003740269226, 0.9998719986666984, 982.7158437762116, 641.4014281801341, 0.6526824943774865, 0.0
-27.5, 15.5, 251.06493050415366, 0.9998717531204251, 978.505320611887, 621.0082916312118, 0.6346498874864347, 0.0
-27.5, 16.5, 251.01681988940643, 0.9998715065595399, 980.1536297075237, 605.0784655126289, 0.6173302298469102, 0.0
-27.5, 17.5, 250.96570428588998, 0.9998712589838163, 992.0528318672156, 619.6000077273136, 0.6245635190225897, 0.0
-27.5, 18.5, 250.91158234079157, 0.9998710103930267, 964.3839978374566, 613.9160458842023, 0.6365887937386489, 0.0
-27.5, 19.5, 250.85445262087006, 0.9998707607869428, 986.5155482523669, 615.433133237926, 0.6238453457000032, 0.0
-27.5, 20.5, 250.79431361226966, 0.6564523013558059, 986.2265999493253, 593.4289413498711, 0.601716625145137, 0.0, (-3200.6245739282854, 1734.1871666418174, -3490.0), (-3489.9999999999995, 1601.7619039006265, -3186.6955813644668)
-27.5, 21.5, 250.7279007997507, 0.9998702585279728, 1089.240736332365, 682.9524321520544, 0.6269986141462689, 0.0
-27.5, 22.5, 250.65821926655633, 0.999870005874625, 969.5279808730169, 572.0368308654121, 0.5900158037216402, 0.0
-27.5, 23.5, 250.5887409682469, 0.9998697522050594, 999.2304570681096, 667.5426492145671, 0.6680567475627557, 0.0
-27.5, 24.5, 250.5162463272466, 0.9998694975190423, 961.1393843828091, 562.373833443528, 0.585111631654397, 0.0
-27.5, 25.5, 250.4407334152633, 0.9998692418163398, 987.2687089861287, 514.8675419361073, 0.5215069993100949, 0.0
-27.5, 26.5, 250.3622002220174, 0.9998689850967166, 987.6743096578543, 513.5336547790633, 0.5199423025966519, 0.0
-27.5, 27.5, 250.2806446549774, 0.9998687273599364, 991.6034135741011, 483.5616196615498, 0.48765626765908054, 0.0
-27.5, 28.5, 250.1960645390847, 0.9998684686057622, 987.7645158636079, 493.80202126279767, 0.499918769435713, 0.0
-27.5, 29.5, 250.10845761646712, 0.9998682088339558, 985.8050132541922, 509.9429107619646, 0.5172857754888234, 0.0
-27.5, 30.5, 250.017821546141, 0.9998679480442783, 960.615341489414, 506.2946353125943, 0.5270524146820257, 0.0
-27.5, 31.5, 249.92415390370158, 0.9998676862364894, 963.2931729822463, 473.72266582165764, 0.4917741338860173, 0.0
-27.5, 32.5, 249.82745218100226, 0.9998674234103482, 992.1271683451876, 506.3397400690998, 0.5103577003275155, 0.0
-27.5, 33.5, 249.72771378582195, 0.9998671595656129, 980.7162443243827, 478.30857250216184, 0.48771352087847747, 0.0
-27.5, 34.5, 249.62493604152058, 0.9998668947020403, 992.1018421388643, 482.8325324817429, 0.4866763793531601, 0.0
-27.5, 35.5, 249.51911618668302, 0.9998666288193867, 974.1464971335912, 299.4104551721259, 0.30735670256284436, 0.0
-27.5, 36.5, 249.41025137475077, 0.9998663619174072, 993.1796804265636, 0.9998982360795425, 0.0010067646930211997, 0.0
-27.5, 37.5, 249.29833867364167, 0.9998660939958558, 979.5397575110549, 0.0, 0.0, 0.0
-27.5, 38.5, 249.18337506535738, 0.9998658250544858, 977.6281651083727, 0.0, 0.0, 0.0
-27.5, 39.5, 249.06535744557863, 0.9998655550930495, 977.6300365516897, 0.0, 0.0, 0.0, (-909.7835461313589, 549.1121180436693, 3489.9999999999995), (-44.9, 27.100000000001025, 263.58396473030075)
-27.5, 40.5, 248.94428262324777, 0.9998652841112982, 976.1229622356456, 0.0, 0.0, 0.0
-27.5, 41.5, 248.82014732013897, 0.9998650121089819, 990.2939559392353, 0.0, 0.0, 0.0
-27.5, 42.5, 248.68648088504233, 0.99986473908585, 1068.334343558835, 0.0, 0.0, 0.0
-27.5, 43.5, 248.5494862380078, 0.999864465041651, 971.9109373264092, 0.0, 0.0, 0.0
-27.5, 44.5, 248.41584166225923, 0.9998641899761322, 966.8116382489518, 0.0, 0.0, 0.0
-27.5, 45.5, 248.29989173104858, 0.99986391388904, 699.5589107974189, 0.9654910449486036, 0.0013801425870596828, 0.0
-26.5, -44.5, 248.5113923933704, 0.9998636367801197, 799.8942972007583, 0.0, 0.0, 0.0
-26.5, -43.5, 248.6314589926915, 0.9998633586491158, 991.0594555963862, 0.0, 0.0, 0.0
-26.5, -42.5, 248.7684204752041, 0.9998630794957718, 1078.5989726934226, 0.0, 0.0, 0.0
-26.5, -41.5, 248.90205457616347, 0.9998627993198301, 974.9890814425294, 0.0, 0.0, 0.0
-26.5, -40.5, 249.02615987306956, 0.9998625181210323, 981.4260119239098, 0.0, 0.0, 0.0
-26.5, -39.5, 249.14720544951018, 0.9998622358991189, 999.0175393607002, 0.0, 0.0, 0.0
-26.5, -38.5, 249.26519458136332, 0.9998619526538296, 985.8308678411529, 0.0, 0.0, 0.0
-26.5, -37.5, 249.38013045740365, 0.9998616683849028, 969.3043397489474, 1.9997955356181527, 0.0020631245044627627, 0.0
-26.5, -36.5, 249.49201617973205, 0.9998613830920761, 968.5917632193093, 214.8826390301932, 0.2218505744009092, 0.0
-26.5, -35.5, 249.6008547641923, 0.9998610967750862, 955.554931041988, 468.5755245099416, 0.4903700554388662, 0.0
-26.5, -34.5, 249.70664914077554, 0.9998608094336687, 984.5844049543649, 480.9401670188363, 0.48847022621806374, 0.0
-26.5, -33.5, 249.80940215401216, 0.9998605210675584, 959.5889959785868, 466.5767126924821, 0.48622557641635744, 0.0
-26.5, -32.5, 249.90911656335183, 0.9998602316764887, 993.6043644047435, 495.0620542294012, 0.49824867116599975, 0.0
-26.5, -31.5, 250.00579504353115, 0.9998599412601926, 961.9781168077825, 492.86413112522064, 0.5123444312441696, 0.0
-26.5, -30.5, 250.09944018492962, 0.9998596498184017, 989.2889109012139, 499.61929895556426, 0.5050287064275545, 0.0
-26.5, -29.5, 250.19005449391344, 0.9998593573508466, 962.2012763540953, 479.49377664024956, 0.49833001516804604, 0.0
-26.5, -28.5, 250.27764039316781, 0.9998590638572573, 956.7738666708466, 469.8119783419695, 0.49103763669539713, 0.0
-26.5, -27.5, 250.36220022201752, 0.9998587693373623, 985.0505761017998, 512.6521336749207, 0.5204322966884299, 0.0, (-911.3858523774481, 598.7947137001265, 3490.0), (-44.9, 29.50000000000106, 263.3858981144253)
-26.5, -26.5, 250.44373623673596, 0.9998584737908895, 972.7577431678319, 493.70441175522706, 0.5075306932509785, 0.0, (-911.4557291756537, 600.8705920623679, 3490.0), (-44.9, 29.60000000000106, 263.3772782191183)
-26.5, -25.5, 250.52225061084272, 0.9998581772175659, 979.7121700582057, 573.0430237907622, 0.5849095696715874, 0.0
-26.5, -24.5, 250.59774543538978, 0.9795270839248932, 981.7976898526593, 569.6662930279246, 0.5802277790177075, 0.0, (-73.02656000961798, 47.955174130027466, 240.86895848616243), (-73.02656000961798, 47.955174130027466, 240.86895848616243)
-26.5, -23.5, 250.6702227192366, 0.9998575809892677, 999.9386244669302, 599.963205535185, 0.6000000308569208, 0.0
-26.5, -22.5, 250.7396843893137, 0.9998572813337419, 981.2206551553501, 598.9337385217857, 0.6103965865118897, 0.0
-26.5, -21.5, 250.80934925229593, 0.9998569806502624, 1099.9278211429316, 671.9540827348924, 0.6109074339411353, 0.0
-26.5, -20.5, 250.87574618265305, 0.9998566789385511, 987.74845128748, 619.4578754479271, 0.6271413279772752, 0.0
-26.5, -19.5, 250.93587081465597, 0.9998563761983289, 985.8021870888124, 617.677434072018, 0.6265734060664754, 0.0
-26.5, -18.5, 250.99298688192846, 0.9998560724293155, 996.1726302843346, 650.0785688349667, 0.6525762192938555, 0.0
-26.5, -17.5, 251.04709589726085, 0.99985576763123, 959.9958508710042, 607.3785916863737, 0.6326887674934211, 0.0
-26.5, -16.5, 251.0981992928859, 0.9998554618037901, 980.1540890092019, 602.1586503480422, 0.6143510057247631, 0.0
-26.5, -15.5, 251.1462984206651, 0.9998551549467128, 991.2903152072856, 647.1885086689255, 0.6528748427584444, 0.0
-26.5, -14.5, 251.19139455226457, 0.9998548470597141, 988.2039088949468, 613.7679160540989, 0.6210944022073757, 0.0
-26.5, -13.5, 251.23348887932028, 0.9998545381425088, 979.1534011626717, 656.6084256430305, 0.6705879026344156, 0.0
-26.5, -12.5, 251.27258251359274, 0.9998542281948108, 988.3152838331322, 685.8536552068391, 0.6939624089863201, 0.0
-26.5, -11.5, 251.30867648711126, 0.9998539172163331, 984.8377536191856, 681.8063486606044, 0.6923032206625208, 0.0
-26.5, -10.5, 251.34177175230758, 0.9998536052067877, 979.0631392346461, 695.8803867358805, 0.7107615013265279, 0.0
-26.5, -9.5, 251.37186918213942, 0.9998532921658854, 973.5805018137457, 700.1364695994918, 0.71913567321363, 0.0
-26.5, -8.5, 251.39896957020335, 0.9998529780933361, 993.1219257119263, 728.0257768503775, 0.7330678721331091, 0.0
-26.5, -7.5, 251.42307363083745, 0.9998526629888488, 969.1818721305714, 697.0700308449784, 0.7192355231661481, 0.0
-26.5, -6.5, 251.4441819992138, 0.9998523468521315, 983.391305447801, 698.3666376213494, 0.7101614929403289, 0.0
-26.5, -5.5, 251.46229523142043, 0.9998520296828912, 972.3773263553941, 689.2378510844421, 0.7088172794688681, 0.0
-26.5, -4.5, 251.47741380453317, 0.9998517114808337, 994.572505105162, 707.1745895313848, 0.7110337214244737, 0.0
-26.5, -3.5, 251.48953811667732, 0.999851392245664, 978.8339902622085, 710.84403685138, 0.7262151130049747, 0.0
-26.5, -2.5, 251.49866848707907, 0.999851071977086, 977.6891449420813, 699.4825826718495, 0.7154447671742199, 0.0
-26.5, -1.5, 251.50480515610656, 0.9998507506748028, 999.1374778905576, 741.3119704352372, 0.7419519203707001, 0.0
-26.5, -0.5, 251.50794828530098, 0.35265251435614087, 987.1775735628183, 737.6566025736773, 0.7472380069488451, 0.0, (3500.0, 592.1278816892782, 1464.3195044847712)
-26.5, 0.5, 251.50800067049548, 0.999850104967927, 1099.8984070689135, 804.9340395564966, 0.7318258071684469, 0.0
-26.5, 1.5, 251.50480515610656, 0.9998497805627353, 996.1628579790143, 715.9329655843885, 0.7186906838073165, 0.0
-26.5, 2.5, 251.49866848707907, 0.9998494551226402, 987.884444928515, 728.5178421729674, 0.737452488408889, 0.0
-26.5, 3.5, 251.48953811667732, 0.9998491286473393, 969.2650011333062, 708.261439087952, 0.7307201211844256, 0.0
-26.5, 4.5, 251.47741380453314, 0.9998488011365297, 988.0265071372215, 718.5039298842329, 0.727211187851708, 0.0
-26.5, 5.5, 251.4622952314204, 0.9998484725899074, 974.0743495554624, 668.6928609418691, 0.6864905756393647, 0.0
-26.5, 6.5, 251.4441819992138, 0.999848143007167, 991.9058842640358, 675.7230850900633, 0.6812370969967876, 0.0
-26.5, 7.5, 251.42307363083742, 0.9998478123880026, 989.5780632265158, 720.7593296730572, 0.7283501488735754, 0.0
-26.5, 8.5, 251.3989695702033, 0.9287769724441393, 991.26608783013, 699.2427178548834, 0.705403651390433, 0.0, (-819.6334699109661, 628.6394531362492, 3500.0); (1248.9978738226978, -3490.0, 3178.222984493178), (1130.0808002819676, -3166.2057112331604, 3490.0)
-26.5, 9.5, 251.3718691821394, 0.9998471480391723, 990.4475396754287, 694.089771700794, 0.700783982893479, 0.0
-26.5, 10.5, 251.34177175230755, 0.9998468143088891, 985.2441034696467, 701.594264049715, 0.7121019669937356, 0.0
-26.5, 11.5, 251.30867648711123, 0.9998464795409473, 990.0292486237496, 709.0010843234553, 0.7161415537056561, 0.0
-26.5, 12.5, 251.2725825135927, 0.9998461437350359, 978.9019881697899, 636.3803966033166, 0.6500961324975232, 0.0
-26.5, 13.5, 251.23348887932022, 0.9998458068908426, 998.2036976282205, 663.0947974967523, 0.6642880597139613, 0.0
-26.5, 14.5, 251.1913945522645, 0.9998454690080542, 993.2465555090008, 620.7997017719389, 0.6250207446768369, 0.0
-26.5, 15.5, 251.14629842066503, 0.9998451300863566, 975.9937335253878, 637.5355527692702, 0.6532168505492627, 0.0
-26.5, 16.5, 251.09819929288585, 0.9998447901254344, 984.6307274992402, 580.9187679537068, 0.5899864301707516, 0.0
-26.5, 17.5, 251.04709589726076, 0.9998444491249716, 966.1380597193868, 603.0604989937598, 0.6241970212506872, 0.0
-26.5, 18.5, 250.99298688192837, 0.9998441070846509, 995.288554961451, 600.7068755793599, 0.6035504704488701, 0.0
-26.5, 19.5, 250.9358708146559, 0.999843764004154, 980.9789215355659, 600.5546927400154, 0.6121993852833687, 0.0
-26.5, 20.5, 250.875746182653, 0.9998434198831616, 987.7237733303851, 606.4905644662459, 0.6140285177315258, 0.0
-26.5, 21.5, 250.80934925229587, 0.9998430747213535, 1075.4388865597093, 639.9826398327332, 0.5950897329740557, 0.0
-26.5, 22.5, 250.73968438931362, 0.9998427285184083, 993.1828814529484, 627.6218425412816, 0.6319297827839322, 0.0
-26.5, 23.5, 250.6702227192365, 0.9998423812740037, 977.8251443960431, 595.1271682331882, 0.6086233020738799, 0.0
-26.5, 24.5, 250.5977454353897, 0.9998420329878164, 983.268228420584, 589.8250738457778, 0.5998618248788625, 0.0, (-915.3547628472041, 707.4122554743658, 3490.0), (-44.9, 34.70000000000113, 262.89864326550287)
-26.5, 25.5, 250.5222506108426, 0.9998416836595219, 991.4501291052809, 597.6031213500738, 0.6027566125684725, 0.0
-26.5, 26.5, 250.44373623673584, 0.9998413332887948, 983.3220169807839, 541.1639777401992, 0.5503425819771659, 0.0
-26.5, 27.5, 250.3622002220174, 0.9998409818753088, 988.8235789983542, 507.86053366322534, 0.513600751893145, 0.0
-26.5, 28.5, 250.2776403931677, 0.9998406294187364, 999.9263187648986, 487.9640600036329, 0.48800001644757424, 0.0
-26.5, 29.5, 250.19005449391335, 0.9998402759187491, 966.4946785514093, 498.3877261418314, 0.5156652563145193, 0.0
-26.5, 30.5, 250.0994401849295, 0.9998399213750175, 986.030012803718, 508.011763505238, 0.5152092298496438, 0.0
-26.5, 31.5, 250.00579504353104, 0.999839565787211, 980.7762240570078, 489.599044493006, 0.49919546628869743, 0.0
-26.5, 32.5, 249.90911656335166, 0.9998392091549981, 998.4122636927152, 445.7598911005762, 0.44646876577005795, 0.0
-26.5, 33.5, 249.80940215401202, 0.9998388514780462, 991.0165406529737, 521.3061424247892, 0.5260317270600794, 0.0
-26.5, 34.5, 249.7066491407754, 0.9998384927560217, 994.5088401256114, 476.29296318856547, 0.4789228048776392, 0.0
-26.5, 35.5, 249.60085476419218, 0.9998381329885898, 982.8766812057881, 462.36118037609396, 0.4704162681007668, 0.0
-26.5, 36.5, 249.4920161797319, 0.9998377721754151, 982.5878721905706, 188.61877685853514, 0.1919612303355938, 0.0
-26.5, 37.5, 249.3801304574035, 0.9998374103161608, 999.8964734749592, 0.9998979099745317, 0.0010000014366483036, 0.0, (-916.4552835582025, 734.7971093117227, 3490.0), (-44.9, 36.00000000000115, 262.76437458847846)
-26.5, 38.5, 249.26519458136315, 0.9998370474104893, 973.4691592233619, 0.0, 0.0, 0.0
-26.5, 39.5, 249.14720544951004, 0.9998366834580615, 993.0345241953396, 0.0, 0.0, 0.0
-26.5, 40.5, 249.02615987306942, 0.9998363184585379, 995.2410135022387, 0.0, 0.0, 0.0
-26.5, 41.5, 248.90205457616332, 0.9998359524115777, 960.5685927826178, 0.0, 0.0, 0.0
-26.5, 42.5, 248.76842047520395, 0.9998355853168389, 1082.4536790699494, 0.9344329371928055, 0.0008632544332018676, 0.0
-26.5, 43.5, 248.63145899269134, 0.9998352171739787, 995.0664655888459, 0.0, 0.0, 0.0
-26.5, 44.5, 248.49784679574515, 0.9998348479826531, 984.2423548857616, 0.0, 0.0, 0.0
-26.5, 45.5, 248.38192497589455, 0.9998344777425171, 688.3973592939034, 0.9679361145272192, 0.001406071800624049, 0.0
-25.5, -44.5, 248.59035513247028, 0.9998341064532248, 777.9142426718051, 0.966471989398416, 0.0012423888603440337, 0.0
-25.5, -43.5, 248.71039372826627, 0.999833734114429, 985.9937605958219, 0.9960282319843332, 0.001010177013069989, 0.0, (-917.3318089182733, 755.9304438747702, 3490.0), (-44.9, 37.000000000001165, 262.6576934354697)
-25.5, -42.5, 248.8473232900869, 0.9998333607257819, 1090.729764191137, 0.0, 0.0, 0.0
-25.5, -41.5, 248.98092626957938, 0.9998329862869341, 999.8844549917782, 0.0, 0.0, 0.0
-25.5, -40.5, 249.10500268563086, 0.9998326107975355, 997.5221272572262, 1.9561923306594564, 0.001961051566884213, 0.0
-25.5, -39.5, 249.22602011300125, 0.9820337648233096, 987.4804886404257, 0.9915558036618392, 0.0010041269828298322, 0.0, (-650.0830085960931, -202.21921781159025, 3500.0)
-25.5, -38.5, 249.34398182530975, 0.9998318566656801, 983.7731922758958, 1.9997943863103398, 0.0020327799151387167, 0.0
-25.5, -37.5, 249.45889100913482, 0.9998314780225177, 997.6831306904616, 72.99276152026128, 0.07316226893577478, 0.0
-25.5, -36.5, 249.570750764443, 0.9998310983273935, 990.2732824209951, 448.06797888536636, 0.45246901722920474, 0.0
-25.5, -35.5, 249.6795641050053, 0.999830717579952, 986.5467486582673, 489.60073465512664, 0.4962772776059503, 0.0
-25.5, -34.5, 249.7853339588011, 0.9998303357798368, 977.5343427693065, 489.5294895201575, 0.5007798377020133, 0.0
-25.5, -33.5, 249.88806316840973, 0.9998299529266904, 974.761800636351, 502.0482684746535, 0.5150471306394062, 0.0
-25.5, -32.5, 249.98775449138984, 0.9998295690201544, 981.0861683963639, 522.813337437063, 0.5328923740629515, 0.0
-25.5, -31.5, 250.08441060064695, 0.9998291840598691, 990.67139641899, 486.06040399087834, 0.49063736547542974, 0.0
-25.5, -30.5, 250.1780340847887, 0.9998287980454739, 986.9090430279607, 491.3290745833796, 0.4978463598589799, 0.0
-25.5, -29.5, 250.2686274484684, 0.999828410976607, 997.8273078365329, 481.5424726068807, 0.482590994278309, 0.0
-25.5, -28.5, 250.35619311271708, 0.9998280228529058, 995.5261809522959, 496.0572860000227, 0.49828652976811366, 0.0
-25.5, -27.5, 250.44073341526342, 0.9998276336740066, 997.6101212691559, 513.8040592444238, 0.5150349302699176, 0.0
-25.5, -26.5, 250.52225061084272, 0.9998272434395445, 986.6649015477914, 535.59269362202, 0.5428314038351117, 0.0
-25.5, -25.5, 250.60074687149393, 0.9998268521491536, 990.8675834359948, 582.2519705766097, 0.5876183460937899, 0.0
-25.5, -24.5, 250.67622428684578, 0.9998264598024668, 990.4440855516018, 566.2681623910223, 0.5717315804613585, 0.0
-25.5, -23.5, 250.7486848643912, 0.9998260663991163, 987.472313585131, 612.0277169173954, 0.6197922802466824, 0.0
-25.5, -22.5, 250.81813052975096, 0.999825671938733, 982.2713308126819, 561.5875655372661, 0.5717234616555863, 0.0
-25.5, -21.5, 250.88777934760586, 0.9998252764209468, 1090.1962883025653, 686.3746430512412, 0.62958813051907, 0.0
-25.5, -20.5, 250.9541609913323, 0.9998248798453864, 988.0780512677691, 589.655937484066, 0.5967706060543484, 0.0
-25.5, -19.5, 251.0142717858116, 0.9998244822116796, 979.3540082850756, 584.5884259089426, 0.5969122717255244, 0.0
-25.5, -18.5, 251.07137471236038, 0.9998240835194533, 986.5798470525203, 612.8307963432559, 0.6211669518429075, 0.0
-25.5, -17.5, 251.1254712827439, 0.9400692808706889, 985.3199042970879, 613.9360786750977, 0.6230829966974739, 0.0, (1181.2321274590188, 173.10536527967818, 3500.0)
-25.5, -16.5, 251.17656292822477, 0.9998232829579433, 971.5634747817901, 599.5729981364285, 0.617121797699415, 0.0
-25.5, -15.5, 251.22465099974931, 0.9998228810879077, 967.7856755860757, 604.8425661048535, 0.6249757372556382, 0.0
-25.5, -14.5, 251.26973676812312, 0.9998224781578486, 995.8775064866569, 695.2647429893153, 0.6981428322868046, 0.0
-25.5, -13.5, 251.31182142417617, 0.9998220741673877, 977.2264588095098, 716.6615704989729, 0.7333628393279835, 0.0
-25.5, -12.5, 251.35090607891726, 0.7598641839722976, 977.3075497670831, 669.2561506912272, 0.6847958463543311, 0.0, (-1417.5926858201763, 2612.9102781020333, 3500.0)
-25.5, -11.5, 251.3869917636781, 0.9998212630037397, 980.8625199771947, 686.5251071074113, 0.6999198084593682, 0.0
-25.5, -10.5, 251.42007943024717, 0.9998208558297902, 982.4789353587888, 676.3946468711688, 0.6884571490829552, 0.0
-25.5, -9.5, 251.45016995099238, 0.9998204475939136, 987.5356332861122, 717.0687502815348, 0.7261193683669166, 0.0
-25.5, -8.5, 251.4772641189745, 0.9998200382957261, 988.3423541841331, 692.8293629173081, 0.7010013888246568, 0.0
-25.5, -7.5, 251.50136264804948, 0.9998196279348422, 996.5419122112926, 702.2556582522191, 0.7046925469435978, 0.0
-25.5, -6.5, 251.5224661729606, 0.9998192165108764, 981.3379510196617, 712.9356393230164, 0.7264934965393307, 0.0
-25.5, -5.5, 251.54057524942075, 0.9998188040234411, 998.3805839940638, 727.186259565251, 0.7283657867785365, 0.0
-25.5, -4.5, 251.55569035418398, 0.9998183904721484, 990.8583579016622, 699.354791284458, 0.7058070265113164, 0.0
-25.5, -3.5, 251.567811885107, 0.9998179758566087, 978.3396888338976, 688.3074157156103, 0.703546450758854, 0.0
-25.5, -2.5, 251.5769401612006, 0.9998175601764318, 976.8212751701496, 692.3542293884144, 0.7087829135046381, 0.0
-25.5, -1.5, 251.583075422671, 0.9998171434312261, 976.1310638995008, 740.5121969338986, 0.75861964066143, 0.0
-25.5, -0.5, 251.58621783095037, 0.9998167256205992, 993.1237791981927, 738.1852613250823, 0.7432963310183376, 0.0
-25.5, 0.5, 251.58627020412982, 0.9998163067441574, 1049.1113289207294, 780.864722659505, 0.7443106380929253, 0.0
-25.5, 1.5, 251.583075422671, 0.9998158868015061, 975.3591181659018, 706.4094908658473, 0.7242557922606019, 0.0
-25.5, 2.5, 251.5769401612006, 0.3599670706109884, 980.443292339329, 732.5362892502642, 0.7471480451484748, 0.0, (3500.0, -1304.8563429974938, 1571.927007379767)
-25.5, 3.5, 251.56781188510698, 0.9998150437159908, 969.449538282671, 723.1903854703723, 0.7459804321032183, 0.0
-25.5, 4.5, 251.55569035418398, 0.999814620572332, 997.9848451288389, 719.390406698991, 0.7208430170160735, 0.0
-25.5, 5.5, 251.54057524942075, 0.8980986048194303, 966.1054625135233, 700.8063203566276, 0.7253931869232318, 0.0, (817.5110945459701, -1385.0276848438828, 3500.0)
-25.5, 6.5, 251.5224661729606, 0.9998137710812167, 970.1085228343431, 706.029877366993, 0.7277844290082126, 0.0
-25.5, 7.5, 251.50136264804942, 0.9998133447329591, 995.8453023998716, 735.4842873595572, 0.7385527507004607, 0.0
-25.5, 8.5, 251.47726411897446, 0.9564731377189255, 997.6664765644858, 738.5949642467957, 0.7403225242068715, 0.09486832980505139, (17.46861689413436, 60.889169275672785, 246.47083842899886), (17.46861689413436, 60.889169275672785, 246.47083842899886)
-25.5, 9.5, 251.45016995099235, 0.9998124888290326, 984.8875030530935, 666.6113504511368, 0.6768400943099396, 0.0
-25.5, 10.5, 251.42007943024714, 0.999812059272556, 981.7948505301358, 705.7224236582758, 0.7188084387254727, 0.0
-25.5, 11.5, 251.38699176367808, 0.9998116286458633, 979.1985966887438, 689.9025897953404, 0.7045583930862582, 0.0
-25.5, 12.5, 251.3509060789172, 0.9998111969485479, 973.4744829236888, 682.0967490650597, 0.7006827205336513, 0.0
-25.5, 13.5, 251.3118214241761, 0.9998107641802023, 974.1421862022609, 713.2523388235371, 0.7321850433397048, 0.0
-25.5, 14.5, 251.26973676812307, 0.9998103303404177, 998.1788960329433, 695.5474674668825, 0.6968164426549117, 0.0
-25.5, 15.5, 251.22465099974926, 0.9998098954287838, 968.4001151898167, 599.5989654886084, 0.6191644921180959, 0.0
-25.5, 16.5, 251.17656292822474, 0.9998094594448902, 994.3711181135432, 597.0641347154865, 0.6004439628618721, 0.0
-25.5, 17.5, 251.12547128274386, 0.9998090223883244, 970.4020650607387, 606.8896250264868, 0.6254001788305148, 0.0
-25.5, 18.5, 251.0713747123603, 0.9998085842586732, 994.3903511138285, 591.4370311507694, 0.5947735016618914, 0.0
-25.5, 19.5, 251.0142717858115, 0.9998081450555227, 973.1483410939995, 591.8292227381071, 0.6081593090656467, 0.0
-25.5, 20.5, 250.9541609913322, 0.9998077047784573, 989.4893870308792, 595.925481946568, 0.6022555570148533, 0.0
-25.5, 21.5, 250.88777934760577, 0.9999841621128852, 1079.2501469658662, 639.1951444152097, 0.592258566016601, 0.0
-25.5, 22.5, 250.81813052975085, 0.9998068210009147, 981.7309338636032, 599.0651782443131, 0.6102132036185224, 0.0
-25.5, 23.5, 250.74868486439115, 0.9998063774996013, 997.5567406278683, 585.0117712479912, 0.5864446075315788, 0.0
-25.5, 24.5, 250.67622428684572, 0.9998059329227006, 981.9739754367234, 583.3244430730258, 0.5940324872801216, 0.0, (-923.9989717441875, 901.3620258885653, 3490.0), (-44.9, 43.80000000000126, 261.853679656675)
-25.5, 25.5, 250.60074687149387, 0.9998054872697917, 977.7982570447837, 574.9354147856042, 0.5879898134848811, 0.14491376746189438
-25.5, 26.5, 250.5222506108426, 0.9998050405404526, 991.666425076954, 573.7232307245299, 0.5785445752890228, 0.15811388300841897
-25.5, 27.5, 250.4407334152633, 0.9998045927342601, 974.7049993258785, 492.73271418675387, 0.5055198388512787, 0.14491376746189438
-25.5, 28.5, 250.35619311271697, 0.9998041438507903, 980.1100434510305, 493.81761167601695, 0.5038389464281514, 0.15811388300841897
-25.5, 29.5, 250.2686274484683, 0.9998038337336339, 969.0385866005093, 504.30897462993266, 0.5204219745253925, 0.15491933384829668
-25.5, 30.5, 250.17803408478855, 0.9998032428503159, 984.9071758385902, 493.6843696851748, 0.5012496423988705, 0.15811388300841897
-25.5, 31.5, 250.08441060064683, 0.9998027907324575, 989.9357461586698, 464.2243715854908, 0.46894394245976, 0.15491933384829668
-25.5, 32.5, 249.98775449138972, 0.9998023375356138, 974.4671173061395, 504.78501254498406, 0.518011335200755, 0.15491933384829668
-25.5, 33.5, 249.88806316840956, 0.5657535850602178, 968.9644795502053, 462.30887953647783, 0.4771164364570746, 0.1264911064067352, (-2918.6965980138357, 2964.3365199856557, 3490.0), (-3490.0, 2549.0400197371987, 3033.969882926545)
-25.5, 34.5, 249.78533395880095, 0.9998014279032504, 967.9185998701331, 467.96757578568287, 0.4834782344801212, 0.15811388300841897
-25.5, 35.5, 249.67956410500517, 0.9998009714668682, 983.1345786831929, 461.7621171913245, 0.4696835277727766, 0.14491376746189438
-25.5, 36.5, 249.57075076444286, 0.7548443563752608, 991.497021152481, 450.7528047576673, 0.4546184155285996, 0.15811388300841897, (31.977660377011432, 133.36685832107918, 222.91865691512132), (31.977660377011432, 133.36685832107918, 222.91865691512132)
-25.5, 37.5, 249.45889100913467, 0.9998000553515368, 999.0887420683351, 73.93980279733991, 0.07400724248405414, 0.15491933384829668
-25.5, 38.5, 249.3439818253096, 0.9997995956717183, 971.8019400849772, 0.9998972576669205, 0.0010289105386839283, 0.15811388300841897
-25.5, 39.5, 249.2260201130011, 0.9997991349098831, 992.1074226391519, 0.9920265937647492, 0.0009999185281023423, 0.14491376746189438
-25.5, 40.5, 249.10500268563072, 0.9997986730655936, 987.1076812197354, 0.0, 0.0, 0.15491933384829668
-25.5, 41.5, 248.98092626957924, 0.9997982101384112, 979.6370751031762, 0.0, 0.0, 0.15811388300841897
-25.5, 42.5, 248.84732329008673, 0.9997977461278962, 1083.4372130337447, 0.0, 0.0, 0.15811388300841897
-25.5, 43.5, 248.7103937282661, 0.9997972810336075, 985.2531005162695, 0.0, 0.0, 0.14491376746189438
-25.5, 44.5, 248.57681269574397, 0.9997968148551034, 980.3872308245086, 0.0, 0.0, 0.15491933384829668
-25.5, 45.5, 248.46091793291427, 0.9997963475919405, 692.5229174360373, 0.0, 0.0, 0.14491376746189438
-24.5, -44.5, 248.66628088773928, 0.9998009704491027, 790.6788327141293, 0.9976081488427043, 0.0012617109597056718, 0.15811388300841897
-24.5, -43.5, 248.78629256899302, 0.9998014279032506, 977.4192629452618, 0.0, 0.0, 0.15811388300841897
-24.5, -42.5, 248.92319145141798, 0.9998018842768406, 1085.0953401986021, 0.0, 0.0, 0.15491933384829668
-24.5, -41.5, 249.0567645196456, 0.9998023395703058, 975.4599302234569, 0.0, 0.0, 0.15811388300841897
-24.5, -40.5, 249.18081317790163, 0.9999378340770317, 986.9106120624596, 0.0, 0.0, 0.14491376746189438
-24.5, -39.5, 249.30180355079236, 0.9998032469185882, 990.3941702165932, 0.0, 0.0, 0.12649110640673517
-24.5, -38.5, 249.41973890976712, 0.10782605425149143, 993.3568845535929, 6.999297205382626, 0.007046105296313577, 0.1264911064067352, (-3500.0, -146.29179145674797, 483.2327520343903)
-24.5, -37.5, 249.53462243929437, 0.9998041499515392, 981.3377549243212, 386.96500935267966, 0.394323980108685, 0.14491376746189438
-24.5, -36.5, 249.64645723729024, 0.999804599850836, 984.4056414451741, 498.2069756612384, 0.5060992691283615, 0.15491933384829668
-24.5, -35.5, 249.75524631553444, 0.9998050486725825, 984.6998790773143, 499.03620536905584, 0.5067901560388774, 0.15491933384829668
-24.5, -34.5, 249.8609926000737, 0.9998054964172038, 977.6188812443138, 456.1740908811122, 0.4666175128496839, 0.1264911064067352
-24.5, -33.5, 249.9636989316129, 0.9998059430851242, 984.8720872698879, 464.9452116920024, 0.4720869011333772, 0.14491376746189438
-24.5, -32.5, 250.06336806589414, 0.9998063886767665, 974.1058732162625, 481.1000562738398, 0.4938888774845013, 0.0
-24.5, -31.5, 250.16000267406366, 0.9998068331925526, 999.922000125275, 493.96148442596893, 0.4940000163653596, 0.0
-24.5, -30.5, 250.25360534302695, 0.9998072766329034, 983.1409302643871, 508.62999472125983, 0.5173520693360601, 0.0
-24.5, -29.5, 250.34417857579174, 0.9998077189982384, 987.4192582098203, 498.27935943837565, 0.5046279534204653, 0.0
-24.5, -28.5, 250.43172479179984, 0.9998081602889763, 973.187565799376, 477.8332568944918, 0.4909981114503859, 0.0
-24.5, -27.5, 250.51624632724668, 0.9998086005055347, 985.932602101409, 553.9317054409778, 0.5618352656767127, 0.0
-24.5, -26.5, 250.59774543538978, 0.9998090396483297, 972.2298952871228, 572.4463105657264, 0.5887972724770713, 0.0
-24.5, -25.5, 250.67622428684578, 0.9998094777177767, 987.1856091748101, 544.8209653297592, 0.5518931397158189, 0.0
-24.5, -24.5, 250.75168496987592, 0.99980991471429, 988.8560851928754, 561.3572259118519, 0.5676834418249646, 0.0
-24.5, -23.5, 250.82412949066043, 0.9998103506382826, 979.3990907461698, 591.5823560297503, 0.6040258374949525, 0.0
-24.5, -22.5, 250.8935597735616, 0.9998107854901664, 984.0172216386828, 589.0049585468284, 0.598571798942664, 0.0
-24.5, -21.5, 250.96319317011515, 0.9998112192703525, 1081.4137382299648, 650.2069125948761, 0.6012563828337535, 0.0
-24.5, -20.5, 251.02956012154337, 0.9998116519792506, 990.3230762780895, 578.8610904539146, 0.5845174209505812, 0.0
-24.5, -19.5, 251.08965761648813, 0.8722004197387603, 989.195313770052, 622.364199515735, 0.6291620985786529, 0.0, (-1753.8159336651313, -883.0696665481514, 3500.0)
-24.5, -18.5, 251.14674791320874, 0.9998125141848164, 973.8959732181062, 591.5615701620135, 0.6074176158745981, 0.0
-24.5, -17.5, 251.20083252248557, 0.9998129436822984, 980.4998579980846, 600.7163783340898, 0.6126634016659523, 0.0
-24.5, -16.5, 251.2519128746492, 0.9998133721101208, 991.8072002284136, 625.8980715551608, 0.631068287678307, 0.0
-24.5, -15.5, 251.29999031976678, 0.321038401281545, 990.5783839083217, 699.4045975198908, 0.706056793567808, 0.0, (74.36688360899971, -226.462221415965, 155.57)
-24.5, -14.5, 251.34506612781712, 0.9998142257584027, 975.1436238292399, 672.9227579292415, 0.6900755350137826, 0.0
-24.5, -13.5, 251.38714148885592, 0.9998146509796678, 989.4237775516085, 705.6500303499618, 0.7131929172918577, 0.0
-24.5, -12.5, 251.4262175131698, 0.999815075132884, 952.326285188298, 645.9968734651682, 0.678335653979601, 0.0
-24.5, -11.5, 251.46229523142043, 0.9998154982184516, 984.5987242187636, 698.0151811012005, 0.7089336639706143, 0.0
-24.5, -10.5, 251.4953755947779, 0.9998159202367694, 980.3301080187264, 709.2103375577799, 0.7234403307178978, 0.0
-24.5, -9.5, 251.52545947504387, 0.6871417029427679, 971.9193613145691, 684.5703706149421, 0.704348938670207, 0.0, (3490.0, -2995.0344305267317, 2655.367379754215), (2697.7137723174264, -2333.032435423014, 3490.0)
-24.5, -8.5, 251.5525476647642, 0.9998167610732457, 970.9788247985722, 711.247096281665, 0.732505259761161, 0.0
-24.5, -7.5, 251.57664087733164, 0.9998171798921967, 971.9344902972081, 695.6490610815652, 0.715736572810419, 0.0
-24.5, -6.5, 251.59773974707764, 0.9998175976454828, 957.5321434881379, 682.0813703821616, 0.7123326094280733, 0.0
-24.5, -5.5, 251.61584482935461, 0.9998180143334975, 986.9711807449005, 716.2877733418125, 0.7257433523045788, 0.0
-24.5, -4.5, 251.6309566006073, 0.9998184299566333, 992.0137452306739, 731.4084682649274, 0.7372967076125062, 0.0
-24.5, -3.5, 251.64307545843457, 0.9998188445152816, 993.4229259315159, 743.0493688337231, 0.747968815131761, 0.0
-24.5, -2.5, 251.65220172164038, 0.9998192580098325, 982.0524236900012, 690.558026731866, 0.703178374263501, 0.0
-24.5, -1.5, 251.6583356302751, 0.9998196704406754, 985.4005807010045, 691.4684346714736, 0.7017130375340043, 0.0
-24.5, -0.5, 251.66147734566636, 0.9998200818081986, 980.3249122644999, 677.8217934759261, 0.6914256538785624, 0.0
-24.5, 0.5, 251.6615297072978, 0.9998204921127889, 1085.543280779882, 778.9176517875536, 0.7175371683273275, 0.0
-24.5, 1.5, 251.6583356302751, 0.38742467268791897, 999.9707981649774, 705.979377881188, 0.7059999943765498, 0.0, (-3500.0, -865.2211539751506, 1603.4828682230616)
-24.5, 2.5, 251.65220172164038, 0.9998213095347139, 996.2489090398292, 721.3734622076948, 0.7240895881160307, 0.0
-24.5, 3.5, 251.64307545843457, 0.9998217166528176, 984.0329421771014, 718.1697224469265, 0.7298228460299593, 0.0
-24.5, 4.5, 251.6309566006073, 0.999822122709526, 979.3202987056724, 711.6411204464152, 0.726668406022996, 0.0
-24.5, 5.5, 251.6158448293546, 0.999822527705221, 970.8434705582456, 710.7972053455064, 0.7321439829396909, 0.0
-24.5, 6.5, 251.5977397470776, 0.9998229316402831, 999.9689615922437, 723.9774962287538, 0.7239999680349772, 0.0
-24.5, 7.5, 251.57664087733158, 0.9998233345150921, 989.1510546267975, 715.6142774635553, 0.7234630889955967, 0.0
-24.5, 8.5, 251.5525476647642, 0.9998237363300263, 981.4916864972233, 718.6452888324949, 0.7321970208400007, 0.0
-24.5, 9.5, 251.52545947504382, 0.9998241370854634, 994.7292167889284, 721.3096164314862, 0.7251316280423891, 0.0
-24.5, 10.5, 251.49537559477787, 0.9998245367817796, 984.6564423454453, 721.9116105941268, 0.7331609072444984, 0.0
-24.5, 11.5, 251.4622952314204, 0.9998249354193504, 956.1667749202318, 670.0395736987666, 0.7007559677595623, 0.0
-24.5, 12.5, 251.42621751316975, 0.9998253329985499, 983.826509983623, 687.9849936271463, 0.6992950348924818, 0.0
-24.5, 13.5, 251.38714148885586, 0.9998257295197513, 992.5882024162561, 696.5278878066521, 0.7017289608229226, 0.0
-24.5, 14.5, 251.3450661278171, 0.9998261249833271, 992.8649625966925, 689.7179540379506, 0.6946744824533787, 0.0
-24.5, 15.5, 251.29999031976672, 0.9998265193896481, 999.9594313108498, 705.9712799650075, 0.7059999214563611, 0.0
-24.5, 16.5, 251.25191287464912, 0.9998269127390843, 978.5992724277621, 635.0372767116211, 0.6489247382497906, 0.0
-24.5, 17.5, 251.2008325224855, 0.9998273050320049, 989.7572238756703, 611.769346523908, 0.6181004106525786, 0.0
-24.5, 18.5, 251.14674791320869, 0.9998276962687775, 999.9551295058799, 626.9717082635949, 0.6269998420563212, 0.0
-24.5, 19.5, 251.08965761648804, 0.9998280864497694, 993.612727348275, 593.4357771506293, 0.597250579442932, 0.0
-24.5, 20.5, 251.02956012154328, 0.999828475575346, 987.5739909674817, 604.3637926598204, 0.6119681139716453, 0.0
-24.5, 21.5, 250.96319317011506, 0.9998288636458724, 1088.486610048966, 640.2383184723841, 0.5881912671792836, 0.0
-24.5, 22.5, 250.89355977356155, 0.999829250661712, 996.2124643577995, 611.0932556614588, 0.6134165928704729, 0.0
-24.5, 23.5, 250.8241294906603, 0.9998296366232278, 969.2725924535151, 556.4625610076424, 0.5741032660369271, 0.0
-24.5, 24.5, 250.75168496987587, 0.999830021530781, 985.7690166414851, 589.9620678110292, 0.5984790126809116, 0.0
-24.5, 25.5, 250.67622428684572, 0.0967524628785361, 964.0187771088579, 583.2139634728663, 0.6049819540050404, 0.0, (-3500.0, 1368.1076067078502, -253.68029097731772)
-24.5, 26.5, 250.5977454353897, 0.5981296068129296, 975.5292570706927, 564.8034739089339, 0.5789713325512337, 0.0, (-3437.167661919613, 3490.0, 3268.708732103051), (-3182.8863648153606, 3225.559621640047, 3490.0)
-24.5, 27.5, 250.51624632724656, 0.9998311699332667, 999.486947035919, 537.6516269991737, 0.5379276123551535, 0.0
-24.5, 28.5, 250.43172479179972, 0.9998315506285654, 999.9309607332713, 482.96661979524936, 0.48299996575871534, 0.0
-24.5, 29.5, 250.34417857579163, 0.999831930271694, 974.6519778941022, 473.09274303914117, 0.48539658644241074, 0.0
-24.5, 30.5, 250.2536053430268, 0.9998323088630078, 974.9994782971925, 480.7163135011848, 0.4930426366388847, 0.0
-24.5, 31.5, 250.16000267406355, 0.999832686402861, 979.5815297793706, 480.8328287321356, 0.4908553439553242, 0.0
-24.5, 32.5, 250.063368065894, 0.999833062891607, 976.3613074987502, 481.6142576801275, 0.4932746248557622, 0.0
-24.5, 33.5, 249.96369893161275, 0.9998334383295977, 993.3844048745971, 477.6934412002049, 0.4808747136115027, 0.0
-24.5, 34.5, 249.86099260007356, 0.9998338127171845, 989.5651486186853, 519.4116022135026, 0.5248887381882226, 0.0
-24.5, 35.5, 249.75524631553427, 0.9998341860547173, 983.737026557098, 465.83837019536713, 0.47353953101238583, 0.0
-24.5, 36.5, 249.6464572372901, 0.9998345583425453, 981.8159966851726, 446.4345479111557, 0.45470286633994267, 0.0
-24.5, 37.5, 249.53462243929422, 0.9998349295810165, 992.8269979046862, 378.61325822363415, 0.3813486730544992, 0.0
-24.5, 38.5, 249.41973890976698, 0.9998352997704778, 983.2701611988606, 2.9237342970192373, 0.00297348014044731, 0.0
-24.5, 39.5, 249.30180355079221, 0.9998356689112751, 972.3984275383771, 0.0, 0.0, 0.0
-24.5, 40.5, 249.18081317790148, 0.9998360370037535, 989.7546199134389, 0.0, 0.0, 0.0
-24.5, 41.5, 249.05676451964544, 0.9998364040482565, 987.9247751177179, 0.7613099094922415, 0.0007706152620795711, 0.0
-24.5, 42.5, 248.9231914514178, 0.9998367700451273, 1081.305492082599, 0.9901114788992638, 0.0009156630444855181, 0.0
-24.5, 43.5, 248.78629256899282, 0.9998371349947075, 984.2240312264137, 0.9929762332053318, 0.0010088924896174422, 0.0
-24.5, 44.5, 248.65274148899195, 0.9998374988973379, 991.0950069758213, 0.0, 0.0, 0.0
-24.5, 45.5, 248.53687273099465, 0.9950025027631516, 695.1464662566603, 0.0, 0.0, 0.0, (15.620825941618842, -369.7651787734386, 3500.0)
-23.5, -44.5, 248.7391717020525, 0.9998382235631069, 799.2209564004972, 0.0, 0.0, 0.0
-23.5, -43.5, 248.85915755561138, 0.9998385843269221, 993.3270923226551, 0.0, 0.0, 0.0
-23.5, -42.5, 248.99602699750483, 0.9998389440451401, 1091.5596184218844, 0.5831479260935448, 0.0005342336930131469, 0.0
-23.5, -41.5, 249.12957136230006, 0.9998393027180965, 973.1093041739856, 0.0, 0.0, 0.0
-23.5, -40.5, 249.25359338362233, 0.999839660346126, 983.3102011929986, 0.0, 0.0, 0.0, (-913.8794761344581, -724.1678884547576, 3490.0), (-44.8, -35.499999999999865, 262.82971133044566)
-23.5, -39.5, 249.37455779448385, 0.999840016929562, 961.091474808702, 7.271087498923063, 0.007565447919897863, 0.0
-23.5, -38.5, 249.49246786425235, 0.9998403724687371, 989.7185996988525, 199.60440936706559, 0.20167794101050582, 0.0
-23.5, -37.5, 249.60732677537243, 0.9998407269639827, 976.412125409656, 456.75702597161705, 0.46779122676296503, 0.0
-23.5, -36.5, 249.71913762379347, 0.9998410804156295, 989.8101164690021, 513.6034047080893, 0.5188908419528907, 0.0
-23.5, -35.5, 249.82790341938508, 0.9998414328240065, 990.9801386552151, 505.2893824378528, 0.5098885060638482, 0.0
-23.5, -34.5, 249.9336270863401, 0.9998417841894424, 992.874892726963, 463.8754571516114, 0.4672043381795691, 0.0
-23.5, -33.5, 250.03631146356548, 0.9998421345122644, 979.512391059708, 496.52636668275306, 0.5069117769358432, 0.0
-23.5, -32.5, 250.13595930506074, 0.999842483792799, 977.0949406961646, 516.9980671983013, 0.5291175357329642, 0.0
-23.5, -31.5, 250.23257328028475, 0.9998428320313716, 977.9915781596692, 488.2690080019896, 0.4992568636641917, 0.0
-23.5, -30.5, 250.32615597451004, 0.9998431792283063, 972.7248108551479, 470.3605256878069, 0.48354942779171084, 0.0
-23.5, -29.5, 250.41670988916613, 0.9998435253839265, 978.0295209299137, 495.19699304496123, 0.5063211104038314, 0.0
-23.5, -28.5, 250.5042374421702, 0.9998438704985545, 989.9723644933655, 551.9878710990353, 0.5575790707870154, 0.0
-23.5, -27.5, 250.588740968247, 0.9998442145725114, 968.0779469466936, 501.65871611821814, 0.5182007478844486, 0.0
-23.5, -26.5, 250.6702227192366, 0.9998445576061176, 997.5370109678832, 549.5274616957271, 0.5508842836443085, 0.0
-23.5, -25.5, 250.7486848643912, 0.9998448995996921, 981.382442806353, 544.6843297129261, 0.5550173978610738, 0.0
-23.5, -24.5, 250.82412949066043, 0.9998452405535534, 972.2522738954449, 557.7701956300193, 0.5736887540465669, 0.0
-23.5, -23.5, 250.89655860296517, 0.0628319275705809, 974.5583228431553, 568.380336558812, 0.5832183905634621, 0.0, (3500.0, -2257.5915603685926, -153.40403737803587)
-23.5, -22.5, 250.96597412446084, 0.9998459193434034, 977.9362367086846, 544.7825842813041, 0.5570737271325679, 0.0
-23.5, -21.5, 251.03559272233056, 0.9998462571800234, 1080.0135257884613, 627.4897052228396, 0.5810017099227922, 0.0
-23.5, -20.5, 251.1019455746421, 0.9998465939781928, 986.4795699277151, 609.7046748622338, 0.6180611271117457, 0.0
-23.5, -19.5, 251.162030307, 0.9998469297382244, 977.4882908666839, 602.2427861143549, 0.6161125322333837, 0.0
-23.5, -18.5, 251.21910848379935, 0.9998472644604306, 991.741521591916, 621.5964217931809, 0.6267726098584755, 0.0
-23.5, -17.5, 251.27318161487563, 0.9998475981451223, 984.0910018499791, 626.2024715322877, 0.6363257771436771, 0.0
-23.5, -16.5, 251.3242511296655, 0.9998479307926096, 981.1013153795737, 694.0467653052028, 0.7074159971304149, 0.0
-23.5, -15.5, 251.37231837739265, 0.9998482624032016, 974.679731330893, 665.4386294539497, 0.6827254205289723, 0.0
-23.5, -14.5, 251.41738462724305, 0.9998485929772064, 993.5786555234044, 704.7590510568543, 0.7093137993041893, 0.0
-23.5, -13.5, 251.4594510685294, 0.999848922514931, 982.86151103347, 693.9968120382036, 0.7060982694382572, 0.0
-23.5, -12.5, 251.4985188108458, 0.9998492510166814, 991.0782485472499, 678.4440612391404, 0.6845514592148729, 0.0
-23.5, -11.5, 251.53458888421105, 0.9998495784827627, 988.3517408008087, 704.4349907388969, 0.7127371376592414, 0.0
-23.5, -10.5, 251.56766223920226, 0.9998499049134789, 989.3653844150516, 714.3632704254264, 0.7220419085591757, 0.0
-23.5, -9.5, 251.59773974707764, 0.9998502303091331, 960.9915352302169, 710.9969626921034, 0.7398576747315215, 0.0
-23.5, -8.5, 251.6248221998894, 0.9998505546700273, 972.4303036471099, 706.4682605797003, 0.7264975782121185, 0.0
-23.5, -7.5, 251.64891031058573, 0.9998508779964623, 978.8264496885046, 698.312333123857, 0.7134179234184808, 0.0
-23.5, -6.5, 251.67000471310322, 0.9998512002887384, 953.7687121322175, 686.8267767570272, 0.7201187961194253, 0.0
-23.5, -5.5, 251.68810596244842, 0.9998515215471544, 975.934393060249, 676.9333030240416, 0.6936258296025144, 0.0
-23.5, -4.5, 251.7032145347695, 0.9998518417720084, 990.4825561745565, 684.3379700395423, 0.6909137023902708, 0.0
-23.5, -3.5, 251.71533082741777, 0.9998521609635973, 993.9420130431092, 699.7596223892792, 0.7040245941982626, 0.0
-23.5, -2.5, 251.72445515899892, 0.9998524791222172, 983.4184727537978, 667.7512565245704, 0.679010284049997, 0.0
-23.5, -1.5, 251.73058776941383, 0.9998527962481631, 991.9817814835537, 670.7725359857748, 0.6761944105289959, 0.0
-23.5, -0.5, 251.7337288198898, 0.9998531123417289, 993.6985137765867, 730.9231912807484, 0.7355583017859699, 0.0
-23.5, 0.5, 251.73378117043953, 0.9998534274032076, 1072.6430434415552, 740.7871239741653, 0.6906184946646964, 0.0
-23.5, 1.5, 251.73058776941383, 0.9998537414328914, 992.4946190647466, 715.7748370059608, 0.7211876248562978, 0.0
-23.5, 2.5, 251.72445515899892, 0.999854054431071, 985.8017944595668, 686.3826962334333, 0.6962684589245649, 0.0
-23.5, 3.5, 251.71533082741777, 0.9998543663980366, 982.1085324926305, 703.7079393361057, 0.716527670877746, 0.0
-23.5, 4.5, 251.70321453476947, 0.9998546773340771, 998.410631855774, 702.936944583397, 0.7040559486799818, 0.0
-23.5, 5.5, 251.6881059624484, 0.9998549872394805, 989.1096979352484, 700.4334095920447, 0.7081453260990048, 0.0
-23.5, 6.5, 251.67000471310322, 0.9998552961145339, 987.093589498795, 703.9816834623053, 0.7131863593803277, 0.0
-23.5, 7.5, 251.64891031058573, 0.9998556039595233, 982.324610429741, 692.2217926228931, 0.7046772373137067, 0.0
-23.5, 8.5, 251.62482219988934, 0.9998559107747338, 993.2968933968667, 734.7755934098748, 0.7397341100072271, 0.0
-23.5, 9.5, 251.5977397470776, 0.9998562165604493, 976.571416410862, 689.2283517679828, 0.7057633883050407, 0.0
-23.5, 10.5, 251.56766223920218, 0.9998565213169529, 991.8213878363025, 747.5557600292663, 0.7537201447733333, 0.0
-23.5, 11.5, 251.53458888421102, 0.9998568250445266, 966.2441279822821, 715.644164592432, 0.7406452922894811, 0.0
-23.5, 12.5, 251.49851881084575, 0.7196983417126607, 997.0414066602533, 730.2202767390788, 0.7323871123718585, 0.0, (-2690.140834419789, 2251.6136788932076, -3500.0)
-23.5, 13.5, 251.45945106852938, 0.9998574294140076, 979.4296175430392, 670.3753338732813, 0.6844548315324178, 0.0
-23.5, 14.5, 251.41738462724297, 0.999857730056474, 981.1457438266386, 693.9555142604687, 0.707290959194219, 0.0
-23.5, 15.5, 251.37231837739262, 0.9998580296711289, 974.598850141662, 646.6368136100095, 0.6634902283293462, 0.0
-23.5, 16.5, 251.3242511296654, 0.9998583282582493, 977.6020836794445, 685.291685270534, 0.7009924556331459, 0.0
-23.5, 17.5, 251.27318161487554, 0.9998586258181112, 978.140339292081, 672.6741933430062, 0.687707240281949, 0.0
-23.5, 18.5, 251.2191084837993, 0.9998589223509899, 981.5973559675934, 629.0317273678836, 0.6408245942633229, 0.0
-23.5, 19.5, 251.16203030699995, 0.6935739763283345, 989.5190528107147, 592.6499178152886, 0.5989272426153646, 0.0, (69.87453801282015, -115.99570494698793, 223.697935649861), (69.87453801282015, -115.99570494698793, 223.697935649861)
-23.5, 20.5, 251.101945574642, 0.9998595123368932, 987.1231314292559, 595.3673208295207, 0.6031337954440276, 0.0
-23.5, 21.5, 251.0355927223305, 0.999859805790463, 1080.0205900808369, 635.2133788433621, 0.5881493229641278, 0.0
-23.5, 22.5, 250.96597412446079, 0.9998600982181401, 989.1947420289775, 562.6068651664901, 0.5687523813688136, 0.0
-23.5, 23.5, 250.8965586029651, 0.999860389620195, 980.2921652334543, 556.7763088692976, 0.5679697631131252, 0.0
-23.5, 24.5, 250.8241294906603, 0.9998606799968964, 985.7760801896953, 536.2874075478711, 0.5440255838269803, 0.0
-23.5, 25.5, 250.74868486439115, 0.3707676564110034, 978.8255146620884, 535.2038349921804, 0.546781655131808, 0.0, (3061.711764155487, 3490.0, -2044.7166859144097), (3490.0, 3109.7148830848323, -1774.2007588060947)
-23.5, 26.5, 250.6702227192365, 0.9998612576753118, 973.8857238089369, 560.9349956925581, 0.5759761971853342, 0.0
-23.5, 27.5, 250.5887409682469, 0.999861544977559, 981.6336141946032, 566.3814196181135, 0.5769784280286796, 0.0
-23.5, 28.5, 250.50423744217008, 0.9998618312555201, 994.0120410306395, 512.0877892692916, 0.5151726217907123, 0.0
-23.5, 29.5, 250.41670988916601, 0.9998621165094592, 989.9400298902232, 493.4677545852331, 0.49848247336755835, 0.0
-23.5, 30.5, 250.32615597450993, 0.9998624007396398, 987.327622491731, 502.91259978599993, 0.5093674969984058, 0.0
-23.5, 31.5, 250.23257328028458, 0.9998626839463242, 985.2522423244945, 485.79951143861774, 0.4930712061029939, 0.0
-23.5, 32.5, 250.13595930506065, 0.9998629661297735, 972.3212933269114, 482.14965305263667, 0.49587482693390894, 0.0
-23.5, 33.5, 250.0363114635653, 0.9998632472902486, 972.4269955516017, 492.44645862897005, 0.5064096954133134, 0.0
-23.5, 34.5, 249.93362708633995, 0.9998635274280085, 978.6690256000386, 477.5874521294358, 0.48799690154352116, 0.0
-23.5, 35.5, 249.82790341938494, 0.9998638065433118, 998.9249134158518, 486.75971240585034, 0.48728358445016834, 0.0
-23.5, 36.5, 249.71913762379333, 0.9998640846364159, 987.5462986818812, 475.6055325213773, 0.4816032758729263, 0.0
-23.5, 37.5, 249.6073267753723, 0.9998643617075772, 975.947225363473, 490.85076517620973, 0.5029480615546621, 0.0
-23.5, 38.5, 249.49246786425218, 0.9998646377570515, 984.8226432678518, 193.787641789219, 0.19677415330966622, 0.0
-23.5, 39.5, 249.3745577944837, 0.9998649127850929, 982.1841509271048, 1.71509217983809, 0.001746202255675962, 0.0
-23.5, 40.5, 249.25359338362216, 0.9998651867919554, 988.081184866362, 0.0, 0.0, 0.0
-23.5, 41.5, 249.12957136229986, 0.9998654597778912, 973.5479878166499, 0.0, 0.0, 0.0
-23.5, 42.5, 248.99602699750463, 0.9998657317431522, 1096.234322278317, 0.9633977702634627, 0.0008788246734158273, 0.0
-23.5, 43.5, 248.8591575556112, 0.9998765830480688, 996.000703465632, 0.0, 0.0, 0.0
-23.5, 44.5, 248.7256352186053, 0.999866272612651, 985.3573143574857, 0.0, 0.0, 0.0
-23.5, 45.5, 248.60979141531652, 0.9998665415173873, 696.0272094396965, 0.0, 0.0, 0.0
-22.5, -44.5, 248.8090295349463, 0.9998668094024453, 788.6547897400927, 0.0, 0.0, 0.0
-22.5, -43.5, 248.92899064561098, 0.9998670762680719, 965.0298475196182, 0.0, 0.0, 0.0
-22.5, -42.5, 249.06583188350552, 0.35025734791748153, 1073.6849676701147, 0.0, 0.0, 0.0, (3500.0, -408.5055867611977, 1445.332715785445)
-22.5, -41.5, 249.1993487504294, 0.9998676069420132, 992.8096114322427, 0.0, 0.0, 0.0
-22.5, -40.5, 249.3233452535735, 0.9998678707508164, 991.2198578815976, 0.0, 0.0, 0.0
-22.5, -39.5, 249.4442847928046, 0.9998681335411655, 959.7428334100078, 40.2511141304689, 0.04193947871166169, 0.0
-22.5, -38.5, 249.56217063549738, 0.9998683953133026, 974.4553215780974, 415.50861297108787, 0.4264008864954278, 0.0
-22.5, -37.5, 249.67700596215826, 0.9998686560674684, 996.9649530454337, 496.8943144516861, 0.49840700310860536, 0.0
-22.5, -36.5, 249.78879386685315, 0.999868915803903, 985.6530115168214, 491.6745668220115, 0.49883129364701434, 0.0
-22.5, -35.5, 249.8975373576226, 0.9998691745228455, 983.24724495731, 495.1367261326003, 0.5035729605874439, 0.0
-22.5, -34.5, 250.0032393568842, 0.9998694322245338, 989.8970940778163, 459.4974971388537, 0.46418713610521256, 0.0
-22.5, -33.5, 250.10590270182303, 0.999869688909205, 972.5442137752326, 488.0615955313253, 0.501840007496176, 0.0
-22.5, -32.5, 250.20553014477005, 0.9998699445770954, 999.9248995014777, 486.9637231141309, 0.48700029707922204, 0.0
-22.5, -31.5, 250.30212435356808, 0.99987019922844, 956.9605390575479, 487.96140300556107, 0.5099075490470323, 0.0
-22.5, -30.5, 250.3956879119261, 0.9998704528634731, 987.7784856174433, 499.93611191252614, 0.5061216853695945, 0.0
-22.5, -29.5, 250.4862233197621, 0.999870705482428, 992.7115201500811, 519.6014136006988, 0.523416322923445, 0.0
-22.5, -28.5, 250.57373299353344, 0.9998709570855366, 988.0025639249915, 528.7616552776393, 0.5351824727833222, 0.0
-22.5, -27.5, 250.65821926655642, 0.41755591835031813, 962.9585938123481, 508.52716790562874, 0.5280883011722989, 0.0, (3500.0, -1735.2529416157931, -1703.4522622407903)
-22.5, -26.5, 250.7396843893137, 0.9998714572451405, 990.5125819176208, 524.1405098824268, 0.529160880387503, 0.0
-22.5, -25.5, 250.81813052975096, 0.9998717058020953, 999.5868952637999, 527.7916795755716, 0.5280098029259204, 0.0
-22.5, -24.5, 250.8935597735616, 0.9998719533441236, 994.1477706222317, 535.9120354384369, 0.539066777872481, 0.0
-22.5, -23.5, 250.96597412446084, 0.9998721998714529, 980.1742282314257, 566.1631648331763, 0.5776148245141387, 0.0
-22.5, -22.5, 251.0353755044481, 0.9998724453843096, 964.5317533589287, 573.6944974505085, 0.5947906799881383, 0.0
-22.5, -21.5, 251.1049799250932, 0.9998726898829196, 1073.1555116250306, 610.5504037774302, 0.5689300359207973, 0.0
-22.5, -20.5, 251.17131927036635, 0.9998729333675072, 959.6212537020814, 539.3769150799509, 0.5620727062881444, 0.0, (-906.0234384644225, -493.45919416365274, 3490.0); (-906.0234384644225, -493.45919416365274, 3490.0), (-44.8, -24.399999999999707, 263.7996607229626); (-44.8, -24.399999999999707, 263.7996607229626)
-22.5, -19.5, 251.23139177608698, 0.999873175838296, 985.6490694648555, 595.2238977682863, 0.6038902853035257, 0.0
-22.5, -18.5, 251.28845834192418, 0.9998734172955089, 984.0329382692047, 668.8238739900091, 0.6796763075496128, 0.0
-22.5, -17.5, 251.34252047680886, 0.9998736577393676, 983.3789243111094, 688.1802631343882, 0.6998118895180533, 0.0
-22.5, -16.5, 251.39357960932153, 0.999873897170093, 977.7108916273155, 682.1116169792, 0.69766187818966, 0.0
-22.5, -15.5, 251.44163708787826, 0.9998741355879047, 991.5202789449554, 674.1069554147534, 0.6798720810148722, 0.0
-22.5, -14.5, 251.48669418090557, 0.9998743729930216, 975.2205590624512, 684.16393751186, 0.7015479023223171, 0.0
-22.5, -13.5, 251.52875207700492, 0.9998746093856618, 986.4124841215295, 688.1771705106709, 0.6976565905119719, 0.0
-22.5, -12.5, 251.567811885107, 0.9998748447660422, 993.8162380096395, 696.9449904144406, 0.7012815485992094, 0.0
-22.5, -11.5, 251.60387463461507, 0.9998750791343787, 963.1428840597971, 679.4527824634558, 0.7054537740023128, 0.0
-22.5, -10.5, 251.6369412755383, 0.9998753124908865, 988.9579217291247, 720.104714961028, 0.7281449484746273, 0.0
-22.5, -9.5, 251.6670126786147, 0.9998755448357796, 995.6948261874229, 660.5189564573641, 0.6633749007078122, 0.0
-22.5, -8.5, 251.69408963542347, 0.9998757761692713, 980.3320291668799, 698.9139322940601, 0.7129359354789432, 0.0
-22.5, -7.5, 251.71817285848738, 0.9998760064915737, 968.8724522455409, 700.8229431594071, 0.7233387031854611, 0.0
-22.5, -6.5, 251.73926298136456, 0.9998762358028982, 998.8648599670271, 711.3148920569257, 0.7121232516683053, 0.0
-22.5, -5.5, 251.75736055873048, 0.999876464103455, 997.6715177801336, 717.5177042412616, 0.7191923307961848, 0.0
-22.5, -4.5, 251.77246606644934, 0.9998766913934535, 992.915047251904, 734.0999104148186, 0.7393380858177049, 0.0
-22.5, -3.5, 251.7845799016355, 0.999876917673102, 957.0887975294689, 696.7227397795913, 0.7279603957104503, 0.0
-22.5, -2.5, 251.7937023827045, 0.9998771429426083, 989.3202950233257, 725.6736805577577, 0.7335073223587798, 0.0
-22.5, -1.5, 251.81444563619985, 0.9998773672021786, 976.1967060884884, 715.6981196096558, 0.7331494924597508, 0.0
-22.5, -0.5, 251.802974162896, 0.9998775904520185, 989.7443702038571, 729.0685936036451, 0.7366231277006196, 0.0
-22.5, 0.5, 251.8030265028293, 0.9998778126923328, 1068.715455757609, 773.3599089334168, 0.7236350000994272, 0.0
-22.5, 1.5, 251.7998337494143, 0.9998780339233251, 995.7603349471503, 713.0322528341479, 0.7160681419108664, 0.0
-22.5, 2.5, 251.7937023827045, 0.999878254145198, 984.0668800506209, 699.1391586742823, 0.7104589869321872, 0.0
-22.5, 3.5, 251.78457990163548, 0.9998784733581536, 994.5932553305129, 721.7527940887593, 0.7256763407760229, 0.0
-22.5, 4.5, 251.77246606644934, 0.9998786915623925, 978.057198123353, 719.0907728641916, 0.7352236395212334, 0.0
-22.5, 5.5, 251.75736055873048, 0.9998789087581146, 982.7217021120389, 691.1610804425393, 0.7033131342852352, 0.0
-22.5, 6.5, 251.7392629813645, 0.999879124945519, 977.4120799149251, 699.2158349889394, 0.7153746606546952, 0.0
-22.5, 7.5, 251.71817285848735, 0.9998793401248036, 999.9732331621265, 720.9807077742322, 0.7210000066645174, 0.0
-22.5, 8.5, 251.69408963542344, 0.9998795542961655, 979.8860417416495, 662.7058500368263, 0.676309103106452, 0.0
-22.5, 9.5, 251.66701267861467, 0.9998797674598009, 963.9566300429565, 677.0848365530311, 0.7024017631611272, 0.0
-22.5, 10.5, 251.63694127553828, 0.9998799796159048, 994.3281128702833, 700.5055187611979, 0.704501371020356, 0.0
-22.5, 11.5, 251.603874634615, 0.7360800423416096, 987.2319581557432, 711.6810118902005, 0.7208853056374898, 0.0, (970.8876784598084, -3007.0234820683218, 3500.0)
-22.5, 12.5, 251.56781188510698, 0.9998804009062947, 996.5086746864644, 735.8430601400439, 0.7384211285180887, 0.0
-22.5, 13.5, 251.5287520770049, 0.9998806100409663, 969.9362017069927, 685.5452974580667, 0.7067942162088332, 0.0
-22.5, 14.5, 251.48669418090552, 0.9998808181688779, 990.4154266947912, 659.6097060432609, 0.6659929644316089, 0.0
-22.5, 15.5, 251.44163708787823, 0.9998810252902198, 978.4918357631558, 670.5338027265507, 0.6852727618351366, 0.0
-22.5, 16.5, 251.39357960932145, 0.6361761876419361, 972.0364027307913, 653.8377235799612, 0.672647363558712, 0.0, (-3500.0, 932.8153306972773, 3073.2923312736307)
-22.5, 17.5, 251.34252047680877, 0.10856299089585529, 985.9355710763261, 698.5570012960244, 0.7085219580153942, 0.0, (-3500.0, 2457.9657972836885, 575.9058520665548)
-22.5, 18.5, 251.28845834192413, 0.9998816406167194, 991.4897765438832, 675.4025494551644, 0.6811997112158535, 0.0
-22.5, 19.5, 251.2313917760869, 0.9998818437136692, 996.4077858502047, 581.5348387372792, 0.5836313675942155, 0.0
-22.5, 20.5, 251.1713192703663, 0.9998820458049879, 979.3274892969052, 574.1055640641212, 0.58622429201522, 0.0
-22.5, 21.5, 251.1049799250931, 0.9998822468908601, 1082.9691323708012, 619.2916498788511, 0.5718460770189431, 0.0
-22.5, 22.5, 251.03537550444798, 0.99988244697147, 989.5128893884337, 579.6564165250438, 0.5857997634404735, 0.0
-22.5, 23.5, 250.96597412446073, 0.9998826460470004, 979.9597734322692, 598.4715839226211, 0.610710357861424, 0.0
-22.5, 24.5, 250.89355977356155, 0.9998828441176334, 985.3181411104882, 554.8489037583661, 0.5631165007608931, 0.0
-22.5, 25.5, 250.81813052975085, 0.5686895880562595, 974.918626687155, 561.8128920651009, 0.5762664459229611, 0.0, (-3500.0, 622.3629812019651, -2329.3549280390375)
-22.5, 26.5, 250.7396843893136, 0.9998832372449308, 985.3874044763166, 524.9327212647024, 0.5327171007870529, 0.0
-22.5, 27.5, 250.6582192665563, 0.9998834323019544, 995.1404594587743, 533.6082354024829, 0.5362139890209023, 0.0
-22.5, 28.5, 250.57373299353333, 0.9998836263547995, 963.028546102434, 490.63006008811357, 0.5094657495603738, 0.0
-22.5, 29.5, 250.486223319762, 0.9998838194036436, 970.4449135486356, 526.1035179875107, 0.5421261017935606, 0.0
-22.5, 30.5, 250.395687911926, 0.9998840114486627, 978.5398711629547, 485.7439012404589, 0.49639663702529785, 0.0
-22.5, 31.5, 250.30212435356793, 0.9998842024900326, 995.6642008104316, 482.5597416763976, 0.48466113503288855, 0.0
-22.5, 32.5, 250.20553014476994, 0.9998843925279279, 969.580552012958, 478.0529722864078, 0.4930513213099378, 0.0
-22.5, 33.5, 250.1059027018229, 0.9998845815625221, 984.3642557889386, 472.2171929793709, 0.47971793998239287, 0.0
-22.5, 34.5, 250.00323935688405, 0.999884769593988, 987.0218361538263, 504.5100525480131, 0.5111437600144297, 0.0
-22.5, 35.5, 249.89753735762247, 0.9998849566224973, 983.9635377407161, 477.3311702875409, 0.4851106285742493, 0.0
-22.5, 36.5, 249.788793866853, 0.9998851426482209, 974.9210352458256, 444.36545666516747, 0.4557963574487046, 0.0
-22.5, 37.5, 249.67700596215812, 0.9998853276713289, 981.0669289518141, 447.11537055838136, 0.45574400416909966, 0.0
-22.5, 38.5, 249.56217063549724, 0.9998855116919899, 957.8568065364327, 433.2263837506294, 0.4522872111930348, 0.0
-22.5, 39.5, 249.4442847928045, 0.9998856947103723, 998.784938035401, 42.99571863460268, 0.04304802465200846, 0.0
-22.5, 40.5, 249.3233452535733, 0.9998858767266429, 992.2871408248599, 0.0, 0.0, 0.0
-22.5, 41.5, 249.19934875042924, 0.9998860577409682, 984.7639973700711, 0.8455843806271883, 0.0008586670338125901, 0.0
-22.5, 42.5, 249.06583188350535, 0.9998862377535134, 1077.4497303289927, 0.0, 0.0, 0.0
-22.5, 43.5, 248.92899064561078, 0.9998864167644427, 952.5490358828462, 0.9393258455317084, 0.0009861181001155682, 0.0
-22.5, 44.5, 248.7954958443515, 0.9998865947739196, 988.0068144750123, 0.0, 0.0, 0.0
-22.5, 45.5, 248.67967594762652, 0.9998867717821067, 695.8838708506042, 0.0, 0.0, 0.0
-21.5, -44.5, 248.87909155965664, 0.9998869477891654, 859.6191648798236, 0.0, 0.0, 0.0
-21.5, -43.5, 248.9990278651148, 0.9998871227952565, 1096.7374043430755, 0.0, 0.0, 0.0
-21.5, -42.5, 249.13584082796936, 0.9998872968005394, 1197.9735665114922, 0.7571878718472927, 0.0006320572448457517, 0.0
-21.5, -41.5, 249.26933012774697, 0.9998874698051732, 1083.2618440795889, 0.0, 0.0, 0.0
-21.5, -40.5, 249.39330104841392, 0.9998876418093157, 1072.7267488083687, 5.581970157632377, 0.00520353404427835, 0.0
-21.5, -39.5, 249.51421565333456, 0.9998878128131236, 1094.4608838207384, 332.87600484567986, 0.30414609582355945, 0.0
-21.5, -38.5, 249.6320772078859, 0.9998879828167531, 1073.9903810899846, 497.8313507106744, 0.46353427318914087, 0.0
-21.5, -37.5, 249.7468888906323, 0.9998881518203593, 1082.879825994706, 514.7073242665953, 0.47531342990326575, 0.0
-21.5, -36.5, 249.8586537937523, 0.9998883198240962, 1084.6808545378262, 534.702617870366, 0.49295847311530033, 0.0
-21.5, -35.5, 249.96737492345326, 0.9998884868281172, 1099.35205210317, 560.5929807343043, 0.509930353667721, 0.0
-21.5, -34.5, 250.0730552003739, 0.9998886528325746, 1083.590040518927, 547.8982978548554, 0.5056324600330112, 0.0
-21.5, -33.5, 250.1756974599738, 0.9998888178376196, 1076.2393739916358, 532.390054640023, 0.4946762472231949, 0.0
-21.5, -32.5, 250.27530445291163, 0.9998889818434028, 1088.3427458350113, 538.326498350847, 0.4946295644556584, 0.0
-21.5, -31.5, 250.3718788454109, 0.9998891448500737, 1087.5300177531583, 556.0423077766393, 0.5112891586435703, 0.0
-21.5, -30.5, 250.46542321961374, 0.999889306857781, 1099.1188875861549, 558.5538967926348, 0.5081833303941402, 0.0
-21.5, -29.5, 250.5559400739233, 0.9998894678666723, 1082.0723399116732, 545.7002366424338, 0.5043103095001743, 0.0
-21.5, -28.5, 250.64343182333405, 0.9998896278768944, 1099.8882550055498, 569.9428420996697, 0.5181824967271734, 0.0
-21.5, -27.5, 250.72790079975076, 0.9998897868885932, 1089.10734668753, 569.1809407111724, 0.522612341604627, 0.0
-21.5, -26.5, 250.80934925229593, 0.9998899449019135, 1082.3031035210486, 576.9876735098832, 0.5331109849290587, 0.0
-21.5, -25.5, 250.88777934760586, 0.9998901019169995, 1075.3530372639793, 559.5687821005173, 0.5203582104759086, 0.0
-21.5, -24.5, 250.96319317011515, 0.9998902579339941, 1087.9800915075539, 609.3333676952805, 0.5600592992937591, 0.0
-21.5, -23.5, 251.03559272233056, 0.9998904129530397, 1063.666892646045, 620.6885008391461, 0.5835365424367793, 0.0
-21.5, -22.5, 251.10606231630538, 0.9998905669742773, 1084.8822554514736, 599.5861558975996, 0.5526739449232506, 0.0
-21.5, -21.5, 251.17457013270396, 0.9998907199978473, 1194.2719605778957, 702.5018036088691, 0.5882259877129962, 0.0
-21.5, -20.5, 251.24089593681882, 0.9998908720238893, 1087.0277227613167, 623.2178885955817, 0.5733229020254016, 0.0
-21.5, -19.5, 251.30095618501394, 0.9998910230525415, 1076.5077454823677, 762.0781189698155, 0.7079169863551137, 0.0
-21.5, -18.5, 251.35801111055395, 0.9998911730839417, 1096.7365706947505, 745.0385338654812, 0.6793231426517683, 0.0
-21.5, -17.5, 251.41206222146306, 0.9998913221182265, 1088.7050288971166, 748.8382055701078, 0.687824696032403, 0.0
-21.5, -16.5, 251.463110945464, 0.9998914701555317, 1094.6229053953016, 779.2355530548747, 0.711875796874056, 0.0
-21.5, -15.5, 251.51115863016335, 0.999891617195992, 1062.2979860277462, 755.4110112155643, 0.7111102733426755, 0.0, (-901.6535190795599, -297.8676804102032, 3490.0000000000005), (-44.8, -14.79999999999957, 264.3474279966619)
-21.5, -14.5, 251.55620654322658, 0.9998917632397413, 1086.1003573051034, 782.419597320504, 0.7203934627752907, 0.0
-21.5, -13.5, 251.59825587254238, 0.9998919082869127, 1080.327551119396, 772.8790539297462, 0.7154117777788015, 0.0
-21.5, -12.5, 251.6373077263767, 0.9998920523376382, 1074.7423437246332, 744.6952899292629, 0.6929058804442771, 0.0
-21.5, -11.5, 251.6733631335158, 0.999892195392049, 1081.4188047295163, 751.9831192483532, 0.6953671565166085, 0.0
-21.5, -10.5, 251.70642304339995, 0.9998923374502754, 1051.3242365362944, 711.9720670735676, 0.6772145474542083, 0.0
-21.5, -9.5, 251.73648832624554, 0.9998924785124466, 1088.477887224085, 761.3774895533003, 0.6994882472945961, 0.0
-21.5, -8.5, 251.76355977315794, 0.999892618578691, 1090.8858947983356, 745.3220392580857, 0.6832263968321528, 0.0
-21.5, -7.5, 251.7876380962334, 0.9998927576491362, 1089.3335317857304, 795.0345667204764, 0.7298357606023441, 0.0
-21.5, -6.5, 251.80872392865103, 0.9998928957239088, 1085.6875849343767, 778.162995092656, 0.7167467012526365, 0.0
-21.5, -5.5, 251.82681782475447, 0.9998930328031344, 1085.3217694675677, 773.1067913794368, 0.7123295718639312, 0.0
-21.5, -4.5, 251.84192026012326, 0.9998931688869377, 1079.5072045059808, 769.6546989088346, 0.7129685616698175, 0.0
-21.5, -3.5, 251.85403163163417, 0.9998933039754427, 1093.9776466295787, 798.3833014499112, 0.7297985511035255, 0.0
-21.5, -2.5, 251.86315225751244, 0.9998934380687722, 1093.175632365181, 775.5692305656002, 0.709464433347813, 0.0
-21.5, -1.5, 251.88125483861458, 0.9998935711670482, 1088.9712616954773, 774.9006852701647, 0.7115896557854801, 0.0
-21.5, -0.5, 251.87242215224956, 0.9998937032703918, 1063.342327181368, 729.6610109494753, 0.6861957737388378, 0.0
-21.5, 0.5, 251.87247448153968, 0.9998938343789234, 1176.293578485987, 817.7767698018237, 0.6952148551676938, 0.0, (-901.1369060932441, -265.51355268817895, 3490.0), (-44.8, -13.199999999999548, 264.41258026021154)
-21.5, 1.5, 251.86928237737263, 0.999893964492762, 1075.372745734264, 754.9082209507616, 0.7019967950139099, 0.0
-21.5, 2.5, 251.86315225751244, 0.9998940936120261, 1078.4146313581468, 729.1764178888751, 0.6761559020861541, 0.0
-21.5, 3.5, 251.85403163163414, 0.9998942217368332, 1075.0078222813381, 734.3261691366415, 0.6830891402987973, 0.0
-21.5, 4.5, 251.84192026012323, 0.9998943488672997, 1086.379715848294, 787.1950723765261, 0.7246039859662227, 0.0
-21.5, 5.5, 251.82681782475444, 0.9998944750035412, 1087.1395726371052, 808.2987560658075, 0.7435096434812821, 0.0
-21.5, 6.5, 251.808723928651, 0.9998946001456727, 1086.017521255732, 759.6244201789748, 0.6994587152706727, 0.0
-21.5, 7.5, 251.7876380962334, 0.9998947242938077, 1083.0588337744753, 770.8486885246481, 0.7117329774581401, 0.0
-21.5, 8.5, 251.7635597731579, 0.9998948474480592, 1080.637103598104, 756.1103108784853, 0.699689385419888, 0.0
-21.5, 9.5, 251.7364883262455, 0.9998949696085393, 1085.2892276698717, 772.2625263176634, 0.7115730135603758, 0.0
-21.5, 10.5, 251.7064230433999, 0.999895090775359, 1099.423166307984, 780.6505042065121, 0.71005462512496, 0.0
-21.5, 11.5, 251.67336313351578, 0.9998952109486284, 1084.3417798362443, 758.2996913584491, 0.6993179691674025, 0.0
-21.5, 12.5, 251.63730772637663, 0.9998953301284568, 1074.5641350087183, 782.538133470209, 0.7282377179505065, 0.0
-21.5, 13.5, 251.59825587254235, 0.9998954483149526, 1088.4960465449906, 777.8454402155091, 0.7146056641036763, 0.0
-21.5, 14.5, 251.55620654322652, 0.9998955655082231, 1084.3641036315476, 788.5516407488233, 0.7272019039619211, 0.0
-21.5, 15.5, 251.5111586301633, 0.9998956817083751, 1067.1895404793795, 748.7300813381439, 0.7015905356435707, 0.0
-21.5, 16.5, 251.46311094546394, 0.9998957969155139, 1069.216395482467, 736.9806509708558, 0.6892717452563051, 0.0
-21.5, 17.5, 251.412062221463, 0.9998959111297444, 1086.5964631544534, 734.3448286552618, 0.6758211107400586, 0.0
-21.5, 18.5, 251.35801111055386, 0.9998960243511704, 1084.0390425115672, 716.4768952790055, 0.6609327405948668, 0.0
-21.5, 19.5, 251.30095618501386, 0.9998961365798948, 1070.223449962633, 753.9356500495605, 0.7044656422692703, 0.0
-21.5, 20.5, 251.24089593681876, 0.9998962478160196, 1081.3694233387212, 647.439202367241, 0.5987215732143384, 0.0
-21.5, 21.5, 251.1745701327039, 0.9998963580596457, 1201.4096372940471, 687.0446204435281, 0.571865414689838, 0.0
-21.5, 22.5, 251.1049799250931, 0.9998964673108736, 1080.6124762763186, 658.7732322781069, 0.609629489517068, 0.0
-21.5, 23.5, 251.03559272233045, 0.9998965755698023, 1081.5299325958351, 632.964247722256, 0.5852489410099323, 0.0
-21.5, 24.5, 250.96319317011506, 0.9998966828365302, 1080.603305912081, 588.7331728620069, 0.5448189632967002, 0.0
-21.5, 25.5, 250.88777934760577, 0.999896789111155, 1088.1424955236332, 605.6715266978357, 0.556610489149563, 0.0, (-900.4490839304314, -215.06261602801735, 3490.0000000000005), (-44.8, -10.699999999999513, 264.49945497587146)
-21.5, 26.5, 250.80934925229585, 0.9998968943937729, 1077.873858540271, 535.2894446513611, 0.49661603759115747, 0.0
-21.5, 27.5, 250.72790079975067, 0.9998969986844798, 1084.9180413988588, 549.86478696608, 0.5068261066588052, 0.0
-21.5, 28.5, 250.6434318233339, 0.9998971019833702, 1079.9153684835426, 556.4396790913223, 0.5152623023345761, 0.0
-21.5, 29.5, 250.55594007392318, 0.9998972042905383, 1099.9283966388768, 566.9630724660313, 0.5154545279479441, 0.0
-21.5, 30.5, 250.46542321961365, 0.9998973056060767, 1074.9362339071283, 549.9310410490535, 0.5115941054942298, 0.0, (-900.3289261607192, -204.9856037240824, 3489.9999999999995), (-44.8, -10.199999999999505, 264.51464670932165)
-21.5, 31.5, 250.37187884541078, 0.41066536363998174, 1098.6654868458734, 528.3199341967621, 0.48087424290854935, 0.0, (3500.0, 1062.2400689843657, 1780.0380024068752)
-21.5, 32.5, 250.2753044529115, 0.999897505262632, 1070.0387967750353, 541.7259051074416, 0.5062675360371386, 0.0
-21.5, 33.5, 250.17569745997366, 0.9998976036038302, 1070.4421242126791, 539.3579337284577, 0.5038646382915479, 0.0
-21.5, 34.5, 250.07305520037374, 0.9998977009537614, 1064.1459431330634, 534.9983730777126, 0.5027490604367366, 0.0
-21.5, 35.5, 249.96737492345312, 0.9998977973125143, 1096.0285128331473, 525.5794022226183, 0.47953077503799335, 0.0
-21.5, 36.5, 249.85865379375213, 0.9998978926801759, 1075.5631693605924, 535.389107238938, 0.49777560490214584, 0.0
-21.5, 37.5, 249.7468888906322, 0.9998979870568333, 1067.8566646015129, 520.1191721997614, 0.4870683392642886, 0.0
-21.5, 38.5, 249.6320772078858, 0.9344857652581121, 1081.0896991003856, 501.87571853489186, 0.46423133894673224, 0.0, (244.15976828793532, -1269.1532604129197, 3500.0)
-21.5, 39.5, 249.51421565333442, 0.9998981728374766, 1080.1824181014451, 300.5530846231259, 0.2782428963724343, 0.0
-21.5, 40.5, 249.39927683323143, 0.9998982642416313, 1049.7373644920262, 5.999385905567153, 0.005715130382607929, 0.0
-21.5, 41.5, 249.27739073368085, 0.9998983546551189, 1094.2243717570545, 0.0, 0.0, 0.0
-21.5, 42.5, 249.13584082796922, 0.9998984440780215, 1191.6859561713954, 0.0, 0.0, 0.0
-21.5, 43.5, 248.9990278651146, 0.9998985325104204, 1077.5261036558436, 0.0, 0.0, 0.0
-21.5, 44.5, 248.86556066894693, 0.9998986199523957, 1074.205583599224, 0.0, 0.0, 0.0
-21.5, 45.5, 248.74976473898116, 0.9998987064040268, 738.6116324837279, 0.0, 0.0, 0.0
-20.5, -44.5, 248.9458668755996, 0.9998987918653923, 775.880890774268, 0.0, 0.0, 0.0
-20.5, -43.5, 249.06577954860654, 0.9998988763365697, 989.9353278978828, 0.0, 0.0, 0.0, (-3490.0, -593.7238164404239, 2218.891790470678), (-44.8, -8.499999999999481, 264.56085743664755)
-20.5, -42.5, 249.20256557321426, 0.9998989598176357, 1081.5992744477053, 0.0, 0.0, 0.0
-20.5, -41.5, 249.33602860915926, 0.999899042308666, 966.4580145612389, 0.9998969789139851, 0.0010345995002875807, 0.0
-20.5, -40.5, 249.45997515682183, 0.9998991238097354, 985.3322374207504, 80.99198001482048, 0.08219763541567329, 0.0
-20.5, -39.5, 249.58086600625154, 0.9998992043209182, 995.3191128312203, 468.6621855927669, 0.47086625741531357, 0.0
-20.5, -38.5, 249.69870442092318, 0.999899283842287, 965.4879454319503, 455.4324353277319, 0.47171219224697386, 0.0
-20.5, -37.5, 249.81349357755138, 0.9998993623739143, 997.1573565359683, 461.1547159222198, 0.46246935140129564, 0.0, (-899.8506603023787, -158.67902268723924, 3490.0), (-44.8, -7.899999999999473, 264.5751598450234)
-20.5, -36.5, 249.92523656651719, 0.9998994399158713, 976.0620935046853, 503.29514430836946, 0.5156384492929328, 0.09486832980505139
-20.5, -35.5, 250.0339363922824, 0.5915890518106427, 979.4527214688351, 468.2357689551731, 0.4780585715796306, 0.0, (3500.0, -982.4488554919142, 2811.4405206282972)
-20.5, -34.5, 250.1395959737913, 0.9998995920310546, 981.5817378640199, 471.0763489662331, 0.47991555954506976, 0.0
-20.5, -33.5, 250.24221814486032, 0.999899666604419, 971.7373661098196, 482.2062245029761, 0.4962310201504387, 0.0
-20.5, -32.5, 250.34180565455557, 0.9998997401883891, 971.5699735973992, 446.25470716665524, 0.4593129875291669, 0.0
-20.5, -31.5, 250.4383611675582, 0.9998998127830317, 988.1931521109618, 499.78561265207253, 0.5057570087228785, 0.0
-20.5, -30.5, 250.53188726451822, 0.9998998843884126, 983.6146967843166, 500.1427121003849, 0.5084742163120143, 0.0
-20.5, -29.5, 250.62238644239608, 0.9998999550045968, 968.2762612077103, 469.49376850614186, 0.4848758430993158, 0.0
-20.5, -28.5, 250.70986111479309, 0.9999000246316483, 983.8154706179442, 497.8010893608633, 0.505990304307971, 0.0
-20.5, -27.5, 250.79431361226972, 0.9999000932696303, 982.0779225354992, 523.4733598826219, 0.533026298494863, 0.0
-20.5, -26.5, 250.87574618265305, 0.999900160918605, 995.6043373888301, 525.8005375895555, 0.5281219836472104, 0.0
-20.5, -25.5, 250.9541609913323, 0.999900227578634, 991.86967123358, 564.3367883040563, 0.5689626416363708, 0.0
-20.5, -24.5, 251.02956012154337, 0.9999002932497774, 971.7168706895573, 570.7176942517797, 0.5873292020203196, 0.0
-20.5, -23.5, 251.1019455746421, 0.999900357932095, 978.0683865539271, 543.8272001951684, 0.5560216521374948, 0.0, (-899.6192878998454, -130.52511989617193, 3490.0), (-44.8, -6.499999999999453, 264.60446048324866)
-20.5, -22.5, 251.17131927036635, 0.9999004216256454, 989.5115542403157, 560.7084432220782, 0.5666517392538732, 0.0
-20.5, -21.5, 251.24089593681882, 0.9999004843304864, 1077.9146198784022, 635.4399761487264, 0.5895086349421713, 0.15811388300841897
-20.5, -20.5, 251.30720883988786, 0.9999005460466749, 974.9270344759055, 673.3290093302685, 0.6906455411734808, 0.15491933384829668
-20.5, -19.5, 251.3672574099881, 0.9999006067742668, 999.9612390204469, 700.9728389459557, 0.7010000103930253, 0.1264911064067352
-20.5, -18.5, 251.42430124548224, 0.9999006665133172, 992.1227400154793, 664.2710722541256, 0.6695452542935982, 0.14491376746189438, (-899.5475890423464, -120.47512353244599, 3490.0000000000005), (-44.8, -5.999999999999446, 264.6135437557287)
-20.5, -17.5, 251.47834185353102, 0.9999007252638803, 993.5800289249287, 675.0540076155114, 0.6794158376411127, 0.14491376746189438
-20.5, -16.5, 251.52938066104005, 0.9999007830260094, 985.2821219769443, 707.3054445659674, 0.7178709821170575, 0.14491376746189438
-20.5, -15.5, 251.57741901484508, 0.9999008397997567, 986.4560460549799, 688.4692973496199, 0.6979219196870817, 0.15491933384829668
-20.5, -14.5, 251.62245818188686, 0.9999008955851739, 974.7986389010504, 691.0522618544546, 0.708917959337243, 0.09486832980505139
-20.5, -13.5, 251.66449934937526, 0.9999009503823115, 989.3153890453613, 703.8791706247506, 0.711481069049131, 0.1264911064067352
-20.5, -12.5, 251.70354362494288, 0.9999010041912192, 998.7660285849462, 700.1458881488774, 0.7010109155803442, 0.14491376746189438
-20.5, -11.5, 251.7395920367887, 0.9999010570119458, 979.841897519161, 693.135902218185, 0.7073956563534585, 0.15491933384829668
-20.5, -10.5, 251.7726455338109, 0.9999011088445392, 980.5197412355034, 701.9718592535803, 0.7159181296738207, 0.15811388300841897
-20.5, -9.5, 251.80270498572932, 0.9999011596890462, 992.9388982907177, 708.5697384599995, 0.7136086013749265, 0.15811388300841897
-20.5, -8.5, 251.82977118319792, 0.9999012095455133, 982.9668753512046, 689.4947112070583, 0.7014424682019, 0.1264911064067352
-20.5, -7.5, 251.85384483790688, 0.9999012584139854, 967.6368964515303, 671.8373612361523, 0.6943073002898925, 0.14491376746189438
-20.5, -6.5, 251.87492658267422, 0.9999013062945068, 987.419538346162, 721.9371728039526, 0.7311351910385852, 0.14491376746189438
-20.5, -5.5, 251.89301697152754, 0.999901353187121, 976.1476729038134, 648.1676394151399, 0.664005721067788, 0.15811388300841897
-20.5, -4.5, 251.90811647977526, 0.9999013990918705, 991.0555317272679, 674.7392546996203, 0.6808289072597642, 0.15811388300841897
-20.5, -3.5, 251.9202255040681, 0.999901444008797, 986.3040392536631, 617.14946959181, 0.6257192965151064, 0.0
-20.5, -2.5, 251.92934436244985, 0.9999014879379411, 989.4429507955892, 622.7725004240035, 0.6294172897217024, 0.14491376746189438
-20.5, -1.5, 251.93547329439855, 0.9999015308793425, 979.2608072626822, 611.6269374688277, 0.6245802271802363, 0.14491376746189438
-20.5, -0.5, 251.94728752553365, 0.9999015728330405, 964.2218050994684, 577.0362220079472, 0.598447596762677, 0.14491376746189438
-20.5, 0.5, 251.93866478000726, 0.9999016137990728, 1093.7186205474811, 674.720222391841, 0.6169047593375501, 0.15811388300841897
-20.5, 1.5, 251.93547329439855, 0.9999016537774766, 981.0519977005991, 587.7232361088686, 0.5990745011338655, 0.15811388300841897
-20.5, 2.5, 251.92934436244985, 0.9999016927682883, 996.1749631409834, 608.7047352253547, 0.6110419933724112, 0.15491933384829668
-20.5, 3.5, 251.92022550406807, 0.9999017307715431, 989.1301020300449, 626.6618712326144, 0.6335484785535114, 0.15491933384829668
-20.5, 4.5, 251.90811647977526, 0.9999017677872755, 989.4544444226918, 652.4960898131976, 0.6594503602375587, 0.14491376746189438, (-899.2917730541732, -74.27186518526592, 3490.0000000000005), (-44.8, -3.699999999999413, 264.64596544949205)
-20.5, 5.5, 251.89301697152752, 0.999901803815519, 981.7770192891597, 650.353946801664, 0.6624253104564849, 0.09486832980505137
-20.5, 6.5, 251.8749265826742, 0.9999018388563062, 996.3610872114862, 683.6380697019473, 0.6861348545989927, 0.12649110640673517
-20.5, 7.5, 251.85384483790688, 0.39797404557365046, 990.8333717490464, 688.9049135533321, 0.6952782709945046, 0.15811388300841897, (3500.0, -1148.467577322535, -1507.5925287786388)
-20.5, 8.5, 251.8297711831979, 0.9999019059756383, 979.5191734048975, 707.0586203075836, 0.7218425524533468, 0.15491933384829668
-20.5, 9.5, 251.8027049857293, 0.9999019380542439, 975.331428726117, 686.9636083895174, 0.7043386362385168, 0.12649110640673517
-20.5, 10.5, 251.77264553381087, 0.999901969145515, 994.1530318025256, 696.0714442727693, 0.7001652884472962, 0.15491933384829668
-20.5, 11.5, 251.73959203678868, 0.9999019992494796, 984.3992665228757, 692.5499314429934, 0.7035254443953812, 0.14491376746189438
-20.5, 12.5, 251.70354362494282, 0.9999020283661653, 997.4751365101394, 692.2326620039204, 0.6939848790876442, 0.14491376746189438
-20.5, 13.5, 251.66449934937518, 0.9999020564955982, 997.984818606619, 698.9865525609627, 0.7003979815413264, 0.15491933384829668
-20.5, 14.5, 251.62245818188683, 0.9999020836378039, 980.9899464945513, 673.3872745652842, 0.6864364685607146, 0.15491933384829668
-20.5, 15.5, 251.57741901484505, 0.9999021097928069, 990.361486896028, 711.877629594423, 0.7188058491910627, 0.15811388300841897
-20.5, 16.5, 251.52938066103997, 0.9999021349606311, 992.2339725051373, 698.8028710963603, 0.704272268900511, 0.15811388300841897
-20.5, 17.5, 251.47834185353094, 0.9999021591412992, 990.8053636847203, 699.8006771615243, 0.7062948009879816, 0.14491376746189438
-20.5, 18.5, 251.42430124548216, 0.9999021823348331, 986.7837554871618, 673.2132823469038, 0.6822297981735091, 0.15491933384829668
-20.5, 19.5, 251.367257409988, 0.9999022045412539, 979.8317675815551, 678.9506513706499, 0.6929257387178338, 0.15491933384829668
-20.5, 20.5, 251.30720883988778, 0.9999022257605815, 977.8989004832763, 656.6214990679422, 0.6714615373260372, 0.14491376746189438
-20.5, 21.5, 251.24089593681876, 0.9999022459928355, 1092.36115276762, 666.6569456567393, 0.6102898697630255, 0.14491376746189438
-20.5, 22.5, 251.17131927036627, 0.9999022652380339, 991.415655343817, 565.412643652289, 0.5703083672369561, 0.15491933384829668
-20.5, 23.5, 251.10194557464197, 0.9999022834961943, 992.505967397164, 575.6155018232214, 0.5799617541169719, 0.15811388300841897
-20.5, 24.5, 251.02956012154326, 0.999933598901844, 990.6942537096635, 520.1901782015857, 0.5250764060190406, 0.15811388300841897
-20.5, 25.5, 250.95416099133217, 0.9999023170514663, 978.3419369511736, 549.133632932604, 0.5612900890703715, 0.0
-20.5, 26.5, 250.87574618265296, 0.9999023323486083, 993.7278781643167, 528.9548538767854, 0.532293463331136, 0.14491376746189438
-20.5, 27.5, 250.7943136122696, 0.999902346658773, 973.204970923946, 497.8665115628968, 0.5115741559460284, 0.15491933384829668
-20.5, 28.5, 250.70986111479297, 0.06302729962059056, 986.6387794775204, 487.0045585285591, 0.49359965233320224, 0.15491933384829668, (3500.0, 915.8994723884161, -118.9052304793639)
-20.5, 29.5, 250.622386442396, 0.9999023723182218, 979.4221604606869, 481.15363768571336, 0.4912627640152588, 0.15811388300841897
-20.5, 30.5, 250.5318872645181, 0.9999023836675291, 995.1346119267284, 492.3807474984395, 0.49478808353888654, 0.15811388300841897
-20.5, 31.5, 250.4383611675581, 0.2895485203022049, 981.5762460725551, 485.5321313109672, 0.4946453556243436, 0.15811388300841897, (-3500.0, -307.86730799564793, 1164.0187522172066)
-20.5, 32.5, 250.34180565455543, 0.9999024034053611, 971.4717125666142, 464.9359406216727, 0.478589272963305, 0.15491933384829668
-20.5, 33.5, 250.2422181448602, 0.9999024117939035, 968.3831023535091, 466.4290753539325, 0.4816575942107488, 0.12649110640673517
-20.5, 34.5, 250.1395959737912, 0.9999024191955407, 978.6596721616841, 450.76380681223435, 0.4605930127033617, 0.15491933384829668
-20.5, 35.5, 250.03393639228227, 0.9999024256102794, 984.8768003497114, 459.5599309348479, 0.4666166679646294, 0.15811388300841897
-20.5, 36.5, 249.92523656651704, 0.9999024310381254, 996.3414050689236, 470.1730986261997, 0.471899588067079, 0.15491933384829668
-20.5, 37.5, 249.81349357755124, 0.9999024354790835, 991.0966806730291, 451.9002337200894, 0.4559597893247056, 0.15491933384829668
-20.5, 38.5, 249.69870442092304, 0.999902438933158, 982.4404896067541, 489.0569945728622, 0.4977980852240926, 0.14491376746189438
-20.5, 39.5, 249.58086600625137, 0.9999024414003518, 993.2987683522924, 438.3156328648972, 0.44127270347066433, 0.14491376746189438
-20.5, 40.5, 249.45997515682163, 0.9999024428806671, 983.2276992514667, 75.25845771153968, 0.07654224730327888, 0.15811388300841897
-20.5, 41.5, 249.33602860915911, 0.9999024433741054, 974.1800570535316, 0.9998971810616554, 0.0010263987379149464, 0.12649110640673517
-20.5, 42.5, 249.2025655732141, 0.9999024428806671, 1077.1255937816848, 0.0, 0.0, 0.15811388300841897
-20.5, 43.5, 249.0657795486064, 0.9999024414003518, 964.6817128038299, 0.0, 0.0, 0.15491933384829668
-20.5, 44.5, 248.93233865239952, 0.999902438933158, 983.6593933413989, 0.0, 0.0, 0.15811388300841897
-20.5, 45.5, 248.81656555606855, 0.9999024354790835, 693.5279100945866, 0.0, 0.0, 0.12649110640673517
-19.5, -44.5, 249.0063340227976, 0.9999024310381254, 787.01111612961, 0.6773359036957498, 0.0008606433756956005, 0.15491933384829668, (-899.1377548903085, 10.035019585842313, 3490.0), (-44.8, 0.5000000000006466, 264.6654954660116)
-19.5, -43.5, 249.1262253037343, 0.9999024256102794, 983.7483214946893, 0.0, 0.0, 0.15811388300841897
-19.5, -42.5, 249.26298694385915, 0.9999024191955407, 1083.636750288557, 0.0, 0.0, 0.09486832980505139
-19.5, -41.5, 249.39642620579093, 0.9999024117939035, 981.3418978575219, 3.9965588876215876, 0.004072544845325494, 0.1264911064067352
-19.5, -40.5, 249.5203506910084, 0.9999024034053611, 985.8165324275823, 307.3585115327209, 0.3117806421605121, 0.15811388300841897
-19.5, -39.5, 249.64122003695815, 0.9999023940299058, 999.7989959263674, 497.91035817470765, 0.49801046030594076, 0.15491933384829668
-19.5, -38.5, 249.75903750539365, 0.9999023836675291, 986.8334063578806, 460.277349702089, 0.4664184924594728, 0.15491933384829668
-19.5, -37.5, 249.8738062713557, 0.9999023723182218, 978.4256323843489, 490.99568379988483, 0.5018221799886473, 0.15811388300841897
-19.5, -36.5, 249.985529423599, 0.9999023599819735, 972.897845681207, 439.29721951023566, 0.45153478493175925, 0.14491376746189438
-19.5, -35.5, 250.09420996500558, 0.999902346658773, 968.6464521238383, 453.1733054381378, 0.4678418058978252, 0.14491376746189438
-19.5, -34.5, 250.19985081298665, 0.9999023323486083, 984.214977328579, 471.8578059351869, 0.4794255490969405, 0.15491933384829668
-19.5, -33.5, 250.31323694913704, 0.8643163530808063, 979.0391851869293, 493.01069071572476, 0.5035658410562939, 0.15491933384829668, (46.27332386498872, 23.842563412571025, 248.46375057845094), (46.27332386498872, 23.842563412571025, 248.46375057845094)
-19.5, -32.5, 250.40202467328595, 0.9999023007673332, 994.6143740450831, 483.2449986027025, 0.4858616678113666, 0.15491933384829668
-19.5, -31.5, 250.49856309651486, 0.9999022834961943, 982.1862930027462, 467.87913757110175, 0.47636496345382573, 0.1264911064067352
-19.5, -30.5, 250.59207264885805, 0.9999022652380339, 996.2368680450008, 468.2304582651881, 0.469999126998819, 0.15811388300841897
-19.5, -29.5, 250.6825558259707, 0.9999022459928355, 983.3476358000662, 461.1682273838049, 0.46897781679069334, 0.12649110640673517
-19.5, -28.5, 250.77001504019333, 0.9999022257605815, 974.0908187170336, 473.05613069181163, 0.4856386299943466, 0.15811388300841897
-19.5, -27.5, 250.85445262087018, 0.9999022045412539, 985.8699426420824, 526.3407760154541, 0.5338845959791482, 0.15491933384829668
-19.5, -26.5, 250.93587081465597, 0.9999021823348331, 984.0725404893634, 533.113316251779, 0.5417418882419688, 0.15491933384829668
-19.5, -25.5, 251.0142717858116, 0.9999021591412992, 986.4036124884664, 537.7006258857485, 0.5451121823542954, 0.12649110640673517
-19.5, -24.5, 251.08965761648813, 0.9999021349606311, 971.4975095086369, 554.7458981635081, 0.5710214310730317, 0.14491376746189438
-19.5, -23.5, 251.162030307, 0.9999021097928069, 996.1500434556435, 562.2138221849426, 0.5643866864018029, 0.15491933384829668
-19.5, -22.5, 251.23139177608698, 0.9999020836378039, 985.5951017045586, 561.9973563425992, 0.5702111905493857, 0.15491933384829668
-19.5, -21.5, 251.30095618501394, 0.9999020564955982, 1090.9174066734683, 706.0265897391891, 0.6471861072343453, 0.14491376746189438
-19.5, -20.5, 251.3672574099881, 0.9999020283661653, 991.1118448039556, 664.6011771838986, 0.6705612294597876, 0.15491933384829668
-19.5, -19.5, 251.42729540901317, 0.9999019992494796, 986.0894933030804, 668.4036158269712, 0.6778326109002901, 0.15491933384829668
-19.5, -18.5, 251.48432920573543, 0.999901969145515, 980.9975277253691, 674.8963213736212, 0.6879694416136785, 0.15491933384829668, (-899.2450103411587, 62.22454312629926, 3490.0), (-44.8, 3.1000000000006835, 264.6518943216862)
-19.5, -17.5, 251.53836030653437, 0.9999019380542439, 984.815027683144, 677.3968400382493, 0.6878416971681265, 0.15491933384829668
-19.5, -16.5, 251.58939013757626, 0.9999019059756383, 965.6874174485031, 670.7287486049296, 0.6945609277762981, 0.15811388300841897
-19.5, -15.5, 251.63742004499932, 0.999901872909669, 985.7997882683678, 706.25859074522, 0.7164320779433487, 0.15491933384829668
-19.5, -14.5, 251.68245129508844, 0.9999018388563062, 988.613074480326, 668.431142770802, 0.676130186850067, 0.14491376746189438
-19.5, -13.5, 251.72448507443906, 0.999901803815519, 976.7389834424298, 666.0163556249879, 0.6818775199057505, 0.15491933384829668
-19.5, -12.5, 251.76352249011114, 0.9999017677872755, 976.9280858111267, 682.346621745982, 0.6984614647243367, 0.15491933384829668
-19.5, -11.5, 251.7995645697719, 0.9999017307715431, 998.4797075160097, 701.8169444300426, 0.7028855360275708, 0.14491376746189438
-19.5, -10.5, 251.83261226182904, 0.9999016927682883, 976.6007841536348, 698.2074631776866, 0.7149364146607602, 0.14491376746189438
-19.5, -9.5, 251.8626664355531, 0.9999016537774766, 972.9453786131575, 670.1609155726021, 0.6887960314153029, 0.15491933384829668
-19.5, -8.5, 251.88972788118966, 0.7104758689325165, 984.2427004575804, 642.1915563475732, 0.6524727651513335, 0.15491933384829668, (-942.590052088459, -3460.0548194807807, -3500.0)
-19.5, -7.5, 251.91379731006128, 0.9999015728330405, 976.8745699586841, 592.7503921116614, 0.6067824983270178, 0.14491376746189438
-19.5, -6.5, 251.9348753546593, 0.9999015308793425, 971.6267392826146, 595.1939435362726, 0.6125746847763007, 0.15491933384829668
-19.5, -5.5, 251.95296256872538, 0.9999014879379411, 986.8637093698281, 598.2616502070931, 0.6062252006299017, 0.14491376746189438
-19.5, -4.5, 251.96805942732266, 0.999901444008797, 974.3988704074171, 627.991778364238, 0.6444914884821872, 0.14491376746189438
-19.5, -3.5, 251.9801663268971, 0.9999013990918705, 986.4554826895795, 610.296176922835, 0.618675842582229, 0.15811388300841897
-19.5, -2.5, 251.98928358532845, 0.999901353187121, 998.209147006692, 602.925409806905, 0.6040070977258466, 0.15491933384829668
-19.5, -1.5, 251.99541144197127, 0.9999013062945068, 991.326520805755, 610.8238865674844, 0.6161682087058498, 0.15811388300841897
-19.5, -0.5, 251.9985500576855, 0.9999012584139854, 985.4472347724006, 637.4029732427466, 0.6468159336709302, 0.15811388300841897
-19.5, 0.5, 251.99860236765656, 0.9999012095455133, 1089.9074966581832, 652.2353873673752, 0.5984318755190003, 0.15491933384829668
-19.5, 1.5, 251.99541144197127, 0.9999011596890462, 982.1933981991853, 588.1505018171711, 0.5988133323798784, 0.1264911064067352
-19.5, 2.5, 251.98928358532845, 0.9999011088445392, 997.4805337812016, 623.7373269121133, 0.6253127813408845, 0.15811388300841897
-19.5, 3.5, 251.9801663268971, 0.9999010570119458, 988.2108518821548, 596.1035024866655, 0.603214892197674, 0.15811388300841897
-19.5, 4.5, 251.96805942732263, 0.9999010041912192, 998.4556551446346, 615.3780830813905, 0.616329909005571, 0.15491933384829668
-19.5, 5.5, 251.95296256872535, 0.9999009503823115, 988.7185000270993, 598.2309815329866, 0.6050569312869032, 0.14491376746189438
-19.5, 6.5, 251.93487535465928, 0.9999008955851739, 971.4663642090851, 576.3523957373492, 0.5932808555925494, 0.15811388300841897
-19.5, 7.5, 251.91379731006123, 0.9999008397997567, 981.6882709007465, 606.2426193019529, 0.6175510467754657, 0.15811388300841897
-19.5, 8.5, 251.8897278811896, 0.9999007830260094, 980.3730747281674, 646.7525733184802, 0.659700465047766, 0.15811388300841897
-19.5, 9.5, 251.86266643555308, 0.9999007252638803, 991.1133839737046, 678.2798068480467, 0.6843614644054109, 0.15811388300841897
-19.5, 10.5, 251.832612261829, 0.9999006665133172, 999.9763817378146, 710.983206119415, 0.7109999987037982, 0.15491933384829668
-19.5, 11.5, 251.79956456977186, 0.9999006067742668, 992.6957559994948, 694.8046011266409, 0.6999169654221776, 0.15491933384829668
-19.5, 12.5, 251.7635224901111, 0.9999005460466749, 989.3452775095915, 703.7533425405452, 0.7113323917733285, 0.15491933384829668
-19.5, 13.5, 251.72448507443903, 0.9999004843304864, 990.5896837030043, 647.8708872326663, 0.6540254738074872, 0.15491933384829668
-19.5, 14.5, 251.68245129508836, 0.9999004216256454, 982.1855325481158, 676.9462975036569, 0.6892244642897897, 0.0
-19.5, 15.5, 251.63742004499926, 0.999900357932095, 969.6699833773599, 699.4875853224125, 0.7213666477393657, 0.0
-19.5, 16.5, 251.5893901375762, 0.9999002932497774, 983.9806686749594, 699.8410525482893, 0.7112345545270763, 0.0
-19.5, 17.5, 251.53836030653432, 0.6436970631533429, 967.0974817661994, 695.108047053351, 0.7187569610706491, 0.0, (3490.0, 2830.5326307305754, 3130.7760867904112), (3092.643609572338, 2513.0979975635078, 3490.0000000000005)
-19.5, 18.5, 251.48432920573538, 0.999900160918605, 972.8395883756643, 664.1128364345145, 0.6826540000735103, 0.0
-19.5, 19.5, 251.42729540901306, 0.9999000932696303, 975.8823696785948, 666.7945383087258, 0.6832734753967667, 0.0
-19.5, 20.5, 251.367257409988, 0.10120902163940491, 985.3101501982213, 654.253320993312, 0.6640074913078806, 0.0, (-3500.0, 743.1006099754145, -249.25518604334988)
-19.5, 21.5, 251.30095618501386, 0.9998999550045968, 1075.2371638880654, 724.0317714408563, 0.6733693698074499, 0.0
-19.5, 22.5, 251.2313917760869, 0.9998998843884126, 983.6563013411236, 551.5926161012425, 0.560757467165307, 0.0
-19.5, 23.5, 251.16203030699995, 0.9998998127830317, 981.5538576275112, 562.9050254991438, 0.5734835853630357, 0.0
-19.5, 24.5, 251.08965761648804, 0.9998997401883891, 992.5954334706092, 552.5055837505779, 0.5566271666380154, 0.0
-19.5, 25.5, 251.01427178581147, 0.999899666604419, 980.37570313934, 527.3819264344912, 0.5379385930778569, 0.0
-19.5, 26.5, 250.93587081465586, 0.9998995920310546, 995.0376856408876, 520.3488800936775, 0.522943892078348, 0.0
-19.5, 27.5, 250.85445262087006, 0.9998995164682282, 992.5628009922136, 524.1667598019353, 0.5280943022224417, 0.0
-19.5, 28.5, 250.77001504019321, 0.9998994399158713, 979.5365535057698, 496.89255154526387, 0.5072731076414465, 0.0
-19.5, 29.5, 250.68255582597058, 0.9998993623739143, 981.9497323988462, 458.4085652445595, 0.4668350630583645, 0.0
-19.5, 30.5, 250.5920726488579, 0.27389278136527634, 979.3506273788363, 461.5745711151448, 0.4713067600217064, 0.0, (-659.6393891862383, -3500.0, 1127.2898845088819)
-19.5, 31.5, 250.4985630965147, 0.999909405700984, 991.4630142683415, 462.4278629387809, 0.4664095949963736, 0.0
-19.5, 32.5, 250.40202467328584, 0.9998991238097354, 996.9776139446795, 507.48818526553464, 0.5090266603455493, 0.0
-19.5, 33.5, 250.30245479987167, 0.999899042308666, 981.20733321617, 476.80899874529746, 0.48594112844879395, 0.0
-19.5, 34.5, 250.1998508129865, 0.9998989598176357, 999.9246887927694, 487.962996284237, 0.4879997481343972, 0.0
-19.5, 35.5, 250.09420996500543, 0.9998988763365697, 982.9811867556302, 502.43505195429015, 0.5111339451089575, 0.0
-19.5, 36.5, 249.98552942359885, 0.9998987918653923, 953.2927145514662, 472.1804423646672, 0.4953152742668686, 0.0
-19.5, 37.5, 249.87380627135556, 0.9998987064040268, 966.1609385726246, 475.84501251497176, 0.4925111267880174, 0.0
-19.5, 38.5, 249.7590375053935, 0.9998986199523957, 989.8341722941913, 449.00813225357336, 0.45361955044740815, 0.0
-19.5, 39.5, 249.641220036958, 0.9998985325104204, 979.3723907972627, 458.9374000341254, 0.4686035713754655, 0.0
-19.5, 40.5, 249.52035069100825, 0.9998984440780215, 996.6348173160321, 293.6644726290468, 0.29465604404619755, 0.0
-19.5, 41.5, 249.3964262057908, 0.9998983546551189, 980.531803716661, 0.9998981604853678, 0.0010197508705942016, 0.0
-19.5, 42.5, 249.26298694385898, 0.9998982642416313, 1086.9349145474125, 0.0, 0.0, 0.0
-19.5, 43.5, 249.1262253037341, 0.9998981728374766, 975.8827224454913, 0.5466564657738241, 0.0005601661482477553, 0.0
-19.5, 44.5, 248.99280821422383, 0.9998980804425719, 973.9249273180469, 0.0, 0.0, 0.0
-19.5, 45.5, 248.87705578686706, 0.9998979870568333, 698.5191476064774, 0.0, 0.0, 0.0
-18.5, -44.5, 249.0637753567043, 0.9998978926801759, 789.9460635662871, 1.7363772422773387, 0.0021980959490301116, 0.0
-18.5, -43.5, 249.1836463228958, 0.9998977973125143, 982.6298300735203, 0.0, 0.0, 0.0
-18.5, -42.5, 249.32038480655538, 0.9998977009537614, 1072.4053411610687, 0.8599947749352811, 0.0008019307084056337, 0.0
-18.5, -41.5, 249.45380149173926, 0.9998976036038302, 996.9421032362809, 54.81102138541838, 0.054979141925584674, 0.0
-18.5, -40.5, 249.5777050255743, 0.999897505262632, 990.4743338895081, 461.6715712628886, 0.4661115946840781, 0.0
-18.5, -39.5, 249.69855395095013, 0.645640237313373, 980.7115762510783, 476.39351645830493, 0.4857631213851812, 0.0, (-3490.0, 2760.1874379285723, -3352.9202865783595); (-900.3055893078333, 202.97067973236207, 3490.0), (-3374.2133508969237, 2667.7622059599744, -3490.0000000000005); (-44.8, 10.100000000000783, 264.5175977529135)
-18.5, -38.5, 249.8163515279862, 0.9998973056060767, 994.2039650916141, 511.83792308004, 0.5148218484854615, 0.0
-18.5, -37.5, 249.9311009301344, 0.9998972042905383, 994.2427828712455, 444.6182570997054, 0.4471928433975703, 0.0
-18.5, -36.5, 250.0428052446053, 0.9998971019833702, 994.2036907563773, 467.96071744163794, 0.4706889763058709, 0.0
-18.5, -35.5, 250.15146747278143, 0.9998969986844798, 993.4853981558493, 511.3850745616195, 0.514738390227853, 0.0
-18.5, -34.5, 250.2570905306186, 0.9998968943937729, 999.9258526538698, 491.9634034217211, 0.49199988390740923, 0.0
-18.5, -33.5, 250.35967724903472, 0.999896789111155, 993.0176973259554, 483.5097733724361, 0.4869095230371562, 0.0
-18.5, -32.5, 250.4592303742868, 0.9998966828365302, 987.7023783180803, 483.92566012528425, 0.48995089082334936, 0.0
-18.5, -31.5, 250.55575256833555, 0.9998965755698023, 983.958297461351, 440.95505683878196, 0.4481440503895972, 0.0
-18.5, -30.5, 250.64924640919887, 0.9998964673108736, 998.2056730398497, 454.7591414563932, 0.4555765948228974, 0.0
-18.5, -29.5, 250.73971439129255, 0.9998963580596457, 988.578390871127, 490.679304524997, 0.49634840196397023, 0.0
-18.5, -28.5, 250.8271589257603, 0.9998962478160196, 981.3310359523459, 473.82493107650754, 0.4828390356743153, 0.0
-18.5, -27.5, 250.9115823407916, 0.8104166443653996, 994.5201141299935, 541.7620833023884, 0.5447472359835799, 0.0, (-612.3651988903267, -2378.8486303055465, 3500.0)
-18.5, -26.5, 250.99298688192846, 0.9998960243511704, 970.06735754558, 497.04724189042645, 0.5123842566438197, 0.0
-18.5, -25.5, 251.07137471236038, 0.9998959111297444, 999.9520182269389, 560.9730683436354, 0.5609999861176566, 0.0
-18.5, -24.5, 251.14674791320874, 0.9998957969155139, 999.9545051974807, 550.974840762036, 0.5509999083940565, 0.0
-18.5, -23.5, 251.21910848379935, 0.9998956817083751, 981.5612622233451, 540.7643367094, 0.5509226550816694, 0.0
-18.5, -22.5, 251.28845834192418, 0.9998955655082231, 987.9337482268814, 646.3032372535049, 0.6541969422681163, 0.0
-18.5, -21.5, 251.35801111055395, 0.9998954483149526, 1088.8087424573662, 721.5303587426461, 0.6626786970080731, 0.0
-18.5, -20.5, 251.42430124548224, 0.9998953301284568, 990.5834019796946, 682.244044815937, 0.6887295339821592, 0.0
-18.5, -19.5, 251.48432920573543, 0.9998952109486284, 982.6312424235358, 694.4584577259059, 0.7067335412754756, 0.0
-18.5, -18.5, 251.54135346918372, 0.19760431322665806, 987.9242916527228, 716.1524742268743, 0.7249062304448505, 0.0, (-247.2801388734635, 62.821414308593546, 155.57)
-18.5, -17.5, 251.59537554146468, 0.9998949696085393, 985.9204387466493, 670.8953700671523, 0.6804761760695696, 0.0
-18.5, -16.5, 251.64639684804274, 0.9998948474480592, 982.6447457417702, 688.316280080066, 0.7004731700473052, 0.0
-18.5, -15.5, 251.694418734394, 0.9998947242938077, 991.455805302406, 667.5213252941983, 0.6732739086545528, 0.0
-18.5, -14.5, 251.7394424661807, 0.9998946001456727, 976.5923631448347, 694.2934807048885, 0.7109347839554223, 0.0
-18.5, -13.5, 251.78146922941514, 0.9998944750035412, 990.6146361903002, 722.3655171653904, 0.7292094127979568, 0.0
-18.5, -12.5, 251.82050013061328, 0.9998943488672997, 988.751552620405, 721.4045047016428, 0.7296115012813534, 0.0
-18.5, -11.5, 251.8565361969378, 0.9998942217368332, 996.5661165163433, 673.9141532973565, 0.6762362698554628, 0.0
-18.5, -10.5, 251.88957837633075, 0.9998940936120261, 995.9479011525124, 647.814896968252, 0.650450587042354, 0.0
-18.5, -9.5, 251.91962753763605, 0.999893964492762, 983.8403440932811, 597.1818547427415, 0.6069906142069335, 0.0
-18.5, -8.5, 251.94668447071155, 0.9998938343789234, 982.7841107955829, 580.383135460646, 0.5905499784594752, 0.0
-18.5, -7.5, 251.97074988653094, 0.9998937032703918, 981.5996901535779, 578.8620230445543, 0.5897129235584696, 0.0
-18.5, -6.5, 251.99182441727547, 0.9998935711670482, 983.6573473028409, 598.311708413559, 0.6082521622535652, 0.0
-18.5, -5.5, 252.00990861641512, 0.9998934380687722, 972.6288151464471, 591.6167124227189, 0.6082656643620415, 0.0
-18.5, -4.5, 252.02500295878036, 0.9998933039754427, 967.8301536667773, 568.194534330094, 0.5870808345631714, 0.0
-18.5, -3.5, 252.0371078406227, 0.9998931688869377, 994.0135221973505, 584.4083434130814, 0.5879279611017741, 0.0
-18.5, -2.5, 252.04622357966625, 0.9998930328031344, 980.3191704404842, 585.2456793796077, 0.5969950369496915, 0.0
-18.5, -1.5, 252.05235041514814, 0.9998928957239088, 968.0628302886824, 568.9813594573695, 0.5877525111543593, 0.0
-18.5, -0.5, 252.05548850784962, 0.9998927576491362, 987.7392222675684, 581.760967039599, 0.5889823487054014, 0.0
-18.5, 0.5, 252.05554080910392, 0.948112913481303, 1099.246816260706, 653.6217491330383, 0.5946087261425556, 0.0, (1090.9956159940552, 111.39373744800149, 3500.0)
-18.5, 1.5, 252.05235041514814, 0.9998924785124466, 966.221104023841, 595.4545343716882, 0.6162715054472622, 0.0
-18.5, 2.5, 252.04622357966622, 0.9998923374502754, 970.8258973583497, 579.380371697448, 0.5967912200055249, 0.0
-18.5, 3.5, 252.0371078406227, 0.999892195392049, 984.3859136743442, 597.7364274249976, 0.6072175750604468, 0.0
-18.5, 4.5, 252.0250029587803, 0.9998920523376382, 988.8743103256511, 613.5504382034356, 0.6204534103038679, 0.0
-18.5, 5.5, 252.00990861641512, 0.9998919082869127, 980.3594177188598, 617.1643799799517, 0.6295286900145203, 0.0
-18.5, 6.5, 251.9918244172754, 0.9998917632397413, 955.9615122795811, 577.7403602942704, 0.604355251621578, 0.0
-18.5, 7.5, 251.9707498865309, 0.999891617195992, 998.0846349279209, 617.035646739786, 0.618219763281244, 0.0
-18.5, 8.5, 251.94668447071152, 0.9998914701555317, 987.5519369041326, 627.6596367469463, 0.6355712679928416, 0.0
-18.5, 9.5, 251.91962753763602, 0.9998913221182265, 984.2482907976215, 599.2239742856174, 0.6088138327372805, 0.0
-18.5, 10.5, 251.88957837633072, 0.4520536419842044, 978.8004390310504, 627.3818292653482, 0.6409701142823515, 0.0, (-3500.0, -2117.934867955593, -1957.597404748524)
-18.5, 11.5, 251.85653619693778, 0.9998910230525415, 990.768188170523, 707.8029827633981, 0.7143981722610342, 0.0
-18.5, 12.5, 251.82050013061325, 0.9998908720238893, 986.6262182410993, 724.7651095709297, 0.7345893471825626, 0.0
-18.5, 13.5, 251.78146922941508, 0.9998907199978473, 990.2244787585606, 683.3342477462336, 0.690080140821126, 0.0
-18.5, 14.5, 251.73944246618063, 0.9998905669742773, 974.0736385610955, 697.6971154063755, 0.7162673208537044, 0.0
-18.5, 15.5, 251.69441873439393, 0.9998904129530397, 961.0874259163845, 698.1702072585224, 0.726437770833206, 0.0
-18.5, 16.5, 251.64639684804268, 0.9998902579339941, 992.9553566776685, 693.6274405546548, 0.6985484653363111, 0.0
-18.5, 17.5, 251.5953755414646, 0.9998901019169995, 970.5810960022684, 710.7122887657135, 0.7322544109843785, 0.0
-18.5, 18.5, 251.54135346918363, 0.9998899449019135, 979.3498396294965, 698.7770514598188, 0.7135111715790725, 0.0
-18.5, 19.5, 251.48432920573538, 0.9998897868885932, 995.3069553201366, 683.6469709562407, 0.6868704848308312, 0.0
-18.5, 20.5, 251.42430124548216, 0.9998896278768944, 986.0334501577291, 658.5759976197198, 0.6679043165466363, 0.0
-18.5, 21.5, 251.35801111055386, 0.9998894678666723, 1087.981313288995, 728.5448747062098, 0.6696299521025783, 0.0
-18.5, 22.5, 251.2884583419241, 0.999889306857781, 998.8045605815719, 647.049715246938, 0.6478241497717849, 0.0
-18.5, 23.5, 251.2191084837993, 0.9998891448500737, 972.001762743489, 566.2307449254812, 0.582540862196882, 0.0
-18.5, 24.5, 251.14674791320869, 0.9998889818434028, 986.1867837690802, 540.2548439763107, 0.5478220281066083, 0.0
-18.5, 25.5, 251.07137471236027, 0.9998888178376196, 990.0899311872416, 554.0146985346311, 0.5595599764056768, 0.0
-18.5, 26.5, 250.99298688192835, 0.9998886528325746, 952.2922922496118, 508.09111453689724, 0.5335453396736283, 0.0
-18.5, 27.5, 250.9115823407915, 0.3213159871824739, 973.7791740258112, 533.6943853676133, 0.5480651051112612, 0.0, (-3500.0, 2139.161453208717, -1269.5716596294749)
-18.5, 28.5, 250.8271589257602, 0.9998883198240962, 983.9238937151653, 490.6818782872066, 0.498699016683554, 0.0
-18.5, 29.5, 250.73971439129244, 0.9998881518203593, 938.6832838083908, 448.73002996474577, 0.47804199531941705, 0.0
-18.5, 30.5, 250.64924640919875, 0.9998879828167531, 969.2610640456323, 434.8192006534538, 0.4486089628304544, 0.0
-18.5, 31.5, 250.55575256833544, 0.9998878128131236, 974.9283853238966, 413.91973203243646, 0.4245642431417376, 0.0
-18.5, 32.5, 250.45923037428665, 0.9998876418093157, 972.187305114116, 475.7271611145589, 0.4893369401266947, 0.0, (-902.5808385837049, 348.5412613281004, 3490.0), (-44.8, 17.300000000000885, 264.23069021638184)
-18.5, 33.5, 250.3596772490346, 0.9998874698051732, 981.5180806652194, 495.1009992124603, 0.5044237176730436, 0.0
-18.5, 34.5, 250.25709053061848, 0.9998872968005394, 994.8405085419237, 476.93035458827796, 0.47940383457775093, 0.0
-18.5, 35.5, 250.1514674727813, 0.9998871227952565, 999.9198814635764, 462.96359196041703, 0.4630006868978144, 0.0
-18.5, 36.5, 250.04280524460515, 0.9998869477891654, 977.8895511438246, 497.8326503646625, 0.5090888329692798, 0.0
-18.5, 37.5, 249.93110093013428, 0.9998867717821067, 979.1219018145254, 491.98954766126826, 0.5024803824217443, 0.0
-18.5, 38.5, 249.816351527986, 0.9741777665017399, 987.1404694948314, 450.43930825512507, 0.45630720467335023, 0.0, (502.967648011553, 583.4543771199742, 3500.0)
-18.5, 39.5, 249.69855395095, 0.9998864167644427, 997.1810432854021, 481.6825339527767, 0.48304421468521125, 0.0
-18.5, 40.5, 249.57770502557412, 0.9998862377535134, 987.4264773400237, 464.67554963606045, 0.4705925558000283, 0.0
-18.5, 41.5, 249.4538014917391, 0.9998860577409682, 977.7377405148688, 65.9934584159359, 0.06749607351883981, 0.0
-18.5, 42.5, 249.3203848065552, 0.9998858767266429, 1084.4807051301084, 0.8050943032875822, 0.00074237771080583, 0.0
-18.5, 43.5, 249.1836463228956, 0.9998856947103723, 998.2726962106665, 0.0, 0.0, 0.0
-18.5, 44.5, 249.05025184115337, 0.9998855116919899, 987.21325731108, 0.0, 0.0, 0.0
-18.5, 45.5, 248.93451904185417, 0.9998853276713289, 699.8524300376727, 0.0, 0.0, 0.0
-17.5, -44.5, 249.11819241562893, 0.9998851426482209, 786.6310362388673, 0.0, 0.0, 0.0
-17.5, -43.5, 249.2380441427986, 0.9998849566224973, 987.5882860438709, 1.9839705914709338, 0.0020089045399864142, 0.0
-17.5, -42.5, 249.37476069618577, 0.999884769593988, 1082.209442308731, 0.0, 0.0, 0.0
-17.5, -41.5, 249.50815600010944, 0.9998845815625221, 986.142015160695, 260.0004609044245, 0.2636541764849727, 0.0
-17.5, -40.5, 249.63203969197613, 0.9998843925279279, 971.809682847544, 477.6107928427388, 0.49146535712966927, 0.0
-17.5, -39.5, 249.75286927807855, 0.9998842024900326, 977.0980475882301, 463.7816472652428, 0.47465210723733864, 0.0
-17.5, -38.5, 249.87064801698895, 0.9998840114486627, 982.8157558842429, 444.8564166604469, 0.4526346001242196, 0.0
-17.5, -37.5, 249.98537908065512, 0.9998838194036436, 981.026261486046, 508.4284005798479, 0.5182617637673502, 0.0
-17.5, -36.5, 250.0970655548256, 0.2753708370063602, 987.4805419896221, 485.7120086894859, 0.4918699539242065, 0.0, (2004.3228057524243, 3500.0, 1270.1324599190502)
-17.5, -35.5, 250.2057104394633, 0.9998834323019544, 991.1688065313797, 476.4017633997962, 0.48064644514689303, 0.0
-17.5, -34.5, 250.31131664914608, 0.9998832372449308, 983.1603761823666, 506.59732955366576, 0.5152743558693795, 0.0
-17.5, -33.5, 250.41388701345542, 0.9998830411835501, 994.8223683363273, 465.92419823944493, 0.4683491375637488, 0.0
-17.5, -32.5, 250.51342427735312, 0.9998828441176334, 999.9335219369053, 458.96947166639126, 0.458999985096361, 0.0
-17.5, -31.5, 250.6099311015457, 0.9998826460470004, 977.6163228438711, 446.866112030188, 0.4570976379877345, 0.0
-17.5, -30.5, 250.70341006283732, 0.99988244697147, 993.9059868872007, 437.55999333976, 0.44024283897327915, 0.0
-17.5, -29.5, 250.79386365447058, 0.9998822468908601, 980.9847900112319, 463.8012482302041, 0.4727914774549091, 0.0
-17.5, -28.5, 250.88129428645607, 0.9998820458049879, 987.7948727321531, 525.9741598492889, 0.5324730613295157, 0.0
-17.5, -27.5, 250.96570428589007, 0.9998818437136692, 991.0185462716593, 520.5294200906318, 0.525246900826358, 0.0
-17.5, -26.5, 251.04709589726085, 0.9998816406167194, 989.7560081850967, 521.721137455972, 0.5271209602583222, 0.0
-17.5, -25.5, 251.1254712827439, 0.9998814365139524, 977.9378396840953, 542.0063070594348, 0.5542339043088055, 0.0
-17.5, -24.5, 251.20083252248557, 0.9998812314051818, 981.4835516514446, 558.0387683799353, 0.5685666025079881, 0.0
-17.5, -23.5, 251.27318161487563, 0.9998810252902198, 989.6783333456397, 612.7332440834207, 0.6191236318289965, 0.0
-17.5, -22.5, 251.34252047680886, 0.9998808181688779, 987.0754312787678, 656.1590729863442, 0.6647506889481408, 0.0
-17.5, -21.5, 251.41206222146306, 0.9998806100409663, 1069.1537991379062, 709.4596156097157, 0.6635711496154962, 0.0
-17.5, -20.5, 251.47834185353102, 0.9998804009062947, 990.563573951956, 680.3352977309721, 0.6868163898019225, 0.0
-17.5, -19.5, 251.53836030653437, 0.04450903738394757, 987.297463182245, 712.4554485887495, 0.7216218770504808, 0.0, (-1087.33594058344, 3500.0, 273.977299592127), (-1087.33594058344, 3500.0, 273.977299592127)
-17.5, -18.5, 251.59537554146468, 0.9998799796159048, 983.9223166334391, 677.0015780398173, 0.6880640540365289, 0.0
-17.5, -17.5, 251.64938906325725, 0.9998797674598009, 986.3383154002418, 676.7613299995693, 0.6861350912084859, 0.0
-17.5, -16.5, 251.70040229671204, 0.9998795542961655, 976.485291294979, 658.7956659665961, 0.6746601017337653, 0.0
-17.5, -15.5, 251.7484165866782, 0.9998793401248036, 992.4103917424565, 677.9156990823848, 0.6831001617104316, 0.0
-17.5, -14.5, 251.7934331982284, 0.9999267825632409, 973.6402074188129, 689.0256898461066, 0.7076799875312885, 0.0
-17.5, -13.5, 251.83545331682296, 0.9998789087581146, 993.5371748115037, 693.6294253085354, 0.6981413910759126, 0.0
-17.5, -12.5, 251.8744780484629, 0.9998786915623925, 994.1272625733654, 669.2507351042046, 0.673204287116927, 0.0
-17.5, -11.5, 251.91050841983295, 0.9998784733581536, 985.9489765362991, 628.7625612711695, 0.637723225272825, 0.0
-17.5, -10.5, 251.95365245916963, 0.999878254145198, 980.3034047831854, 587.1202330882976, 0.5989168559688431, 0.0
-17.5, -9.5, 251.97358979270743, 0.9998780339233251, 979.0379082666085, 595.6075150592854, 0.6083600134685403, 0.0
-17.5, -8.5, 252.00064245214267, 0.9998778126923328, 999.9818650408155, 586.9893706404757, 0.5870000158618047, 0.0
-17.5, -7.5, 252.0247040673835, 0.9998775904520185, 988.7938142166106, 601.3883871841558, 0.6082040345899781, 0.0
-17.5, -6.5, 252.0457752703175, 0.9998773672021786, 999.9309063417517, 611.9583443577582, 0.6120006297201158, 0.0
-17.5, -5.5, 252.06385661415774, 0.9998771429426082, 985.8582918452929, 592.9667606946227, 0.6014726108198873, 0.0
-17.5, -4.5, 252.07894857351405, 0.999876917673102, 966.430258166325, 567.0568714656114, 0.5867540535636039, 0.0
-17.5, -3.5, 252.09105154445413, 0.9998766913934535, 989.9169414619903, 591.8467495879714, 0.5978751598228875, 0.0, (-905.1421026809178, 460.65267725727216, 3489.9999999999995), (-44.8, 22.800000000000963, 263.90965689969465)
-17.5, -2.5, 252.10016584455445, 0.999876464103455, 974.8379592717253, 599.9164594035981, 0.6154012097064616, 0.0
-17.5, -1.5, 252.10629171294127, 0.9998762358028982, 986.9265401343707, 614.9645504531894, 0.6231107640184259, 0.0
-17.5, -0.5, 252.1094293103211, 0.9998760064915737, 955.1811553740704, 560.2995646712459, 0.5865898437368354, 0.0
-17.5, 0.5, 252.10948160332015, 0.9998757761692713, 1081.8978470505092, 662.2513046847777, 0.6121199949609105, 0.0
-17.5, 1.5, 252.10629171294127, 0.9998755448357796, 973.6032473882316, 599.7172236654769, 0.6159770165868553, 0.0
-17.5, 2.5, 252.10016584455445, 0.9998753124908865, 983.7772490808052, 573.3227080111925, 0.5827769533671144, 0.0
-17.5, 3.5, 252.0910515444541, 0.9998750791343787, 980.5518443691468, 561.8833426043662, 0.573027673988888, 0.0
-17.5, 4.5, 252.07894857351403, 0.9998748447660422, 977.777995328105, 579.7601880797253, 0.5929364240654442, 0.0
-17.5, 5.5, 252.06385661415774, 0.9998746093856618, 984.8646305112047, 605.2820826713073, 0.6145840391863083, 0.0
-17.5, 6.5, 252.0457752703175, 0.9998743729930216, 980.0831593588687, 591.7927949926182, 0.6038189610152525, 0.0
-17.5, 7.5, 252.0247040673835, 0.9999741392562764, 992.6436449736294, 606.8532157070114, 0.6113505272308806, 0.0
-17.5, 8.5, 252.00064245214264, 0.999873897170093, 968.5681158608198, 578.6667696535259, 0.5974456108739785, 0.0
-17.5, 9.5, 251.9735897927074, 0.9998736577393676, 979.5495540071263, 583.7703574191718, 0.5959579635671243, 0.0
-17.5, 10.5, 251.94354537843444, 0.9998734172955089, 982.4459397611797, 577.0851576325088, 0.587396348518465, 0.0
-17.5, 11.5, 251.91050841983292, 0.999873175838296, 991.4167266856839, 632.5968934203969, 0.6380736539872337, 0.0
-17.5, 12.5, 251.87447804846283, 0.9998729333675072, 984.6991504616574, 671.8214953802782, 0.6822606631328031, 0.0
-17.5, 13.5, 251.83545331682294, 0.9998726898829196, 981.8638426164908, 686.8492335260453, 0.6995361308913417, 0.0
-17.5, 14.5, 251.79343319822837, 0.9998724453843096, 986.3527123167725, 707.213805601754, 0.7169988958013109, 0.0
-17.5, 15.5, 251.74841658667813, 0.9998721998714528, 990.6947723983571, 681.9698275617383, 0.6883753165576603, 0.0
-17.5, 16.5, 251.70040229671199, 0.9998719533441236, 985.4999317167113, 695.8773334277084, 0.7061160645800462, 0.0
-17.5, 17.5, 251.6493890632572, 0.30407011588253524, 980.6420904319971, 678.1655072253367, 0.6915525183368256, 0.0, (1622.1151072707794, -3500.0, -1136.6068868664988)
-17.5, 18.5, 251.5953755414646, 0.9998714572451405, 980.8253244177104, 676.1612149239754, 0.6893798498987516, 0.0, (-906.369949148633, 505.78680198028417, 3490.0), (-44.8, 25.000000000000995, 263.756479920174)
-17.5, 19.5, 251.53836030653432, 0.9998712076730307, 985.556123564328, 675.3840706492035, 0.6852822020998997, 0.0
-17.5, 20.5, 251.47834185353094, 0.9998709570855366, 994.19702319352, 685.7561336720854, 0.6897587879204536, 0.0
-17.5, 21.5, 251.412062221463, 0.999870705482428, 1076.7223373067309, 723.5072905476883, 0.6719534512095661, 0.0
-17.5, 22.5, 251.34252047680874, 0.9998704528634731, 989.6931070201821, 677.0205385609494, 0.6840711870767262, 0.0
-17.5, 23.5, 251.27318161487554, 0.99987019922844, 985.4941639597887, 595.2935307594186, 0.6040558661123725, 0.0
-17.5, 24.5, 251.20083252248548, 0.9998699445770954, 973.4006412484977, 543.1201749999354, 0.5579615956522503, 0.0
-17.5, 25.5, 251.12547128274383, 0.999869688909205, 980.7297114139179, 540.1665614016858, 0.5507802558800098, 0.0
-17.5, 26.5, 251.04709589726073, 0.9998694322245338, 982.9056418596367, 527.6179246202471, 0.536794074782199, 0.0
-17.5, 27.5, 250.96570428588996, 0.9998691745228455, 989.5528280610152, 520.9968579414225, 0.5264972653984453, 0.0
-17.5, 28.5, 250.88129428645595, 0.999868915803903, 981.5309579216282, 494.81525358442644, 0.5041259774752165, 0.0
-17.5, 29.5, 250.79386365447047, 0.9998686560674684, 972.6861834380945, 453.2146593784045, 0.46594129442288806, 0.0
-17.5, 30.5, 250.7034100628372, 0.9998683953133026, 986.4350784246529, 431.51730887558347, 0.4374513014730996, 0.0
-17.5, 31.5, 250.60993110154558, 0.9998681335411655, 996.4371980374252, 415.22386456174, 0.4167085144749329, 0.0
-17.5, 32.5, 250.51342427735298, 0.9998678707508164, 988.3608152340796, 448.56731006622437, 0.45384975117613036, 0.0
-17.5, 33.5, 250.41388701345528, 0.9998676069420132, 986.2344593737515, 481.3525211726359, 0.4880710835010669, 0.0
-17.5, 34.5, 250.3113166491459, 0.9998673421145129, 987.239215492234, 513.1157274864262, 0.519748121260143, 0.0, (-907.3369326949911, 538.7313037876717, 3490.0000000000005), (-44.8, 26.600000000001017, 263.6361743745657)
-17.5, 35.5, 250.2057104394632, 0.9998670762680719, 978.5181498398563, 473.73581922470095, 0.4841359552730139, 0.0
-17.5, 36.5, 250.09706555482546, 0.9998668094024453, 985.0494051154642, 476.0877521368026, 0.483313577638268, 0.0
-17.5, 37.5, 249.98537908065498, 0.9998665415173873, 987.2316076869976, 475.7040216790611, 0.48185655521463344, 0.0
-17.5, 38.5, 249.8706480169888, 0.999866272612651, 979.4571529184587, 473.931709600237, 0.483871814288228, 0.0
-17.5, 39.5, 249.7528692780784, 0.999866002687989, 981.9106546961359, 463.6352182157482, 0.47217658347869307, 0.0
-17.5, 40.5, 249.63203969197596, 0.9998657317431522, 994.6469133341816, 461.49234890451885, 0.4639760529266998, 0.0
-17.5, 41.5, 249.5081560001093, 0.9998654597778912, 994.2855990719521, 255.26171747426991, 0.2567287685877443, 0.0
-17.5, 42.5, 249.3747606961856, 0.9998651867919554, 1065.0126444795021, 1.9997945326280449, 0.0018777190515004577, 0.0
-17.5, 43.5, 249.23804414279843, 0.9998649127850929, 999.8947068402981, 0.0, 0.0, 0.0
-17.5, 44.5, 249.10467107167827, 0.9998646377570514, 972.4600160476945, 0.0, 0.0, 0.0
-17.5, 45.5, 248.98895686106886, 0.9998643617075772, 679.3812187943084, 0.0, 0.0, 0.0
-16.5, -44.5, 249.16958665595175, 0.8709191990152158, 772.410349196219, 0.0, 0.0, 0.0, (1820.5461251309177, -419.0203543024701, 3500.0)
-16.5, -43.5, 249.2894202183071, 0.9998638065433118, 982.6361595728232, 0.0, 0.0, 0.0
-16.5, -42.5, 249.42611606588818, 0.9998635274280085, 1085.0088975721233, 9.999001977658367, 0.009215594452757664, 0.0
-16.5, -41.5, 249.5594911823573, 0.9998632472902486, 980.9301586231345, 404.64036897286854, 0.4125068083754657, 0.0, (-908.3005819780059, 569.7153203924755, 3490.0), (-44.8, 28.10000000000104, 263.5165701825869)
-16.5, -40.5, 249.6833561401099, 0.9998629661297735, 998.2375529718915, 479.9535895298331, 0.48080097578070946, 0.0
-16.5, -39.5, 249.80416746672003, 0.9998626839463242, 991.9105808586979, 486.01854400066736, 0.4899822155137418, 0.0
-16.5, -38.5, 249.92192841929972, 0.9998624007396398, 990.7991198344064, 497.9960916187437, 0.5026206439323185, 0.0
-16.5, -37.5, 250.03664216837677, 0.9998621165094592, 994.4061649033165, 479.65326697816846, 0.48235146151251374, 0.0
-16.5, -36.5, 250.14831179832004, 0.99986183125552, 972.1012921445381, 470.00407276559156, 0.48349289993095534, 0.0
-16.5, -35.5, 250.25694030775227, 0.999861544977559, 995.2717033010827, 465.09564422309455, 0.4673052018664667, 0.0
-16.5, -34.5, 250.36253060995074, 0.9998612576753118, 988.4524568032931, 460.32253609419905, 0.4657002296123641, 0.0
-16.5, -33.5, 250.46508553323557, 0.999860969348513, 990.5796067515264, 475.1774120820575, 0.4796963402470382, 0.0
-16.5, -32.5, 250.564607821346, 0.9998606799968964, 951.7765874725582, 367.16545998916996, 0.38576853520233934, 0.0
-16.5, -31.5, 250.6611001338047, 0.999860389620195, 977.0895946951565, 388.29989640990834, 0.39740459679243084, 0.0
-16.5, -30.5, 250.7545650462702, 0.9998600982181401, 979.5730492968418, 461.665852427503, 0.4712929298727609, 0.0
-16.5, -29.5, 250.84500505087775, 0.999859805790463, 993.65538517185, 489.82801278070895, 0.49295562635731555, 0.0
-16.5, -28.5, 250.93242255656838, 0.9998595123368932, 998.248386434723, 476.295307344447, 0.4771310565755597, 0.0
-16.5, -27.5, 251.01681988940646, 0.9998592178571596, 974.7279907186625, 505.68176925658946, 0.5187927032686859, 0.0
-16.5, -26.5, 251.09819929288588, 0.9998589223509899, 987.6552614402351, 516.3677562423005, 0.5228218553600515, 0.0
-16.5, -25.5, 251.17656292822477, 0.9998586258181112, 985.4385702940175, 523.7601007841718, 0.5314994932945456, 0.0
-16.5, -24.5, 251.2519128746492, 0.9998583282582493, 981.1264186916021, 558.1327283061189, 0.5688693298570293, 0.0
-16.5, -23.5, 251.3242511296655, 0.9998580296711289, 985.2415859689637, 640.3787088975765, 0.6499712537689708, 0.0
-16.5, -22.5, 251.39357960932153, 0.9998577300564739, 999.7253472337198, 666.8326590072086, 0.6670158567574197, 0.0
-16.5, -21.5, 251.463110945464, 0.9998574294140076, 1084.347261860903, 709.6614244383115, 0.6544595531328459, 0.0
-16.5, -20.5, 251.52938066104005, 0.9998571277434515, 976.111654947977, 698.6068888900738, 0.7157038698890518, 0.0
-16.5, -19.5, 251.58939013757626, 0.9998568250445266, 999.9686972478846, 691.9783010655794, 0.6919999625688716, 0.0
-16.5, -18.5, 251.64639684804274, 0.9998565213169529, 999.9706253489309, 714.979009724525, 0.7150000126004096, 0.0
-16.5, -17.5, 251.70040229671204, 0.9998562165604493, 991.901151052521, 672.6310262746017, 0.6781230423625005, 0.0
-16.5, -16.5, 251.75140790775683, 0.9998559107747338, 976.8619776373487, 674.8688342653971, 0.6908538255298295, 0.0
-16.5, -15.5, 251.79941502543443, 0.9998556039595233, 991.5938799329263, 658.859868105669, 0.664445274864177, 0.0
-16.5, -14.5, 251.84442491426128, 0.9998552961145339, 984.0448337813089, 692.3168678864758, 0.7035419973967713, 0.0
-16.5, -13.5, 251.88643875917643, 0.9998549872394805, 984.2660339919094, 623.4370882404789, 0.6334030299836635, 0.0
-16.5, -12.5, 251.92545766569484, 0.9998546773340771, 994.8836330412273, 606.4935221699672, 0.6096125235430769, 0.0
-16.5, -11.5, 251.9614826600504, 0.9998543663980366, 979.3790898109785, 599.3086198835958, 0.6119271139424298, 0.0
-16.5, -10.5, 251.99451468932818, 0.999854054431071, 990.2478225211172, 572.0958763444452, 0.5777300018574342, 0.0
-16.5, -9.5, 252.02455462158704, 0.9998537414328913, 996.135113688809, 597.9491805622798, 0.6002691525931674, 0.0
-16.5, -8.5, 252.0516032459713, 0.9998534274032076, 993.1608536844174, 608.5002785911007, 0.6126905589700732, 0.0
-16.5, -7.5, 252.0756612728125, 0.9998531123417289, 971.2374464417368, 608.2105011791085, 0.6262222522487906, 0.0
-16.5, -6.5, 252.09672933372104, 0.9998527962481631, 963.3956250538857, 560.1546812313538, 0.5814378503120383, 0.0
-16.5, -5.5, 252.11480798166735, 0.9998524791222172, 978.4422273054684, 602.9731750618379, 0.616258332106501, 0.0
-16.5, -4.5, 252.1298976910532, 0.9998521609635973, 983.4151545910382, 576.3718677896732, 0.5860921149108815, 0.0
-16.5, -3.5, 252.14199885777262, 0.9998518417720084, 988.9856138977564, 588.7910617954407, 0.5953484595947938, 0.0
-16.5, -2.5, 252.1511117992629, 0.9998515215471544, 992.8145958821854, 595.572966384962, 0.5998833708279174, 0.0
-16.5, -1.5, 252.15723675454544, 0.9998512002887384, 963.7472106020691, 574.3362939250275, 0.5959408106262948, 0.0
-16.5, -0.5, 252.16037388425636, 0.9998508779964623, 991.9633782365753, 594.7874411734805, 0.5996062498101905, 0.0
-16.5, 0.5, 252.16042616946106, 0.9998505546700273, 1087.6923941133653, 655.4346964325439, 0.602591964400765, 0.0
-16.5, 1.5, 252.15723675454544, 0.9998502303091331, 982.0374878509094, 629.3217084279803, 0.6408326731041477, 0.0
-16.5, 2.5, 252.1511117992629, 0.9998499049134789, 995.7797242161939, 591.0870586390223, 0.5935921813474194, 0.0
-16.5, 3.5, 252.1419988577726, 0.9998495784827627, 999.9862444104116, 629.9913256035044, 0.6299999916248299, 0.0
-16.5, 4.5, 252.1298976910532, 0.9998492510166814, 972.1798984997066, 605.6861482478153, 0.6230185886197873, 0.0
-16.5, 5.5, 252.11480798166735, 0.999848922514931, 988.2412498737979, 587.0070155670447, 0.5939916145394738, 0.0
-16.5, 6.5, 252.09672933372102, 0.9998485929772064, 986.7108001418312, 618.5774557596917, 0.6269085690262806, 0.0
-16.5, 7.5, 252.07566127281245, 0.9998482624032016, 981.4275674298536, 570.9929929598125, 0.5817984045986394, 0.0
-16.5, 8.5, 252.05160324597128, 0.9998479307926096, 987.8366583950276, 553.9400188175006, 0.5607607432968787, 0.0
-16.5, 9.5, 252.02455462158701, 0.9998475981451223, 979.6476030653813, 586.2223300672346, 0.5984012294144411, 0.0
-16.5, 10.5, 251.99451468932813, 0.9998472644604306, 992.6918134228335, 601.4940131926635, 0.6059222057233379, 0.0
-16.5, 11.5, 251.9614826600503, 0.9998469297382244, 989.3038955183965, 603.9851997271554, 0.6105153355437526, 0.0
-16.5, 12.5, 251.9254576656948, 0.9998465939781928, 980.7023758525856, 580.4215764781335, 0.5918427351351493, 0.0
-16.5, 13.5, 251.88643875917637, 0.9998462571800234, 999.7871962690928, 673.8726931330513, 0.6740161262794152, 0.0
-16.5, 14.5, 251.84442491426125, 0.9998459193434034, 981.2955877238517, 680.6329094237086, 0.6936064096675087, 0.0
-16.5, 15.5, 251.7994150254344, 0.9998455804680184, 992.0373068232161, 694.4260785613312, 0.6999999634943971, 0.0
-16.5, 16.5, 251.75140790775677, 0.9998452405535534, 979.4283375765767, 685.7519698220985, 0.7001553288920263, 0.0
-16.5, 17.5, 251.70040229671199, 0.9998448995996921, 990.0814469850667, 665.5752958575414, 0.6722429734284074, 0.0
-16.5, 18.5, 251.64639684804268, 0.9998445576061176, 997.6963514862366, 703.3872965347813, 0.7050113949870294, 0.0
-16.5, 19.5, 251.5893901375762, 0.9998442145725114, 994.0174418299895, 692.4934397458144, 0.6966612562360391, 0.0
-16.5, 20.5, 251.52938066103994, 0.9998438704985545, 970.2588329375404, 681.8408732328705, 0.7027412171745345, 0.0
-16.5, 21.5, 251.46311094546394, 0.9998435253839265, 1084.3362210804623, 715.9193804455236, 0.6602374489825323, 0.0
-16.5, 22.5, 251.39357960932145, 0.9998431792283063, 968.662083131604, 667.9464882983783, 0.6895557283908159, 0.0
-16.5, 23.5, 251.3242511296654, 0.9998428320313716, 999.9601888440757, 651.9739282961062, 0.6519998851651972, 0.0
-16.5, 24.5, 251.25191287464912, 0.999842483792799, 977.2177628271058, 567.2431556218559, 0.5804675039684224, 0.0, (-913.2091259595232, 707.3293899731361, 3490.0000000000005), (-44.8, 34.70000000000113, 262.91174446012263)
-16.5, 25.5, 251.1765629282247, 0.9998421345122644, 990.2295040413909, 537.1675616495164, 0.5424677405159029, 0.0
-16.5, 26.5, 251.0981992928858, 0.9998417841894424, 962.3626829086802, 514.0935846622674, 0.5341994175298362, 0.0
-16.5, 27.5, 251.0168198894064, 0.9998414328240065, 976.921109765974, 510.2152193404854, 0.522268599009709, 0.0
-16.5, 28.5, 250.93242255656827, 0.9998410804156295, 983.8384569934544, 483.9144075321121, 0.49186368360810234, 0.0
-16.5, 29.5, 250.84500505087763, 0.9998407269639827, 971.0537090069304, 476.4731376750578, 0.49067639951896547, 0.0
-16.5, 30.5, 250.75456504627007, 0.9998403724687371, 979.2135736442939, 468.9471958033245, 0.4789018539214744, 0.0
-16.5, 31.5, 250.66110013380458, 0.999840016929562, 967.2378527672189, 394.07902175792174, 0.4074272120662787, 0.0
-16.5, 32.5, 250.5646078213459, 0.999839660346126, 984.9420155244974, 392.70907819045595, 0.39871289070893384, 0.0, (-913.8794761344587, 724.1678884547844, 3490.0), (-44.8, 35.500000000001144, 262.82971133044566)
-16.5, 33.5, 250.46508553323548, 0.9998393027180965, 988.6470458089835, 457.89653279553846, 0.4631547069670895, 0.0
-16.5, 34.5, 250.36253060995062, 0.9103181109697209, 981.4142308189446, 475.78893452501336, 0.48479930245966535, 0.0, (157.17057251271441, 1564.7870524058724, 3500.0)
-16.5, 35.5, 250.25694030775213, 0.9998385843269221, 994.2021151685058, 490.6738241883604, 0.4935352849306671, 0.0
-16.5, 36.5, 250.1483117983199, 0.9998382235631069, 991.1046739397586, 473.9453000453187, 0.4781990363957521, 0.0
-16.5, 37.5, 250.03664216837663, 0.9998378617533581, 979.2360906430313, 478.35525171956147, 0.48849838796836187, 0.0
-16.5, 38.5, 249.92192841929958, 0.9998374988973379, 987.2048464981171, 467.7806135607287, 0.473843514058985, 0.0
-16.5, 39.5, 249.8041674667199, 0.9998371349947075, 954.6370774536975, 432.83609685686093, 0.4534038191889259, 0.0
-16.5, 40.5, 249.68335614010977, 0.9998367700451273, 979.7682569778182, 453.1593490246739, 0.46251687151253906, 0.0
-16.5, 41.5, 249.55949118235714, 0.9998364040482565, 980.2408075605425, 415.84591363664435, 0.42422832270320526, 0.0
-16.5, 42.5, 249.42611606588798, 0.9998360370037533, 1061.8957840572928, 10.998906878398843, 0.010357802567380206, 0.0
-16.5, 43.5, 249.28942021830696, 0.9998356689112751, 985.1638010183424, 0.0, 0.0, 0.0
-16.5, 44.5, 249.15606736234994, 0.9998352997704778, 973.6940613963559, 0.0, 0.0, 0.0
-16.5, 45.5, 249.04037070252807, 0.9998349295810165, 699.6125661332997, 0.0, 0.0, 0.0
-15.5, -44.5, 249.21795945231543, 0.9998345583425453, 792.1121758912393, 0.762055483356394, 0.0009620550050237174, 0.0
-15.5, -43.5, 249.33777592263397, 0.9998341860547174, 997.5296225527389, 0.0, 0.0, 0.0
-15.5, -42.5, 249.47445228724635, 0.9998338127171845, 1078.5056733954075, 156.92335366659526, 0.1455007215423921, 0.0
-15.5, -41.5, 249.60780840847968, 0.9998334383295977, 988.0716392858997, 461.0389819067108, 0.46660481242019397, 0.0
-15.5, -40.5, 249.73165573850093, 0.999833062891607, 980.3671366413635, 470.13768735433223, 0.4795526795859104, 0.0
-15.5, -39.5, 249.8524498839666, 0.999832686402861, 993.1177273972872, 486.23311025424687, 0.4896026894299249, 0.0
-15.5, -38.5, 249.9701941006152, 0.9998323088630078, 976.0146459240923, 463.0038634001275, 0.4743820856927353, 0.0
-15.5, -37.5, 250.0848915576388, 0.999831930271694, 985.7456082166769, 425.23744522813973, 0.43138659881776337, 0.0
-15.5, -36.5, 250.1965453381083, 0.9998315506285654, 985.8205162883601, 462.4749459179853, 0.4691269234882791, 0.0
-15.5, -35.5, 250.30515843938593, 0.9998311699332667, 999.2194437261456, 493.8931749044556, 0.494278987469159, 0.0
-15.5, -34.5, 250.42221736901115, 0.9998307881854416, 985.4197732488124, 465.3339345409454, 0.4722189945578162, 0.0
-15.5, -33.5, 250.51327416766057, 0.9998304053847324, 963.7588072108963, 420.48500327784177, 0.4362969242218591, 0.0
-15.5, -32.5, 250.61278236438034, 0.999830021530781, 999.9367559013813, 400.97462063296354, 0.4009999815153406, 0.0
-15.5, -31.5, 250.70926102209376, 0.9998296366232278, 994.9379884976197, 456.9725496543554, 0.459297518978439, 0.0
-15.5, -30.5, 250.80271271538183, 0.999829250661712, 982.1447590439969, 458.85250687267006, 0.4671943750117949, 0.0
-15.5, -29.5, 250.89313993533813, 0.9998288636458724, 994.0374932169323, 484.83759983857414, 0.4877457874043855, 0.0
-15.5, -28.5, 250.98054508989753, 0.999828475575346, 999.8844664547244, 487.9556927700698, 0.48801207453517814, 0.0
-15.5, -27.5, 251.06493050415372, 0.9998280864497694, 983.3919448282572, 511.11589957061403, 0.5197479013923355, 0.0
-15.5, -26.5, 251.1462984206651, 0.9998276962687775, 985.518687238468, 503.942998931528, 0.5113479890915431, 0.0
-15.5, -25.5, 251.22465099974931, 0.9998273050320049, 981.7067627312869, 524.1054734054967, 0.533871715365737, 0.0
-15.5, -24.5, 251.29999031976678, 0.9998269127390843, 975.2899633042393, 630.5476064377957, 0.6465232189015134, 0.0
-15.5, -23.5, 251.37231837739265, 0.9998265193896481, 982.336400141007, 649.399594075708, 0.6610765863735596, 0.0
-15.5, -22.5, 251.44163708787826, 0.2730539208082555, 987.9273794526549, 675.8620317359363, 0.6841211669934552, 0.0, (-3500.0, 1208.2178568692966, 1145.7125544141304)
-15.5, -21.5, 251.51115863016335, 0.9998257295197513, 1083.478898738813, 728.4336151530603, 0.6723099231567581, 0.0
-15.5, -20.5, 251.57741901484508, 0.9998253329985498, 976.9883141017468, 662.9051339162107, 0.6785190000206835, 0.0
-15.5, -19.5, 251.63742004499932, 0.9998249354193504, 990.2158101352132, 664.6669124925347, 0.671234397279291, 0.0
-15.5, -18.5, 251.694418734394, 0.9998245367817796, 970.4492931781695, 648.8689387097229, 0.6686273494874853, 0.0
-15.5, -17.5, 251.7484165866782, 0.9998241370854634, 972.5876024310076, 681.2614510567545, 0.7004628162583237, 0.0
-15.5, -16.5, 251.79941502543443, 0.9998237363300263, 975.2202777032829, 675.6642380946275, 0.6928324333922461, 0.0
-15.5, -15.5, 251.84741539436357, 0.9998233345150921, 942.1867700226808, 655.0026264075135, 0.6951940392792249, 0.0
-15.5, -14.5, 251.89241895745846, 0.9998229316402831, 983.2644069407329, 641.7666575461544, 0.6526898085764203, 0.0
-15.5, -13.5, 251.93442689916796, 0.999822527705221, 971.25683857195, 582.859432335651, 0.6001084462814552, 0.0
-15.5, -12.5, 251.97344032454987, 0.999822122709526, 990.3053412972638, 585.7781628315505, 0.5915126763470775, 0.0
-15.5, -11.5, 252.0094602594138, 0.9998217166528176, 989.4673439011424, 584.3569179477327, 0.5905772651816953, 0.0
-15.5, -10.5, 252.04847711807804, 0.9998213095347139, 988.9247321988994, 575.6488496802465, 0.5820957156165734, 0.0
-15.5, -9.5, 252.07252336536905, 0.9998209013548323, 992.0875962470282, 575.281742605464, 0.5798699074373064, 0.0
-15.5, -8.5, 252.09956819297892, 0.9998204921127889, 990.003386282878, 595.4790535904784, 0.6014919361299332, 0.0, (-918.4488379752557, 830.2941504017627, 3490.0), (-44.8, 40.500000000001215, 262.2741264017745)
-15.5, -7.5, 252.12362284332139, 0.9998200818081986, 986.6814536847138, 582.435404689552, 0.590297306708741, 0.0
-15.5, -6.5, 252.14468794774606, 0.9998196704406754, 989.7900175557888, 576.2031049765667, 0.5821468137246488, 0.0
-15.5, -5.5, 252.16276405899515, 0.9998192580098325, 988.6730526803253, 576.4700079522174, 0.583074461662921, 0.0
-15.5, -4.5, 252.1778516512747, 0.9998188445152816, 978.3005048178919, 576.6186700799842, 0.5894085378064077, 0.0
-15.5, -3.5, 252.18995112031536, 0.9998184299566333, 990.1932437479934, 598.4209975269966, 0.6043476879946237, 0.0
-15.5, -2.5, 252.20080884059337, 0.9998180143334975, 989.6466042980979, 594.8627467495191, 0.6010860282508852, 0.0
-15.5, -1.5, 252.20518687952188, 0.9998175976454828, 992.0385506041456, 593.4281071449129, 0.5981905711058494, 0.0
-15.5, -0.5, 252.20832356918035, 0.9998171798921967, 971.2491335745781, 569.7017224547516, 0.586566003264297, 0.0
-15.5, 0.5, 252.208375847051, 0.9998167610732457, 1084.1103744994903, 679.0536041228617, 0.6263694362636882, 0.0
-15.5, 1.5, 252.20518687952188, 0.999816341188235, 982.3957234570189, 595.7772002444099, 0.6064533731355111, 0.0
-15.5, 2.5, 252.19906278342347, 0.9998159202367694, 980.4135847690562, 595.2192160267462, 0.6071103310619207, 0.0
-15.5, 3.5, 252.18995112031536, 0.9998154982184516, 979.3186365534589, 627.8671021930198, 0.6411264717709126, 0.0
-15.5, 4.5, 252.1778516512747, 0.999815075132884, 990.1284432204501, 559.0915505428209, 0.5646656798630522, 0.0
-15.5, 5.5, 252.16276405899512, 0.9998146509796678, 990.8268561901732, 607.1184499325875, 0.6127391946833352, 0.0
-15.5, 6.5, 252.14468794774604, 0.9998142257584027, 985.345541008266, 574.3426475862299, 0.5828845046566378, 0.0
-15.5, 7.5, 252.12362284332136, 0.9998137994686878, 991.9175737365777, 584.6273185242923, 0.5893910280488195, 0.0
-15.5, 8.5, 252.09956819297886, 0.9998133721101208, 972.768175850142, 578.26336174062, 0.5944513565477735, 0.0
-15.5, 9.5, 252.07252336536902, 0.9998129436822984, 961.8204096474436, 586.579410394507, 0.6098637588793925, 0.0
-15.5, 10.5, 252.04248765045344, 0.9998125141848164, 998.936149672743, 582.1525950982128, 0.5827725778959238, 0.0
-15.5, 11.5, 252.00946025941374, 0.9998120836172694, 977.3843242763254, 578.880325513788, 0.5922750254281011, 0.0
-15.5, 12.5, 251.97344032454984, 0.9998116519792506, 990.293070602661, 576.4152060738268, 0.5820652725793979, 0.0
-15.5, 13.5, 251.93442689916793, 0.9998112192703525, 989.5567795609625, 610.833820201252, 0.6172802135439476, 0.0
-15.5, 14.5, 251.8924189574584, 0.9998107854901664, 977.9424575122962, 657.2584478100732, 0.6720829459455279, 0.0
-15.5, 15.5, 251.84741539436348, 0.9998103506382826, 982.6765648868011, 689.4902623271095, 0.7016451668474815, 0.0
-15.5, 16.5, 251.7994150254344, 0.99980991471429, 990.8164424434831, 689.9025257109203, 0.6962970093729272, 0.0
-15.5, 17.5, 251.7484165866781, 0.9998094777177767, 991.1232964054565, 654.7355844261409, 0.6605995306544551, 0.0, (-921.0890714023302, 886.1370307464641, 3490.0), (-44.8, 43.10000000000125, 261.9559253103442)
-15.5, 18.5, 251.6944187343939, 0.9998090396483297, 979.1274865352733, 656.6230036154849, 0.6706205398635082, 0.0
-15.5, 19.5, 251.63742004499923, 0.9998086005055347, 997.8559809844004, 678.9226073777364, 0.6803813579470344, 0.0
-15.5, 20.5, 251.577419014845, 0.9998081602889763, 986.1407192447265, 687.7403733179091, 0.6974059177321481, 0.0
-15.5, 21.5, 251.51115863016324, 0.9998077189982384, 1099.962781624407, 751.9745901273368, 0.6836363945122153, 0.0
-15.5, 22.5, 251.44163708787818, 0.0480758821755443, 997.3059871172691, 663.8863215170059, 0.6656796711267935, 0.0, (2218.596371916818, 3500.0, -90.33105809404582)
-15.5, 23.5, 251.3723183773926, 0.9998068331925526, 982.4501091462413, 672.7043201213735, 0.6847211007039941, 0.09486832980505139
-15.5, 24.5, 251.29999031976666, 0.9998063886767665, 977.9396547881917, 652.4069302860181, 0.6671239141307963, 0.0
-15.5, 25.5, 251.2246509997492, 0.9998059430851242, 985.6344422151794, 533.3048740454728, 0.5410777578418308, 0.14491376746189438
-15.5, 26.5, 251.14629842066498, 0.9998054964172038, 958.2380801257774, 499.5697535517416, 0.5213419962251642, 0.15491933384829668
-15.5, 27.5, 251.0649305041536, 0.9998050486725825, 992.9112987835265, 532.5386954675275, 0.5363406541147953, 0.15491933384829668
-15.5, 28.5, 250.98054508989742, 0.999804599850836, 965.1518423508771, 482.3734152385461, 0.4997901823029222, 0.15811388300841897
-15.5, 29.5, 250.893139935338, 0.9998041499515392, 993.4355506868994, 489.7599970270272, 0.4929962458947522, 0.1264911064067352
-15.5, 30.5, 250.80271271538172, 0.9998036989742657, 969.134329004265, 457.15410132498516, 0.47171386632716555, 0.14491376746189438
-15.5, 31.5, 250.70926102209359, 0.9998032469185882, 984.7025484019063, 405.1607929627686, 0.4114550060018757, 0.12649110640673517
-15.5, 32.5, 250.6127823643802, 0.9998027937840781, 985.6109831247155, 435.9003676615956, 0.4422641134534095, 0.15811388300841897
-15.5, 33.5, 250.51327416766046, 0.9998023395703058, 990.5718111079996, 467.2877170102905, 0.4717353267781848, 0.15491933384829668
-15.5, 34.5, 250.41073377352538, 0.9998018842768406, 983.1029107861216, 496.46439051497737, 0.5049973762339774, 0.1264911064067352
-15.5, 35.5, 250.30515843938582, 0.9998014279032504, 964.9640350824677, 483.64288868711435, 0.5012030201164764, 0.15811388300841897
-15.5, 36.5, 250.19654533810817, 0.9998009704491027, 973.8017049424041, 472.13085546425367, 0.48483264412869154, 0.15491933384829668
-15.5, 37.5, 250.08489155763866, 0.9998005119139629, 987.94835238147, 478.1953118073226, 0.4840286545897089, 0.14491376746189438
-15.5, 38.5, 249.97019410061503, 0.999800052297396, 965.4466179923745, 472.88601107976126, 0.4898106247066436, 0.15811388300841897
-15.5, 39.5, 249.85244988396647, 0.9997995915989658, 958.4039496642571, 439.71624807478224, 0.458800538362578, 0.15811388300841897
-15.5, 40.5, 249.73165573850073, 0.9997991298182347, 992.9937168227599, 464.4993604080382, 0.4677767366890067, 0.15491933384829668
-15.5, 41.5, 249.6078084084795, 0.9997986669547643, 984.8786385083449, 461.048778877788, 0.46812750409133935, 0.15811388300841897
-15.5, 42.5, 249.47445228724618, 0.9997982030081147, 1099.4709234710024, 165.8447452399869, 0.1508405012807607, 0.15811388300841897
-15.5, 43.5, 249.3377759226338, 0.9997977379778453, 981.2335815479242, 0.0, 0.0, 0.15491933384829668
-15.5, 44.5, 249.20444208797252, 0.9997972718635141, 995.8404774340879, 0.0, 0.0, 0.15491933384829668
-15.5, 45.5, 249.08876194241867, 0.9997968046646781, 687.0560281623865, 0.0, 0.0, 0.15491933384829668
-14.5, -44.5, 249.2633120978058, 0.9998014258679991, 796.7111313494013, 0.0, 0.0, 0.09486832980505137
-14.5, -43.5, 249.38311254752057, 0.999801883259355, 958.572201665651, 0.9988763470879914, 0.00104204601943631, 0.12649110640673517
-14.5, -42.5, 249.51977065047026, 0.9998023395703058, 1075.5434845686245, 283.90415931978157, 0.2639634411747182, 0.14491376746189438
-14.5, -41.5, 249.65310896719438, 0.9998027948012844, 984.2894091352259, 460.60715512250334, 0.4679590685905909, 0.15491933384829668
-14.5, -40.5, 249.77693977448334, 0.9998032489527225, 982.7280822238155, 441.347554749237, 0.4491044498804915, 0.15491933384829668
-14.5, -39.5, 249.89771781580475, 0.9998037020250509, 996.0878357067587, 484.8102458805287, 0.4867143523909607, 0.15811388300841897
-14.5, -38.5, 250.01544634561, 0.8946099520728024, 989.5274336581679, 475.47794730400466, 0.48051012142858734, 0.14491376746189438, (1192.95021479244, -1206.0659571702342, 3500.0)
-14.5, -37.5, 250.13012853183955, 0.9762353427469972, 974.4589954159121, 467.02551272034276, 0.47926645956098957, 0.12649110640673517, (-42.14899527766136, -0.43355449653083544, 249.8833374577808); (-41.988316096129864, -116.59284800633236, 228.57501474031838), (-42.14899527766136, -0.43355449653083544, 249.8833374577808); (-41.988316096129864, -116.59284800633236, 228.57501474031838)
-14.5, -36.5, 250.24176745634801, 0.9998050547716669, 986.9043984948322, 501.04654906791666, 0.5076951220726982, 0.15491933384829668
-14.5, -35.5, 250.3503661153164, 0.9998055035318404, 956.5191150583579, 457.5476513033187, 0.4783465840882891, 0.15811388300841897
-14.5, -34.5, 250.4559274196521, 0.9998059512150406, 993.8512480672129, 472.888124483285, 0.4758137854160085, 0.15491933384829668
-14.5, -33.5, 250.5584541953767, 0.9998063978216918, 973.3964338277754, 376.77424137476874, 0.3870717297505859, 0.14491376746189438
-14.5, -32.5, 250.65794918400178, 0.9998068433522167, 987.3807293474669, 369.84218268486734, 0.3745689698940003, 0.0
-14.5, -31.5, 250.75441504289273, 0.9998072878070371, 993.8454317026506, 446.14497346327136, 0.4489078072220327, 0.0
-14.5, -30.5, 250.8478543456208, 0.9998077311865737, 953.425306067489, 453.53817421781537, 0.47569345110891287, 0.0
-14.5, -29.5, 250.93826958230332, 0.9998081734912462, 998.9413581673087, 485.59731980258306, 0.4861119382357701, 0.0
-14.5, -28.5, 251.0256631599325, 0.999808614721473, 982.7492010530005, 479.70978641533463, 0.4881304262586355, 0.0
-14.5, -27.5, 251.11003740269229, 0.9998090548776715, 976.6376464064546, 490.2473423646997, 0.5019746516720591, 0.0
-14.5, -26.5, 251.19139455226457, 0.999809493960258, 990.5649425315012, 515.3348251183714, 0.5202433510329719, 0.0
-14.5, -25.5, 251.26973676812312, 0.9998099319696477, 981.6929455685311, 573.0457654779412, 0.5837321823129444, 0.0
-14.5, -24.5, 251.34506612781712, 0.9998103689062547, 985.1241905207669, 664.1001435056016, 0.6741283483806625, 0.0
-14.5, -23.5, 251.41738462724305, 0.999810804770492, 999.9628610566467, 676.9748801653592, 0.6770000232308722, 0.0
-14.5, -22.5, 251.50058960386508, 0.9998112395627715, 1005.9451067280304, 685.4939430335006, 0.6814426934916562, 0.0
-14.5, -21.5, 251.55664556500545, 0.9998116732835041, 1075.8303210863821, 730.9882855381876, 0.6794642902423774, 0.0
-14.5, -20.5, 251.62245818188686, 0.9998121059330994, 994.2550307046691, 683.4632968993877, 0.6874124603774843, 0.0
-14.5, -19.5, 251.68245129508844, 0.9998125375119661, 981.7155741786132, 680.0909082289245, 0.6927575828650232, 0.0
-14.5, -18.5, 251.7394424661807, 0.9998129680205117, 972.5239444556448, 651.7713003475958, 0.6701853502562496, 0.0
-14.5, -17.5, 251.7934331982284, 0.9998133974591427, 967.0273386618017, 681.3454354200866, 0.7045772215322792, 0.0
-14.5, -16.5, 251.84442491426128, 0.10648549283168494, 990.6467742641825, 662.5204332728135, 0.668775642826789, 0.0, (-3500.0, -610.0293015981952, 484.40303824915753)
-14.5, -15.5, 251.89241895745843, 0.9998142531282811, 982.0914388886293, 656.1319935523694, 0.6680966431138758, 0.0
-14.5, -14.5, 251.93741659132237, 0.999814679359596, 997.5701667235091, 580.0243833808689, 0.5814371787860723, 0.0
-14.5, -13.5, 251.9794189998425, 0.9998151045226111, 999.9811749502986, 577.989112313306, 0.5779999931919052, 0.0
-14.5, -12.5, 252.01842728764817, 0.9998155286177276, 987.0049587367115, 592.477647069579, 0.6002782881941178, 0.0
-14.5, -11.5, 252.0544424801514, 0.9998159516453453, 973.8007168553735, 578.3264850477391, 0.5938858690875566, 0.0
-14.5, -10.5, 252.08746552367916, 0.9998163736058631, 996.9946180185037, 562.1973235429144, 0.5638920345029188, 0.0
-14.5, -9.5, 252.11749728559565, 0.9998167944996788, 991.9435358507493, 578.2252315770044, 0.5829215178876934, 0.0
-14.5, -8.5, 252.1445385544137, 0.999817214327189, 989.4155583260567, 585.4139109314766, 0.5916764760824152, 0.0
-14.5, -7.5, 252.16859003989686, 0.2654346177892807, 974.0242466470165, 585.458528734363, 0.6010718221335319, 0.0, (3500.0, 735.2729308939619, 1108.7883468703296)
-14.5, -6.5, 252.18965237315035, 0.9998180507848743, 974.4168898732505, 591.4023784102499, 0.6069295232425393, 0.0, (-916.9817062432141, -845.1822437856908, 3490.0), (-44.699999999999996, -41.199999999999946, 262.2035317266149)
-14.5, -5.5, 252.20772610670258, 0.9998184674158374, 987.5586882482111, 590.1378591335747, 0.5975724442062228, 0.0
-14.5, -4.5, 252.22281171457607, 0.9998188829820709, 987.6943135069267, 591.0026134018179, 0.5983659167818761, 0.0
-14.5, -3.5, 252.23490959234846, 0.9998192974839664, 997.5393508354368, 581.5624530282117, 0.5829970041193409, 0.0
-14.5, -2.5, 252.2440200572034, 0.9998197109219137, 989.0352851707495, 597.2079267111682, 0.6038287366138456, 0.0
-14.5, -1.5, 252.2501433479712, 0.9998201232963021, 952.8718750537869, 577.4832857141279, 0.6060450526798585, 0.0
-14.5, -0.5, 252.25327962515976, 0.9998205346075199, 983.8249089381386, 600.7838308909683, 0.6106613335694112, 0.0
-14.5, 0.5, 252.25333189615603, 0.9998209448559537, 1078.4593003701616, 605.4107923527935, 0.5613663790047498, 0.0
-14.5, 1.5, 252.2501433479712, 0.9998213540419898, 993.5275170253636, 585.7628491748779, 0.589578888492853, 0.0
-14.5, 2.5, 252.2440200572034, 0.9998217621660129, 974.9581411786427, 609.8987192345816, 0.6255640047246184, 0.0
-14.5, 3.5, 252.2349095923484, 0.9998221692284067, 978.7747036959636, 576.6502763156195, 0.5891552715227755, 0.0
-14.5, 4.5, 252.222811714576, 0.999822575229554, 987.1797052162951, 594.1666460403341, 0.6018829630519498, 0.0
-14.5, 5.5, 252.20772610670255, 0.9998229801698365, 976.3484877400323, 585.9450915261398, 0.6001392933812344, 0.0
-14.5, 6.5, 252.18965237315032, 0.9998233840496347, 985.0712544419165, 572.9472196500369, 0.5816302293529366, 0.0
-14.5, 7.5, 252.1685900398968, 0.999823786869328, 990.803860504481, 572.454473443882, 0.5777677058630042, 0.0
-14.5, 8.5, 252.14453855441366, 0.6666135493453578, 976.7201248963115, 575.497234638142, 0.5892140644683007, 0.0, (-3471.197838627282, 2004.0359916718935, -3490.0), (-3490.0, 1992.9431739290649, -3467.652006767018)
-14.5, 9.5, 252.1174972855956, 0.9998245893299134, 996.9279501079283, 578.8513043385406, 0.5806350441632955, 0.0, (-915.4215087987741, -810.9774440364963, 3490.0), (-44.699999999999996, -39.59999999999992, 262.3926879538572)
-14.5, 10.5, 252.08746552367913, 0.9998249889715589, 993.2480667596021, 586.1828465511379, 0.5901676189146945, 0.0
-14.5, 11.5, 252.05444248015135, 0.9998253875546073, 977.1013100313147, 568.4632232041045, 0.5817853454580734, 0.0
-14.5, 12.5, 252.0184272876481, 0.9998257850794323, 980.1869026239398, 572.1670406938456, 0.5837325913682038, 0.0
-14.5, 13.5, 251.97941899984247, 0.9998261815464075, 970.3545842326872, 580.9979253193261, 0.5987480605131094, 0.0
-14.5, 14.5, 251.93741659132232, 0.9998265769559046, 986.3598541689727, 578.901910568962, 0.5869074132753488, 0.0
-14.5, 15.5, 251.8924189574584, 0.9998269713082948, 992.5131965028983, 621.2538836602138, 0.6259401747495048, 0.0
-14.5, 16.5, 251.84442491426125, 0.6127196104150296, 983.5603846119926, 665.9846573880283, 0.677116187076561, 0.0, (2802.936004482349, 3378.651626242869, -3490.0), (2715.8321572731256, 3490.0000000000005, -3360.833810009848)
-14.5, 17.5, 251.79343319822834, 0.9998277568432334, 969.5437176409699, 689.5052365042122, 0.7111646684503006, 0.0
-14.5, 18.5, 251.73944246618063, 0.9998281480265184, 982.1272562181673, 665.864903547269, 0.6779823076199766, 0.0
-14.5, 19.5, 251.68245129508833, 0.9998285381541702, 992.5739848848013, 652.9823631539781, 0.657867698627789, 0.0
-14.5, 20.5, 251.6224581818868, 0.9998289272265541, 986.6052653189279, 668.3480361233848, 0.6774219230497782, 0.0
-14.5, 21.5, 251.5562065432265, 0.9998293152440352, 1089.8332943636883, 764.3114800213696, 0.701310451767416, 0.0
-14.5, 22.5, 251.48669418090546, 0.9998297022069768, 990.6711298276568, 677.9115663046978, 0.6842952680196014, 0.0
-14.5, 23.5, 251.41738462724294, 0.9998300881157417, 980.0870176188841, 635.5025802006279, 0.6484144456321621, 0.0
-14.5, 24.5, 251.34506612781703, 0.9998304729706913, 978.5060693472057, 655.3770799173857, 0.6697731372832565, 0.0
-14.5, 25.5, 251.26973676812304, 0.9998308567721862, 989.8225441357928, 577.7645603406366, 0.5837051941922367, 0.0
-14.5, 26.5, 251.19139455226446, 0.9998312395205856, 970.5689417261242, 515.4036580025786, 0.531032506651151, 0.0
-14.5, 27.5, 251.11003740269223, 0.9998316212162482, 988.2934822900722, 519.8598285110735, 0.5260176636058097, 0.0
-14.5, 28.5, 251.02566315993238, 0.9998320018595311, 992.2157169833179, 492.3996343346307, 0.49626268351371966, 0.0
-14.5, 29.5, 250.9382695823032, 0.9998323814507907, 978.5432868468998, 477.45502073206615, 0.48792427187410403, 0.0
-14.5, 30.5, 250.8478543456207, 0.2256548345432662, 992.8152732589162, 483.40836327561755, 0.4869066545368803, 0.0, (-3500.0, 1774.882790676816, 1014.989164171217)
-14.5, 31.5, 250.75441504289262, 0.056574111874583076, 976.3097483760849, 417.03001533082346, 0.42714928947957104, 0.0, (-3500.0, -18.432099950015477, 305.729520237548), (-3500.0, -18.432099950015477, 305.729520237548)
-14.5, 32.5, 250.65794918400167, 0.9998335139159765, 990.0704707699412, 413.4218537811141, 0.41756810852020587, 0.0
-14.5, 33.5, 250.55845419537658, 0.8477682212658953, 970.3654579699015, 384.02226774278614, 0.3957501419580597, 0.0, (1833.7778726988206, 961.834471335042, 3500.0)
-14.5, 34.5, 250.45592741965197, 0.9998342636391352, 982.305164178822, 454.36763848807993, 0.46255242775590805, 0.0
-14.5, 35.5, 250.3503661153163, 0.9998346369256781, 981.3802267905274, 426.5389046557732, 0.43463164735926213, 0.0
-14.5, 36.5, 250.24176745634787, 0.9998350091626624, 980.2662655837848, 487.43648824834787, 0.4972490693210394, 0.0
-14.5, 37.5, 250.1301285318394, 0.9998353803504362, 988.822645369943, 459.2747002948068, 0.464466203767998, 0.0
-14.5, 38.5, 250.01544634560986, 0.9998357504893461, 991.5001669966365, 493.0832299018135, 0.49731028426895485, 0.0
-14.5, 39.5, 249.8977178158046, 0.9998361195797383, 984.7519775606354, 442.7504821227181, 0.44960608580799327, 0.0
-14.5, 40.5, 249.77693977448314, 0.9998364876219573, 981.9446087284787, 482.7574562893505, 0.4916341023700652, 0.0
-14.5, 41.5, 249.6531089671942, 0.999836854616347, 975.6350140767067, 471.0599052095442, 0.48282390280481297, 0.0
-14.5, 42.5, 249.51977065047012, 0.9998372205632502, 1095.2689731407554, 330.38881369350446, 0.3016508472307884, 0.0
-14.5, 43.5, 249.3831125475204, 0.9998375854630087, 994.0036918770631, 0.9998982948738033, 0.0010059301620757655, 0.0
-14.5, 44.5, 249.24979654178372, 0.999837949315963, 953.2699674292533, 0.8164297940044045, 0.000856451815225151, 0.0
-14.5, 45.5, 249.13413187527834, 0.9998383121224529, 681.598088734682, 0.7269261556923761, 0.0010665026321330228, 0.0
-13.5, -44.5, 249.30564580412178, 0.9998386738828168, 773.4193452080669, 0.0, 0.0, 0.0
-13.5, -43.5, 249.42543130340653, 0.9998390345973925, 963.2145831061854, 4.9995022177306305, 0.005190434515233541, 0.0
-13.5, -42.5, 249.56207236456495, 0.9998393942665166, 1078.844508094676, 438.03154924414986, 0.40601916769057655, 0.0
-13.5, -41.5, 249.695394066109, 0.9998397528905244, 982.4645829293357, 461.0985257366256, 0.46932839488402234, 0.0
-13.5, -40.5, 249.81920945436866, 0.9998401104697505, 990.6219350820411, 464.3844821190543, 0.46878073831526357, 0.0
-13.5, -39.5, 249.93997246728378, 0.9998404670045284, 980.6653379668963, 474.8927765698688, 0.4842556968052025, 0.0
-13.5, -38.5, 250.05768635810463, 0.9998408224951905, 994.7451355387293, 481.37383613046455, 0.4839167530784299, 0.0
-13.5, -37.5, 250.1723542936041, 0.9998411769420682, 974.20454853392, 481.56382604481087, 0.49431490211117984, 0.0
-13.5, -36.5, 250.28397935450204, 0.999841530345492, 972.8494245139186, 467.01581031886235, 0.4800494285661992, 0.0
-13.5, -35.5, 250.39256453587743, 0.999841882705791, 990.2596107499446, 451.0670590194232, 0.45550384376256703, 0.0
-13.5, -34.5, 250.49811274756806, 0.9998422340232938, 986.6629041061656, 439.5703883260135, 0.4455122276277607, 0.0
-13.5, -33.5, 250.600626814558, 0.9998425842983275, 999.5571504660102, 374.9003031006179, 0.37506640108155215, 0.0
-13.5, -32.5, 250.7001094773536, 0.6098735878534838, 984.4317573022239, 409.65014632349425, 0.4161285363711913, 0.0, (-853.5422212446153, 3500.0, 2905.5451111424236)
-13.5, -31.5, 250.79656339234654, 0.9998432817222922, 979.5491201751009, 435.66273721972544, 0.44475843859861547, 0.0, (-910.9818142672888, -705.1447600368696, 3490.0), (-44.699999999999996, -34.59999999999985, 262.93493687292226)
-13.5, -30.5, 250.88999113216596, 0.9998436288718726, 976.0657348977837, 440.74745382852586, 0.45155509313589637, 0.0
-13.5, -29.5, 250.9803951860185, 0.999843974980283, 969.4938254701678, 462.4956279656055, 0.47704855442613325, 0.0, (-910.8177400428165, -700.9425113528579, 3490.0), (-44.699999999999996, -34.39999999999985, 262.9550902127604)
-13.5, -28.5, 251.06777796001668, 0.1742904428407926, 988.3952473674167, 510.574082481675, 0.5165687348675393, 0.0, (-3500.0, -1319.4600069410849, 762.8869922220516)
-13.5, -27.5, 251.152141777496, 0.9998446640748817, 983.4728201863435, 518.5730358669366, 0.5272876130615181, 0.0
-13.5, -26.5, 251.23348887932028, 0.9998450070617112, 978.4957595745493, 546.0919161929693, 0.5580932884475763, 0.0
-13.5, -25.5, 251.31182142417617, 0.9998453490086535, 981.3434472867441, 633.6684138646971, 0.6457152341687181, 0.0
-13.5, -24.5, 251.38714148885592, 0.9998456899160266, 975.868071808352, 631.0185435077398, 0.6466227984469438, 0.0
-13.5, -23.5, 251.4594510685294, 0.9998460297841476, 970.6589885883119, 654.3493897777382, 0.6741290169572304, 0.0
-13.5, -22.5, 251.52875207700492, 0.9998463686133328, 975.4906421740936, 650.7222725874446, 0.667071773376696, 0.0
-13.5, -21.5, 251.59825587254238, 0.999846706403897, 1077.6052895868559, 745.8474563205167, 0.6921341826435057, 0.0
-13.5, -20.5, 251.66449934937526, 0.9998470431561542, 972.4951905702347, 657.6588445368619, 0.6762592256638672, 0.0
-13.5, -19.5, 251.72448507443906, 0.9994115496808335, 972.7334095755526, 624.5213144766204, 0.6420272073816475, 0.0, (-43.25598138405528, -24.13653317992467, 248.85394392744317), (-43.25598138405528, -24.13653317992467, 248.85394392744317)
-13.5, -18.5, 251.78146922941514, 0.9998477135469998, 991.2753253507838, 688.4699935078697, 0.6945295377590883, 0.0
-13.5, -17.5, 251.83545331682296, 0.9998480471862109, 984.4334239847234, 668.6582011347392, 0.6792315100681867, 0.0
-13.5, -16.5, 251.88643875917643, 0.9998483797883614, 980.5694416877473, 622.7535448703021, 0.6350937714298177, 0.0
-13.5, -15.5, 251.93442689916796, 0.9998487113537602, 983.0178292053153, 543.5143566218123, 0.552903864481478, 0.0
-13.5, -14.5, 251.9794189998425, 0.9999850953267528, 998.7869267650509, 583.2753649326628, 0.5839837800258566, 0.0
-13.5, -13.5, 252.02141624476084, 0.9998493713755338, 996.2165363566987, 558.3539852426323, 0.5604745202128544, 0.0
-13.5, -12.5, 252.0604197381526, 0.9998496998325214, 988.1635605603527, 570.8984992773952, 0.5777368464727224, 0.0
-13.5, -11.5, 252.09643050505886, 0.37265048120026384, 974.5285162823433, 577.5469380673543, 0.5926424198140403, 0.0, (3500.0, 1629.9728549862352, 1681.8590750924097)
-13.5, -10.5, 252.1294494914645, 0.9998503536402236, 999.9862150785932, 590.9918641353751, 0.5910000110240784, 0.0
-13.5, -9.5, 252.15947756442, 0.9998506789915449, 987.607289323387, 616.4831721177579, 0.6242189368003881, 0.0
-13.5, -8.5, 252.18651551215345, 0.9998510033082494, 997.4272408707419, 578.4406093480629, 0.5799326363325422, 0.0, (-909.1566821637626, -656.9521439348853, 3490.0), (-44.699999999999996, -32.29999999999982, 263.1595795262898)
-13.5, -7.5, 252.2105640441718, 0.9998513265906379, 950.5329089332606, 563.4796391492227, 0.5928039248862935, 0.0
-13.5, -6.5, 252.23162379135243, 0.9998516488390106, 984.6318492368678, 574.9211619778295, 0.5838945413185834, 0.0
-13.5, -5.5, 252.24969530602414, 0.9998519700536661, 994.257780857262, 586.2235952105291, 0.5896092607945994, 0.0
-13.5, -4.5, 252.26477906203837, 0.9998522902349025, 989.0015090486243, 584.05371343375, 0.5905488597237671, 0.0
-13.5, -3.5, 252.27687545482993, 0.9998526093830168, 984.0175115874742, 570.392023248866, 0.579656374538169, 0.0
-13.5, -2.5, 252.28598480146792, 0.9998529274983048, 992.63485193064, 588.5809694685062, 0.5929481201710144, 0.0
-13.5, -1.5, 252.2921073406966, 0.9998532445810616, 987.1417295429496, 582.8006541444963, 0.5903920751221157, 0.0
-13.5, -0.5, 252.29524323296582, 0.9998535606315809, 983.509752033551, 601.8693225238233, 0.6119607063167091, 0.0, (-908.5533477224964, -640.2557148379968, 3490.0000000000005), (-44.699999999999996, -31.499999999999808, 263.23406289542544)
-13.5, 0.5, 252.29529549754685, 0.9998538756501559, 1085.732053357429, 652.2290363909566, 0.6007274394949075, 0.0
-13.5, 1.5, 252.2921073406966, 0.9998541896370784, 975.125009383031, 572.5112646634939, 0.5871157637785601, 0.0
-13.5, 2.5, 252.28598480146792, 0.9998545025926393, 993.4241957879408, 573.3765377363839, 0.5771719071947976, 0.0
-13.5, 3.5, 252.2768754548299, 0.9998548145171287, 972.9360192717369, 571.7640604929433, 0.5876687152778255, 0.0, (-908.2577314160753, -631.9198086586077, 3490.0), (-44.699999999999996, -31.099999999999802, 263.2705981903155)
-13.5, 4.5, 252.26477906203837, 0.9998551254108353, 972.1612634544016, 597.749118790061, 0.6148662174278228, 0.0
-13.5, 5.5, 252.24969530602414, 0.9998554352740472, 988.5454169423614, 611.3688841719099, 0.6184530054905476, 0.0
-13.5, 6.5, 252.2316237913524, 0.9998557441070514, 981.3407655632456, 592.7641374483923, 0.6040349675152568, 0.0
-13.5, 7.5, 252.21056404417178, 0.9998560519101337, 988.904195378451, 568.4112356049643, 0.5747889818461482, 0.0
-13.5, 8.5, 252.18651551215342, 0.9998563586835792, 991.201079833656, 569.0943823538473, 0.574146249365823, 0.0
-13.5, 9.5, 252.15947756441997, 0.999856664427672, 979.9089281639741, 602.1811767171838, 0.614527696819206, 0.0
-13.5, 10.5, 252.12944949146444, 0.049145882200436655, 996.9219412395479, 569.1536088575266, 0.5709109061737122, 0.0, (-3500.0, -2715.723984264971, 324.1275588776071), (-3500.0, -2715.723984264971, 324.1275588776071)
-13.5, 11.5, 252.0964305050588, 0.9998572728289297, 997.3368405898216, 566.9321880185556, 0.5684460504670357, 0.0
-13.5, 12.5, 252.06041973815252, 0.9998575754866577, 999.9836178142566, 592.9902750819123, 0.5929999897178897, 0.0
-13.5, 13.5, 252.02141624476076, 0.9998578771161588, 999.9823614879136, 593.9895224215046, 0.5939999996976786, 0.0
-13.5, 14.5, 251.97941899984247, 0.999858177717712, 975.9961135674179, 567.5651338862381, 0.5815239692007574, 0.0, (-907.4654897739562, -609.0372414590265, 3490.0), (-44.699999999999996, -29.999999999999787, 263.36864352123695)
-13.5, 15.5, 251.93442689916793, 0.9998584772915955, 994.2309905137504, 592.2634068084994, 0.5957000057928775, 0.0
-13.5, 16.5, 251.88643875917634, 0.999858775838086, 960.7733540120682, 628.2624581665501, 0.6539132830266424, 0.0
-13.5, 17.5, 251.8354533168229, 0.9998590733574599, 995.5724657940224, 697.6623607353464, 0.7007650218398952, 0.0
-13.5, 18.5, 251.78146922941505, 0.9998593698499921, 969.2340115518613, 654.05574002527, 0.6748171568783966, 0.0
-13.5, 19.5, 251.724485074439, 0.9998596653159567, 967.7951615500788, 651.0525277124783, 0.6727172790053151, 0.0
-13.5, 20.5, 251.66449934937515, 0.9998599597556268, 984.6423089597322, 665.5047148458915, 0.6758847439218741, 0.0
-13.5, 21.5, 251.59825587254232, 0.9998602531692744, 1077.2548569981222, 787.5759811200453, 0.7310953169565687, 0.0
-13.5, 22.5, 251.52875207700484, 0.9999657836476815, 999.9664626743096, 664.9776807453306, 0.6649999830663469, 0.0
-13.5, 23.5, 251.45945106852935, 0.9998608369195862, 995.222248782601, 660.2420588863478, 0.6634116748233718, 0.0
-13.5, 24.5, 251.3871414888558, 0.9998611272567893, 980.0315301968641, 656.9605376704808, 0.6703463280803973, 0.0
-13.5, 25.5, 251.31182142417606, 0.9998614165690488, 987.6882196570158, 639.2069880137591, 0.6471748627676555, 0.0
-13.5, 26.5, 251.23348887932016, 0.9998617048566317, 981.4634102793743, 517.660692864518, 0.5274375870183132, 0.0
-13.5, 27.5, 251.1521417774959, 0.9998619921198041, 986.3611587064413, 509.477608937628, 0.516522375643603, 0.0
-13.5, 28.5, 251.06777796001657, 0.9998622783588313, 953.2762556216129, 451.41002566240303, 0.47353537130540124, 0.0
-13.5, 29.5, 250.9803951860184, 0.9998625635739776, 994.9383358270821, 472.9716654656722, 0.47537786859172093, 0.0
-13.5, 30.5, 250.88999113216585, 0.9998628477655063, 990.1725334417002, 475.31071611001704, 0.48002817696619393, 0.0
-13.5, 31.5, 250.7965633923464, 0.9998631309336796, 984.353877923021, 432.1983373678894, 0.43906804967317703, 0.0
-13.5, 32.5, 250.70010947735346, 0.9998634130787588, 983.3273191986688, 395.6534650463008, 0.4023619168525959, 0.0
-13.5, 33.5, 250.6006268145579, 0.9998636942010043, 988.4366914490176, 342.53716989523184, 0.34654436936480265, 0.0
-13.5, 34.5, 250.49811274756792, 0.9998639743006754, 980.8394168520097, 419.62123509357843, 0.42781848678180867, 0.0
-13.5, 35.5, 250.3925645358773, 0.9998642533780305, 968.0730043244931, 465.2982066581419, 0.4806437165168344, 0.0
-13.5, 36.5, 250.2839793545019, 0.999864531433327, 983.6393314726756, 469.15365913722536, 0.4769569944247984, 0.0
-13.5, 37.5, 250.17235429360392, 0.9998648084668214, 983.3587883269289, 442.15515087753903, 0.4496376664613074, 0.0
-13.5, 38.5, 250.05768635810446, 0.999865084478769, 980.6912627574975, 482.0549425924429, 0.49154607662864847, 0.0
-13.5, 39.5, 249.93997246728358, 0.9998653594694245, 985.8423775400992, 488.7452537349392, 0.49576409461568255, 0.0
-13.5, 40.5, 249.8192094543685, 0.9998656334390411, 988.270113286033, 467.00851978023474, 0.4725514952864606, 0.0
-13.5, 41.5, 249.69539406610883, 0.9998659063878717, 978.8264270051366, 494.563421740677, 0.5052616154366271, 0.0
-13.5, 42.5, 249.56207236456478, 0.9998661783161675, 1085.018221008369, 438.3408127395675, 0.4039939645734175, 0.0
-13.5, 43.5, 249.42543130340633, 0.9998664492241794, 985.6807997341614, 3.9996019827454106, 0.0040577050743243704, 0.0
-13.5, 44.5, 249.29213193562478, 0.9998667191121569, 990.647798053894, 0.7692224198538011, 0.0007764842574373271, 0.0
-13.5, 45.5, 249.17648171416607, 0.9998669879803486, 699.6634105143868, 0.9739450877054471, 0.0013920194668882438, 0.0
-12.5, -44.5, 249.34496170173458, 0.999867255829002, 796.6914695802402, 0.0, 0.0, 0.0
-12.5, -43.5, 249.4647333195884, 0.9998675226583643, 989.7713547647946, 105.98950505179653, 0.1070848378684221, 0.0
-12.5, -42.5, 249.60135855748925, 0.9998677884686809, 1099.8958544451414, 491.95357290797295, 0.44727286762631374, 0.0
-12.5, -41.5, 249.73466483187894, 0.9998680532601965, 993.3176490008257, 472.8572622984757, 0.476038317424563, 0.0
-12.5, -40.5, 249.8584659036038, 0.999868317033155, 986.3659795070542, 494.33722997329227, 0.5011701946779855, 0.0
-12.5, -39.5, 249.9792149626732, 0.9998685797877994, 988.997054658081, 487.1128914236382, 0.49253219625820255, 0.0
-12.5, -38.5, 250.09691526122276, 0.9998688415243714, 989.4134904567236, 466.7969374602513, 0.47179156334807293, 0.0
-12.5, -37.5, 250.21156996494133, 0.9998691022431119, 986.0888544528564, 479.635788143445, 0.486402199941279, 0.0
-12.5, -36.5, 250.32318215349542, 0.9998693619442608, 986.5588934812068, 479.6171961670841, 0.4861516117651018, 0.0
-12.5, -35.5, 250.43175482094102, 0.9998696206280572, 987.5452420896504, 462.5195368834831, 0.4683527570896798, 0.0
-12.5, -34.5, 250.53729087612294, 0.9998698782947391, 975.7108190277305, 381.9032414210229, 0.391410276460375, 0.0
-12.5, -33.5, 250.6397931430624, 0.9998701349445435, 994.593582272173, 398.27787028291937, 0.4004428315061555, 0.0
-12.5, -32.5, 250.73926436133232, 0.9998703905777063, 992.3340545575625, 415.04041215033396, 0.41824666829093354, 0.0
-12.5, -31.5, 250.8357071864206, 0.999870645194463, 991.4197108613225, 440.1916320912261, 0.44400129155067714, 0.0
-12.5, -30.5, 250.9291241900819, 0.9998708987950474, 997.2796332806424, 478.6707173955838, 0.4799764292999274, 0.0
-12.5, -29.5, 251.01951786067733, 0.999871151379693, 979.54736995611, 483.36579416625233, 0.49345831451511146, 0.0
-12.5, -28.5, 251.10689060350305, 0.9998714029486317, 986.408799086743, 510.586995144682, 0.5176221011181207, 0.0
-12.5, -27.5, 251.1912447411066, 0.9998716535020951, 975.8620282355129, 491.8599834249495, 0.5040261524616315, 0.0
-12.5, -26.5, 251.27258251359274, 0.9998719030403133, 973.2388341172367, 585.34492997409, 0.6014401701356474, 0.0
-12.5, -25.5, 251.35090607891726, 0.9998721515635156, 979.7847843301058, 638.3526556043066, 0.6515233404453799, 0.0
-12.5, -24.5, 251.4262175131698, 0.9998723990719307, 970.4292225742744, 638.5071510832316, 0.6579636476624773, 0.0
-12.5, -23.5, 251.4985188108458, 0.9998726455657857, 980.4993067745027, 688.317298887909, 0.7020069204864923, 0.0
-12.5, -22.5, 251.567811885107, 0.9998728910453073, 984.7852361257003, 665.0529760867837, 0.6753279310961307, 0.0
-12.5, -21.5, 251.6373077263767, 0.999873135510721, 1076.2116943469146, 733.4850689258608, 0.6815434851513734, 0.0
-12.5, -20.5, 251.70354362494288, 0.9998733789622511, 986.597693017853, 692.0767986951558, 0.7014782252107216, 0.0
-12.5, -19.5, 251.76352249011114, 0.9998736214001216, 965.5410533399605, 689.7753023684, 0.714392515970561, 0.0
-12.5, -18.5, 251.82050013061328, 0.9999792700760612, 985.944015270036, 679.8244983109479, 0.6895163293067443, 0.0
-12.5, -17.5, 251.8744780484629, 0.9998741032357727, 992.1907125817337, 656.3215156852256, 0.6614872598206867, 0.0
-12.5, -16.5, 251.92545766569484, 0.9998743426339959, 991.5117409909118, 603.0987099941789, 0.6082617936439614, 0.0
-12.5, -15.5, 251.97344032454987, 0.9998745810194442, 982.892348265095, 561.3445554893307, 0.57111499187084, 0.0
-12.5, -14.5, 252.01842728764817, 0.9998748183923364, 999.8834788212014, 607.9497227879696, 0.608020570061527, 0.0
-12.5, -13.5, 252.0604197381526, 0.9998750547528903, 994.5712845629199, 578.2842832397714, 0.5814407596675261, 0.0
-12.5, -12.5, 252.09941877992173, 0.999875290101323, 980.6173204609253, 577.5837186197753, 0.5890001191782848, 0.0
-12.5, -11.5, 252.13542543765237, 0.9998755244378504, 986.5182025024575, 603.3811115031561, 0.6116269420803242, 0.0
-12.5, -10.5, 252.16844065701167, 0.9998757577626876, 966.8088598433047, 570.4046946098304, 0.5899870370470938, 0.0
-12.5, -9.5, 252.1984653047591, 0.9998759900760484, 989.6363541277791, 581.1190515187864, 0.5872046323833349, 0.0
-12.5, -8.5, 252.22550016885825, 0.9998762213781464, 970.1931722452157, 589.526184202321, 0.6076379437283018, 0.0
-12.5, -7.5, 252.24954595857798, 0.9998764516691933, 980.1789296804194, 567.7907250275886, 0.5792725265097393, 0.0
-12.5, -6.5, 252.27060330458409, 0.9998766809494005, 985.9482345867058, 564.5881733248115, 0.5726347018223306, 0.0
-12.5, -5.5, 252.2886727590202, 0.9998769092189783, 976.8962921125147, 572.5832433063523, 0.5861249018236673, 0.0
-12.5, -4.5, 252.30375479557875, 0.999877136478136, 979.6449825857413, 591.8004325357655, 0.6040968341140556, 0.0
-12.5, -3.5, 252.3158498095621, 0.5803410550412551, 974.5402741557933, 561.0583386692798, 0.5757159078472185, 0.0, (-3500.0, 2413.250257865757, 3132.7061298669873)
-12.5, -2.5, 252.32495811793305, 0.9998775879660238, 988.3011673484901, 617.66084231125, 0.6249722885265533, 0.0
-12.5, -1.5, 252.3310799593558, 0.9998778121951677, 987.0801776583937, 563.4979604637173, 0.5708735452478423, 0.0
-12.5, -0.5, 252.33421549422644, 0.9998780354147193, 982.7615050548086, 575.0419142148763, 0.5851286515163272, 0.0
-12.5, 0.5, 252.33426775285093, 0.06800470111468682, 1093.6437818805448, 652.8210859854793, 0.5969229623039953, 0.0, (-3500.0, -1706.1609527476799, 372.42873831207174), (-3500.0, -1706.1609527476799, 372.42873831207174)
-12.5, 1.5, 252.3310799593558, 0.9998784788258631, 973.5729210848792, 566.0911284490562, 0.581457347661483, 0.0
-12.5, 2.5, 252.32495811793305, 0.9998786990178616, 971.615855238326, 599.8415470980716, 0.6173649224270198, 0.0
-12.5, 3.5, 252.3158498095621, 0.9998789182010805, 976.835687689873, 584.9230325035296, 0.5987936762290279, 0.0
-12.5, 4.5, 252.30375479557875, 0.9998791363757207, 960.6133038557034, 543.3397649782967, 0.5656175724377781, 0.0
-12.5, 5.5, 252.28867275902016, 0.9998793535419818, 980.3712022083895, 593.9083112011073, 0.6057994256290538, 0.0
-12.5, 6.5, 252.27060330458409, 0.999879569700063, 999.990470759945, 587.9944187607331, 0.5880000219540946, 0.0
-12.5, 7.5, 252.24954595857795, 0.999879784850162, 971.5557332967402, 550.4135985279981, 0.566528074164415, 0.0
-12.5, 8.5, 252.2255001688582, 0.7177094672673991, 982.6195860187667, 582.7647210557903, 0.593072567805157, 0.0, (3490.0, -1142.7567347865531, 3074.832176283858), (3080.272745374737, -1012.7854660298889, 3490.0)
-12.5, 9.5, 252.19846530475908, 0.9998802121272011, 983.9858543073091, 555.8720564456663, 0.5649187475738464, 0.0
-12.5, 10.5, 252.16844065701164, 0.9998804242545325, 975.4880566259245, 565.5803570675245, 0.5797921904075249, 0.0
-12.5, 11.5, 252.13542543765232, 0.9998806353746643, 989.074967760147, 572.1373396248199, 0.5784570010102252, 0.0
-12.5, 12.5, 252.09941877992168, 0.9998808454877897, 994.4131596512475, 573.205428694328, 0.5764258277669595, 0.0
-12.5, 13.5, 252.06041973815252, 0.9998810545941011, 986.6766831067492, 537.4944219090246, 0.5447523298276551, 0.0
-12.5, 14.5, 252.0184272876481, 0.99988126269379, 985.487134004508, 561.1629706650889, 0.5694269882396272, 0.0
-12.5, 15.5, 251.97344032454984, 0.9998814697870467, 995.2490026108744, 545.9118802595848, 0.5485178873100837, 0.0
-12.5, 16.5, 251.92545766569478, 0.9998816758740607, 979.665603710615, 540.4287213062263, 0.5516461119582845, 0.0
-12.5, 17.5, 251.8744780484628, 0.9998818809550207, 982.6825354395106, 672.9457523786007, 0.6848048358543604, 0.0
-12.5, 18.5, 251.82050013061323, 0.9998820850301142, 999.976305079695, 692.9835819307555, 0.6930000025105864, 0.0
-12.5, 19.5, 251.76352249011106, 0.999882288099528, 993.3917850513103, 702.6905454522987, 0.7073649651894429, 0.0
-12.5, 20.5, 251.7035436249428, 0.9998824901634477, 970.4975159910218, 676.2761796102902, 0.6968345291638506, 0.0
-12.5, 21.5, 251.63730772637658, 0.9998826912220583, 1089.4245432901114, 733.0261948869628, 0.6728563252973818, 0.0
-12.5, 22.5, 251.5678118851069, 0.9998828912755435, 997.9452601078266, 695.5617536307979, 0.6969938947910262, 0.0
-12.5, 23.5, 251.4985188108457, 0.7238002439888968, 969.8049171183429, 647.4011344107663, 0.6675581067731022, 0.0, (3490.0, 1497.0324042162836, 2899.1731384713094), (2915.941195006194, 1250.6562452491066, 3490.0)
-12.5, 24.5, 251.4262175131697, 0.9998832883678689, 997.4937663990596, 682.9473949774311, 0.6846633211983499, 0.0
-12.5, 25.5, 251.35090607891715, 0.9998834854070722, 978.686914750102, 643.7776472049103, 0.657797337945703, 0.0
-12.5, 26.5, 251.27258251359265, 0.9998836814418762, 985.938387817619, 556.0790212520068, 0.5640099098716415, 0.0
-12.5, 27.5, 251.1912447411065, 0.9998838764724604, 993.2329060715713, 495.9183084395965, 0.4992970988054046, 0.0
-12.5, 28.5, 251.10689060350293, 0.9998840704990029, 984.9394955649899, 496.83954029068934, 0.5044366100941944, 0.0
-12.5, 29.5, 251.0195178606772, 0.999884263521681, 977.1120284544368, 485.7733461304154, 0.49715215040264676, 0.0
-12.5, 30.5, 250.92912419008175, 0.9998844555406712, 976.7747884428455, 448.8307259542511, 0.4595027751174535, 0.0
-12.5, 31.5, 250.83570718642048, 0.999884646556149, 985.7047146137126, 434.5906262182803, 0.44089332208235593, 0.0
-12.5, 32.5, 250.73926436133218, 0.9998848365682887, 999.5060920119815, 408.80201476310583, 0.4090040251182434, 0.0
-12.5, 33.5, 250.63979314306226, 0.9998850255772643, 986.1157228059864, 375.0677873182271, 0.38034865345314034, 0.0
-12.5, 34.5, 250.53729087612282, 0.9998852135832482, 982.5867495009286, 375.30083376596076, 0.3819518571327997, 0.0
-12.5, 35.5, 250.43175482094088, 0.9998854005864122, 988.0326724694846, 468.6785224678648, 0.47435528755992623, 0.0
-12.5, 36.5, 250.32318215349528, 0.999885586586927, 982.3414768475137, 469.6581797119492, 0.47810073256720786, 0.0
-12.5, 37.5, 250.2115699649412, 0.9998857715849628, 965.7252377789931, 460.7220861363395, 0.4770736728346495, 0.0
-12.5, 38.5, 250.0969152612226, 0.9998859555806883, 997.1578499633446, 469.5812920603841, 0.47091971655003856, 0.0
-12.5, 39.5, 249.97921496267307, 0.9998861385742716, 996.9349222512548, 490.06447061557947, 0.49157117448441623, 0.0
-12.5, 40.5, 249.85846590360364, 0.9998863205658796, 993.9079759598319, 459.42530996942185, 0.4622412950512324, 0.0
-12.5, 41.5, 249.7346648318788, 0.04947286785819859, 991.2560303082402, 436.8107391918701, 0.44066389089813635, 0.0, (-3500.0, 1044.031010208922, 291.4953020386362), (-3500.0, 1044.031010208922, 291.4953020386362)
-12.5, 42.5, 249.60135855748908, 0.9998866815438342, 1086.648976406785, 518.0088023968231, 0.4767029773586308, 0.0
-12.5, 43.5, 249.4647333195882, 0.9998868605305101, 991.8310016847917, 97.95541144195874, 0.09876219968479007, 0.0
-12.5, 44.5, 249.33144940009933, 0.9998870385158701, 975.6521881038042, 0.0, 0.0, 0.0
-12.5, 45.5, 249.21581259082097, 0.9999931083437434, 689.6363479548114, 0.0, 0.0, 0.0
-11.5, -44.5, 249.38126084003534, 0.9998873914832908, 778.1569236849533, 0.9998984495124837, 0.0012849573383958031, 0.0
-11.5, -43.5, 249.50512045047398, 0.9998875664656736, 987.8062129710192, 231.50539833002202, 0.23436317294839087, 0.0
-11.5, -42.5, 249.63763027630327, 0.9998877404473846, 1072.2703189236747, 456.9627193369153, 0.42616373061189095, 0.0
-11.5, -41.5, 249.77092231035505, 0.9998879134285826, 988.9951439927607, 464.8911409556958, 0.4700641290096149, 0.0
-11.5, -40.5, 249.89471016691797, 0.9998880854094253, 984.2881076785043, 463.96441113068306, 0.47137053420768005, 0.0
-11.5, -39.5, 250.01544634561, 0.9998882563900698, 984.2701339315696, 472.55724357139013, 0.4801092985355626, 0.0
-11.5, -38.5, 250.13313409753792, 0.9998884263706719, 990.4397061550967, 458.81645151062577, 0.463245211858235, 0.0
-11.5, -37.5, 250.2477765873903, 0.9998885953513866, 968.8236617095419, 478.1047471214642, 0.4934899569626762, 0.0
-11.5, -36.5, 250.3593768938615, 0.9998887633323683, 994.205680496375, 482.6764909485052, 0.4854895726481067, 0.0
-11.5, -35.5, 250.46793801006334, 0.9998889303137699, 982.2923800819444, 452.69403320220607, 0.4608546725817435, 0.0
-11.5, -34.5, 250.57346284392435, 0.9998890962957439, 991.919184744394, 358.7799362055752, 0.36170278962598007, 0.0
-11.5, -33.5, 250.6759542185771, 0.9998892612784414, 996.8876224063675, 385.8680608814478, 0.3870727775213102, 0.0
-11.5, -32.5, 250.77541487273305, 0.9998894252620131, 975.6443990946246, 415.5173601659315, 0.4258901712053305, 0.0
-11.5, -31.5, 250.8718474610461, 0.9998895882466083, 988.1799521577814, 442.5993526325836, 0.44789347493452725, 0.0
-11.5, -30.5, 250.96525455446374, 0.9998897502323757, 983.6574947848802, 450.2551204275571, 0.45773566796847825, 0.0
-11.5, -29.5, 251.05563864056705, 0.9998899112194629, 979.4086746846054, 492.92986981998075, 0.5032933468541279, 0.0
-11.5, -28.5, 251.14300212389836, 0.9998900712080168, 985.3794781343365, 487.89470678037407, 0.4951338216461816, 0.0
-11.5, -27.5, 251.22734732627848, 0.999890230198183, 984.6436769109678, 517.3078507313209, 0.5253756895633792, 0.0
-11.5, -26.5, 251.30867648711126, 0.9998903881901066, 979.3709731609061, 640.2174835240248, 0.6537027347846872, 0.0
-11.5, -25.5, 251.3869917636781, 0.9999804923717275, 983.4273180861907, 627.1138884749769, 0.6376819892448977, 0.0
-11.5, -24.5, 251.46229523142043, 0.9998907011798006, 988.9022963319342, 657.518203118843, 0.6648970333649027, 0.0
-11.5, -23.5, 251.53458888421105, 0.9998908561778562, 990.0829963412453, 653.0794020082752, 0.6596208645352624, 0.0
-11.5, -22.5, 251.60387463461507, 0.9998910101782397, 991.0842606388737, 668.8796614415224, 0.6748968659943692, 0.0
-11.5, -21.5, 251.6733631335158, 0.9998911631810911, 1083.8461412192205, 715.1561730276791, 0.659831820984479, 0.0
-11.5, -20.5, 251.7395920367887, 0.9998913151865498, 996.8124495438772, 697.0848444672146, 0.699313942945022, 0.0
-11.5, -19.5, 251.7995645697719, 0.9998914661947546, 980.8730519016357, 692.9440982111053, 0.7064564541432579, 0.0
-11.5, -18.5, 251.8565361969378, 0.9998916162058427, 994.9790372290189, 659.4860722717114, 0.6628140368749441, 0.0
-11.5, -17.5, 251.91050841983295, 0.9998917652199507, 986.3787235982514, 598.345518629069, 0.6066082979226679, 0.0
-11.5, -16.5, 251.9614826600504, 0.9998919132372147, 985.9722831226811, 568.3022062961376, 0.5763876084794827, 0.0
-11.5, -15.5, 252.0094602594138, 0.9998920602577691, 984.9278941239465, 564.1193678661783, 0.5727519458345117, 0.0
-11.5, -14.5, 252.0544424801514, 0.999892206281748, 984.2871804105511, 558.4377839910443, 0.5673524913309519, 0.0
-11.5, -13.5, 252.09643050505886, 0.9998923513092843, 975.5917106248273, 578.1198109520809, 0.5925837670164483, 0.0
-11.5, -12.5, 252.13542543765237, 0.9998924953405102, 989.2759071646531, 588.8436310781307, 0.5952268996076185, 0.0
-11.5, -11.5, 252.1714283023109, 0.9998926383755565, 999.9874192479637, 600.992411753378, 0.6009999727850094, 0.0
-11.5, -10.5, 252.20444004440844, 0.9998927804145537, 990.2521883784646, 563.1780584962704, 0.5687218519743673, 0.0, (-899.3704182627064, -287.71805326971605, 3489.9999999999995), (-44.699999999999996, -14.299999999999564, 264.3816053887653)
-11.5, -9.5, 252.2344615304359, 0.9998929214576309, 983.9452545026649, 569.4693156491118, 0.5787611790830274, 0.0
-11.5, -8.5, 252.2614935481127, 0.9998930615049166, 989.1749245000838, 575.694771985759, 0.5819949108361271, 0.0
-11.5, -7.5, 252.2855368064881, 0.9998932005565383, 985.1911503726978, 572.4453696817718, 0.5810500525357092, 0.0
-11.5, -6.5, 252.3065919360325, 0.9998933386126225, 999.9915392026747, 579.9950846335917, 0.5799999918959717, 0.0
-11.5, -5.5, 252.32465948871865, 0.9998934756732949, 988.0662598185248, 574.9407195140877, 0.5818847813097933, 0.0
-11.5, -4.5, 252.33973993809235, 0.9998936117386801, 982.9761415285266, 593.0504108118671, 0.6033212666684611, 0.0
-11.5, -3.5, 252.35183367933362, 0.999893746808902, 970.024826689497, 586.9672405319886, 0.6051053791429152, 0.0
-11.5, -2.5, 252.36094102930718, 0.9998938808840835, 977.4995337986551, 584.5726151168124, 0.5980285359780257, 0.0
-11.5, -1.5, 252.36706222660337, 0.9998940139643466, 988.5696898562476, 614.4541434254651, 0.6215587527418686, 0.0
-11.5, -0.5, 252.37019743156864, 0.9998941460498124, 994.634310103832, 593.78060466968, 0.5969838348002432, 0.0
-11.5, 0.5, 252.37024968469478, 0.9999896707299812, 1073.4911943671832, 636.5141559665307, 0.5929384044381958, 0.0
-11.5, 1.5, 252.36706222660337, 0.9998944072368317, 986.8296742138468, 594.8361371788543, 0.6027748787071362, 0.0
-11.5, 2.5, 252.36094102930718, 0.9998945363386228, 988.514005450684, 574.7917470321996, 0.5814705141887597, 0.0
-11.5, 3.5, 252.35183367933362, 0.9998946644460918, 991.7433736911495, 594.0460025098215, 0.5989916527486882, 0.0
-11.5, 4.5, 252.33973993809235, 0.9998947915593551, 992.1617477054087, 574.4051889513613, 0.5789430909625362, 0.0
-11.5, 5.5, 252.3246594887186, 0.9998949176785283, 983.9570391885986, 581.8011203304271, 0.5912871163665827, 0.0
-11.5, 6.5, 252.3065919360325, 0.9998950428037263, 976.2164004585063, 563.6761113485321, 0.5774089751860207, 0.0
-11.5, 7.5, 252.2855368064881, 0.9998951669350626, 981.4475739246222, 563.9396930509206, 0.574599915506269, 0.0
-11.5, 8.5, 252.26149354811267, 0.9998952900726504, 963.4875823316685, 583.6812806624175, 0.6058005223584632, 0.0
-11.5, 9.5, 252.23446153043588, 0.9998954122166014, 958.1079489385196, 568.4531317339062, 0.5933080216730181, 0.0
-11.5, 10.5, 252.20444004440841, 0.9998955333670267, 988.7184307357536, 582.3581854547701, 0.5890030643217695, 0.0
-11.5, 11.5, 252.1714283023108, 0.9998956535240366, 975.6604956583099, 590.0469256568383, 0.604766646064433, 0.0
-11.5, 12.5, 252.13542543765232, 0.9998957726877401, 980.1721998237776, 573.2729562897923, 0.5848696345324418, 0.0
-11.5, 13.5, 252.0964305050588, 0.9998958908582457, 985.0345842955601, 579.176048831802, 0.5879753442829576, 0.0
-11.5, 14.5, 252.05444248015135, 0.9998960080356608, 983.5531555863995, 564.3042361412868, 0.5737404561574974, 0.0
-11.5, 15.5, 252.00946025941374, 0.9998961242200919, 985.1172889667921, 566.9015398487545, 0.575466034550394, 0.0
-11.5, 16.5, 251.9614826600503, 0.9998962394116445, 981.343873041361, 569.0597709446739, 0.5798780494558502, 0.0
-11.5, 17.5, 251.91050841983287, 0.9998963536104234, 964.5575307712851, 570.6268645829762, 0.5915944320363019, 0.0
-11.5, 18.5, 251.85653619693775, 0.9998964668165323, 968.0232083017528, 636.9612071878967, 0.6580020000815339, 0.0
-11.5, 19.5, 251.79956456977183, 0.9998965790300742, 995.4040635595024, 658.5936857980887, 0.6616345159803738, 0.0
-11.5, 20.5, 251.73959203678862, 0.999896690251151, 988.8108774283073, 665.5982579331943, 0.6731299919194637, 0.0
-11.5, 21.5, 251.67336313351575, 0.9998968004798638, 1058.893283656689, 673.0632782933415, 0.6356289993350831, 0.0
-11.5, 22.5, 251.60387463461498, 0.9998969097163126, 999.9688905351229, 684.9786841412232, 0.6849999941244812, 0.0
-11.5, 23.5, 251.53458888421096, 0.9998970179605969, 996.7947109594617, 677.7085696978603, 0.6798878066332575, 0.0
-11.5, 24.5, 251.4622952314203, 0.9998971252128149, 966.6308064354835, 635.8476335442638, 0.6577978161993356, 0.0
-11.5, 25.5, 251.38699176367805, 0.999897231473064, 985.7940900892288, 667.2998625032442, 0.6769160712282661, 0.0
-11.5, 26.5, 251.30867648711114, 0.9998973367414409, 983.2867414929615, 651.3073965102744, 0.662377889405251, 0.0
-11.5, 27.5, 251.22734732627836, 0.999897441018041, 977.6189389069034, 513.2343625017426, 0.5249840628860984, 0.0
-11.5, 28.5, 251.14300212389827, 0.9998975443029592, 982.43311231405, 497.4150742387965, 0.5063093537911922, 0.0
-11.5, 29.5, 251.05563864056694, 0.9998976465962892, 980.0080046662698, 464.5678283651963, 0.4740449324425665, 0.0
-11.5, 30.5, 250.96525455446366, 0.9998977478981239, 988.22516120606, 487.5022916311457, 0.49331094852531693, 0.0
-11.5, 31.5, 250.87184746104597, 0.9998978482085554, 992.1763749130051, 464.0704937942591, 0.4677298366784325, 0.0
-11.5, 32.5, 250.7754148727329, 0.9998979475276749, 994.8983595391118, 439.95691846990593, 0.4422129298451318, 0.0
-11.5, 33.5, 250.67595421857695, 0.9998980458555723, 982.6477750989737, 369.86100968775196, 0.37639225270774057, 0.0
-11.5, 34.5, 250.57346284392423, 0.9999858421720049, 970.5121214602511, 299.5983573144226, 0.30870130386794264, 0.0
-11.5, 35.5, 250.4679380100632, 0.9998982395380577, 972.2200360759741, 468.23452985070134, 0.48161374223531345, 0.0
-11.5, 36.5, 250.35937689386134, 0.9998983348928214, 986.3601020517508, 456.4781155682299, 0.46279053118500946, 0.0
-11.5, 37.5, 250.24777658739015, 0.999898429256715, 985.2074768804961, 466.40936921317615, 0.47341233208053574, 0.0
-11.5, 38.5, 250.13313409753778, 0.999898522629824, 992.3237281108491, 496.71998103581944, 0.5005624343796127, 0.0, (-3490.0, 995.0193241678932, -2357.250724221705), (-44.699999999999996, -9.399999999999494, 264.55045002587)
-11.5, 39.5, 250.01544634560986, 0.9998986150122334, 983.0711532854035, 457.3223350182968, 0.46519759377531833, 0.0
-11.5, 40.5, 249.8947101669178, 0.9998987064040268, 987.5284844342011, 471.71041595771896, 0.4776676555593055, 0.0
-11.5, 41.5, 249.77092231035488, 0.9998987968052874, 989.5112005187357, 458.87410246506136, 0.46373815902690524, 0.0
-11.5, 42.5, 249.6376302763031, 0.999898886216097, 1086.195956636757, 496.8012414343956, 0.45737717803025724, 0.0
-11.5, 43.5, 249.50101964436755, 0.999898974636537, 987.3304558004259, 243.97662139180073, 0.24710735899867448, 0.0
-11.5, 44.5, 249.36774998472177, 0.9998990620666875, 980.4858375118557, 0.0, 0.0, 0.0
-11.5, 45.5, 249.2521255558113, 0.9998991485066281, 682.8706018949885, 0.0, 0.0, 0.0
-10.5, -44.5, 249.41454418747335, 0.999899233956437, 784.9391936269993, 0.0, 0.0, 0.09486832980505139, (-897.8718493248771, -172.7449195569011, 3490.0), (-44.699999999999996, -8.599999999999483, 264.57138081118217)
-10.5, -43.5, 249.53429124518826, 0.9998993184161918, 979.6748323083241, 309.0267119516992, 0.31543804307350226, 0.0
-10.5, -42.5, 249.67088848730552, 0.9998994018859694, 1062.4458923668087, 488.4685707007976, 0.4597585384914399, 0.0
-10.5, -41.5, 249.80416746672003, 0.9998994843658452, 965.6772942943934, 447.5757502230404, 0.46348376716269135, 0.0, (-897.813772406419, -166.70815013361994, 3490.0), (-44.699999999999996, -8.299999999999478, 264.5787498887202)
-10.5, -40.5, 249.92794320845928, 0.9998995658558941, 992.6501207262152, 446.3668946996002, 0.4496719290912307, 0.0
-10.5, -39.5, 250.0486675792345, 0.9999071443160285, 993.6089782618693, 484.43636006395184, 0.48755231752372197, 0.0
-10.5, -38.5, 250.16634382920955, 0.9998997258668066, 995.7165065348601, 467.5510570708326, 0.4695624246482888, 0.0
-10.5, -37.5, 250.28097512215606, 0.9998998043878153, 976.128008525972, 461.53379581958995, 0.4728209740816077, 0.0, (-897.7395580334164, -158.6609062296089, 3490.0), (-44.699999999999996, -7.899999999999473, 264.58816812488266)
-10.5, -36.5, 250.39256453587743, 0.9998998819192877, 984.9628490237159, 466.81189365007486, 0.4739385796253875, 0.0
-10.5, -35.5, 250.50111506262016, 0.9998999584612939, 979.5668278694717, 416.36482871974033, 0.425049947460268, 0.0
-10.5, -34.5, 250.60662960947292, 0.9999000340139036, 983.0909908042363, 344.95662632123754, 0.35088982560916276, 0.0
-10.5, -33.5, 250.7091109987536, 0.9999001085771851, 993.5145543228239, 369.40735979957515, 0.37181877023569315, 0.0
-10.5, -32.5, 250.8085619683844, 0.9999001821512062, 991.0004777809739, 429.398250554862, 0.43329772304082126, 0.0
-10.5, -31.5, 250.90498517225456, 0.9999002547360337, 981.0632513341128, 441.7453817259382, 0.45027207076121184, 0.0
-10.5, -30.5, 250.99838318057195, 0.9999003263317333, 982.8146541318068, 456.0679801815532, 0.46404271473183506, 0.0
-10.5, -29.5, 251.0887584802024, 0.9999003969383701, 977.2106337811705, 508.41371578508813, 0.520270347261631, 0.0
-10.5, -28.5, 251.1761134749977, 0.999900466556008, 968.3664433883796, 473.5463847469544, 0.48901569026905106, 0.15491933384829668
-10.5, -27.5, 251.26045048611212, 0.9999005351847102, 992.145240935954, 560.1886230624331, 0.5646236054450771, 0.15491933384829668
-10.5, -26.5, 251.34177175230758, 0.9999006028245391, 986.6514645275307, 624.0860148528949, 0.6325293553907059, 0.12649110640673517
-10.5, -25.5, 251.42007943024717, 0.9999006694755558, 975.0300304407962, 632.4023292843149, 0.6485977965195754, 0.12649110640673517
-10.5, -24.5, 251.4953755947779, 0.9999007351378209, 980.8592581637108, 665.556527062445, 0.6785443696667028, 0.12649110640673517
-10.5, -23.5, 251.56766223920226, 0.9999007998113939, 990.6043771138216, 674.7175190128573, 0.6811170378417696, 0.14491376746189438
-10.5, -22.5, 251.6369412755383, 0.9999008634963334, 964.0871924621664, 657.072065299668, 0.6815483811392438, 0.15811388300841897
-10.5, -21.5, 251.70642304339995, 0.9999009261926974, 1088.9383329059651, 743.7725997773545, 0.6830254545200061, 0.15811388300841897
-10.5, -20.5, 251.7726455338109, 0.7311665102696804, 985.6441526087369, 673.8006877484393, 0.6836145539595286, 0.15811388300841897, (-3490.0, -864.8315495393141, 3106.4925463578847), (-3099.454669715392, -767.5005356631301, 3490.0)
-10.5, -19.5, 251.83261226182904, 0.9999010486199248, 992.3127894068778, 690.8526305281903, 0.6962045011443666, 0.15811388300841897
-10.5, -18.5, 251.88957837633075, 0.9999011083508993, 974.9661906885183, 630.5627414664347, 0.6467534438513536, 0.15491933384829668
-10.5, -17.5, 251.94354537843446, 0.9999011670935202, 975.1358788004073, 570.6505681336357, 0.5852010786800693, 0.15811388300841897
-10.5, -16.5, 251.9971696035043, 0.9999012248478407, 981.3892842224533, 556.2577917011539, 0.5668064657358394, 0.15491933384829668
-10.5, -15.5, 252.04248765045347, 0.9999012816139132, 974.7263646741022, 561.1424499418285, 0.5756922868598567, 0.15491933384829668
-10.5, -14.5, 252.08746552367916, 0.9999013373917892, 977.9312408799719, 528.7287801067492, 0.5406604861411147, 0.15491933384829668
-10.5, -13.5, 252.1294494914645, 0.9999013921815194, 968.8956807956622, 591.7154747005434, 0.6107112317960005, 0.12649110640673517
-10.5, -12.5, 252.16844065701167, 0.9999014459831532, 988.7559247208096, 548.8932721326564, 0.5551352547269387, 0.15491933384829668
-10.5, -11.5, 252.20444004440844, 0.9999014987967395, 983.7856572583399, 551.7750479924409, 0.5608691729966399, 0.15491933384829668
-10.5, -10.5, 252.23744859876015, 0.9999015506223263, 998.0485693786704, 598.0901207282665, 0.5992595341332979, 0.15491933384829668
-10.5, -9.5, 252.26746718631148, 0.9999016014599604, 987.2987997052785, 568.3963496575411, 0.5757085391243408, 0.15811388300841897
-10.5, -8.5, 252.29449659455804, 0.9999016513096881, 967.6016013073164, 546.4831423631227, 0.5647811471423518, 0.15491933384829668
-10.5, -7.5, 252.3185375323478, 0.9999017001715544, 998.1831778968045, 591.7477463123809, 0.5928248035187362, 0.14491376746189438
-10.5, -6.5, 252.33959062997215, 0.9999017480456037, 988.2385297120021, 566.3719975839707, 0.5731126449289787, 0.15491933384829668
-10.5, -5.5, 252.35765643924714, 0.9999017949318794, 982.0708113388572, 567.166296415748, 0.5775207753527773, 0.15491933384829668
-10.5, -4.5, 252.37273543358427, 0.5751866381503704, 980.8141513373555, 580.158206452989, 0.5915067657434736, 0.15491933384829668, (868.6760275685194, 3500.0, -2444.7116827477807)
-10.5, -3.5, 252.3848280080513, 0.9999018857412789, 987.4749167915837, 613.9814481573242, 0.6217691586052823, 0.15491933384829668
-10.5, -2.5, 252.39393447942314, 0.9999019296644851, 992.6030814310662, 577.3010898406754, 0.5816031610624891, 0.15491933384829668
-10.5, -1.5, 252.4000550862224, 0.9999019726000824, 989.6316407261054, 576.4636018384253, 0.5825032043392091, 0.14491376746189438
-10.5, -0.5, 252.40318998875006, 0.9999020145481095, 973.4359839999261, 579.1085096313852, 0.5949117550101057, 0.1264911064067352
-10.5, 0.5, 252.4032422368357, 0.9999020555086046, 1080.3945327517122, 618.7011636836304, 0.5726622496948672, 0.14491376746189438
-10.5, 1.5, 252.40005508622238, 0.9999020954816048, 983.4767992831307, 573.8736056161158, 0.5835151434527178, 0.14491376746189438
-10.5, 2.5, 252.3939344794231, 0.9999021344671463, 970.579389930727, 552.5986728064739, 0.5693492758443124, 0.15811388300841897
-10.5, 3.5, 252.3848280080513, 0.9999021724652644, 990.0932694429753, 586.2213221884133, 0.5920869682491836, 0.14491376746189438
-10.5, 4.5, 252.37273543358424, 0.9999022094759935, 996.5548525548325, 600.9329035424782, 0.6030103631545095, 0.14491376746189438
-10.5, 5.5, 252.35765643924714, 0.9999022454993673, 975.213804803668, 558.7377330616943, 0.5729387036047756, 0.15491933384829668
-10.5, 6.5, 252.3466344917258, 0.9999022805354184, 985.3221375161961, 591.2275945833505, 0.60003482320383, 0.15491933384829668
-10.5, 7.5, 252.31853753234776, 0.9999023145841786, 965.0725194415558, 603.8734956777932, 0.6257286198836413, 0.14491376746189438
-10.5, 8.5, 252.294496594558, 0.9999023476456786, 992.8326109144884, 598.1313123966673, 0.6024493009408045, 0.15811388300841897
-10.5, 9.5, 252.26746718631145, 0.9999023797199484, 973.0542295905753, 575.3836127256577, 0.5913171077502613, 0.15491933384829668
-10.5, 10.5, 252.23744859876012, 0.9999024108070173, 994.2282453761327, 584.9513765531258, 0.588347172063925, 0.15811388300841897
-10.5, 11.5, 252.20444004440841, 0.9999024409069132, 999.9884444544136, 562.9934582905955, 0.5629999640623453, 0.14491376746189438
-10.5, 12.5, 252.16844065701164, 0.9999024700196634, 995.6203824336294, 585.1841723167797, 0.5877583290193334, 0.15491933384829668
-10.5, 13.5, 252.12944949146444, 0.9999024981452944, 991.2760746474908, 588.9489696247869, 0.5941321340114296, 0.15811388300841897
-10.5, 14.5, 252.08746552367913, 0.9999025252838316, 984.4858343388331, 535.6360633626198, 0.5440769635068903, 0.12649110640673517
-10.5, 15.5, 252.0424876504534, 0.9999025514352997, 990.8491151239815, 550.8325756543518, 0.5559197331325547, 0.15491933384829668
-10.5, 16.5, 251.9945146893281, 0.9999025765997224, 979.2514497413662, 565.601108757797, 0.5775851635524053, 0.14491376746189438, (3490.0000000000005, 1565.5072032346588, -502.02951516303943), (-44.699999999999996, -2.499999999999396, 264.66978204003567)
-10.5, 17.5, 251.94354537843438, 0.9999026007771223, 994.4302932591071, 557.1872934861353, 0.5603080449812439, 0.12649110640673517
-10.5, 18.5, 251.8895783763307, 0.9999026239675215, 982.6926948901323, 614.359353960652, 0.6251795267790599, 0.15811388300841897
-10.5, 19.5, 251.83261226182898, 0.9999026461709409, 993.7554563588083, 662.6295853749223, 0.6667934058977094, 0.15811388300841897
-10.5, 20.5, 251.77264553381082, 0.9999026673874009, 978.0145594490785, 664.0286696249166, 0.6789558122723325, 0.15491933384829668
-10.5, 21.5, 251.70642304339987, 0.9999026876169202, 1076.9671996636491, 733.3633165239064, 0.6809523231096967, 0.09486832980505137
-10.5, 22.5, 251.63694127553822, 0.9937795097286782, 981.5549811911649, 664.2264075890653, 0.6767083050029394, 0.15491933384829668, (-304.2831044249601, -277.4624830735436, 3500.0)
-10.5, 23.5, 251.56766223920215, 0.9605193948333571, 999.9677203595647, 664.9785324482943, 0.6649999984091325, 0.15491933384829668, (-117.34251474567832, -981.7792632541115, 3500.0)
-10.5, 24.5, 251.49537559477778, 0.9999027423840151, 985.3497910165303, 660.3400193354374, 0.6701579737021119, 0.14491376746189438
-10.5, 25.5, 251.42007943024706, 0.9999027586659474, 990.4527439225797, 635.2700244898032, 0.6413935731793582, 0.14491376746189438
-10.5, 26.5, 251.34177175230747, 0.9999027739610219, 987.5971243565073, 635.9383179415956, 0.6439248376264325, 0.14491376746189438
-10.5, 27.5, 251.26045048611206, 0.9999027882692526, 987.7124913421221, 560.2706930786577, 0.5672406676940488, 0.14491376746189438
-10.5, 28.5, 251.17611347499758, 0.9999028015906525, 960.5164902640421, 484.3193036348198, 0.5042279945674669, 0.15491933384829668
-10.5, 29.5, 251.08875848020227, 0.9999946630762131, 977.5849626876733, 489.2484395389151, 0.5004664128566635, 0.15811388300841897
-10.5, 30.5, 250.99838318057184, 0.999902825273007, 984.4813721851899, 454.99598065414847, 0.46216819688951877, 0.1264911064067352
-10.5, 31.5, 250.9049851722544, 0.9999028356339831, 981.5795151313794, 451.78657508364944, 0.46026487729135235, 0.14491376746189438
-10.5, 32.5, 250.80856196838423, 0.9999028450081713, 972.5119093942864, 403.338692761768, 0.41473907811882854, 0.15491933384829668
-10.5, 33.5, 250.7091109987535, 0.99990285339558, 989.7291878689252, 388.7515295761213, 0.39278575830745893, 0.14491376746189438
-10.5, 34.5, 250.60662960947278, 0.9999028607962169, 982.5286649462302, 325.70778165907126, 0.33149952085814816, 0.15491933384829668
-10.5, 35.5, 250.50111506262002, 0.9999028672100887, 992.4196657085406, 429.566306466915, 0.4328474347192879, 0.15491933384829668
-10.5, 36.5, 250.39256453587728, 0.9999028726372011, 983.5656091088599, 476.1161870960008, 0.4840716091399092, 0.15491933384829668, (-897.0284534116173, -10.033875317790635, 3489.9999999999995), (-44.699999999999996, -0.4999999999993676, 264.6785003309277)
-10.5, 37.5, 250.2809751221559, 0.9999028770775591, 980.9455894265099, 491.8872527945969, 0.501441933269886, 0.15811388300841897, (-897.0274248739785, -8.027091050313711, 3490.0), (-44.699999999999996, -0.3999999999993662, 264.6786311036095)
-10.5, 38.5, 250.1663438292094, 0.9999028805311667, 993.9598822894707, 492.7835087329982, 0.49577806661364326, 0.15811388300841897
-10.5, 39.5, 250.04866757923435, 0.9999028829980271, 982.0372714085563, 495.8080857038038, 0.5048770552187455, 0.15811388300841897
-10.5, 40.5, 249.9279432084591, 0.9999028844781424, 977.522150777748, 486.36008876558725, 0.49754380335895565, 0.12649110640673517
-10.5, 41.5, 249.8041674667199, 0.9999028849715139, 976.5863842411131, 463.1260749551203, 0.47422950230358457, 0.15491933384829668, (-897.0255963701368, 1.2833054119966561e-11, 3490.0), (-44.699999999999996, 6.394884621840902e-13, 264.67886358825467)
-10.5, 42.5, 249.67088848730535, 0.9999028844781424, 1074.7843874647494, 488.61321234787124, 0.4546151005230309, 0.14491376746189438
-10.5, 43.5, 249.53429124518806, 0.9999028829980271, 989.4342413974521, 325.3045257521965, 0.32877831809493935, 0.14491376746189438
-10.5, 44.5, 249.4010346580548, 0.9999028805311667, 986.4386518371006, 4.993657722223954, 0.005062309463364987, 0.15811388300841897
-10.5, 45.5, 249.2854215786717, 0.9999028770775591, 694.9793034969225, 0.0, 0.0, 0.15491933384829668, (-897.0274248739785, 8.027091050339376, 3490.0), (-44.699999999999996, 0.4000000000006452, 264.6786311036095)
-9.5, -44.5, 249.45060392001136, 0.9999028726372011, 797.5572523338801, 8.99910445228749, 0.011283333486033187, 0.15491933384829668
-9.5, -43.5, 249.56454900876247, 0.9999028672100887, 984.8239599467765, 410.5556942946488, 0.4168823170354595, 0.15811388300841897
-9.5, -42.5, 249.70113407615926, 0.9999028607962169, 1093.4058753427787, 477.41634750759295, 0.4366323231598922, 0.15491933384829668
-9.5, -41.5, 249.83440118561484, 0.99990285339558, 990.7551770548192, 448.38176796633263, 0.4525656573395057, 0.15811388300841897
-9.5, -40.5, 249.95816591192067, 0.9999028450081713, 983.4233223924273, 470.66143257371965, 0.47859494670994385, 0.12649110640673517
-9.5, -39.5, 250.0788795463163, 0.9999028356339831, 992.2059877323818, 477.85372474248095, 0.48160737855914637, 0.15491933384829668
-9.5, -38.5, 250.1965453381083, 0.999902825273007, 975.6567063261289, 449.03338370484727, 0.46023706985595264, 0.15491933384829668
-9.5, -37.5, 250.31116645023488, 0.9999028139252335, 994.9253305234763, 465.96473855642245, 0.4683414164470582, 0.12649110640673517
-9.5, -36.5, 250.4227459596894, 0.9999028015906525, 990.4885895621773, 474.24575148961856, 0.47879981302888913, 0.12649110640673517
-9.5, -35.5, 250.53128685793163, 0.9999027882692526, 982.9851612100595, 343.4705275096353, 0.349415780688715, 0.15811388300841897
-9.5, -34.5, 250.6367920512868, 0.9999027739610219, 982.5319434113775, 318.3263082196228, 0.32398570891688794, 0.15491933384829668
-9.5, -33.5, 250.73926436133232, 0.9999027586659474, 994.7030089477631, 407.8063697335665, 0.4099780196351879, 0.15811388300841897
-9.5, -32.5, 250.83870652527258, 0.9999027423840151, 978.308431381351, 403.5135646224593, 0.4124604794141522, 0.15491933384829668
-9.5, -31.5, 250.93512119630196, 0.9999027251152104, 981.4147011971357, 481.2926909572571, 0.4904070525641946, 0.15491933384829668
-9.5, -30.5, 251.02851094395572, 0.9999027068595177, 981.975752027615, 478.41569575762855, 0.48719705631201227, 0.14491376746189438
-9.5, -29.5, 251.11887825444967, 0.9999026876169202, 978.0661140130313, 457.41598330265697, 0.4676738890644795, 0.14491376746189438
-9.5, -28.5, 251.20622553100765, 0.9999026673874009, 973.8076581870696, 492.6695890780663, 0.5059208406671042, 0.15811388300841897
-9.5, -27.5, 251.29055509417825, 0.9999026461709409, 993.5910806083416, 633.0871694503415, 0.6371707453963094, 0.15491933384829668
-9.5, -26.5, 251.37186918213942, 0.9999026239675215, 990.7195933545435, 634.8299941030473, 0.6407766620962185, 0.14491376746189438
-9.5, -25.5, 251.45016995099238, 0.9999026007771223, 994.7000081986142, 649.4210837914109, 0.6528813495915237, 0.14491376746189438
-9.5, -24.5, 251.52545947504387, 0.9999025765997224, 999.966356232351, 669.977460664201, 0.6700000019885927, 0.15491933384829668
-9.5, -23.5, 251.59773974707764, 0.9999025514352997, 980.5536721438933, 668.0091182528332, 0.6812570665227236, 0.15811388300841897
-9.5, -22.5, 251.6670126786147, 0.9999025252838316, 980.1516327282773, 664.8782774971087, 0.6783422638866631, 0.15811388300841897
-9.5, -21.5, 251.73648832624554, 0.9999024981452944, 1085.1144294734117, 733.1785110002347, 0.6756693037028677, 0.15491933384829668
-9.5, -20.5, 251.80270498572932, 0.9999024700196634, 996.8000579786528, 684.3954931731395, 0.6865925495239049, 0.12649110640673517, (-897.1217201441492, 58.20252770511509, 3490.0), (-44.699999999999996, 2.9000000000006807, 264.66664340123987)
-9.5, -19.5, 251.8626664355531, 0.9999024409069132, 990.4055980902343, 661.2418339045155, 0.6676475124732391, 0.14491376746189438
-9.5, -18.5, 251.91962753763605, 0.9999024108070173, 969.2055535117128, 555.262558351323, 0.5729048459735355, 0.15491933384829668
-9.5, -17.5, 251.97358979270743, 0.9999023797199484, 985.2261754821074, 552.0178177319874, 0.5602955255039431, 0.15491933384829668
-9.5, -16.5, 252.02455462158704, 0.9999023476456786, 984.8387274428343, 551.978050491749, 0.5604755734220341, 0.12649110640673517
-9.5, -15.5, 252.07252336536905, 0.9999023145841786, 981.2215071936636, 564.6472418032424, 0.5754533891314288, 0.15491933384829668
-9.5, -14.5, 252.11749728559565, 0.9999022805354184, 984.2751137776667, 556.5528284990003, 0.5654443769922618, 0.15811388300841897
-9.5, -13.5, 252.15947756442, 0.9999896708776798, 977.1500052895775, 574.8192084415476, 0.5882609684591881, 0.15811388300841897
-9.5, -12.5, 252.1984653047591, 0.9323898663963971, 985.6928043963138, 560.5271995117164, 0.5686631747859928, 0.15491933384829668, (-684.5999439210657, -1143.9661745279561, 3500.0)
-9.5, -11.5, 252.2344615304359, 0.9999021724652644, 983.586976769963, 568.1230742115179, 0.5776032904351762, 0.14491376746189438
-9.5, -10.5, 252.26746718631148, 0.9999021344671463, 992.1633341053998, 583.2980949571772, 0.5879053124686546, 0.14491376746189438
-9.5, -9.5, 252.29748313840665, 0.9999020954816048, 978.5061750927697, 579.6043733483691, 0.5923359382922834, 0.15491933384829668
-9.5, -8.5, 252.32451017401362, 0.9999020555086046, 986.2585001761074, 564.272235482632, 0.5721342177348788, 0.14491376746189438
-9.5, -7.5, 252.34854900179732, 0.9999020145481095, 982.1132290160498, 564.4574376972582, 0.5747376382077365, 0.09486832980505137
-9.5, -6.5, 252.36960025188648, 0.9999019726000824, 981.4238890006025, 579.4323508613887, 0.5903996808671864, 0.12649110640673517
-9.5, -5.5, 252.38766447595458, 0.9999019296644851, 982.2626379328734, 555.2868587572539, 0.5653140385404758, 0.15811388300841897
-9.5, -4.5, 252.40274214729106, 0.9999018857412789, 967.0517852458839, 579.1645532473159, 0.5988971449962803, 0.15811388300841897
-9.5, -3.5, 252.41483366086175, 0.9999018408304239, 992.691892891679, 577.552620172231, 0.5818045098462918, 0.15491933384829668
-9.5, -2.5, 252.4239393333597, 0.9999017949318794, 980.5943365863297, 548.2645637033346, 0.5591145525192072, 0.14491376746189438
-9.5, -1.5, 252.43005940324613, 0.9999017480456037, 996.8521585590153, 590.740009102665, 0.5926054370555814, 0.15491933384829668
-9.5, -0.5, 252.43319403078058, 0.9999017001715544, 980.2937600125836, 584.8782047393804, 0.5966356500441996, 0.15811388300841897
-9.5, 0.5, 252.43324627428305, 0.9999016513096881, 1096.8136907006722, 623.0883618874582, 0.5680895189131107, 0.15811388300841897
-9.5, 1.5, 252.43189822273095, 0.9999016014599604, 988.6995271004126, 569.6428370793087, 0.5761536457389805, 0.15491933384829668
-9.5, 2.5, 252.4239393333597, 0.9999015506223263, 972.1960025905522, 569.9409550688072, 0.5862407925460708, 0.15491933384829668
-9.5, 3.5, 252.4148336608617, 0.9999014987967395, 994.0634152139239, 573.2826343900065, 0.5767063002380338, 0.15491933384829668
-9.5, 4.5, 252.40274214729106, 0.9999014459831532, 994.2096313542855, 583.2613596210349, 0.5866583276069575, 0.15491933384829668
-9.5, 5.5, 252.38766447595458, 0.4063912723057877, 974.9199942145211, 590.4168062063854, 0.6056053929656819, 0.15811388300841897, (-1217.7850257957052, 3500.0, -1530.962975988512)
-9.5, 6.5, 252.36960025188645, 0.9999013373917892, 997.1561545508513, 583.6151885235874, 0.585279633345356, 0.15811388300841897
-9.5, 7.5, 252.3485490017973, 0.9999012816139132, 967.4405621316309, 556.2329332214961, 0.5749530823846256, 0.15811388300841897
-9.5, 8.5, 252.3245101740136, 0.9999012248478407, 982.4922752104162, 593.0321085167776, 0.6035997671226173, 0.12649110640673517
-9.5, 9.5, 252.29748313840662, 0.9999011670935202, 970.0409501883139, 570.4046043886839, 0.5880211595994492, 0.15491933384829668
-9.5, 10.5, 252.26746718631145, 0.9999011083508993, 981.9988494862332, 574.9790177069551, 0.5855190339660534, 0.15491933384829668
-9.5, 11.5, 252.23446153043588, 0.9999010486199248, 975.2444084901272, 571.8417176754841, 0.5863573404751011, 0.09486832980505137
-9.5, 12.5, 252.19846530475908, 0.9999009879005425, 984.3696107182597, 555.119571503445, 0.563934080714249, 0.15491933384829668
-9.5, 13.5, 252.15947756441997, 0.9999009261926974, 964.5683546678891, 575.8923326002456, 0.5970466787691073, 0.14491376746189438
-9.5, 14.5, 252.11749728559556, 0.9999008634963334, 989.9126174608252, 564.9479790113373, 0.570704897630719, 0.15491933384829668
-9.5, 15.5, 252.07252336536897, 0.9999007998113939, 970.8896726262855, 550.8138855730754, 0.5673290190461161, 0.12649110640673517
-9.5, 16.5, 252.024554621587, 0.9999007351378209, 978.9269162791759, 544.8009802391969, 0.5565287573355756, 0.15491933384829668
-9.5, 17.5, 251.97358979270734, 0.9999006694755558, 986.5088647057423, 562.160270204856, 0.5698481689493365, 0.15491933384829668
-9.5, 18.5, 251.91962753763596, 0.9999006028245391, 973.8227631291729, 576.8544547317753, 0.5923608243436165, 0.15811388300841897
-9.5, 19.5, 251.86266643555302, 0.9999005351847102, 987.3269410201269, 674.8832237441142, 0.6835458404961691, 0.15811388300841897
-9.5, 20.5, 251.8027049857292, 0.999900466556008, 972.5392703377901, 655.7154712080329, 0.6742303279746067, 0.15811388300841897
-9.5, 21.5, 251.73648832624545, 0.9999003969383701, 1093.4880201173173, 729.9724486152897, 0.6675632793279006, 0.0
-9.5, 22.5, 251.66701267861464, 0.9999003263317333, 961.2078032997277, 636.6317117594439, 0.6623247434882994, 0.0
-9.5, 23.5, 251.59773974707758, 0.9999002547360337, 974.6964001576943, 667.4746082762217, 0.68480257869859, 0.0
-9.5, 24.5, 251.52545947504376, 0.9999001821512062, 994.120196552445, 662.8014105056421, 0.666721602482478, 0.0
-9.5, 25.5, 251.4501699509923, 0.9999001085771851, 982.2820934098783, 623.2015917254444, 0.6344425862046129, 0.0
-9.5, 26.5, 251.37186918213933, 0.9999000340139035, 970.3355336526332, 640.476432452848, 0.6600566610622854, 0.0, (-897.6863121065458, 152.62675552596014, 3490.0), (-44.699999999999996, 7.6000000000007475, 264.5949264224906)
-9.5, 27.5, 251.29055509417813, 0.9998999584612939, 995.1056310766497, 602.0632208140319, 0.6050244335997099, 0.0
-9.5, 28.5, 251.20622553100756, 0.9998998819192877, 992.1007744614641, 482.61189558593753, 0.48645450947048274, 0.0
-9.5, 29.5, 251.11887825444953, 0.9998998043878153, 987.8054677841112, 497.437429744584, 0.5035783319366085, 0.0
-9.5, 30.5, 251.02851094395564, 0.9998997258668066, 983.4395885785993, 454.6796992090037, 0.4623361765069562, 0.0
-9.5, 31.5, 250.9351211963018, 0.9998996463561903, 969.4373306641236, 420.16188602945005, 0.43340799115050954, 0.0
-9.5, 32.5, 250.83870652527247, 0.9998995658558941, 982.0881808176873, 410.44309945486873, 0.41792896755272374, 0.0
-9.5, 33.5, 250.73926436133218, 0.9998994843658452, 981.9413396960991, 372.05050374993874, 0.3788928001188794, 0.0
-9.5, 34.5, 250.63679205128668, 0.9998994018859694, 985.013997246864, 343.9766290649497, 0.3492098894293604, 0.0
-9.5, 35.5, 250.5312868579315, 0.9998993184161918, 973.5485150286032, 326.5810033260975, 0.33545426682357216, 0.0
-9.5, 36.5, 250.42274595968922, 0.999899233956437, 996.5227527409784, 472.6038712503047, 0.47425296607667766, 0.0
-9.5, 37.5, 250.31116645023474, 0.9998991485066281, 989.3171604295487, 447.67743306336735, 0.45251154126245174, 0.0, (-897.8916687172577, 174.75743887787087, 3489.9999999999995), (-44.699999999999996, 8.700000000000763, 264.56886627720155)
-9.5, 38.5, 250.19654533810817, 0.9998990620666875, 976.9025750217085, 475.1796886886569, 0.48641461373781064, 0.0
-9.5, 39.5, 250.07887954631613, 0.999898974636537, 962.8108838633456, 452.2111877237234, 0.46967810117517017, 0.0
-9.5, 40.5, 249.9581659119205, 0.999898886216097, 965.3966850083464, 438.2335075774076, 0.4539413842855891, 0.0
-9.5, 41.5, 249.84570409091234, 0.9998987968052874, 974.9880292429349, 462.760377530115, 0.4746318556233375, 0.0
-9.5, 42.5, 249.7011340761591, 0.9998987064040268, 1077.7714090395957, 517.7635586481854, 0.4804020168892451, 0.0
-9.5, 43.5, 249.56454900876233, 0.9998986150122334, 982.9969378146712, 411.71856545139224, 0.4188401302314284, 0.0
-9.5, 44.5, 249.43130430783614, 0.999898522629824, 979.8817929034453, 6.999299990106318, 0.0071430044325724185, 0.0
-9.5, 45.5, 249.3157015480307, 0.999898429256715, 699.9260508642517, 0.0, 0.0, 0.0
-8.5, -44.5, 249.4720669795964, 0.9998983348928214, 799.9204308713247, 83.99167321442377, 0.10500003496964648, 0.09486832980505139
-8.5, -43.5, 249.59179374118767, 0.9998982395380577, 996.9463471502352, 437.6004718921508, 0.4389408448539171, 0.0
-8.5, -42.5, 249.72836784800805, 0.9998981431923372, 1062.9468835270104, 452.6070833377025, 0.42580404566960783, 0.0
-8.5, -41.5, 249.86162427125402, 0.9999938731083892, 982.1210469749991, 446.18971779362914, 0.45431234690257827, 0.0
-8.5, -40.5, 249.98537908065512, 0.9998979475276749, 967.7862889790632, 470.59793630180576, 0.48626224783391875, 0.0
-8.5, -39.5, 250.10608304936915, 0.9998978482085554, 985.5008531963508, 459.81255401015767, 0.4665775301145729, 0.0
-8.5, -38.5, 250.22373942593111, 0.9998977478981239, 979.8486116552183, 467.8730428982907, 0.477495234807683, 0.0
-8.5, -37.5, 250.338351372529, 0.9998976465962892, 962.5109031365595, 470.2007776508853, 0.4885147546055112, 0.0
-8.5, -36.5, 250.44992196542694, 0.9998975443029592, 996.5955886959059, 438.3283332868093, 0.4398256808063774, 0.0
-8.5, -35.5, 250.5584541953767, 0.999897441018041, 988.3637515134163, 351.6991666103697, 0.3558398070263462, 0.0
-8.5, -34.5, 250.66395096801622, 0.9998973367414409, 989.4233380089775, 360.8945095323781, 0.3647523720823164, 0.0
-8.5, -33.5, 250.76641510425634, 0.999897231473064, 983.4933207651036, 390.6951611166876, 0.397252480385681, 0.0
-8.5, -32.5, 250.86584934065547, 0.9998971252128149, 976.11864707916, 453.8520888998135, 0.4649558639801372, 0.0
-8.5, -31.5, 250.9622563297824, 0.9998970179605969, 991.0535427933534, 455.17223996106424, 0.4592811793781894, 0.0
-8.5, -30.5, 251.05563864056705, 0.9998969097163126, 991.0421798744579, 441.53753882821917, 0.445528503019066, 0.0
-8.5, -29.5, 251.14631817670704, 0.9999661293125567, 980.0180556644153, 494.3653914114298, 0.5044451870596085, 0.0
-8.5, -28.5, 251.23333908665998, 0.999896690251151, 991.549739663102, 518.6146291748717, 0.5230344060713292, 0.0
-8.5, -27.5, 251.31766194463026, 0.9998965790300742, 968.352953168556, 646.8407816226301, 0.6679803882521314, 0.0
-8.5, -26.5, 251.39896957020335, 0.9998964668165323, 980.2864689297745, 622.3153034542804, 0.6348300452761443, 0.0
-8.5, -25.5, 251.4772641189745, 0.9998963536104234, 977.0032126849363, 624.0133975215995, 0.6387014796059132, 0.0
-8.5, -24.5, 251.5525476647642, 0.9998962394116445, 993.3232637525895, 681.9911341738931, 0.6865752158038242, 0.0
-8.5, -23.5, 251.6248221998894, 0.9998961242200919, 991.1065710177016, 663.1664212409432, 0.6691171672487063, 0.0
-8.5, -22.5, 251.69408963542347, 0.9998960080356608, 983.5964746948582, 629.083650455146, 0.6395749340707092, 0.0
-8.5, -21.5, 251.76355977315794, 0.9998958908582457, 1072.0517799161096, 730.0606015028826, 0.6809937870351854, 0.0
-8.5, -20.5, 251.82977118319792, 0.9998957726877401, 991.8641403523645, 674.0479594865221, 0.6795769017791724, 0.0
-8.5, -19.5, 251.88972788118966, 0.9998956535240366, 976.4316429818284, 587.8292884745891, 0.6020178603383594, 0.0
-8.5, -18.5, 251.94668447071155, 0.9998955333670267, 992.5868151397954, 572.2733159641886, 0.57654736818521, 0.0
-8.5, -17.5, 252.00064245214267, 0.9998954122166014, 983.1333291184246, 556.3220203860718, 0.565866301048837, 0.0
-8.5, -16.5, 252.0516032459713, 0.9998952900726504, 991.7439261397702, 551.9769493538877, 0.55657204930146, 0.0
-8.5, -15.5, 252.09956819297892, 0.9998951669350626, 976.4146976900357, 558.2304292357437, 0.5717144882767371, 0.0, (-898.8158402672603, 251.3467114841497, 3490.0), (-44.699999999999996, 12.500000000000817, 264.45175293260337)
-8.5, -14.5, 252.1445385544137, 0.9998950428037263, 997.1313862135544, 578.7967231054214, 0.580461843953492, 0.0
-8.5, -13.5, 252.18651551215345, 0.9998949176785283, 990.0013232767903, 584.5597158895972, 0.5904635702453123, 0.0
-8.5, -12.5, 252.22550016885825, 0.999894791559355, 974.8391766528579, 565.111444876717, 0.5796971012357603, 0.0
-8.5, -11.5, 252.2614935481127, 0.9998946644460918, 995.4585304054277, 556.5135500559528, 0.559052469849545, 0.0
-8.5, -10.5, 252.29449659455804, 0.9998945363386228, 981.1823034087055, 578.8944708076119, 0.5899968525690755, 0.0
-8.5, -9.5, 252.32451017401362, 0.9998944072368317, 993.5981872986409, 601.3105895606174, 0.6051848697464304, 0.0
-8.5, -8.5, 252.35153507358856, 0.9998942771406011, 977.4422463445275, 561.5321946959187, 0.5744914308706794, 0.0
-8.5, -7.5, 252.37557200178304, 0.9998941460498124, 985.4050238283655, 603.1767618860889, 0.612110500048707, 0.0
-8.5, -6.5, 252.39662158857922, 0.9998940139643466, 997.27119859364, 575.2735456136224, 0.5768476482875249, 0.0
-8.5, -5.5, 252.4146843855225, 0.9998938808840835, 990.9727750965242, 578.8969872677524, 0.5841704250768804, 0.0
-8.5, -4.5, 252.42976086579222, 0.999893746808902, 959.6650313920799, 524.2152494508268, 0.5462481514934495, 0.0
-8.5, -3.5, 252.4418514242625, 0.9998936117386801, 984.6937380650319, 572.2206654743977, 0.5811153695349353, 0.0
-8.5, -2.5, 252.45095637755287, 0.9998934756732948, 972.7062426079175, 566.1300987602414, 0.5820154882962332, 0.0
-8.5, -1.5, 252.4570759640691, 0.9998933386126225, 996.5244068513908, 617.2991853444051, 0.6194521489893237, 0.0
-8.5, -0.5, 252.46021034403356, 0.9998932005565383, 981.3084601670625, 593.1162402484998, 0.6044136622928177, 0.0
-8.5, 0.5, 252.4602625834099, 0.9998930615049166, 1086.6212408805643, 613.70118845019, 0.5647793042890138, 0.0
-8.5, 1.5, 252.45707596406908, 0.9998929214576309, 985.0725802808354, 573.7691291515065, 0.5824638109284598, 0.0
-8.5, 2.5, 252.45095637755287, 0.9998927804145537, 995.5948174920952, 586.5595566969151, 0.5891548915194833, 0.0
-8.5, 3.5, 252.44185142426247, 0.9998926383755565, 991.0954610379218, 583.547366163877, 0.5887902720821249, 0.0
-8.5, 4.5, 252.4297608657922, 0.9998924953405102, 987.3904013241273, 550.9025387459934, 0.557937911901121, 0.0
-8.5, 5.5, 252.41468438552246, 0.9998923513092843, 974.9773760239457, 566.6944949343903, 0.5812386101156793, 0.0
-8.5, 6.5, 252.3966215885792, 0.999892206281748, 976.2640990663663, 574.8096502994605, 0.5887849925539309, 0.0
-8.5, 7.5, 252.375572001783, 0.9998920602577691, 962.4627914547873, 582.2084505091731, 0.6049152815862627, 0.0
-8.5, 8.5, 252.35153507358854, 0.9998919132372147, 997.3604903947231, 563.1084763129707, 0.5645987401106198, 0.0
-8.5, 9.5, 252.3245101740136, 0.9998917652199507, 985.3565344789776, 558.3840942966966, 0.5666822868251955, 0.0
-8.5, 10.5, 252.294496594558, 0.9998916162058427, 984.2707994114137, 594.7673433136755, 0.6042720597515864, 0.0
-8.5, 11.5, 252.26149354811267, 0.9998914661947546, 987.7948166821823, 595.4573048130393, 0.6028147695824815, 0.0
-8.5, 12.5, 252.2255001688582, 0.9651623606447202, 992.7841591091819, 572.3973087701833, 0.5765576570881139, 0.0, (135.25600412372964, -887.6713081241485, 3500.0)
-8.5, 13.5, 252.1865155121534, 0.8815039660208535, 988.8680698119133, 546.4754103971223, 0.5526272180080243, 0.0, (-62.22137944494768, -63.408500297170484, 240.46351670521796), (-62.22137944494768, -63.408500297170484, 240.46351670521796)
-8.5, 14.5, 252.14453855441366, 0.9998910101782397, 982.7335511331935, 577.1731444177799, 0.5873139710679863, 0.0
-8.5, 15.5, 252.09956819297886, 0.9998908561778562, 987.3512294790427, 555.8587462456604, 0.5629797478845991, 0.0
-8.5, 16.5, 252.05160324597125, 0.9998907011798006, 994.6464074875554, 554.2547785273041, 0.5572380037317318, 0.0
-8.5, 17.5, 252.0006424521426, 0.9998905451839314, 994.470193928334, 554.3106862504139, 0.5573929612317371, 0.0
-8.5, 18.5, 251.9466844707115, 0.9998903881901066, 991.1128253852256, 574.4931390667564, 0.5796445413199678, 0.0
-8.5, 19.5, 251.88972788118957, 0.999890230198183, 997.1256187020165, 645.274324937047, 0.6471344360573313, 0.0
-8.5, 20.5, 251.82977118319783, 0.9998900712080168, 979.0787078264786, 643.8509160380962, 0.6576089449104897, 0.0
-8.5, 21.5, 251.76355977315785, 0.9998899112194629, 1066.885866185806, 729.7048084036978, 0.6839577048784471, 0.0
-8.5, 22.5, 251.6940896354234, 0.9998897502323757, 995.3195984577792, 678.6525244568396, 0.6818438273579596, 0.0
-8.5, 23.5, 251.6248221998893, 0.9998895882466083, 992.9303646647323, 684.0516251834085, 0.688922052871635, 0.0
-8.5, 24.5, 251.55254766476412, 0.9998894252620131, 987.5921234376497, 686.5897129522232, 0.695215865596735, 0.0
-8.5, 25.5, 251.4772641189744, 0.9998892612784414, 986.7584635326906, 636.8182115510799, 0.6453638201097452, 0.0
-8.5, 26.5, 251.39896957020323, 0.9998890962957439, 988.9377312157133, 647.4918429925923, 0.654734694161808, 0.0
-8.5, 27.5, 251.31766194463017, 0.9998889303137699, 953.850001773183, 629.3474363464645, 0.6597970699549442, 0.0
-8.5, 28.5, 251.23333908665987, 0.9998887633323683, 982.3741202109468, 493.0513161039132, 0.5018977047135968, 0.0
-8.5, 29.5, 251.14599875863988, 0.9998885953513866, 979.3796374698812, 503.00182815029706, 0.5135922873072454, 0.0
-8.5, 30.5, 251.0556386405669, 0.9998884263706719, 963.5071000540147, 452.8224532804894, 0.4699731359064235, 0.0
-8.5, 31.5, 250.96225632978224, 0.9998882563900698, 998.2245576033254, 454.11463422978704, 0.45492232260853993, 0.0
-8.5, 32.5, 250.86584934065536, 0.9998880854094253, 996.0960810111469, 431.6352512999485, 0.4333269245089202, 0.0
-8.5, 33.5, 250.7664151042562, 0.9998879134285826, 994.1877979349439, 364.25318623041045, 0.3663826763786593, 0.0
-8.5, 34.5, 250.66395096801608, 0.9998877404473846, 990.6538317941604, 361.3351705111517, 0.3647441305069625, 0.0
-8.5, 35.5, 250.55845419537656, 0.9998875664656736, 995.7722033786266, 310.73099778849326, 0.3120502829203224, 0.0, (-900.583697885362, 354.5922389884379, 3490.0), (-44.699999999999996, 17.60000000000089, 264.2284787256093)
-8.5, 36.5, 250.4499219654268, 0.9998873914832908, 943.0933836855708, 456.5736980605517, 0.48412353003292224, 0.0
-8.5, 37.5, 250.33835137252885, 0.9998872155000764, 961.1103696451693, 461.0353105931807, 0.47969028860170304, 0.0
-8.5, 38.5, 250.22373942593097, 0.9998870385158701, 954.4018069015813, 478.46679078588227, 0.5013263672867524, 0.0
-8.5, 39.5, 250.106083049369, 0.9998868605305101, 990.7882686641454, 456.59716994240495, 0.46084232563433886, 0.0
-8.5, 40.5, 249.98537908065498, 0.9998866815438342, 984.4267522236264, 465.7324802731501, 0.473100186703736, 0.0
-8.5, 41.5, 249.86162427125385, 0.9998865015556787, 991.4482520028422, 486.7248007456665, 0.49092305096350225, 0.0
-8.5, 42.5, 249.72836784800788, 0.9998863205658796, 1069.514422994398, 501.6594405798611, 0.46905345995739667, 0.0
-8.5, 43.5, 249.59179374118753, 0.9998861385742716, 983.445216313224, 445.12161837537036, 0.4526145544172342, 0.0
-8.5, 44.5, 249.4585597410948, 0.9998859555806883, 978.253240644712, 94.48166977312931, 0.09658201562497429, 0.0
-8.5, 45.5, 249.34296627172677, 0.9998857715849628, 699.9266775143283, 0.0, 0.0, 0.0
-7.5, -44.5, 249.49630795755667, 0.999885586586927, 779.1242911298303, 160.10415282668777, 0.20549244151342808, 0.0
-7.5, -43.5, 249.61602616805118, 0.9998854005864122, 962.2672426539024, 428.2299203276994, 0.4450218207019652, 0.0
-7.5, -42.5, 249.75259052758108, 0.9998852135832482, 1081.6427697227648, 471.68809857912163, 0.4360849180363122, 0.0
-7.5, -41.5, 249.8858374475306, 0.9998850255772643, 981.4525483832346, 453.41716925268116, 0.46198582906489355, 0.0
-7.5, -40.5, 250.00958343778035, 0.9998848365682887, 990.1530375308778, 483.6099050864469, 0.48841935211592535, 0.0
-7.5, -39.5, 250.1302788107557, 0.999884646556149, 988.2692342304705, 454.47080087015155, 0.4598653738563778, 0.0
-7.5, -38.5, 250.24792681430554, 0.9998844555406712, 986.0003659157275, 474.9146560855742, 0.4816576874639464, 0.0
-7.5, -37.5, 250.36253060995074, 0.999884263521681, 999.9291307650423, 474.9663001138498, 0.4749999629978324, 0.0
-7.5, -36.5, 250.47409327330718, 0.9998840704990029, 973.2934294697992, 433.6582133088528, 0.4455575268242464, 0.0
-7.5, -35.5, 250.58261779449697, 0.9998838764724604, 962.3728702711713, 323.1116195955718, 0.33574473011123795, 0.0
-7.5, -34.5, 250.68810707854692, 0.9998836814418762, 997.4280870557459, 356.0251996658498, 0.35694322657063066, 0.0
-7.5, -33.5, 250.7905639457753, 0.9998834854070721, 988.4318451660358, 422.3813991965608, 0.42732475816338106, 0.0
-7.5, -32.5, 250.88999113216596, 0.9998832883678689, 971.8087854530029, 405.3155427284189, 0.4170733469336599, 0.0
-7.5, -31.5, 250.98639128973147, 0.9998830903240864, 978.500358393801, 449.1694786944643, 0.45903864504635616, 0.0
-7.5, -30.5, 251.07976698686355, 0.9998828912755435, 985.4377236226335, 476.6812249384953, 0.4837253674297505, 0.0
-7.5, -29.5, 251.1701207086724, 0.9998826912220583, 987.8651292850659, 484.755011289263, 0.4907097101808706, 0.0
-7.5, -28.5, 251.2574548573143, 0.9998824901634477, 982.0348947060234, 543.597128578989, 0.5535415610070733, 0.0
-7.5, -27.5, 251.34177175230758, 0.999882288099528, 976.3221078132549, 643.3940887288227, 0.6589977668024776, 0.0
-7.5, -26.5, 251.42307363083745, 0.9998820850301142, 980.2594050385679, 643.491973140787, 0.6564507005321403, 0.0
-7.5, -25.5, 251.50136264804948, 0.9998818809550207, 977.8586549124949, 655.3607204444486, 0.6701998465239278, 0.0
-7.5, -24.5, 251.57664087733164, 0.9998816758740607, 998.7699471349376, 687.2023707058455, 0.68804870698918, 0.0
-7.5, -23.5, 251.64891031058573, 0.9998814697870467, 983.116361589808, 650.0132621239707, 0.6611763241055487, 0.0
-7.5, -22.5, 251.71817285848738, 0.99988126269379, 957.6427533602233, 633.9246071579755, 0.6619635609768153, 0.0
-7.5, -21.5, 251.7876380962334, 0.9998810545941011, 1083.142908113087, 720.5947885826581, 0.6652813614761012, 0.0
-7.5, -20.5, 251.86721633328293, 0.9998808454877897, 970.4636032565513, 655.0427181587088, 0.6749791707392265, 0.0
-7.5, -19.5, 251.91379731006128, 0.9998806353746642, 983.2777482945141, 583.7609886096851, 0.5936888021947135, 0.0
-7.5, -18.5, 251.97074988653094, 0.9998804242545325, 980.8594143075668, 558.388535255588, 0.5692849832611127, 0.0
-7.5, -17.5, 252.0247040673835, 0.9998802121272011, 988.1371353840284, 542.3685796464699, 0.5488798672015139, 0.0
-7.5, -16.5, 252.0756612728125, 0.999879998992476, 997.7601976558414, 568.6565677912979, 0.5699331052965547, 0.0
-7.5, -15.5, 252.12362284332139, 0.999879784850162, 954.472204574804, 564.7874275855804, 0.5917274750155564, 0.0
-7.5, -14.5, 252.16859003989686, 0.999879569700063, 961.0262667900859, 555.3756528578281, 0.5778985154202212, 0.0
-7.5, -13.5, 252.2105640441718, 0.9998793535419818, 993.1807236201965, 595.8851852892884, 0.5999765914880579, 0.0
-7.5, -12.5, 252.24954595857798, 0.9998791363757207, 981.3577126947388, 569.4128521281308, 0.5802296601557891, 0.0
-7.5, -11.5, 252.2855368064881, 0.9998789182010805, 986.2066109345664, 580.1432494084002, 0.5882573113747784, 0.0
-7.5, -10.5, 252.3185375323478, 0.9998786990178616, 993.1721222689257, 568.9820220152493, 0.5728936699465508, 0.0
-7.5, -9.5, 252.34854900179732, 0.9998784788258631, 959.8239616632549, 574.591837522769, 0.59864293919801, 0.0
-7.5, -8.5, 252.37557200178304, 0.9998782576248832, 995.1988319550501, 581.037391117147, 0.583840507505128, 0.0
-7.5, -7.5, 252.39960724065847, 0.9998780354147193, 980.9799041024354, 562.5010044588231, 0.5734072656396495, 0.0
-7.5, -6.5, 252.42065534827572, 0.9998778121951677, 991.021254438414, 542.5213633719839, 0.5474366578337582, 0.0
-7.5, -5.5, 252.4387168760661, 0.9998775879660238, 971.6639666490516, 564.1000768519633, 0.5805505773743553, 0.0
-7.5, -4.5, 252.45379229711116, 0.999877362727082, 952.7402390827175, 562.1027280675921, 0.5899852919078713, 0.0
-7.5, -3.5, 252.46588200620343, 0.999877136478136, 985.9198055868546, 587.671271890564, 0.5960639684489968, 0.0
-7.5, -2.5, 252.47498631989708, 0.9998769092189783, 991.5158652443033, 567.7577008397415, 0.5726158508818712, 0.0
-7.5, -1.5, 252.48110547654846, 0.9998766809494005, 967.751671750221, 555.1852212066566, 0.5736856235056458, 0.0, (-903.1241384219736, 464.6947468390664, 3489.9999999999995), (-44.699999999999996, 23.000000000000966, 263.90935107994824)
-7.5, -0.5, 252.48423963634707, 0.9998764516691933, 982.6607758113296, 576.4047812637012, 0.5865755461621994, 0.0
-7.5, 0.5, 252.48429187205406, 0.9998762213781464, 1091.085283212447, 611.1173312557687, 0.5601004253824007, 0.0
-7.5, 1.5, 252.48110547654846, 0.9998759900760484, 984.8144461744198, 581.1690984018365, 0.5901305577506791, 0.0
-7.5, 2.5, 252.47498631989703, 0.9998757577626876, 999.8918334874811, 607.9455813816213, 0.60801134784869, 0.0
-7.5, 3.5, 252.4658820062034, 0.9998755244378504, 991.9399278559155, 593.3582857523853, 0.5981796569424653, 0.0
-7.5, 4.5, 252.45379229711114, 0.999875290101323, 963.8695554905167, 550.5766742890066, 0.5712149233812206, 0.0
-7.5, 5.5, 252.4387168760661, 0.9998750547528903, 986.188303787682, 586.3317507967731, 0.5945434036733469, 0.0
-7.5, 6.5, 252.42065534827572, 0.9998748183923364, 999.7192565968111, 589.8591948692327, 0.590024840450907, 0.0
-7.5, 7.5, 252.39960724065844, 0.9998745810194442, 968.6664183890556, 553.7327159417248, 0.5716443818323051, 0.0
-7.5, 8.5, 252.375572001783, 0.9998743426339959, 966.7469743299413, 572.9242073844374, 0.5926309805950363, 0.0
-7.5, 9.5, 252.3485490017973, 0.9998741032357727, 981.0458598828732, 589.9529648741037, 0.6013510570693791, 0.0
-7.5, 10.5, 252.31853753234776, 0.9998738628245549, 993.8645519925162, 563.1278038216557, 0.5666041742737354, 0.0
-7.5, 11.5, 252.28553680648804, 0.9998736214001216, 977.3662925074754, 569.5594195552555, 0.5827491943619483, 0.0
-7.5, 12.5, 252.24954595857795, 0.9998733789622511, 970.7467548113777, 574.9940777343222, 0.5923214009054784, 0.0
-7.5, 13.5, 252.21056404417178, 0.9998731355107209, 983.5064530767418, 546.8322578400008, 0.5560027147044374, 0.0
-7.5, 14.5, 252.1685900398968, 0.9998728910453073, 981.151123873509, 537.5849123433204, 0.5479124461693288, 0.0
-7.5, 15.5, 252.12362284332133, 0.9998726455657857, 987.4404403539296, 534.222650959888, 0.5410175936975054, 0.0
-7.5, 16.5, 252.07566127281243, 0.9998723990719307, 985.697164595268, 545.2189933219605, 0.5531303253224129, 0.0
-7.5, 17.5, 252.02470406738342, 0.9998721515635156, 987.2705783783509, 564.6340771769363, 0.5719142143427189, 0.0
-7.5, 18.5, 251.97074988653085, 0.9998719030403133, 980.8517187259396, 551.0968743907998, 0.5618554403989194, 0.0
-7.5, 19.5, 251.91379731006117, 0.9998716535020951, 945.5174604747083, 537.8449457842786, 0.5688366088070411, 0.0
-7.5, 20.5, 251.8538448379068, 0.9998714029486317, 979.0163112211352, 658.2481914268377, 0.6723567154931251, 0.0
-7.5, 21.5, 251.78763809623334, 0.999871151379693, 1091.4664859871743, 749.0269260239162, 0.6862573754121828, 0.0
-7.5, 22.5, 251.71817285848726, 0.9998708987950474, 978.7372546407029, 642.0306590186644, 0.655978564190198, 0.0
-7.5, 23.5, 251.64891031058568, 0.999870645194463, 976.2504114401465, 640.5440857615868, 0.6561268279689306, 0.0
-7.5, 24.5, 251.57664087733156, 0.9998703905777063, 980.9723242930603, 659.1507707290046, 0.6719361539623689, 0.0
-7.5, 25.5, 251.50136264804937, 0.9998701349445435, 986.1188165181029, 660.1669620573507, 0.6694598571684709, 0.0
-7.5, 26.5, 251.42307363083737, 0.9998698782947391, 980.5555545412811, 657.6612304606876, 0.6707026719851193, 0.0
-7.5, 27.5, 251.34177175230747, 0.9998696206280572, 978.8617732684185, 621.1680901046659, 0.634582028911586, 0.0
-7.5, 28.5, 251.2574548573142, 0.9998693619442608, 977.9708883584451, 530.4350714173833, 0.5423832935433642, 0.0
-7.5, 29.5, 251.1701207086723, 0.9998691022431119, 970.8167434729804, 462.3331422413682, 0.4762311170977819, 0.0
-7.5, 30.5, 251.07976698686343, 0.9998688415243714, 978.0108378613065, 487.3083483095737, 0.49826477319536594, 0.0
-7.5, 31.5, 250.98639128973133, 0.9998685797877993, 978.8071290730238, 448.01491373579614, 0.45771521316981745, 0.0
-7.5, 32.5, 250.88999113216582, 0.999868317033155, 982.7923597697801, 413.8032437238922, 0.4210484947408687, 0.0
-7.5, 33.5, 250.79056394577515, 0.9998680532601965, 981.4646268229102, 411.1192890074688, 0.41888345007226513, 0.0
-7.5, 34.5, 250.6881070785468, 0.9998677884686809, 973.1505781495957, 330.90231673006014, 0.34003197877070246, 0.0
-7.5, 35.5, 250.58777796381807, 0.9998675226583643, 985.0863364494498, 311.6050964026991, 0.316322625614541, 0.0
-7.5, 36.5, 250.47409327330703, 0.999867255829002, 994.742248574897, 436.2551083970099, 0.43856095287196706, 0.0
-7.5, 37.5, 250.3625306099506, 0.9998669879803486, 986.3746981724692, 474.95026678713435, 0.4815109994884404, 0.0
-7.5, 38.5, 250.24792681430543, 0.9998667191121569, 993.9981625259236, 466.59409787604153, 0.46941142898126104, 0.0
-7.5, 39.5, 250.13027881075553, 0.9998664492241794, 973.132143425293, 458.5537599141393, 0.47121427753901163, 0.0
-7.5, 40.5, 250.0095834377802, 0.9998661783161675, 998.535385156295, 495.156219892127, 0.4958824967576117, 0.0, (-905.5847507520664, 551.0493337909875, 3490.0), (-44.699999999999996, 27.200000000001026, 263.60217050300105)
-7.5, 41.5, 249.88583744753046, 0.9998659063878717, 986.48059061173, 457.54071664803746, 0.46381116973047615, 0.0
-7.5, 42.5, 249.7525905275809, 0.9998656334390411, 1086.313035088529, 492.1373910865046, 0.45303459977942534, 0.0
-7.5, 43.5, 249.616026168051, 0.9998653594694245, 997.3854522171358, 452.4528968313905, 0.4536389575621053, 0.0
-7.5, 44.5, 249.48280168425651, 0.5199305679953824, 978.8664285247447, 160.71306640041075, 0.16418283610218642, 0.0, (-905.8415612382537, 559.3115680129025, 3490.0); (-204.55363218969487, 20.287129167214193, 181.28103534019377), (-44.699999999999996, 27.60000000000103, 263.57021865882234), (-204.55363218969487, 20.287129167214193, 181.28103534019377)
-7.5, 45.5, 249.3672164769141, 0.9998648084668214, 692.1461767871643, 0.9998970579952464, 0.001444632783549588, 0.0
-6.5, -44.5, 249.51753621140477, 0.999968738950065, 786.6701537562503, 248.71337216605204, 0.31615966485887026, 0.0
-6.5, -43.5, 249.63724693452505, 0.9998642533780305, 980.1306109084538, 482.08839446441823, 0.4918613795946898, 0.0
-6.5, -42.5, 249.77380275928755, 0.9998639743006754, 1090.7633716204325, 496.9395134072446, 0.45558874301856483, 0.0
-6.5, -41.5, 249.90704135811072, 0.9998636942010043, 965.8363629350016, 428.91665814667925, 0.4440883307015686, 0.0
-6.5, -40.5, 250.03077962627322, 0.9945960936407598, 993.2907896411142, 473.972991062206, 0.4771744548577332, 0.0, (-249.24548018353195, -260.96391097295185, 3500.0)
-6.5, -39.5, 250.15146747278143, 0.9998631309336796, 978.7338031767525, 463.4430763225211, 0.47351289474041647, 0.0
-6.5, -38.5, 250.2691081448836, 0.9998628477655063, 986.0275787902833, 487.6482390579155, 0.49455841758117053, 0.0
-6.5, -37.5, 250.38370480351648, 0.9998625635739776, 982.1780017310605, 469.212936283872, 0.47772698579778583, 0.0
-6.5, -36.5, 250.4952605237284, 0.9998622783588313, 992.6124863029514, 435.39594308650516, 0.4386363753171846, 0.0
-6.5, -35.5, 250.6037782950902, 0.9998619921198041, 993.3339270721432, 321.3194083350673, 0.32347572108219225, 0.0
-6.5, -34.5, 250.70926102209376, 0.9998617048566317, 974.8143601086518, 362.1374682370024, 0.3714937767193324, 0.0
-6.5, -33.5, 250.81171152453825, 0.9998614165690488, 988.1934036177838, 407.80033681690884, 0.41267259559105396, 0.0
-6.5, -32.5, 250.91113253790493, 0.9998611272567893, 984.3143963895127, 438.8185009131547, 0.4458113205727264, 0.0
-6.5, -31.5, 251.00752671371916, 0.9998608369195862, 990.5038557024706, 441.74593190964487, 0.4459810321448535, 0.0
-6.5, -30.5, 251.1008966199015, 0.9998605455571709, 979.1664150146662, 453.1224187169384, 0.4627634401759495, 0.0
-6.5, -29.5, 251.1912447411066, 0.9998602531692744, 999.6195634322698, 487.8103748809757, 0.4879960264143307, 0.0
-6.5, -28.5, 251.27857347905072, 0.9998599597556268, 992.9105981078997, 589.0419267318032, 0.5932476980850918, 0.0
-6.5, -27.5, 251.36288515282777, 0.9998596653159567, 980.5894777689991, 621.9692205445384, 0.6342809449267391, 0.0
-6.5, -26.5, 251.4441819992138, 0.9998593698499921, 984.2594068498848, 628.1538813299311, 0.638199520328013, 0.0
-6.5, -25.5, 251.5224661729606, 0.9998590733574599, 980.523036315475, 660.3318941450184, 0.6734486286282031, 0.0
-6.5, -24.5, 251.59773974707764, 0.999858775838086, 971.4211921103458, 672.8291098923144, 0.6926234627748231, 0.0
-6.5, -23.5, 251.67000471310322, 0.9998584772915954, 982.1874674032732, 633.0896032193683, 0.6445710459869165, 0.0
-6.5, -22.5, 251.73926298136456, 0.999858177717712, 993.547850168348, 641.2437728988403, 0.6454080422902503, 0.0
-6.5, -21.5, 251.80872392865103, 0.9998578771161588, 1082.0184251162414, 744.4636087758823, 0.6880322843817605, 0.0
-6.5, -20.5, 251.87492658267422, 0.9998575754866577, 964.1412813637045, 638.6234358636254, 0.6623753678095198, 0.0
-6.5, -19.5, 251.9348753546593, 0.9998572728289297, 987.0354731829926, 539.926693455375, 0.5470185298550811, 0.0
-6.5, -18.5, 251.9918244172754, 0.9998569691426947, 990.8473071786667, 583.6416924203944, 0.5890329298893213, 0.0
-6.5, -17.5, 252.0457752703175, 0.999856664427672, 978.6649119659198, 540.985085623559, 0.5527786671505781, 0.0
-6.5, -16.5, 252.09672933372104, 0.9998563586835792, 996.8737151703842, 585.1931287943272, 0.587028346608885, 0.0
-6.5, -15.5, 252.14468794774606, 0.9998560519101337, 973.8747128499981, 574.1471805870272, 0.5895493260183465, 0.0
-6.5, -14.5, 252.18965237315035, 0.9998557441070514, 990.8237672442294, 538.968868406092, 0.5439603754208703, 0.0
-6.5, -13.5, 252.23162379135243, 0.9998554352740472, 975.2517051940906, 545.3010872623973, 0.5591388196074712, 0.0
-6.5, -12.5, 252.2706033045841, 0.9998551254108353, 980.8691923866533, 559.4003782573121, 0.5703108860990708, 0.0
-6.5, -11.5, 252.3065919360325, 0.9998548145171287, 982.3997373156516, 556.6322521280683, 0.5666046426773612, 0.0
-6.5, -10.5, 252.33959062997215, 0.9998545025926393, 997.5282850179664, 562.7838901132571, 0.5641783782633502, 0.0
-6.5, -9.5, 252.36960025188648, 0.9998541896370784, 982.9326827750682, 573.6040922344696, 0.5835639635209197, 0.0
-6.5, -8.5, 252.39662158857922, 0.9998538756501559, 989.5518027766449, 589.414398157656, 0.5956377387255337, 0.0
-6.5, -7.5, 252.42065534827572, 0.9998535606315809, 998.6817946571833, 601.4717736197586, 0.6022656834614927, 0.0
-6.5, -6.5, 252.44170216071402, 0.9998532445810616, 990.9370964425701, 605.3819079316409, 0.6109186043240695, 0.0
-6.5, -5.5, 252.4597625772256, 0.9998529274983048, 995.5342727359101, 573.1363362213242, 0.5757072879532724, 0.0
-6.5, -4.5, 252.47483707080642, 0.9998526093830168, 987.931084625023, 577.519862271512, 0.5845750490690494, 0.0
-6.5, -3.5, 252.4869260361776, 0.9998522902349025, 986.4820144755162, 604.6548887665722, 0.6129406110744448, 0.0
-6.5, -2.5, 252.496029789836, 0.9998519700536661, 988.9037589779564, 559.5602945781167, 0.5658389802830043, 0.0
-6.5, -1.5, 252.5021485700949, 0.9998516488390106, 980.0735248480061, 563.063864374208, 0.5745118606907889, 0.0
-6.5, -0.5, 252.50528253711477, 0.9998513265906379, 975.6656089984109, 574.3242394903704, 0.5886486457998191, 0.0
-6.5, 0.5, 252.50533476960882, 0.9998510033082494, 1088.0588690775833, 635.8043312059309, 0.584347363249695, 0.0
-6.5, 1.5, 252.5021485700949, 0.9998506789915449, 971.4995965486244, 553.7298350057604, 0.5699743334664841, 0.0
-6.5, 2.5, 252.49602978983594, 0.9998503536402236, 989.7156625589463, 578.3270376108874, 0.5843365518896625, 0.0
-6.5, 3.5, 252.48692603617758, 0.9998500272539834, 974.935781031455, 563.2530980899212, 0.5777335379916152, 0.0
-6.5, 4.5, 252.47483707080642, 0.9998496998325214, 984.6914878521147, 579.0885543856324, 0.5880913580849421, 0.0
-6.5, 5.5, 252.4597625772256, 0.9998493713755336, 990.8634519648999, 585.6081093358073, 0.5910078812318044, 0.0
-6.5, 6.5, 252.441702160714, 0.9998490418827153, 945.0374482998814, 556.0799794314697, 0.5884211048269626, 0.0
-6.5, 7.5, 252.4206553482757, 0.9998487113537602, 982.4685838297908, 561.750779333756, 0.5717748013315379, 0.0
-6.5, 8.5, 252.3966215885792, 0.9998483797883614, 991.3123930503335, 575.6557717511879, 0.5807006709356848, 0.0
-6.5, 9.5, 252.36960025188645, 0.9998480471862109, 983.7787911524828, 563.0589949474833, 0.5723430917715432, 0.0
-6.5, 10.5, 252.33959062997212, 0.9998477135469998, 984.9163859092143, 563.4313704938954, 0.5720601043445634, 0.0, (-909.9336453056105, 677.8700310666185, 3490.0000000000005), (-44.699999999999996, 33.30000000000111, 263.0638247618487)
-6.5, 11.5, 252.30659193603245, 0.9998473788704179, 990.3177617538593, 567.0482036313285, 0.572592177511875, 0.0
-6.5, 12.5, 252.27060330458403, 0.9998470431561542, 985.4327887644336, 569.3628456089968, 0.5777794813615669, 0.0
-6.5, 13.5, 252.2316237913524, 0.999846706403897, 978.8397888192857, 595.320276555153, 0.6081896990244453, 0.0
-6.5, 14.5, 252.18965237315027, 0.9998463686133328, 984.0591006756845, 551.4903047629346, 0.5604239667965722, 0.0
-6.5, 15.5, 252.14468794774598, 0.9998460297841476, 984.721461422609, 570.2660467011543, 0.5791140632573413, 0.0
-6.5, 16.5, 252.096729333721, 0.9998456899160266, 997.7915521478811, 587.2364613061063, 0.5885362128412498, 0.0
-6.5, 17.5, 252.04577527031742, 0.9998453490086535, 987.937544865762, 558.0336901443983, 0.5648471333481129, 0.0, (-910.4926699403323, 692.5447601336092, 3490.0000000000005), (-44.699999999999996, 34.00000000000112, 262.9950428926015)
-6.5, 18.5, 251.99182441727538, 0.9998450070617112, 971.2543690894033, 538.6651324463818, 0.5546076801192726, 0.0
-6.5, 19.5, 251.93487535465923, 0.9998446640748817, 967.3806229647063, 534.5200473649325, 0.5525436779235899, 0.0
-6.5, 20.5, 251.87492658267416, 0.9998443200478456, 987.0188171900809, 628.7339310559908, 0.6370029832317864, 0.0
-6.5, 21.5, 251.80872392865098, 0.999843974980283, 1082.693160442207, 749.1360375147071, 0.6919190633925641, 0.0
-6.5, 22.5, 251.73926298136445, 0.9998436288718726, 982.6315876808172, 673.6317800491428, 0.6855384952961179, 0.0
-6.5, 23.5, 251.67000471310314, 0.9998432817222922, 995.5602326752676, 672.8928611886483, 0.6758936718278229, 0.0
-6.5, 24.5, 251.59773974707753, 0.9998429335312186, 983.4111740223574, 666.8174919383829, 0.678065807622421, 0.0
-6.5, 25.5, 251.52246617296052, 0.9998425842983275, 999.5327620307065, 652.631119170238, 0.6529361957524196, 0.0
-6.5, 26.5, 251.4441819992137, 0.9998422340232938, 988.2570554626433, 633.6058454046074, 0.6411346540885466, 0.0
-6.5, 27.5, 251.36288515282766, 0.999841882705791, 977.9065370735448, 624.0172604903347, 0.6381154403137042, 0.0
-6.5, 28.5, 251.2785734790506, 0.999841530345492, 999.878880828774, 581.9280417855822, 0.5819985329655497, 0.0
-6.5, 29.5, 251.1912447411065, 0.9998411769420682, 998.0558176260109, 463.4094458095162, 0.46431215331401826, 0.0
-6.5, 30.5, 251.1008966199014, 0.9998408224951905, 988.3092726044686, 486.66018490209706, 0.4924168966052628, 0.0, (-911.564178290298, 719.8705926990727, 3490.0), (-44.699999999999996, 35.30000000000114, 262.8634705775148)
-6.5, 31.5, 251.00752671371905, 0.9998404670045284, 953.9791640057449, 426.0223145413877, 0.4465740244813378, 0.0
-6.5, 32.5, 250.91113253790482, 0.9998401104697505, 979.2279203507466, 430.60079115898026, 0.43973500163756024, 0.0
-6.5, 33.5, 250.82314597387315, 0.9998397528905244, 989.1147313833368, 416.561856537948, 0.4211461454581321, 0.0
-6.5, 34.5, 250.70926102209359, 0.9998393942665166, 991.6154340380524, 370.14570982738604, 0.3732754625652408, 0.0
-6.5, 35.5, 250.60377829509005, 0.9998390345973925, 986.8755139745863, 301.1745429742504, 0.30517987193874807, 0.0
-6.5, 36.5, 250.49526052372823, 0.9998386738828168, 980.3078897061401, 433.898798999584, 0.4426148188296748, 0.0
-6.5, 37.5, 250.38370480351634, 0.9998383121224528, 991.7375018632273, 516.5851338455648, 0.5208889780562197, 0.0
-6.5, 38.5, 250.26910814488346, 0.999837949315963, 977.7409535196758, 442.32984667041194, 0.4523998356396049, 0.0
-6.5, 39.5, 250.15146747278126, 0.9998375854630087, 981.132065105193, 488.085685041143, 0.49747195347123063, 0.0
-6.5, 40.5, 250.03077962627307, 0.9998372205632503, 983.8907492132405, 474.49526919500386, 0.4822641838785757, 0.0
-6.5, 41.5, 249.90704135811055, 0.7828551651729779, 987.3248332218118, 477.91540695581625, 0.48405083198028714, 0.0, (84.79116085103989, 53.985130634791155, 236.9875480466872), (84.79116085103989, 53.985130634791155, 236.9875480466872)
-6.5, 42.5, 249.77380275928738, 0.9998364876219573, 1083.7044613562434, 512.5132476543926, 0.4729271364380915, 0.0
-6.5, 43.5, 249.63724693452488, 0.9998361195797383, 979.5638482946592, 456.6961052850424, 0.4662239282106144, 0.0
-6.5, 44.5, 249.50403078323882, 0.9998357504893461, 989.8219452297444, 224.26147807321533, 0.2265674944407933, 0.0
-6.5, 45.5, 249.38845281015784, 0.9998353803504362, 672.1082557895018, 0.0, 0.0, 0.0
-5.5, -44.5, 249.53575230656824, 0.9998350091626624, 789.1915683643072, 271.5469043168756, 0.34408236884700716, 0.0
-5.5, -43.5, 249.65545660545052, 0.9998346369256781, 981.0640634710544, 435.6117754516667, 0.44401970439162775, 0.0
-5.5, -42.5, 249.79200510730098, 0.9998342636391352, 1095.469326021975, 491.86646061437006, 0.44900066933001764, 0.0
-5.5, -41.5, 249.92523656651719, 0.9998338893026846, 996.525498019191, 462.18645605718484, 0.463797922858853, 0.0
-5.5, -40.5, 250.0489682090533, 0.9998335139159765, 999.9188322757486, 480.9609952991927, 0.481000036977559, 0.0
-5.5, -39.5, 250.1696495977784, 0.9998331374786598, 982.3507897746167, 468.63630364273837, 0.4770559646521573, 0.0
-5.5, -38.5, 250.28728397942533, 0.9998327599903821, 992.8754412696544, 482.0750354820255, 0.4855342527815622, 0.0
-5.5, -37.5, 250.40187451442978, 0.26531779305498926, 993.3876584923986, 494.3852795902824, 0.4976760838166437, 0.0, (-3500.0, 2508.048326331615, 1279.5096264030599)
-5.5, -36.5, 250.51342427735312, 0.9998320018595311, 971.0890915265331, 376.5472121281051, 0.38775763770158334, 0.0
-5.5, -35.5, 250.6219362572933, 0.9998316212162482, 995.1910728797072, 337.50415639299325, 0.33913503204604084, 0.0
-5.5, -34.5, 250.7274133582832, 0.9998312395205856, 980.5432294800377, 356.08326283389806, 0.36314896898805965, 0.0
-5.5, -33.5, 250.82985839967694, 0.9998308567721861, 976.6402811759506, 388.9644121576769, 0.3982678368429916, 0.0
-5.5, -32.5, 250.92927411652414, 0.9998304729706913, 977.7557071696093, 408.1284866430992, 0.41741355601445956, 0.0
-5.5, -31.5, 251.0256631599325, 0.9998300881157417, 973.7954003415706, 436.8546215100766, 0.4486102741467504, 0.0
-5.5, -30.5, 251.1190280974182, 0.9998297022069768, 995.9815473462932, 453.65971845842887, 0.4554900837943896, 0.0
-5.5, -29.5, 251.20937141324518, 0.9998293152440352, 972.1562639514084, 491.02790066311485, 0.5050915360739352, 0.0
-5.5, -28.5, 251.29669550875212, 0.9998289272265541, 978.97540574892, 594.4819581703874, 0.6072491246249505, 0.0
-5.5, -27.5, 251.38100270266884, 0.9998285381541702, 988.4790900034235, 618.1352150405702, 0.6253396974117372, 0.0
-5.5, -26.5, 251.46229523142043, 0.9998281480265184, 990.6688058973832, 645.0185277030913, 0.6510940123110169, 0.0
-5.5, -25.5, 251.54057524942075, 0.9998277568432334, 977.5716600977327, 642.221328018632, 0.6569557549923511, 0.0
-5.5, -24.5, 251.61584482935461, 0.9998273646039482, 994.7691018270996, 696.7458623932553, 0.7004096338673338, 0.0
-5.5, -23.5, 251.68810596244842, 0.9998269713082948, 972.8185192459287, 637.5842668150942, 0.6553989816202428, 0.0
-5.5, -22.5, 251.75736055873048, 0.9998265769559046, 985.798962126116, 670.4475188831465, 0.6801057260571292, 0.0
-5.5, -21.5, 251.82681782475447, 0.9998261815464073, 1070.633397681941, 718.806798763366, 0.6713846217759274, 0.0
-5.5, -20.5, 251.89301697152754, 0.9998257850794323, 995.4680587369875, 609.8295238319142, 0.6126058174138134, 0.0
-5.5, -19.5, 251.95296256872538, 0.9998253875546071, 975.1690764036398, 555.3358339441679, 0.5694764604228535, 0.0
-5.5, -18.5, 252.00990861641512, 0.7954738348540279, 967.9647602296618, 562.5674685702811, 0.5811858981692731, 0.0, (2548.1707610884628, 6.155364478057244, 3500.0)
-5.5, -17.5, 252.06385661415774, 0.9998245893299134, 963.961448358259, 527.7414134004848, 0.5474714930760886, 0.0
-5.5, -16.5, 252.11480798166735, 0.9998241886292952, 991.021268648567, 553.6618095688286, 0.5586780295077265, 0.0
-5.5, -15.5, 252.16276405899515, 0.999823786869328, 985.0153842499226, 582.7481397474246, 0.5916132367731295, 0.0
-5.5, -14.5, 252.20772610670258, 0.9998233840496347, 982.1666264986986, 556.8075128942528, 0.5669175655857928, 0.0
-5.5, -13.5, 252.24969530602414, 0.9998229801698365, 985.2459495188109, 554.6223413358583, 0.562927806611875, 0.0
-5.5, -12.5, 252.2886727590202, 0.999822575229554, 993.9560517715537, 575.1761912883255, 0.5786736649605122, 0.0
-5.5, -11.5, 252.32465948871865, 0.9998221692284067, 990.9110548037296, 568.8032548075552, 0.5740204956339078, 0.0
-5.5, -10.5, 252.35765643924714, 0.9998217621660129, 989.351705608536, 576.4484370348454, 0.5826526944533645, 0.0
-5.5, -9.5, 252.38766447595458, 0.9998213540419898, 975.1053447816693, 563.8987399047156, 0.5782951995109566, 0.0, (3489.9999999999995, 1177.6319327062815, -2362.9670244447443), (-44.699999999999996, 40.400000000001214, 262.29905934380224)
-5.5, -8.5, 252.4146843855225, 0.9998209448559537, 991.5396210262545, 585.0686233325325, 0.590060760988028, 0.0
-5.5, -7.5, 252.4387168760661, 0.9998205346075199, 986.2753008741176, 584.7365708512276, 0.5928735823892034, 0.0
-5.5, -6.5, 252.4597625772256, 0.9998201232963021, 999.9965099413355, 570.9980050165595, 0.5709999978400494, 0.0
-5.5, -5.5, 252.4778220402469, 0.9998197109219137, 985.0643798637225, 583.8139764241666, 0.5926658077971855, 0.0
-5.5, -4.5, 252.49289573805245, 0.9998192974839663, 974.1662814299939, 554.613290022428, 0.5693209676774098, 0.0
-5.5, -3.5, 252.50498406530215, 0.9998188829820709, 976.1977868050568, 578.1496156414854, 0.5922463904919094, 0.0
-5.5, -2.5, 252.5140873384437, 0.9998184674158374, 992.3495637817988, 559.2870853308916, 0.5635988624809529, 0.0
-5.5, -1.5, 252.52020579575344, 0.9998180507848743, 994.0339692085367, 587.458040758526, 0.590983868716547, 0.0
-5.5, -0.5, 252.52333959736683, 0.8228610230934822, 980.1008107221462, 599.9446409010147, 0.6121254409115024, 0.0, (-1752.5406847096897, -1569.0180830611398, 3500.0)
-5.5, 0.5, 252.52339182710418, 0.999817214327189, 1057.9963799048776, 628.7677322519485, 0.5943004571608078, 0.0
-5.5, 1.5, 252.52020579575344, 0.9998167944996788, 973.2646614150177, 539.2814204035398, 0.5540953471170781, 0.0
-5.5, 2.5, 252.5140873384437, 0.9998163736058631, 982.790736447957, 565.3881825441747, 0.5752884735031428, 0.0
-5.5, 3.5, 252.50498406530212, 0.9998159516453453, 989.082560031369, 552.6485953764321, 0.5587487007746904, 0.0
-5.5, 4.5, 252.49289573805245, 0.9998155286177276, 996.0062178072715, 568.1701243774579, 0.5704483709231217, 0.0
-5.5, 5.5, 252.47782204024688, 0.9998151045226111, 987.6894973272384, 603.1211372640347, 0.6106384029557118, 0.0
-5.5, 6.5, 252.45976257722555, 0.9998146793595959, 983.9400283383462, 590.0510716633455, 0.5996819467338973, 0.0
-5.5, 7.5, 252.43871687606605, 0.6684615957076592, 988.8856963579393, 593.5506604638207, 0.6002217067653669, 0.0, (-3500.0, 577.5890463598154, -3054.690247736051)
-5.5, 8.5, 252.41468438552246, 0.9998138258282644, 968.367154490349, 571.3452388175956, 0.5900088991745018, 0.0
-5.5, 9.5, 252.38766447595458, 0.9998133974591427, 999.9941449663153, 573.9966356973617, 0.5739999964866762, 0.0
-5.5, 10.5, 252.3576564392471, 0.9998129680205117, 981.3507626938612, 576.9668231941589, 0.5879312934045658, 0.0
-5.5, 11.5, 252.32465948871857, 0.9998125375119661, 984.4848770276742, 562.6696528638961, 0.5715371215885923, 0.0
-5.5, 12.5, 252.28867275902013, 0.9998121059330994, 977.6803907846, 554.0070428797559, 0.5666545510186194, 0.0
-5.5, 13.5, 252.2496953060241, 0.9998116732835041, 995.6377389749637, 603.382565790436, 0.6060262103078123, 0.0
-5.5, 14.5, 252.2077261067025, 0.9998112395627715, 979.3302559471231, 565.8188121491544, 0.5777609838082084, 0.0
-5.5, 15.5, 252.1627640589951, 0.999810804770492, 964.3545705986863, 555.9828973242726, 0.5765336882046505, 0.0
-5.5, 16.5, 252.11480798166733, 0.9998103689062547, 984.4771078470752, 570.2723762712059, 0.5792642324800403, 0.0
-5.5, 17.5, 252.06385661415766, 0.9998099319696477, 991.7132892551599, 570.0613198681195, 0.5748247261023113, 0.0
-5.5, 18.5, 252.00990861641506, 0.999809493960258, 982.4476934064556, 552.787332367929, 0.5626633723890594, 0.0
-5.5, 19.5, 251.9529625687253, 0.9998090548776715, 970.7261694378499, 559.6709052561275, 0.5765486940361714, 0.0
-5.5, 20.5, 251.89301697152746, 0.999808614721473, 993.5960912393422, 619.9546656394907, 0.623950386988945, 0.0
-5.5, 21.5, 251.8268178247544, 0.9998081734912462, 1082.6168405302587, 724.5675910753146, 0.6692742657877242, 0.0
-5.5, 22.5, 251.7573605587304, 0.9998077311865737, 977.3431388371037, 643.5326480979364, 0.6584510828649668, 0.0
-5.5, 23.5, 251.6881059624483, 0.9998072878070371, 981.6506542549586, 646.2058083068566, 0.6582849056391717, 0.0
-5.5, 24.5, 251.6158448293545, 0.9998068433522166, 984.4324146176605, 646.3996594171138, 0.6566216733813729, 0.0
-5.5, 25.5, 251.5405752494207, 0.9998063978216918, 982.8345479268523, 650.9118114040173, 0.6622801495704662, 0.15491933384829668
-5.5, 26.5, 251.4622952314203, 0.9998059512150407, 984.9800578466158, 651.3744188641346, 0.6613072149787307, 0.15811388300841897
-5.5, 27.5, 251.38100270266875, 0.9998055035318403, 977.5784623310404, 615.9866841865405, 0.6301148275277233, 0.15811388300841897
-5.5, 28.5, 251.296695508752, 0.9998050547716669, 991.0888811008683, 616.7654239935475, 0.622310910509323, 0.14491376746189438
-5.5, 29.5, 251.20937141324504, 0.9998046049340952, 988.901747877728, 479.6847753573569, 0.4850681843639204, 0.15491933384829668
-5.5, 30.5, 251.1190280974181, 0.9998041540186989, 991.7775107958726, 499.0709313131936, 0.5032085582508357, 0.15491933384829668
-5.5, 31.5, 251.02566315993235, 0.9998037020250509, 980.8866606331858, 458.73718379211977, 0.4676760345542817, 0.15491933384829668
-5.5, 32.5, 250.929274116524, 0.9998032489527225, 991.2976839455707, 417.4410676393764, 0.421105662204187, 0.09486832980505139
-5.5, 33.5, 250.82985839967677, 0.9998027948012844, 990.2181581767178, 412.05900149987957, 0.4161295145895942, 0.15491933384829668
-5.5, 34.5, 250.7274133582831, 0.9998023395703058, 988.0073328289354, 357.14810785521854, 0.3614832562351595, 0.15491933384829668
-5.5, 35.5, 250.62193625729316, 0.999801883259355, 995.732942762067, 307.67944063845954, 0.30899795258855905, 0.14491376746189438
-5.5, 36.5, 250.51342427735298, 0.9998014258679991, 988.619707861242, 348.74887009969115, 0.35276342088523277, 0.14491376746189438
-5.5, 37.5, 250.4018745144296, 0.999800967395804, 996.5678302053731, 496.2898539067983, 0.49799907127698745, 0.15491933384829668
-5.5, 38.5, 250.28728397942518, 0.9998005078423348, 981.1561740789394, 464.45547587738514, 0.4733756848784984, 0.15491933384829668
-5.5, 39.5, 250.16964959777826, 0.9998000472071551, 989.7155097155967, 478.10215328312927, 0.4830702849352296, 0.15491933384829668
-5.5, 40.5, 250.04896820905316, 0.9997995854898276, 992.7436565009464, 469.8092072052627, 0.4732432225869527, 0.14491376746189438
-5.5, 41.5, 249.92523656651704, 0.9997991226899139, 981.8979143411998, 443.5460922499566, 0.4517232247586063, 0.15491933384829668
-5.5, 42.5, 249.79200510730084, 0.9997986588069743, 1074.38066649589, 489.75811417025716, 0.45585157053096576, 0.15491933384829668
-5.5, 43.5, 249.65545660545035, 0.9997981938405681, 987.0337029425675, 444.7200388489906, 0.45056216168017466, 0.14491376746189438
-5.5, 44.5, 249.53237714221865, 0.9997977277902536, 985.6262826294387, 295.8975580639991, 0.30021273101058965, 0.15491933384829668
-5.5, 45.5, 249.40667583751824, 0.9997972606555877, 684.3425754262826, 0.0, 0.0, 0.15491933384829668
-4.5, -44.5, 249.5509567281337, 0.9998018802068965, 782.6579229324996, 311.9718347759449, 0.39860560486889873, 0.12649110640673517
-4.5, -43.5, 249.67065566541154, 0.9998023375356138, 986.6443442203241, 485.8259846710462, 0.4924023408404175, 0.15491933384829668
-4.5, -42.5, 249.80719805563254, 0.9998027937840781, 1086.012162144889, 480.5776392158046, 0.4425158906753467, 0.14491376746189438
-4.5, -41.5, 249.9404235562032, 0.9998032489527225, 977.0254964319141, 442.1014794785331, 0.45249738220044683, 0.15491933384829668
-4.5, -40.5, 250.06414966905643, 0.9998037030419786, 999.9191251711441, 487.9604956098735, 0.4879999625233243, 0.15491933384829668
-4.5, -39.5, 250.18482566817832, 0.9998041560522769, 991.148675728577, 496.370394535038, 0.5008031657512575, 0.14491376746189438
-4.5, -38.5, 250.30245479987178, 0.9998046079840469, 984.4728300040694, 468.0009266680844, 0.47538226795568334, 0.15491933384829668
-4.5, -37.5, 250.41704022415433, 0.9998050588377169, 994.6403798683154, 520.1530423689103, 0.5229558872703072, 0.14491376746189438
-4.5, -36.5, 250.52858501518102, 0.9998055086137142, 985.6907100329356, 308.4624368909755, 0.3129403916981916, 0.15491933384829668, (-917.9268615443145, -909.6943336380873, 3490.0), (-44.599999999999994, -44.19999999999999, 261.84144621254205)
-4.5, -35.5, 250.63709216165512, 0.9998059573124648, 987.0624581421954, 332.01327106374595, 0.33636500742683134, 0.15811388300841897
-4.5, -34.5, 250.7425645672265, 0.999806404934394, 967.7925485855848, 359.27533338769075, 0.3712317623366357, 0.14491376746189438
-4.5, -33.5, 250.84500505087775, 0.9998068514799254, 982.6025225390297, 405.20848061102635, 0.41238290286897894, 0.15491933384829668
-4.5, -32.5, 250.94441634729847, 0.999807296949482, 995.4120722569612, 409.71066231164093, 0.41159904900759126, 0.0
-4.5, -31.5, 251.04080110724763, 0.9998077413434855, 996.868864799269, 477.74358329473705, 0.47924416155873845, 0.0
-4.5, -30.5, 251.13416189790416, 0.9998081846623565, 996.0044141267649, 480.2131398141019, 0.48213956986839573, 0.0
-4.5, -29.5, 251.22450120320573, 0.9998086269065144, 980.9303450530546, 492.61558301668106, 0.5021922152790955, 0.0
-4.5, -28.5, 251.31182142417617, 0.9998090680763777, 988.6831399640442, 630.2500982118681, 0.6374641912420885, 0.0
-4.5, -27.5, 251.39612487924117, 0.9998095081723638, 994.0862235340655, 650.0373269394663, 0.6539043712209646, 0.0
-4.5, -26.5, 251.47741380453317, 0.9998099471948887, 981.6684192837866, 648.971818873649, 0.6610906555872816, 0.0
-4.5, -25.5, 251.55569035418398, 0.9998103851443676, 989.1770979170432, 664.7974366916892, 0.6720711974545149, 0.0
-4.5, -24.5, 251.6309566006073, 0.9998108220212145, 987.4196035786398, 654.901064847922, 0.6632449492337475, 0.0
-4.5, -23.5, 251.7032145347695, 0.9998112578258425, 992.6152007332714, 675.7466034277593, 0.680773982635534, 0.0
-4.5, -22.5, 251.7743345441138, 0.9998116925586631, 978.1407985759272, 653.1239183548176, 0.6677197386160553, 0.0
-4.5, -21.5, 251.84192026012326, 0.9998121262200872, 1092.9065818676568, 779.3325449923092, 0.7130824884049246, 0.0
-4.5, -20.5, 251.90811647977526, 0.9998125588105244, 998.2157112890947, 611.28173973442, 0.6123743924497155, 0.0
-4.5, -19.5, 251.96805942732266, 0.9998129903303834, 991.9981569244792, 573.1993092851898, 0.577822957919898, 0.0
-4.5, -18.5, 252.02500295878036, 0.9998134207800714, 978.901768930624, 550.7480349975484, 0.5626182855907993, 0.0
-4.5, -17.5, 252.07894857351405, 0.844225374194021, 993.0295132108613, 536.4267102582905, 0.5401921122402582, 0.0, (1951.3147799093365, -869.8888271423881, 3500.0)
-4.5, -16.5, 252.1298976910532, 0.9998142784705593, 984.5673044864783, 552.7843826304767, 0.5614490549417471, 0.0
-4.5, -15.5, 252.1778516512747, 0.9998147057121686, 993.839720487621, 564.1407929883304, 0.5676375992615171, 0.0
-4.5, -14.5, 252.22281171457607, 0.9998151318852259, 973.4097201548822, 558.5708259393904, 0.573829102354263, 0.0
-4.5, -13.5, 252.26477906203837, 0.9998155569901334, 990.9294266102941, 548.343789013759, 0.5533631097115536, 0.0
-4.5, -12.5, 252.30375479557875, 0.9998159810272917, 995.8119775395908, 559.7581727182471, 0.5621123117049399, 0.0
-4.5, -11.5, 252.33973993809235, 0.999816403997101, 976.4695955582997, 558.2882449047436, 0.5717415549283339, 0.0
-4.5, -10.5, 252.37273543358427, 0.9998168258999599, 984.5824976600671, 552.1972520574532, 0.5608440667692048, 0.0, (-915.2223321647771, -853.6602918846344, 3490.0); (-915.2223321647771, -853.6602918846344, 3490.0), (-44.599999999999994, -41.59999999999995, 262.1681264585625); (-44.599999999999994, -41.59999999999995, 262.1681264585625)
-4.5, -9.5, 252.40274214729106, 0.9998172467362662, 991.4648274865937, 572.7983272687391, 0.5777293469106792, 0.0
-4.5, -8.5, 252.42976086579222, 0.9998176665064162, 980.9469006013472, 549.289953380136, 0.5599589060767777, 0.0
-4.5, -7.5, 252.45379229711116, 0.9998180852108058, 994.662971259914, 575.3311893836659, 0.5784182240693133, 0.0
-4.5, -6.5, 252.47483707080642, 0.9998185028498293, 995.8466462500697, 594.9230309822694, 0.5974042622149642, 0.0
-4.5, -5.5, 252.49289573805245, 0.9998189194238799, 989.4294441673829, 579.7145131065375, 0.5859078851189581, 0.0
-4.5, -4.5, 252.50796877171052, 0.9998193349333502, 988.5967346980801, 596.1580427462067, 0.603034606348639, 0.0
-4.5, -3.5, 252.52005656638917, 0.9998197493786312, 978.4112132737508, 557.5399132019915, 0.5698421130482247, 0.0
-4.5, -2.5, 252.5291594384952, 0.999820162760113, 980.8482509120596, 549.4225724529598, 0.5601504329972238, 0.0
-4.5, -1.5, 252.53527762627414, 0.9998205750781848, 982.8245190403447, 570.9041324650801, 0.5808810437722145, 0.0
-4.5, -0.5, 252.5384112898407, 0.9998209863332345, 994.675500163909, 588.8700038407063, 0.5920222260864659, 0.0
-4.5, 0.5, 252.5384635172773, 0.8475714792381247, 1083.9663262711058, 628.7834298855247, 0.5800765343408487, 0.0, (-99.97751682611631, 2091.027310285167, 3500.0)
-4.5, 1.5, 252.53527762627414, 0.456910693441511, 979.0680764950968, 536.499385861415, 0.5479694402681322, 0.0, (-914.0358699981343, -827.9607432270084, 3490.0); (2785.581722568351, 3490.0, -2803.241963301216), (-44.599999999999994, -40.399999999999935, 262.3121250007088); (3490.0, 2903.3362670586425, -2250.9015213238704)
-4.5, 2.5, 252.5291594384952, 0.9998222137241151, 986.7598992341303, 573.895616970677, 0.5815960067044716, 0.0
-4.5, 3.5, 252.52005656638914, 0.999822620730935, 983.9665319411087, 585.0310789351823, 0.5945640018681011, 0.0
-4.5, 4.5, 252.50796877171047, 0.9998230266766568, 995.3924613961881, 579.505428790533, 0.5821878819312025, 0.0
-4.5, 5.5, 252.49289573805245, 0.999823431561662, 988.8835729493865, 577.5031515930857, 0.5839950904135848, 0.0
-4.5, 6.5, 252.4748370708064, 0.999823835386331, 981.3631694565746, 559.3705975241573, 0.5699934692208861, 0.0
-4.5, 7.5, 252.45379229711114, 0.9998242381510434, 973.3645460596093, 567.4913144762468, 0.5830203255024796, 0.0
-4.5, 8.5, 252.4297608657922, 0.9998246398561774, 986.7972230701323, 556.7136954311829, 0.564162203151657, 0.0
-4.5, 9.5, 252.40274214729104, 0.9998250405021105, 967.2374150104094, 549.6617110587941, 0.5682800339696109, 0.0
-4.5, 10.5, 252.3727354335842, 0.9998254400892188, 961.9550007216892, 539.6483433941722, 0.5609912552970886, 0.0
-4.5, 11.5, 252.33973993809232, 0.9998258386178777, 964.896219263985, 532.6116731490591, 0.5519885584745383, 0.0
-4.5, 12.5, 252.30375479557873, 0.999826236088461, 991.3198720918014, 579.1631561711105, 0.5842343853644416, 0.0
-4.5, 13.5, 252.26477906203831, 0.9998266325013418, 995.0314497607923, 543.0111548334536, 0.5457226050131326, 0.0
-4.5, 14.5, 252.22281171457598, 0.9998270278568925, 986.7316764060807, 558.6378857544362, 0.5661497437572215, 0.0
-4.5, 15.5, 252.1778516512746, 0.9998274221554836, 987.0966218648744, 542.0118346475095, 0.5490970414056453, 0.0
-4.5, 16.5, 252.12989769105315, 0.9998278153974852, 980.1986728168592, 548.8819490035573, 0.5599701001697955, 0.0
-4.5, 17.5, 252.078948573514, 0.9998282075832661, 990.9247345595868, 530.3677764385607, 0.535225086165884, 0.0
-4.5, 18.5, 252.02500295878028, 0.999828598713194, 981.6162806429153, 556.4354119591509, 0.5668563398263019, 0.0
-4.5, 19.5, 251.9680594273226, 0.9998289887876356, 997.4296756589637, 562.5359697783194, 0.5639855956828971, 0.0
-4.5, 20.5, 251.9081164797752, 0.9998293778069567, 978.816491332899, 576.3491716805231, 0.5888224981739756, 0.0
-4.5, 21.5, 251.84192026012315, 0.9998297657715217, 1075.7848661242483, 738.7717070244487, 0.6867281092046185, 0.0
-4.5, 22.5, 251.77246606644928, 0.9998301526816944, 986.6365263157996, 667.8502240115652, 0.6768959046198961, 0.0
-4.5, 23.5, 251.7032145347694, 0.9998305385378372, 979.3224493651553, 635.315307944967, 0.6487294438688804, 0.0
-4.5, 24.5, 251.63095660060725, 0.9998309233403115, 976.1380511843081, 642.8879965297469, 0.6586035609919697, 0.0
-4.5, 25.5, 251.5556903541839, 0.9998313070894778, 970.6940721193857, 673.2700803882765, 0.6935965714906219, 0.0, (-911.7781012341976, -776.8512970156822, 3489.9999999999995), (-44.599999999999994, -37.9999999999999, 262.58730950348115)
-4.5, 26.5, 251.47741380453306, 0.9998316897856954, 991.8015441830985, 659.2623219748602, 0.6647119333917396, 0.0
-4.5, 27.5, 251.3961248792411, 0.9998320714293225, 980.0845631036628, 627.028157633984, 0.6397694456571741, 0.0
-4.5, 28.5, 251.31182142417606, 0.9998324520207165, 982.3429506914604, 622.6367578483981, 0.6338282953118674, 0.0
-4.5, 29.5, 251.22450120320562, 0.9998328315602336, 986.145358450544, 472.3471308660989, 0.4789832724135744, 0.0, (-911.4165828351012, -768.3691370986483, 3490.0), (-44.599999999999994, -37.599999999999895, 262.6315149355449)
-4.5, 30.5, 251.13416189790405, 0.9998332100482289, 984.0962938074643, 488.8220397680713, 0.4967217566451967, 0.0
-4.5, 31.5, 251.0408011072475, 0.9998335874850566, 986.317764448582, 467.0218504407913, 0.47350039437025443, 0.0
-4.5, 32.5, 250.94441634729833, 0.49643959354966055, 992.1803022108879, 437.8699336111009, 0.44132092991101496, 0.0, (-3500.0, -1668.0424664572442, 2298.721891643313)
-4.5, 33.5, 250.84500505087763, 0.9998343392066203, 989.4579737894929, 387.8111730982313, 0.39194304697244076, 0.0, (-911.0592529221295, -759.896955352088, 3490.0), (-44.599999999999994, -37.19999999999989, 262.6752469635624)
-4.5, 34.5, 250.74256456722637, 0.9998347134920593, 986.6979891208085, 366.5977003038556, 0.37153992847447714, 0.0
-4.5, 35.5, 250.637092161655, 0.9998350867277368, 999.9380752701592, 317.9803556713127, 0.31800004773835827, 0.0
-4.5, 36.5, 250.52858501518088, 0.9998354589140016, 980.7512618752394, 321.6877088621752, 0.32800132038279944, 0.0
-4.5, 37.5, 250.4170402241542, 0.9998358300512016, 990.4887672604901, 467.6117969974205, 0.4721020696587492, 0.0
-4.5, 38.5, 250.30245479987164, 0.9998362001396836, 987.8779891507363, 506.1245646149798, 0.5123350962096923, 0.0
-4.5, 39.5, 250.18482566817812, 0.9998365691797934, 956.2118405771065, 468.11891044119375, 0.489555651348835, 0.0
-4.5, 40.5, 250.07711788043136, 0.9998369371718756, 993.381746533567, 451.6340477047419, 0.4546429902509597, 0.0
-4.5, 41.5, 249.94042355620306, 0.9998373041162743, 982.240296086144, 445.45141134478104, 0.45350553537635996, 0.0
-4.5, 42.5, 249.80719805563237, 0.8785078251119997, 1075.015631520186, 484.22394715775187, 0.45043433133433414, 0.0, (-13.874762394716704, 1812.0297727570085, 3500.0)
-4.5, 43.5, 249.6706556654114, 0.9998380348633901, 988.3588418485064, 467.95178834535625, 0.47346345126043093, 0.0
-4.5, 44.5, 249.53745263028952, 0.9998383986667896, 982.4476347093542, 334.14765394053154, 0.34011752090928005, 0.0
-4.5, 45.5, 249.42188604462515, 0.9998387614238697, 699.9284907171545, 0.99989836651244, 0.001428572175263123, 0.0
-3.5, -44.5, 249.56314988091071, 0.9998391231349694, 787.1143564667522, 365.9626745296939, 0.4649421923549329, 0.0, (-909.9267118457389, -732.429797203182, 3490.0), (-44.599999999999994, -35.89999999999987, 262.8141087878651)
-3.5, -43.5, 249.68284451879802, 0.9998394838004258, 979.2466998244248, 425.37950647508916, 0.4343946285970206, 0.0
-3.5, -42.5, 249.81938200819417, 0.9998398434205755, 1084.599154072791, 505.1437029646393, 0.4657422984959635, 0.0, (-909.7563641587661, -728.2130538221488, 3490.0), (-44.599999999999994, -35.69999999999987, 262.8350288884332)
-3.5, -41.5, 249.9526027306152, 0.9998402019957542, 970.411219454628, 472.08545169642434, 0.48647979560843985, 0.0
-3.5, -40.5, 250.0763244092971, 0.999840559526296, 980.1183092220909, 454.34420602016957, 0.4635605740094556, 0.0
-3.5, -39.5, 250.19699608657524, 0.7655946151334028, 999.9238798641571, 476.9636463244487, 0.476999955625868, 0.0, (-78.71004745613884, -138.90175460915333, 211.66282195882278), (-78.71004745613884, -138.90175460915333, 211.66282195882278)
-3.5, -38.5, 250.3146210084077, 0.9998412714548018, 977.3436997357694, 463.6924035172847, 0.47444149242753253, 0.0
-3.5, -37.5, 250.42920233447668, 0.9998416258534296, 968.8980629447045, 478.5399029411997, 0.4939011865570323, 0.0
-3.5, -36.5, 250.54074313861148, 0.9998419792087481, 991.5685972967638, 287.30782416953707, 0.28975083010172165, 0.0
-3.5, -35.5, 250.6492464091988, 0.9998423315210865, 982.5379603310257, 318.8851056495406, 0.32455245346663797, 0.0
-3.5, -34.5, 250.75471504958153, 0.999842682790773, 981.6616391922847, 373.93925424020443, 0.38092479048879124, 0.0
-3.5, -33.5, 250.85715187844428, 0.999843033018135, 990.8982191827507, 400.77323555140464, 0.404454491685276, 0.0
-3.5, -32.5, 250.95655963018802, 0.9998433822034988, 960.835906934147, 434.0899450652857, 0.451783641652598, 0.0
-3.5, -31.5, 251.05294095529217, 0.9998437303471893, 997.2050923394492, 470.513054009843, 0.4718317802670026, 0.0
-3.5, -30.5, 251.1462984206651, 0.9998440774495309, 992.4284777000851, 487.2145358370825, 0.4909316356642481, 0.0
-3.5, -29.5, 251.23663450998293, 0.9998444235108467, 959.5925305759635, 477.18145249219583, 0.49727508008611065, 0.0
-3.5, -28.5, 251.32395162401696, 0.9998447685314588, 992.4866642554308, 649.9742946136117, 0.6548947386625352, 0.0
-3.5, -27.5, 251.40825208094927, 0.9998451125116883, 984.9653667961561, 652.8316993539703, 0.6627966031714061, 0.0
-3.5, -26.5, 251.48953811667732, 0.9998454554518554, 976.9399051748007, 615.4227000935426, 0.6299493928272148, 0.0
-3.5, -25.5, 251.567811885107, 0.9998457973522791, 966.4436650191866, 655.4647904551418, 0.6782234849065196, 0.0
-3.5, -24.5, 251.64307545843457, 0.9998461382132775, 980.1322582951103, 645.9241751789599, 0.6590173619043126, 0.0
-3.5, -23.5, 251.71533082741777, 0.9998464780351676, 978.2917567509572, 654.3979396593194, 0.6689189959370258, 0.0
-3.5, -22.5, 251.7845799016355, 0.9998468168182655, 995.9398247924024, 682.7914864956258, 0.6855750412811834, 0.0
-3.5, -21.5, 251.85403163163417, 0.9998471545628861, 1081.1349629389895, 724.818588723331, 0.6704237801661345, 0.0
-3.5, -20.5, 251.9202255040681, 0.9998474912693435, 998.0009693270724, 570.7011705917658, 0.5718443048973947, 0.0
-3.5, -19.5, 251.9801663268971, 0.9998478269379506, 962.7204253485752, 540.6682401688087, 0.5616046215837243, 0.0
-3.5, -18.5, 252.0371078406227, 0.9998481615690195, 950.8164803742344, 520.0099137470495, 0.5469088141408502, 0.0
-3.5, -17.5, 252.09105154445413, 0.999848495162861, 996.3916878471276, 571.4761316492819, 0.5735456634368885, 0.0
-3.5, -16.5, 252.14199885777262, 0.9998488277197852, 975.5720216166113, 590.9657690018788, 0.6057633428463794, 0.0
-3.5, -15.5, 252.18995112031536, 0.9998491592401011, 972.1992978095702, 555.6811743878818, 0.5715712566753222, 0.0
-3.5, -14.5, 252.23490959234846, 0.9998494897241164, 975.183455747941, 583.1428697343697, 0.5979827347328344, 0.0
-3.5, -13.5, 252.27687545482993, 0.9998498191721382, 977.0609699458358, 562.647622123641, 0.5758572283926476, 0.0
-3.5, -12.5, 252.3158498095621, 0.9998501475844723, 988.0713365739498, 581.8857653184577, 0.5889106826396718, 0.0
-3.5, -11.5, 252.35183367933362, 0.9998504749614238, 999.8913229523646, 571.9381279874325, 0.5720002912903365, 0.0
-3.5, -10.5, 252.3848280080513, 0.9998508013032963, 977.0626503126659, 577.2388567930959, 0.5907900139344965, 0.0
-3.5, -9.5, 252.41483366086175, 0.999851126610393, 987.6856316162214, 608.0369624637327, 0.6156179081685718, 0.0, (-907.0937368223537, -658.9649567947108, 3490.0), (-44.599999999999994, -32.39999999999982, 263.16316980932356)
-3.5, -8.5, 252.4418514242625, 0.9998514508830156, 992.9182786154324, 584.8674103848507, 0.5890388191870279, 0.0
-3.5, -7.5, 252.46588200620343, 0.9998517741214651, 970.3965469222782, 559.5204442357422, 0.5765894839695423, 0.0
-3.5, -6.5, 252.4869260361776, 0.9998520963260412, 990.7120686086505, 590.8881553509935, 0.5964277352357613, 0.0
-3.5, -5.5, 252.50498406530215, 0.999852417497043, 992.8124257530869, 559.285046655717, 0.5633340519801386, 0.0
-3.5, -4.5, 252.52005656638917, 0.9998527376347683, 982.898486166908, 556.2631978610126, 0.5659416569358235, 0.0
-3.5, -3.5, 252.53214393400629, 0.999853056739514, 999.9987850106911, 585.9992892970615, 0.5860000012807981, 0.0
-3.5, -2.5, 252.54124648452736, 0.9998533748115759, 976.1805924840854, 580.3349561934093, 0.5944954864515711, 0.0
-3.5, -1.5, 252.54736445617317, 0.09159900931869623, 963.8964897935643, 543.2005639132666, 0.5635465733769844, 0.0, (3500.0, 1113.6315344869752, 453.23037192028005); (-906.4899164102183, -642.2663981740521, 3490.0), (-44.599999999999994, -31.59999999999981, 263.2378858603474), (3500.0, 1113.6315344869752, 453.23037192028005)
-3.5, -0.5, 252.55049800904177, 0.9998540078588268, 982.6354342590414, 561.2861765573424, 0.5712049016231351, 0.0, (-906.4155719140795, -640.1814016881913, 3490.0), (-44.599999999999994, -31.499999999999808, 263.24709290234154)
-3.5, 0.5, 252.55055023463342, 0.9998543228346026, 1069.5124508400672, 660.8331572047741, 0.617882621829892, 0.0, (-906.3414786896365, -638.0969154900093, 3490.0), (-44.599999999999994, -31.399999999999807, 263.2562705157591)
-3.5, 1.5, 252.54736445617317, 0.9998546367788681, 968.1592181939417, 563.7201181988567, 0.5822597229931371, 0.0
-3.5, 2.5, 252.54124648452736, 0.9998549496919144, 986.1937915672731, 563.6498240229768, 0.5715406331317666, 0.0
-3.5, 3.5, 252.53214393400629, 0.9998552615740309, 999.4167982619049, 588.5918916257176, 0.5889353597511502, 0.0
-3.5, 4.5, 252.52005656638914, 0.9998555724255069, 988.9399856907701, 602.3835094827599, 0.609120389708985, 0.0
-3.5, 5.5, 252.50498406530212, 0.9998558822466302, 979.3098001691026, 590.3987097492709, 0.6028722572237342, 0.0
-3.5, 6.5, 252.48692603617758, 0.9998561910376877, 993.0174934473467, 604.8104734321195, 0.6090632616475539, 0.0
-3.5, 7.5, 252.4658820062034, 0.9998564987989652, 996.5592456038792, 579.9356008934747, 0.5819379063028556, 0.0
-3.5, 8.5, 252.44185142426247, 0.9998568055307477, 989.8670713269637, 569.5683415826924, 0.5753988167513836, 0.0
-3.5, 9.5, 252.4148336608617, 0.9998571112333191, 990.5812089591121, 575.7133292831138, 0.581187412073024, 0.0
-3.5, 10.5, 252.38482800805127, 0.9998574159069623, 965.4396129322927, 548.7194083709092, 0.5683622269282123, 0.0
-3.5, 11.5, 252.35183367933357, 0.9998577195519592, 983.334930176519, 549.8024777335193, 0.5591202558367614, 0.0
-3.5, 12.5, 252.31584980956205, 0.7398359215074319, 959.1760746413979, 551.6833414864933, 0.575163784910657, 0.0, (2978.1317035522416, 874.6334449613537, 3500.0)
-3.5, 13.5, 252.27687545482985, 0.9998583237571371, 994.6694923687128, 576.269781314736, 0.5793580538419884, 0.0
-3.5, 14.5, 252.23490959234837, 0.9998586243178769, 975.3833358878762, 532.1799122413597, 0.545611035846665, 0.0
-3.5, 15.5, 252.18995112031527, 0.9998589238510883, 995.8837788900274, 565.7730869146316, 0.5681115597095273, 0.0
-3.5, 16.5, 252.14199885777256, 0.9998592223570483, 982.0137768723242, 551.5301621923317, 0.5616317970089318, 0.0
-3.5, 17.5, 252.09105154445405, 0.9998595198360327, 969.4485264047096, 547.6130069203343, 0.5648706372799475, 0.0
-3.5, 18.5, 252.03710784062264, 0.9998598162883168, 986.538081167403, 542.0795559799653, 0.5494765648970232, 0.0
-3.5, 19.5, 251.980166326897, 0.9998601117141744, 992.022196267604, 527.5346261774048, 0.531777039024134, 0.0
-3.5, 20.5, 251.92022550406801, 0.9998604061138786, 998.7455162011545, 568.3713044830622, 0.5690852126625099, 0.0
-3.5, 21.5, 251.8540316316341, 0.9998606994877015, 1076.6612385770507, 722.7987968664374, 0.6713335364628814, 0.0
-3.5, 22.5, 251.7845799016354, 0.9998609918359141, 986.1386347758751, 660.4807866795271, 0.6697646389542765, 0.0
-3.5, 23.5, 251.71533082741772, 0.9998612831587865, 992.6343906227628, 657.2060910035352, 0.6620827337960905, 0.0
-3.5, 24.5, 251.6430754584345, 0.9998615734565879, 984.8926276909683, 639.2643006824411, 0.6490700434839932, 0.0
-3.5, 25.5, 251.5678118851069, 0.9998618627295863, 971.2938492638383, 650.164900950694, 0.6693802307545406, 0.0
-3.5, 26.5, 251.48953811667724, 0.9998621509780489, 985.4092755171899, 658.6236874649844, 0.6683757742378741, 0.0
-3.5, 27.5, 251.40825208094918, 0.9998624382022417, 977.7893100965771, 613.8241795967039, 0.6277673249834117, 0.0
-3.5, 28.5, 251.32395162401684, 0.9998627244024301, 999.9602092628247, 653.9739837736367, 0.6540000069160246, 0.0
-3.5, 29.5, 251.2366345099828, 0.9998630095788782, 979.950156467449, 497.12193358988804, 0.5072930804786304, 0.0
-3.5, 30.5, 251.14629842066498, 0.9998632937318491, 979.0467731009661, 471.8370312397141, 0.48193512731291643, 0.0
-3.5, 31.5, 251.05294095529206, 0.9998635768616052, 993.9813337930898, 473.58554049113184, 0.4764531529821614, 0.0
-3.5, 32.5, 250.9565596301879, 0.9998638589684078, 977.1830623651248, 420.2293663504242, 0.43004159868809244, 0.0
-3.5, 33.5, 250.85715187844417, 0.999864140052517, 999.9447001219561, 396.97805660631025, 0.3970000106584831, 0.0
-3.5, 34.5, 250.7547150495814, 0.9998644201141922, 976.4180642046235, 402.435496653452, 0.41215490721310066, 0.0
-3.5, 35.5, 250.64924640919872, 0.9998646991536916, 994.2052024137711, 321.83844603533316, 0.32371430490804204, 0.0
-3.5, 36.5, 250.54074313861133, 0.9998649771712728, 999.4768330285236, 304.79681010016253, 0.3049563531918944, 0.0
-3.5, 37.5, 250.42920233447654, 0.999865254167192, 999.9314295659988, 474.9672713837501, 0.4749998423290891, 0.0
-3.5, 38.5, 250.31462100840756, 0.6543572812603937, 970.1012169661237, 463.61014631107764, 0.4778987369595961, 0.0, (3388.22464970406, -2442.8858242306624, -3500.0)
-3.5, 39.5, 250.1969960865751, 0.9998658050950651, 981.3492434447406, 493.57489422110706, 0.5029553928105719, 0.0
-3.5, 40.5, 250.07632440929694, 0.9998660790275269, 967.8643467587208, 454.83974644253135, 0.46994162763174757, 0.0
-3.5, 41.5, 249.95260273061504, 0.9998663519393426, 992.2529841396795, 479.19504648004516, 0.4829363621370464, 0.0
-3.5, 42.5, 249.819382008194, 0.9998666238307635, 1093.496039461366, 509.11045883587207, 0.4655805238093496, 0.0
-3.5, 43.5, 249.68284451879782, 0.9998668947020403, 999.9072126780527, 436.95939361038916, 0.4369999416646673, 0.0, (-903.3910729516573, -548.921481546854, 3490.0), (-44.599999999999994, -27.099999999999746, 263.6231008459187)
-3.5, 44.5, 249.54964626835826, 0.9998671645534225, 995.497731027515, 395.75898172979777, 0.3975488535984008, 0.0
-3.5, 45.5, 249.434083836741, 0.9998674333851587, 687.9673819465294, 4.51149429427258, 0.0065577153985233935, 0.0
-2.5, -44.5, 249.57233208948423, 0.9998677011974966, 776.8740853404103, 333.1202758175838, 0.42879571104707054, 0.0
-2.5, -43.5, 249.6920234898585, 0.9998679679906828, 990.0299301506516, 463.9460827904341, 0.468618239369628, 0.0
-2.5, -42.5, 249.82855728885139, 0.9998682337649629, 1099.9022853516128, 509.95469999498494, 0.4636363673269071, 0.0
-2.5, -41.5, 249.96177441324534, 0.9998684985205818, 981.2017588261704, 471.10054660483013, 0.4801260723058796, 0.0
-2.5, -40.5, 250.08549275292137, 0.9998687622577831, 981.951790961894, 452.74940311523176, 0.4610709072303137, 0.0
-2.5, -39.5, 250.20616117577802, 0.23420618780951838, 973.2362308003248, 449.12283570453536, 0.4614736088639102, 0.0, (3500.0, -1277.6069858012695, -797.0264214897705)
-2.5, -38.5, 250.32378292751375, 0.9998692866779033, 987.5733188424265, 482.4145674984927, 0.4884848125139203, 0.0
-2.5, -37.5, 250.44257119560302, 0.9998695473613048, 975.4374525940174, 452.46093832611535, 0.4638543836130846, 0.0
-2.5, -36.5, 250.54989896949536, 0.2993904560601265, 970.8977980877625, 287.1675309245473, 0.29577524173001507, 0.0, (-3500.0, -1000.6941309801082, -1019.6622590367738)
-2.5, -35.5, 250.65839932147378, 0.9998700656759902, 981.4184482259732, 331.60800391699024, 0.3378864586419889, 0.0
-2.5, -34.5, 250.76386512660486, 0.999870323307751, 979.6244437443926, 346.7561062293855, 0.3539684094692338, 0.0
-2.5, -33.5, 250.8662992033491, 0.9998705799227735, 978.149633049184, 397.86308985600624, 0.4067507428446795, 0.0
-2.5, -32.5, 250.96570428589, 0.9998708355212936, 963.9820330690533, 432.1371608377286, 0.44828341816903255, 0.0
-2.5, -31.5, 251.06208302449656, 0.9998710901035466, 959.6704198944535, 441.4537942683911, 0.46000562809567797, 0.0
-2.5, -30.5, 251.1554379858734, 0.9998713436697665, 960.5846801705829, 446.64690227926997, 0.4649740012509395, 0.0
-2.5, -29.5, 251.2457716534998, 0.9998715962201863, 994.4864119648289, 529.7889649283123, 0.532726197718073, 0.0
-2.5, -28.5, 251.33308642795677, 0.9998718477550385, 999.3044007468189, 638.5154999746525, 0.6389599600456728, 0.0
-2.5, -27.5, 251.417384627243, 0.999872098274554, 976.2580654878027, 619.0874683360345, 0.6341432559911274, 0.0
-2.5, -26.5, 251.49866848707907, 0.9998723477789634, 992.0905068731656, 637.4652054626799, 0.642547429943483, 0.0
-2.5, -25.5, 251.5769401612006, 0.9998725962684957, 992.4288785525076, 663.701167185283, 0.66876446416323, 0.0
-2.5, -24.5, 251.65220172164038, 0.8723242184582543, 983.669114857369, 678.4765315839061, 0.6897406062019996, 0.0, (-1942.0507308709928, 86.07276878631563, 3500.0)
-2.5, -23.5, 251.72445515899892, 0.9998730902038417, 999.3146900418317, 621.5342232940197, 0.6219604589901526, 0.0
-2.5, -22.5, 251.7937023827045, 0.9998733356501094, 991.7470566532362, 681.827996241034, 0.6875019105596749, 0.0
-2.5, -21.5, 251.86315225751244, 0.9998735800824077, 1062.5289310410596, 703.9678560261076, 0.6625399416996242, 0.0
-2.5, -20.5, 251.92934436244985, 0.9998738235009612, 973.5016953206222, 548.4475085201935, 0.5633760178913327, 0.0
-2.5, -19.5, 251.98928358532845, 0.9998740659059935, 991.6218425032985, 554.0796697476583, 0.5587610578937153, 0.0
-2.5, -18.5, 252.04622357966625, 0.999874307297727, 955.9195367320207, 533.1819655186329, 0.5577686667451209, 0.0
-2.5, -17.5, 252.10016584455445, 0.9998745476763836, 978.4784510471347, 550.4297170717535, 0.5625363711205925, 0.0
-2.5, -16.5, 252.1511117992629, 0.9998747870421839, 979.0521010424642, 548.0043572687572, 0.5597295145838094, 0.0
-2.5, -15.5, 252.1990627834235, 0.9998750253953477, 986.0326733426925, 565.2800950139113, 0.5732873872197234, 0.0
-2.5, -14.5, 252.2440200572034, 0.9998752627360936, 981.6254633053713, 575.8118408519299, 0.5865901633327966, 0.0
-2.5, -13.5, 252.28598480146792, 0.9998754990646396, 977.6925367680041, 599.5328324062784, 0.6132120373836311, 0.0
-2.5, -12.5, 252.32495811793305, 0.9998757343812026, 971.3185423721927, 560.4766513561726, 0.577026615786984, 0.0
-2.5, -11.5, 252.36094102930718, 0.9998759686859984, 984.5252994331286, 561.720057253147, 0.5705491342645791, 0.0
-2.5, -10.5, 252.39393447942314, 0.9998762019792421, 980.5611187108362, 575.8595952260206, 0.5872755754206479, 0.0
-2.5, -9.5, 252.4239393333597, 0.9998764342611477, 986.7190225231465, 565.1755409991842, 0.5727826545331717, 0.0
-2.5, -8.5, 252.45095637755287, 0.9998766655319282, 995.3747908177567, 587.611329877561, 0.5903417841181261, 0.0
-2.5, -7.5, 252.47498631989708, 0.9998768957917958, 991.4466761426326, 567.2585209773929, 0.5721523251098029, 0.0
-2.5, -6.5, 252.496029789836, 0.9998771250409617, 972.4331368900877, 568.1487037100909, 0.5842547751170554, 0.0
-2.5, -5.5, 252.5140873384437, 0.9998773532796361, 997.2304212669949, 557.6151012186249, 0.5591637492468062, 0.0
-2.5, -4.5, 252.5291594384952, 0.9998775805080283, 993.6891173483588, 608.5824998501148, 0.6124475846873578, 0.0
-2.5, -3.5, 252.54124648452736, 0.9998778067263466, 986.4914328891887, 538.1544058427418, 0.5455236486612165, 0.0
-2.5, -2.5, 252.55034879288928, 0.9998780319347984, 975.5639014598355, 578.268101283092, 0.5927526637852945, 0.0
-2.5, -1.5, 252.55646660178297, 0.99987825613359, 982.1707082958334, 584.3152608651191, 0.5949223041674352, 0.0
-2.5, -0.5, 252.55960007129406, 0.9998784793229272, 955.6524512837213, 544.1494077231185, 0.5694009438181908, 0.0
-2.5, 0.5, 252.55965229549642, 0.9998787015030143, 1072.8137510225458, 592.8441007635756, 0.5526067317822035, 0.0
-2.5, 1.5, 252.55646660178297, 0.9998789226740549, 975.7756234979363, 556.5545226127543, 0.5703714145037068, 0.0
-2.5, 2.5, 252.55034879288922, 0.9998791428362518, 971.3436743219038, 578.941487192025, 0.5960212667222904, 0.0
-2.5, 3.5, 252.54124648452736, 0.9998793619898065, 986.4845264149689, 580.1500279037749, 0.5880984570656432, 0.0
-2.5, 4.5, 252.5291594384952, 0.9998795801349201, 990.444351683223, 561.8815812896306, 0.5673025247049306, 0.0
-2.5, 5.5, 252.5140873384437, 0.999879797271792, 983.8546988110804, 561.5172551375498, 0.5707318934555113, 0.0
-2.5, 6.5, 252.49602978983594, 0.9998800134006214, 965.6750493758557, 566.7817085410442, 0.5869279825624282, 0.0
-2.5, 7.5, 252.47498631989703, 0.9998802285216061, 986.098832052549, 561.0349820002309, 0.5689439676471835, 0.0
-2.5, 8.5, 252.45095637755284, 0.9998804426349431, 997.3102081389426, 581.8489871238216, 0.5834182608133497, 0.0
-2.5, 9.5, 252.42393933335967, 0.9998806557408285, 999.995351133446, 557.9973977837843, 0.5579999918512836, 0.0
-2.5, 10.5, 252.3939344794231, 0.9998808678394573, 985.3565067433925, 540.5216420000614, 0.548554394577946, 0.0
-2.5, 11.5, 252.36094102930713, 0.9998810789310237, 984.9089380840621, 559.4814450437225, 0.5680539828708212, 0.0
-2.5, 12.5, 252.32495811793302, 0.9998812890157212, 986.6015295314271, 565.444279996943, 0.573123255003966, 0.0
-2.5, 13.5, 252.2859848014679, 0.9998814980937416, 980.4868625494253, 585.3857340369967, 0.5970357751810142, 0.0
-2.5, 14.5, 252.2440200572033, 0.9998817061652766, 984.199921885949, 550.8125124093651, 0.5596551068139531, 0.0
-2.5, 15.5, 252.19906278342344, 0.9998819132305165, 990.4141208720033, 542.2491008092987, 0.5474973441734445, 0.0
-2.5, 16.5, 252.15111179926288, 0.9998821192896507, 982.3447422928491, 531.0417288808679, 0.5405859124785317, 0.0
-2.5, 17.5, 252.1001658445544, 0.9998823243428678, 985.6331353383357, 529.8193810507311, 0.5375421767540935, 0.0
-2.5, 18.5, 252.0462235796662, 0.9998825283903554, 981.1904999517959, 582.2505847674227, 0.5934123748609751, 0.0
-2.5, 19.5, 251.98928358532837, 0.9998827314323002, 976.1852390016386, 540.315153713649, 0.5534965415644254, 0.0
-2.5, 20.5, 251.9364187599435, 0.9998829334688878, 992.4418203542037, 552.2197336496056, 0.5564252959962103, 0.0
-2.5, 21.5, 251.86315225751235, 0.9998831345003031, 1094.3895834375376, 753.2390970229716, 0.6882732697957581, 0.0
-2.5, 22.5, 251.79370238270442, 0.9998833345267298, 979.422643600186, 664.898735797645, 0.678868045518729, 0.0
-2.5, 23.5, 251.72445515899884, 0.9998835335483509, 990.860238253743, 655.3131765426016, 0.66135782953356, 0.0
-2.5, 24.5, 251.6522017216403, 0.9998837315653484, 980.3974576249333, 678.9690394331838, 0.6925446757869238, 0.0
-2.5, 25.5, 251.57694016120055, 0.9998839285779033, 999.9680201969436, 650.9792034398384, 0.6510000222923411, 0.0
-2.5, 26.5, 251.498668487079, 0.9999848573673655, 983.7730781765213, 662.6311187300862, 0.6735609394376905, 0.0
-2.5, 27.5, 251.4173846272429, 0.9981013192733678, 968.7126273267354, 624.464542661434, 0.6446334289919496, 0.0, (-60.864733961611954, 14.170291881576013, 246.6354642671823), (-60.864733961611954, 14.170291881576013, 246.6354642671823)
-2.5, 28.5, 251.3330864279567, 0.9998845135907086, 994.1339499251472, 653.1658080610438, 0.6570199198108299, 0.0
-2.5, 29.5, 251.24577165349967, 0.9998847065872848, 974.1730780995033, 494.59680467409635, 0.5077093750517068, 0.0
-2.5, 30.5, 251.15543798587328, 0.9998848985803095, 980.0143136747845, 454.4477037524629, 0.46371537375654126, 0.0
-2.5, 31.5, 251.06208302449647, 0.9998850895699581, 992.2063480022822, 452.4275212811342, 0.4559812807003867, 0.0
-2.5, 32.5, 250.96570428588993, 0.9998852795564054, 986.3302775377081, 449.6138724851751, 0.455845149159974, 0.0
-2.5, 33.5, 250.86629920334897, 0.9998854685398247, 987.8488934052675, 413.6267165500342, 0.41871456182351846, 0.0
-2.5, 34.5, 250.7638651266047, 0.9998856565203887, 977.8645220036157, 397.3401030937455, 0.4063345117374821, 0.0, (-899.0129886881764, -380.97187188803144, 3489.9999999999995), (-44.599999999999994, -18.89999999999963, 264.1724301427451)
-2.5, 35.5, 250.65839932147364, 0.9998858434982691, 977.5503989587136, 324.2355334422469, 0.3316816542529393, 0.0
-2.5, 36.5, 250.54989896949522, 0.9998860294736368, 995.021901558439, 289.1401589047391, 0.2905867282437476, 0.0, (-898.926261304325, -376.90406023297186, 3490.0), (-44.599999999999994, -18.699999999999626, 264.1833728480311)
-2.5, 37.5, 250.43836116755807, 0.9998862144466615, 987.0155732458546, 489.08437615947844, 0.4955183985102664, 0.0
-2.5, 38.5, 250.3237829275136, 0.9998863984175121, 985.2751431675117, 474.09754497295285, 0.48118289420029453, 0.0
-2.5, 39.5, 250.20616117577788, 0.9998865813863568, 981.3815239350993, 476.8440365904363, 0.48589057870012536, 0.0
-2.5, 40.5, 250.08549275292123, 0.9998867633533624, 983.4805653898909, 450.19693567310514, 0.4577588531143258, 0.0
-2.5, 41.5, 249.9617744132452, 0.9998869443186952, 982.1789801134813, 438.0987852799604, 0.4460478122117237, 0.0
-2.5, 42.5, 249.82855728885121, 0.9998871242825202, 1094.104538230137, 498.726847610323, 0.4558310748048642, 0.0
-2.5, 43.5, 249.69202348985834, 0.999887303245002, 976.7222154565075, 465.04925631646614, 0.47613256764013306, 0.0
-2.5, 44.5, 249.55882884236456, 0.9998874812063037, 983.7051738924038, 428.0473331523903, 0.4351378283989889, 0.0
-2.5, 45.5, 249.443269538814, 0.9998876581665879, 686.3347390769555, 1.999796063993312, 0.0029137328334608516, 0.0
-1.5, -44.5, 249.578503598257, 0.9998878341260158, 797.511685266937, 344.4395004215598, 0.4318927318366146, 0.0
-1.5, -43.5, 249.6981928227426, 0.9998880090847483, 978.751841055439, 465.5969109199076, 0.4757047612986661, 0.0
-1.5, -42.5, 249.83472414146527, 0.9998881830429448, 1063.253069425261, 506.24072731485717, 0.4761243977301702, 0.0
-1.5, -41.5, 249.96793884767368, 0.9998883560007641, 990.6135299121272, 461.5546845671656, 0.4659281047858371, 0.0
-1.5, -40.5, 250.09165494324876, 0.9998885279583641, 982.8021805481925, 436.383780080262, 0.4440199551010902, 0.0
-1.5, -39.5, 250.2123211788524, 0.9998886989159015, 991.3613047471312, 472.70506256515705, 0.47682420153137917, 0.0
-1.5, -38.5, 250.32994080000844, 0.9998888688735323, 986.9358434851464, 438.3641879671647, 0.4441668532568218, 0.0
-1.5, -37.5, 250.44451696597702, 0.9998890378314115, 994.6852628784385, 472.91831897180174, 0.47544518514656786, 0.0
-1.5, -36.5, 250.56152521991814, 0.9998892057896932, 995.0296514871011, 301.01813473556507, 0.3025217733820139, 0.0
-1.5, -35.5, 250.6645511405972, 0.9998893727485306, 979.9167952854885, 328.3319390165352, 0.33506103844345186, 0.0
-1.5, -34.5, 250.77001504019333, 0.999889538708076, 983.2416584416922, 377.3646295685572, 0.38379642108190387, 0.0
-1.5, -33.5, 250.87244726727513, 0.9998897036684805, 994.1736623259186, 387.4285127618096, 0.38969903090713687, 0.0
-1.5, -32.5, 250.97185055588017, 0.9998898676298947, 974.8616603213138, 414.3805938830122, 0.4250660485985597, 0.0
-1.5, -31.5, 251.06822755613578, 0.9998900305924682, 984.3915124062826, 466.4857628808313, 0.4738823496563237, 0.0
-1.5, -30.5, 251.16158083460982, 0.9998901925563491, 990.3506118922359, 489.6170889486351, 0.4943876270375974, 0.0
-1.5, -29.5, 251.2519128746492, 0.9998903535216854, 999.9575044750438, 493.97904107273763, 0.49400003386350505, 0.0
-1.5, -28.5, 251.33922607670718, 0.9998905134886239, 969.3651622276042, 622.5964221220569, 0.6422723307812387, 0.0
-1.5, -27.5, 251.42352275865903, 0.99989067245731, 990.8614926561157, 625.6350188176534, 0.6314051191358424, 0.0
-1.5, -26.5, 251.50480515610656, 0.999890830427889, 999.9662506692715, 638.9784157115448, 0.6389999815332571, 0.0
-1.5, -25.5, 251.583075422671, 0.9998909874005044, 972.8874821908983, 654.3914302735166, 0.6726280708225959, 0.0
-1.5, -24.5, 251.6583356302751, 0.9998911433752997, 994.8558822702958, 661.4232542790306, 0.6648432864161589, 0.0
-1.5, -23.5, 251.73058776941383, 0.9998912983524166, 997.1380650580143, 664.7140408351428, 0.666621869255858, 0.0
-1.5, -22.5, 251.7998337494143, 0.9998914523319966, 991.0411932971839, 654.9941577870287, 0.6609151690333576, 0.0
-1.5, -21.5, 251.86928237737266, 0.9998916053141799, 1081.5775511551592, 708.9490672859803, 0.6554768694383497, 0.0
-1.5, -20.5, 251.93547329439855, 0.9998917572991057, 974.7669355557454, 561.5970105378066, 0.5761346533749859, 0.0
-1.5, -19.5, 251.99541144197127, 0.9998919082869127, 999.9815236652705, 552.9897866857294, 0.5530000040989106, 0.0
-1.5, -18.5, 252.05235041514814, 0.9998920582777382, 954.8084516591163, 534.0349157997838, 0.5593110480660511, 0.0
-1.5, -17.5, 252.10629171294127, 0.9998922072717189, 969.9014279008246, 509.2368930866432, 0.5250398426454469, 0.0
-1.5, -16.5, 252.15723675454544, 0.9998923552689905, 983.2824564328503, 565.5156639173646, 0.5751304319706272, 0.0
-1.5, -15.5, 252.20518687952188, 0.9998925022696876, 978.4081153633091, 545.0915641930834, 0.5571208533881348, 0.0
-1.5, -14.5, 252.2501433479712, 0.9998926482739443, 987.0118700473887, 561.6231670979142, 0.5690135895437097, 0.0
-1.5, -13.5, 252.2921073406966, 0.9998927932818934, 988.1975245842499, 553.0615213653742, 0.5596669771036472, 0.0, (-897.3554192102463, -293.75311929303155, 3490.0), (-44.599999999999994, -14.599999999999568, 264.3819835026116)
-1.5, -12.5, 252.3310799593558, 0.9998929372936669, 999.9923264325784, 544.99583225002, 0.545000014344375, 0.0
-1.5, -11.5, 252.36706222660337, 0.999893080309396, 991.0556136687273, 567.1447154084199, 0.572263259080832, 0.0
-1.5, -10.5, 252.4000550862224, 0.9998932223292109, 986.8478535011353, 570.1088292602018, 0.5777069152428834, 0.0
-1.5, -9.5, 252.43005940324613, 0.9998933633532407, 988.5453253095784, 571.272325898132, 0.5778918894985712, 0.0
-1.5, -8.5, 252.4570759640691, 0.5742891545538882, 970.3643028718758, 558.7292708994443, 0.5757933069526954, 0.0, (2232.812270387731, 3500.0, 2588.255763364521)
-1.5, -7.5, 252.48110547654846, 0.999893642414458, 996.5267006975288, 565.2631644833435, 0.5672333356323337, 0.0
-1.5, -6.5, 252.5021485700949, 0.9998937804518994, 977.4294845929054, 561.0757781969816, 0.5740319757498076, 0.0
-1.5, -5.5, 252.52020579575344, 0.9998939174940636, 974.8391132618962, 573.4309428310305, 0.5882313655966069, 0.0, (-897.0947017666103, -277.57638754212616, 3490.0), (-44.599999999999994, -13.799999999999557, 264.415023229943)
-1.5, -4.5, 252.53527762627414, 0.9998940535410757, 976.7076733460372, 555.315186201108, 0.5685582302212197, 0.0
-1.5, -3.5, 252.54736445617317, 0.9998941885930592, 981.7123676984108, 566.989253443963, 0.5775512992397649, 0.0
-1.5, -2.5, 252.55646660178297, 0.999894322650137, 990.3464021945051, 584.3874494343762, 0.590083881901761, 0.0
-1.5, -1.5, 252.56258430129301, 0.9998944557124311, 978.4792919814699, 577.6497069785481, 0.5903545549837629, 0.0
-1.5, -0.5, 252.5657177147806, 0.0008254288886697399, 988.9022926712003, 564.058010847537, 0.570388010046894, 0.0, (-3500.0, -360.0447144321543, 113.96460839493318)
-1.5, 0.5, 252.56576993804927, 0.9998947188531515, 1089.357186719873, 629.7115464368014, 0.5780579171950981, 0.0
-1.5, 1.5, 252.56258430129301, 0.9998948489318171, 996.3025381185741, 568.6394096216534, 0.5707497350106893, 0.0
-1.5, 2.5, 252.55646660178297, 0.9998949780161779, 980.1387771323258, 530.6088563256931, 0.5413609467407665, 0.0
-1.5, 3.5, 252.54736445617317, 0.9999838684519758, 998.9294572659502, 592.3040257359936, 0.5929387920515606, 0.0
-1.5, 4.5, 252.53527762627414, 0.999895233202453, 969.4571274017509, 561.1121041068095, 0.578790013758164, 0.0
-1.5, 5.5, 252.52020579575338, 0.9998953593045996, 991.1379531708643, 592.0558470705063, 0.597349587084615, 0.0
-1.5, 6.5, 252.5021485700949, 0.9998954844129053, 981.6162372004749, 575.0301140499271, 0.5857993096058466, 0.0
-1.5, 7.5, 252.48110547654846, 0.999895608527484, 975.6424704606815, 559.1145438684817, 0.5730731910476156, 0.0
-1.5, 8.5, 252.45707596406908, 0.9998957316484486, 994.081974449522, 579.0039207656997, 0.5824508799551729, 0.0
-1.5, 9.5, 252.43005940324608, 0.9998958537759108, 990.9069466694161, 551.9279620283287, 0.5569927265960136, 0.0
-1.5, 10.5, 252.40005508622235, 0.9998959749099818, 987.1680349842115, 554.6450191861899, 0.5618547192880498, 0.0
-1.5, 11.5, 252.3670622266033, 0.9998960950507717, 991.8179352111085, 573.3523779641552, 0.5780822846706407, 0.0
-1.5, 12.5, 252.33107995935575, 0.9998962141983897, 997.987157130118, 585.7923716001372, 0.5869738577445054, 0.0
-1.5, 13.5, 252.29210734069656, 0.9998963323529441, 994.4728439781053, 570.7875933548434, 0.5739599596018834, 0.0
-1.5, 14.5, 252.25014334797117, 0.9998964495145423, 966.7646964744727, 504.6350672490444, 0.5219833420575979, 0.0
-1.5, 15.5, 252.2051868795218, 0.9998965656832908, 986.3115232576494, 537.9919161619007, 0.5454584109338888, 0.0
-1.5, 16.5, 252.15723675454538, 0.9998966808592952, 994.958257885646, 588.4779266703093, 0.5914599150328829, 0.0
-1.5, 17.5, 252.1062917129412, 0.9998967950426602, 985.5516705144596, 530.1725151496149, 0.5379449206076268, 0.0
-1.5, 18.5, 252.05235041514806, 0.9998969082334894, 987.5166723005077, 574.431322099927, 0.5816927837397806, 0.0
-1.5, 19.5, 251.99541144197119, 0.9998970204318858, 989.7681361993507, 524.4174216423346, 0.5298386586337943, 0.0
-1.5, 20.5, 251.93547329439846, 0.9998971316379512, 987.1164539643506, 540.2619940541105, 0.5473133305440999, 0.0
-1.5, 21.5, 251.86928237737257, 0.3341611419264484, 1084.9915943923834, 711.4705158119834, 0.6557382743692323, 0.0, (-3500.0, -59.32871186608937, 1339.8800920443039)
-1.5, 22.5, 251.7998337494142, 0.999897351073493, 982.8198031051289, 667.9936298306271, 0.6796705028939818, 0.0
-1.5, 23.5, 251.73058776941377, 0.9998974593031684, 968.0385412048001, 642.7591644908156, 0.6639809647360231, 0.0
-1.5, 24.5, 251.658335630275, 0.9998975665409118, 957.5217050711086, 644.2021939361091, 0.6727807740799657, 0.0
-1.5, 25.5, 251.58307542267093, 0.9998976727868204, 982.9476871234801, 659.6957819621842, 0.6711402759314004, 0.0
-1.5, 26.5, 251.50480515610644, 0.9998977780409909, 978.4541154341402, 632.6413439838748, 0.6465723164781945, 0.0
-1.5, 27.5, 251.42352275865895, 0.9998978823035186, 986.5100552634821, 634.2905251607959, 0.6429640750001139, 0.0
-1.5, 28.5, 251.33922607670706, 0.9998979855744985, 990.1713806149272, 657.173388690722, 0.6636966100581466, 0.0
-1.5, 29.5, 251.2519128746491, 0.9998980878540242, 977.7583552650661, 540.6038142782763, 0.5529012473963681, 0.0
-1.5, 30.5, 251.1615808346097, 0.9998981891421888, 987.6146718069363, 464.4597023985425, 0.4702843281466938, 0.0
-1.5, 31.5, 251.06822755613567, 0.9998982894390841, 984.3367031834593, 464.71059344295804, 0.4721053191860366, 0.09486832980505139
-1.5, 32.5, 250.97185055588005, 0.9998983887448012, 973.2776509840845, 416.9603776738458, 0.4284084580101636, 0.0, (-896.0588157252865, -200.91004836888837, 3490.0), (-44.599999999999994, -9.999999999999503, 264.5465108259574)
-1.5, 33.5, 250.87244726727502, 0.9998984870594303, 986.6903390045093, 407.6348436800515, 0.41313351065271614, 0.0
-1.5, 34.5, 250.7700150401932, 0.9998985843830608, 997.8518956322501, 386.9323947677058, 0.3877653552209179, 0.0
-1.5, 35.5, 250.66455114059707, 0.9998986807157808, 980.5731984480052, 299.0579149664888, 0.3049827544132559, 0.0
-1.5, 36.5, 250.55605275017697, 0.6466684179018999, 979.4476193863321, 299.9846228626602, 0.306279393532667, 0.0, (-3500.0, 207.08533921004943, 3057.33445001539)
-1.5, 37.5, 250.44451696597687, 0.999898870408839, 973.5692572607893, 449.82993007574584, 0.46204204448831543, 0.0
-1.5, 38.5, 250.3299408000083, 0.9998989637693493, 990.0478559240075, 484.8624951537753, 0.48973642259065864, 0.0
-1.5, 39.5, 250.21232117885225, 0.9998990561392936, 990.0768339446751, 477.22685919537855, 0.48200992370865403, 0.0
-1.5, 40.5, 250.0916549432486, 0.999899147518756, 990.1704000616289, 475.08666936199876, 0.47980294031454485, 0.0
-1.5, 41.5, 249.9679388476735, 0.9998992379078192, 976.1647153611113, 455.1445313443686, 0.4662579216213501, 0.0
-1.5, 42.5, 249.8347241414651, 0.9998993273065654, 1052.6761660765749, 471.07812422265926, 0.44750526268530677, 0.0
-1.5, 43.5, 249.69819282274247, 0.9998994157150758, 981.3615647905485, 457.10588251946206, 0.46578743138062667, 0.0
-1.5, 44.5, 249.56500059673976, 0.9998995031334305, 991.0015054256444, 447.342189567087, 0.45140414733774736, 0.0
-1.5, 45.5, 249.44944339552043, 0.9998995895617088, 687.3329959032876, 1.999797063516457, 0.002909502490693524, 0.0
-0.5, -44.5, 249.58166457148158, 0.9998996749999892, 770.5532870462962, 354.5813778934785, 0.46016464254233286, 0.0
-0.5, -43.5, 249.7013526815327, 0.9998997594483494, 994.8639136991802, 427.43825581362347, 0.42964494935220776, 0.0
-0.5, -42.5, 249.83788272992433, 0.9998998429068658, 1092.4575441390627, 519.0364448839196, 0.4751090307065055, 0.0
-0.5, -41.5, 249.97109619759988, 0.9998999253756143, 986.8318716681684, 468.72018800232075, 0.47497471601721064, 0.0
-0.5, -40.5, 250.09481114380375, 0.9999000068546697, 967.1953860728127, 468.8759918488509, 0.4847789790981828, 0.0
-0.5, -39.5, 250.21547625915215, 0.999900087344106, 998.2764812454118, 463.1409472678732, 0.4639405575197726, 0.0
-0.5, -38.5, 250.33309478907967, 0.999900166843996, 989.7291931899925, 493.86474850544903, 0.4989897760958989, 0.0
-0.5, -37.5, 250.4476698927594, 0.999900245354412, 976.6360102355579, 495.00148031983014, 0.506843363476265, 0.0
-0.5, -36.5, 250.559204643526, 0.9999003228754252, 981.2239999720013, 284.12624319409343, 0.289563079584479, 0.0
-0.5, -35.5, 250.66770202928586, 0.77048026101534, 975.5585553753924, 309.7606402120839, 0.3175213199712946, 0.0, (2781.781830954106, -8.58697754111111, 3500.0)
-0.5, -34.5, 250.77316495291547, 0.9999004749495237, 961.547631222664, 349.83380825542275, 0.3638236909913538, 0.14491376746189438
-0.5, -33.5, 250.87559623264727, 0.999900549502747, 983.5609155741079, 410.85270203546224, 0.4177196303043885, 0.15811388300841897
-0.5, -32.5, 250.9749986024439, 0.9999006230668434, 977.8152199548431, 437.242694245112, 0.4471629049354585, 0.12649110640673517
-0.5, -31.5, 251.07137471236038, 0.9999006956418797, 980.6860868388164, 441.6932546249566, 0.4503920883070021, 0.14491376746189438
-0.5, -30.5, 251.16472712889433, 0.9999007672279216, 984.1484634033965, 469.7287025252828, 0.4772945546252851, 0.14491376746189438
-0.5, -29.5, 251.25505833532497, 0.9999008378250342, 999.3233029923214, 520.5971878996048, 0.5209497130115508, 0.14491376746189438
-0.5, -28.5, 251.34237073204008, 0.9999009074332815, 980.1334934571704, 617.0450500623392, 0.6295520499823657, 0.15491933384829668
-0.5, -27.5, 251.4266666368518, 0.9999009760527267, 975.5725969462793, 619.602888849913, 0.6351171514958327, 0.14491376746189438
-0.5, -26.5, 251.50794828530098, 0.9999010436834318, 993.360430607573, 654.3536479613233, 0.6587273136711298, 0.15811388300841897
-0.5, -25.5, 251.58621783095037, 0.9999011103254583, 999.9686208233866, 676.9787418248942, 0.6769999855270074, 0.15491933384829668
-0.5, -24.5, 251.66147734566636, 0.028430786522866347, 978.7758049076555, 648.5271172131758, 0.6625900578676057, 0.12649110640673517, (-1587.8710451850625, 3500.0, 2.913906328112392)
-0.5, -23.5, 251.7337288198898, 0.9999012406437164, 967.3170441281816, 655.5754678844901, 0.6777255418623825, 0.14491376746189438
-0.5, -22.5, 251.802974162896, 0.9999013043200662, 983.9371740771518, 673.4749631916604, 0.6844694772542992, 0.15491933384829668
-0.5, -21.5, 251.87242215224956, 0.9999013670079736, 1070.3510817544648, 698.713313496087, 0.6527889076832546, 0.15491933384829668
-0.5, -20.5, 251.93861246085729, 0.9999014287074958, 990.5225173009671, 561.3141740372818, 0.5666849205677655, 0.15811388300841897
-0.5, -19.5, 251.9985500576855, 0.9999014894186884, 991.0448539566999, 533.0051010704141, 0.537821369983827, 0.1264911064067352
-0.5, -18.5, 252.05548850784962, 0.9999015491416067, 988.5223650548097, 536.286708052621, 0.5425134797257581, 0.15491933384829668
-0.5, -17.5, 252.1094293103211, 0.9999016078763047, 999.9851959526134, 593.9911997370418, 0.5939999933410909, 0.14491376746189438
-0.5, -16.5, 252.16037388425636, 0.9999016656228358, 999.9870816787871, 569.9926583873182, 0.5700000218306915, 0.15491933384829668
-0.5, -15.5, 252.20832356918035, 0.9999017223812522, 984.6641348013978, 563.413005245725, 0.5721880033330987, 0.14491376746189438
-0.5, -14.5, 252.25327962515976, 0.9999017781516054, 990.4960900024992, 547.6165026061469, 0.5528709382434465, 0.14491376746189438
-0.5, -13.5, 252.29524323296582, 0.9999018329339461, 983.2518572739313, 573.7616378587695, 0.5835347613270983, 0.14491376746189438
-0.5, -12.5, 252.33421549422644, 0.9999018867283238, 988.787444157247, 584.4213036130401, 0.5910484675613452, 0.14491376746189438
-0.5, -11.5, 252.37019743156864, 0.9999019395347873, 990.217723269073, 569.4718256187695, 0.5750975893854268, 0.14491376746189438
-0.5, -10.5, 252.40318998875006, 0.9999019913533845, 962.5644105531364, 536.7023149667177, 0.5575754817885926, 0.15811388300841897
-0.5, -9.5, 252.43319403078058, 0.9999020421841626, 982.4567246488176, 565.2845478924064, 0.5753785726231038, 0.14491376746189438
-0.5, -8.5, 252.46021034403356, 0.9999020920271673, 979.4824087214641, 567.2469109444062, 0.5791292481555066, 0.15491933384829668
-0.5, -7.5, 252.48423963634707, 0.9999021408824439, 973.5364307806219, 532.9570048710575, 0.5474443359492058, 0.15491933384829668
-0.5, -6.5, 252.50528253711477, 0.9999021887500368, 962.8238305343775, 577.3021360184164, 0.5995926956834954, 0.15811388300841897
-0.5, -5.5, 252.52333959736683, 0.9999022356299894, 978.0962755350256, 539.4091063825347, 0.5514887643217679, 0.14491376746189438
-0.5, -4.5, 252.5384112898407, 0.9999022815223441, 993.8848884464743, 557.7195628819047, 0.5611510642381003, 0.15491933384829668, (-895.1583089693855, -92.3257448712704, 3490.0), (-44.599999999999994, -4.599999999999426, 264.66109259031987)
-0.5, -3.5, 252.55049800904177, 0.9999023264271424, 970.342577072305, 573.5254158790557, 0.5910545712726357, 0.15491933384829668
-0.5, -2.5, 252.55960007129406, 0.9999023703444252, 983.8633255584068, 586.7367504650114, 0.5963600179242374, 0.14491376746189438
-0.5, -1.5, 252.5657177147806, 0.9999024132742322, 982.4390172603177, 590.7554269468691, 0.6013151112364017, 0.15811388300841897
-0.5, -0.5, 252.56885109957432, 0.9999024552166025, 999.9999632945443, 573.9999795453452, 0.5740000006142768, 0.15811388300841897
-0.5, 0.5, 252.56890332236478, 0.9999024961715738, 1087.2020184162989, 630.9357512456115, 0.5803298196269728, 0.15491933384829668
-0.5, 1.5, 252.5657177147806, 0.9999025361391835, 966.4689436665382, 557.0169822841236, 0.5763423500924327, 0.15491933384829668
-0.5, 2.5, 252.559600071294, 0.9999025751194676, 979.9912654603277, 573.1989306624259, 0.5849020811355694, 0.15811388300841897
-0.5, 3.5, 252.55049800904177, 0.9999026131124615, 979.2817774073897, 562.7226838853029, 0.5746279537387996, 0.15491933384829668
-0.5, 4.5, 252.5384112898407, 0.9999026501181997, 970.3283651421327, 546.8667711686894, 0.5635893897511539, 0.15811388300841897
-0.5, 5.5, 252.5233395973668, 0.9999026861367157, 988.9036100687143, 583.0807519190975, 0.5896234435614831, 0.15491933384829668
-0.5, 6.5, 252.50528253711474, 0.9999027211680422, 996.7323422672027, 554.4720902432582, 0.5562898550899195, 0.15811388300841897
-0.5, 7.5, 252.48423963634704, 0.9999027552122108, 972.0008457984059, 555.2037043793996, 0.5711967296935352, 0.14491376746189438
-0.5, 8.5, 252.46021034403356, 0.9999027882692526, 969.1079610936927, 545.4061007779611, 0.5627918897317072, 0.12649110640673517
-0.5, 9.5, 252.43319403078056, 0.9999028203391973, 996.063349949841, 581.2448378793669, 0.5835420386751874, 0.15491933384829668
-0.5, 10.5, 252.40318998875003, 0.999902851422074, 988.1408341562516, 569.346876930506, 0.5761798897994707, 0.14491376746189438
-0.5, 11.5, 252.37019743156858, 0.9999028815179111, 985.2451077871874, 574.3859995763037, 0.5829879235496502, 0.15491933384829668
-0.5, 12.5, 252.33421549422638, 0.9999029106267355, 974.8928043308699, 552.7246476909601, 0.5669594084965369, 0.15491933384829668
-0.5, 13.5, 252.29524323296576, 0.9999029387485739, 970.7267834395192, 567.4427063336424, 0.5845544967071538, 0.14491376746189438
-0.5, 14.5, 252.25327962515973, 0.9999029658834516, 998.1292760072832, 578.2127977115896, 0.5792965015759847, 0.14491376746189438
-0.5, 15.5, 252.2083235691803, 0.9999029920313933, 999.9884758132786, 529.9939000117513, 0.5300000078308039, 0.14491376746189438
-0.5, 16.5, 252.1603738842563, 0.9999030171924227, 999.9869482324387, 562.9926456116576, 0.5629999937567132, 0.15491933384829668
-0.5, 17.5, 252.10942931032102, 0.9999030413665625, 985.9461909220366, 554.3645828606974, 0.5622665698847794, 0.15491933384829668
-0.5, 18.5, 252.0554885078495, 0.9999030645538346, 994.4016661828038, 561.8532419399361, 0.5650163923163107, 0.14491376746189438
-0.5, 19.5, 251.99855005768543, 0.9999030867542601, 952.3997683636628, 537.1645470835203, 0.5640116313829365, 0.15491933384829668
-0.5, 20.5, 251.93861246085717, 0.9999031079678591, 997.6196795079251, 557.2036197458373, 0.5585331075472343, 0.15491933384829668
-0.5, 21.5, 251.8724221522495, 0.9999031281946508, 1093.0609599405386, 718.5265825809669, 0.6573527085077249, 0.14491376746189438
-0.5, 22.5, 251.80297416289588, 0.9332070887916072, 984.1273040138227, 649.7906853154253, 0.6602709656212309, 0.15491933384829668, (-1348.2269962206587, -40.73066920428575, 3500.0)
-0.5, 23.5, 251.7337288198897, 0.9999031656878845, 981.4833774957268, 632.3374404024979, 0.644267090916933, 0.15491933384829668
-0.5, 24.5, 251.66147734566624, 0.9999031829543608, 991.8779011784779, 653.9721452316638, 0.6593272664454578, 0.15491933384829668
-0.5, 25.5, 251.58621783095026, 0.9999031992340974, 965.9184461996191, 639.687662226461, 0.6622584595452085, 0.15811388300841897
-0.5, 26.5, 251.50794828530087, 0.9999032145271096, 977.1944788998449, 646.1362913577207, 0.6612156590212835, 0.15491933384829668
-0.5, 27.5, 251.4266666368517, 0.9999032288334111, 979.8632708316059, 649.234486438487, 0.6625766122323213, 0.14491376746189438
-0.5, 28.5, 251.34237073203997, 0.9999032421530146, 987.8445700586609, 616.1847570308037, 0.6237669120297061, 0.15811388300841897
-0.5, 29.5, 251.25505833532486, 0.9999032544859325, 973.8672868311259, 550.9890864251735, 0.5657743040307279, 0.14491376746189438
-0.5, 30.5, 251.16472712889424, 0.9999032658321759, 986.4243004560386, 468.0575487946118, 0.47449920746905955, 0.14491376746189438
-0.5, 31.5, 251.07137471236024, 0.2986399755550367, 994.7877227414434, 468.31453917088, 0.47076831414876663, 0.12649110640673517, (3500.0, 1909.0506973918496, -1151.0554560158698)
-0.5, 32.5, 250.97499860244378, 0.9999032855646791, 982.6942374903851, 439.81165517336973, 0.44755696980229104, 0.12649110640673517
-0.5, 33.5, 250.87559623264713, 0.999903293950957, 996.1691236219325, 413.4706021294903, 0.4150606481619995, 0.15491933384829668
-0.5, 34.5, 250.77316495291532, 0.9999033013505959, 987.6114419935537, 363.8527309165332, 0.36841688486524043, 0.15491933384829668
-0.5, 35.5, 250.66770202928575, 0.9999033077636029, 983.5885853077639, 339.68355431029823, 0.34535125700346714, 0.15811388300841897
-0.5, 36.5, 250.55920464352585, 0.9999033131899835, 994.0590915674663, 296.0424175749078, 0.2978116895526784, 0.15491933384829668, (-894.9198676661491, -10.032733942432928, 3489.9999999999995), (-44.599999999999994, -0.4999999999993676, 264.6914756448659)
-0.5, 37.5, 250.44766989275925, 0.9999033176297427, 988.8253126910142, 488.3995932633327, 0.49391898345946433, 0.15811388300841897
-0.5, 38.5, 250.3465674598204, 0.9999033210828847, 973.5381777094187, 448.4228210488934, 0.46061143909524055, 0.14491376746189438
-0.5, 39.5, 250.215476259152, 0.9999033235494124, 988.9849292332406, 462.7773786950213, 0.4679316792560351, 0.14491376746189438
-0.5, 40.5, 250.0948111438036, 0.9999033250293281, 980.3584495045495, 459.36862104421937, 0.4685721036793977, 0.15811388300841897
-0.5, 41.5, 249.97109619759968, 0.9999033255226333, 981.2482557623711, 472.20318400099995, 0.4812270301913825, 0.14491376746189438
-0.5, 42.5, 249.83788272992416, 0.9999033250293281, 1080.1495261287687, 498.9330621078569, 0.4619111058595949, 0.15491933384829668
-0.5, 43.5, 249.7013526815325, 0.9999033235494124, 999.9078888221565, 460.9574816681597, 0.4609999449160717, 0.15491933384829668
-0.5, 44.5, 249.56816169575566, 0.9999033210828847, 990.7695534121697, 434.33371069095483, 0.43838015529961266, 0.14491376746189438
-0.5, 45.5, 249.4526055712966, 0.9999033176297427, 682.4448531070217, 0.9998975161346686, 0.0014651696933200603, 0.15491933384829668
0.5, -44.5, 249.58171725407166, 0.9999033131899835, 857.3687492339567, 394.09303940319614, 0.459654075046835, 0.15491933384829668
0.5, -43.5, 249.70140534554918, 0.9999033077636029, 1080.0243511196895, 496.6046598222142, 0.45980876200371884, 0.14491376746189438
0.5, -42.5, 249.83793537276898, 0.9999033013505959, 1204.8342912264234, 565.4668793222233, 0.46933166115866776, 0.14491376746189438
0.5, -41.5, 249.97114881980264, 0.999903293950957, 1091.3413458275795, 495.8007336602113, 0.4543039953134357, 0.09486832980505137
0.5, -40.5, 250.09486374685065, 0.9999032855646791, 1090.9214543974083, 524.3465132479868, 0.48064552322661924, 0.15491933384829668
0.5, -39.5, 250.21552884352846, 0.999903276191755, 1085.0325576626483, 519.0892484570817, 0.4784089148212212, 0.15491933384829668
0.5, -38.5, 250.3331473552691, 0.9999032658321759, 1094.5070203425853, 503.9876119643586, 0.46046996738916157, 0.15811388300841897
0.5, -37.5, 250.44772244124434, 0.9608588850509142, 1074.007953067823, 506.8207405009444, 0.47189663638267204, 0.15491933384829668, (-894.9978504564904, -477.86252598497856, 3500.0)
0.5, -36.5, 250.55925717478732, 0.9999032421530146, 1088.4224951328515, 274.4344331545385, 0.25213961892715325, 0.15491933384829668
0.5, -35.5, 250.66775454380314, 0.9999032288334111, 1099.932398610607, 368.9773386096333, 0.33545455982177774, 0.12649110640673517
0.5, -34.5, 250.7732174511669, 0.9999032145271096, 1079.8295750357158, 434.987519488505, 0.4028297886489334, 0.15491933384829668
0.5, -33.5, 250.87564871510975, 0.9999031992340974, 1085.7528034002148, 394.82323447610855, 0.36364007833058704, 0.15491933384829668
0.5, -32.5, 250.97505106959318, 0.9999031829543606, 1095.3079034258376, 470.7835386470529, 0.4298184439047365, 0.14491376746189438
0.5, -31.5, 251.0714271646709, 0.3191994728061592, 1094.6910971516193, 488.63320527417915, 0.4463662914091476, 0.15491933384829668, (-3500.0, -1668.6982989763997, -1183.625301380105)
0.5, -30.5, 251.16477956683948, 0.9999031474346535, 1079.2495209800215, 516.0953787574496, 0.4781983857530971, 0.15491933384829668
0.5, -29.5, 251.25511075937683, 0.9999031281946508, 1093.5390093556223, 585.0979515835351, 0.5350499127857444, 0.14491376746189438
0.5, -28.5, 251.3424231426698, 0.9999031079678591, 1077.4245689789443, 675.198459960707, 0.6266781725616117, 0.15811388300841897
0.5, -27.5, 251.42671903452938, 0.9999030867542601, 1081.7851895723677, 707.2300320797679, 0.6537619842617162, 0.15491933384829668
0.5, -26.5, 251.50800067049548, 0.9999030645538346, 1077.3049948508906, 732.8888438205242, 0.6802983809816673, 0.1264911064067352, (-894.977324890673, 46.1535391759899, 3490.0), (-44.599999999999994, 2.300000000000672, 264.6841525714978)
0.5, -25.5, 251.58627020412982, 0.9999030413665625, 1079.4923959668606, 735.881905817107, 0.681692533052079, 0.15811388300841897
0.5, -24.5, 251.6615297072978, 0.9999030171924227, 1074.6598751449167, 701.5036138826522, 0.652768033968008, 0.15491933384829668
0.5, -23.5, 251.73378117043953, 0.9999029920313933, 1079.9755194699478, 706.9069302832538, 0.6545582909418205, 0.14491376746189438
0.5, -22.5, 251.8030265028293, 0.9999029658834516, 1094.782480515145, 725.8296142808733, 0.6629897967853281, 0.12649110640673517
0.5, -21.5, 251.87247448153968, 0.9999029387485739, 1203.9027553512744, 788.9295563713185, 0.6553100346889105, 0.14491376746189438
0.5, -20.5, 251.93866478000726, 0.9999029106267355, 1069.5980622977147, 613.8550410081386, 0.5739118858250855, 0.15491933384829668
0.5, -19.5, 251.99860236765656, 0.9999028815179111, 1082.6167964126619, 633.0082752950118, 0.5847020639182172, 0.15491933384829668
0.5, -18.5, 252.05554080910392, 0.999902851422074, 1080.1975559063753, 603.3084455740144, 0.5585167660074815, 0.14491376746189438
0.5, -17.5, 252.10948160332015, 0.9999028203391973, 1079.558844271399, 617.6241919425001, 0.5721079450368808, 0.12649110640673517
0.5, -16.5, 252.16042616946106, 0.9999027882692526, 1089.004940403599, 597.8475114940321, 0.5489851233112517, 0.15491933384829668
0.5, -15.5, 252.208375847051, 0.9999027552122108, 1079.7850504604608, 615.8826499952349, 0.5703752332305393, 0.14491376746189438
0.5, -14.5, 252.25333189615603, 0.9999027211680422, 1097.5480799029579, 644.0171543257557, 0.5867780793554829, 0.15811388300841897
0.5, -13.5, 252.29529549754685, 0.9999026861367157, 1071.7123188216335, 624.463888594735, 0.582678651376653, 0.15491933384829668
0.5, -12.5, 252.33426775285093, 0.9999026501181997, 1086.8677059887746, 628.397577380885, 0.5781730139908814, 0.12649110640673517
0.5, -11.5, 252.37024968469478, 0.9999026131124615, 1082.2144779618802, 618.7708617550412, 0.5717636146583106, 0.15491933384829668
0.5, -10.5, 252.4032422368357, 0.9999025751194676, 1087.91993485013, 629.2153109878744, 0.578365457633198, 0.15491933384829668
0.5, -9.5, 252.43324627428305, 0.9999025361391835, 1097.3994310103012, 626.5855043709313, 0.5709730538078341, 0.14491376746189438
0.5, -8.5, 252.4602625834099, 0.9999024961715738, 1083.0808293022424, 615.152884190833, 0.5679658133983735, 0.12649110640673517
0.5, -7.5, 252.48429187205406, 0.9999024552166025, 1085.3201053745945, 638.8964986627318, 0.5886710247961534, 0.15491933384829668
0.5, -6.5, 252.50533476960882, 0.9999024132742322, 1083.3869327218704, 635.2654691300212, 0.5863698831349187, 0.15491933384829668
0.5, -5.5, 252.52339182710418, 0.9999023703444252, 1070.435730312938, 639.0812411914234, 0.5970290631130094, 0.14491376746189438
0.5, -4.5, 252.5384635172773, 0.9999023264271424, 1067.5337338451486, 576.9506088313268, 0.5404518757015846, 0.14491376746189438
0.5, -3.5, 252.55055023463342, 0.9999022815223441, 1066.7447694387822, 625.8644096380186, 0.5867049247096734, 0.14491376746189438
0.5, -2.5, 252.55965229549642, 0.9999022356299894, 1094.2403876050248, 622.8872182967489, 0.5692416633058742, 0.15811388300841897
0.5, -1.5, 252.56576993804927, 0.9999021887500368, 1055.3172501119352, 611.3718199654224, 0.5793251459696841, 0.14491376746189438
0.5, -0.5, 252.56890332236478, 0.9999021408824439, 1085.065237953352, 621.1738446352706, 0.5724760345349627, 0.15491933384829668
0.5, 0.5, 252.56895554514728, 0.9999020920271673, 1191.6117921220011, 677.7545928647189, 0.5687713039980794, 0.14491376746189438
0.5, 1.5, 252.56576993804927, 0.9999020421841626, 1099.999850677616, 640.9999123702302, 0.5827272721676869, 0.14491376746189438
0.5, 2.5, 252.5596522954964, 0.9999019913533845, 1095.700241405691, 609.2800413297476, 0.556064531434339, 0.14491376746189438
0.5, 3.5, 252.55055023463342, 0.9999019395347873, 1069.9158094159122, 624.8949087664262, 0.5840598888874896, 0.12649110640673517
0.5, 4.5, 252.53846351727728, 0.9999018867283238, 1081.8756127397146, 617.0646510345117, 0.5703656166829315, 0.15491933384829668
0.5, 5.5, 252.52339182710415, 0.9999018329339461, 1078.4108523772857, 625.7832605416846, 0.580282792186472, 0.14491376746189438
0.5, 6.5, 252.50533476960882, 0.9999017781516054, 1082.272809795694, 640.8085669083458, 0.5920952287707518, 0.15491933384829668
0.5, 7.5, 252.48429187205403, 0.9999017223812522, 1089.017731263897, 647.8979648205565, 0.5949379392276893, 0.09486832980505137
0.5, 8.5, 252.4602625834099, 0.9999016656228358, 1070.5467700698794, 656.7693819246441, 0.6134896674171216, 0.15491933384829668
0.5, 9.5, 252.43324627428302, 0.9999016078763047, 1084.4163039219136, 634.7981813262011, 0.5853823656379769, 0.15491933384829668
0.5, 10.5, 252.40324223683564, 0.9999015491416067, 1088.586834323523, 610.2930558353139, 0.5606287312987451, 0.14491376746189438
0.5, 11.5, 252.37024968469473, 0.9999014894186884, 1080.715278183766, 628.6806495947737, 0.5817264383004976, 0.14491376746189438
0.5, 12.5, 252.33426775285085, 0.9999014287074958, 1093.3350547405573, 636.6668372989643, 0.5823163124043819, 0.14491376746189438
0.5, 13.5, 252.2952954975468, 0.9999013670079736, 1072.3452260430713, 598.7716786408182, 0.55837585145063, 0.14491376746189438
0.5, 14.5, 252.25333189615597, 0.9999013043200662, 1085.2483711104628, 619.9212883411636, 0.5712252649656956, 0.15491933384829668
0.5, 15.5, 252.20837584705095, 0.9999012406437164, 1097.665665360316, 619.3676546870618, 0.5642589307772055, 0.15491933384829668
0.5, 16.5, 252.16042616946103, 0.9999011759788666, 1079.1824664417156, 618.6252836197765, 0.5732351134831815, 0.15491933384829668
0.5, 17.5, 252.1094816033201, 0.9999011103254583, 1077.1724228541445, 614.8616224094815, 0.570810772132752, 0.14491376746189438
0.5, 18.5, 252.05554080910383, 0.9999010436834318, 1079.5560481052996, 611.1912766434452, 0.5661505743181476, 0.15811388300841897
0.5, 19.5, 251.99860236765647, 0.9999009760527267, 1085.6297509312647, 582.4069268294888, 0.5364692026263043, 0.15491933384829668
0.5, 20.5, 251.93866478000717, 0.9999009074332815, 1083.7528123038799, 615.0829759624742, 0.5675491394157577, 0.15811388300841897
0.5, 21.5, 251.8724744815396, 0.9999008378250342, 1183.9009932540857, 769.1535222749663, 0.6496772337025083, 0.15811388300841897
0.5, 22.5, 251.80302650282925, 0.9999007672279216, 1086.0054355753327, 732.601288484339, 0.6745834454283638, 0.15491933384829668
0.5, 23.5, 251.73378117043947, 0.9999006956418797, 1088.0509097140628, 718.6534430580549, 0.6604961556871594, 0.15811388300841897
0.5, 24.5, 251.66152970729772, 0.9999006230668434, 1091.6068958533635, 707.0884407072637, 0.6477500677150793, 0.14491376746189438
0.5, 25.5, 251.58627020412973, 0.999900549502747, 1071.8864339440354, 735.9359218017664, 0.6865801249987558, 0.15491933384829668
0.5, 26.5, 251.5080006704954, 0.9999004749495237, 1083.251245196068, 687.1155640440171, 0.634308584542314, 0.12649110640673517
0.5, 27.5, 251.42671903452927, 0.999900399407106, 1084.1176408918352, 710.205536020871, 0.6551000640821873, 0.0
0.5, 28.5, 251.34242314266967, 0.9999003228754252, 1090.6398022543096, 692.5183293884221, 0.6349652084556366, 0.0
0.5, 29.5, 251.25511075937675, 0.999900245354412, 1069.0087888837409, 586.85791695766, 0.5489738934424077, 0.0
0.5, 30.5, 251.16477956683934, 0.999900166843996, 1083.3048791535045, 510.0418998939749, 0.47082027387573677, 0.0
0.5, 31.5, 251.07142716467078, 0.9768572497456578, 1068.7674971876406, 483.51520184408406, 0.4524044781642481, 0.0, (694.6105047162855, 98.41216852701615, 3500.0)
0.5, 32.5, 250.97505106959304, 0.9999000068546697, 1088.970448440407, 512.3057808328779, 0.4704496633187686, 0.0
0.5, 33.5, 250.87564871510963, 0.9998999253756143, 1082.8322788887845, 446.44126162996446, 0.41229031525372317, 0.0
0.5, 34.5, 250.77321745116674, 0.9999863420430563, 1071.0694811398268, 433.1415421039032, 0.404400974662219, 0.0
0.5, 35.5, 250.66775454380303, 0.9998997594483494, 1091.4339547996808, 358.2782339441373, 0.3282637784618812, 0.0
0.5, 36.5, 250.5592571747872, 0.9998996749999892, 1087.2302736429292, 327.309176134964, 0.30104862242132496, 0.0
0.5, 37.5, 250.44772244124417, 0.9998995895617088, 1087.6667128467232, 494.06260769514904, 0.45424080911886255, 0.0
0.5, 38.5, 250.33314735526895, 0.9998995031334305, 1081.8397492019149, 508.8918104385518, 0.4703948166204532, 0.0
0.5, 39.5, 250.2155288435283, 0.9998994157150758, 1087.5150594978181, 509.1216316031527, 0.46815133929110814, 0.0, (-895.821126362508, 178.7625117629374, 3490.0), (-44.599999999999994, 8.900000000000766, 264.5767295853382)
0.5, 40.5, 250.09486374685048, 0.9998993273065654, 1071.7969859825548, 486.0187118548819, 0.4534615400222749, 0.0
0.5, 41.5, 249.9711488198025, 0.9998992379078192, 1095.2687207039887, 509.6375842024725, 0.4653082614053844, 0.0
0.5, 42.5, 249.8379353727688, 0.9999685270483446, 1199.113642155017, 558.5742886143336, 0.4658226451418548, 0.0
0.5, 43.5, 249.701405345549, 0.9998990561392936, 1083.2713296634056, 500.30214014449155, 0.4618437933734899, 0.0
0.5, 44.5, 249.56821438044224, 0.9998989637693493, 1093.4576971656022, 476.97274815242605, 0.43620594503912424, 0.0
0.5, 45.5, 249.45265827392885, 0.999898870408839, 748.8227936552872, 0.9998988550954849, 0.0013352943627885584, 0.0
1.5, -44.5, 249.578503598257, 0.9998987760576781, 777.4634345949995, 320.216956075146, 0.4118739760950368, 0.0
1.5, -43.5, 249.6981928227426, 0.9998986807157808, 968.3079558422596, 464.27170433754407, 0.47946699346666877, 0.0
1.5, -42.5, 249.83472414146527, 0.9998985843830608, 1093.2369362678455, 484.7616171821449, 0.44341862326482645, 0.0
1.5, -41.5, 249.96793884767365, 0.9998984870594303, 997.3013854664904, 468.1668232145757, 0.46943364366789625, 0.0
1.5, -40.5, 250.09165494324876, 0.9998983887448012, 968.6340644280939, 453.8296689072806, 0.4685254066252906, 0.09486832980505139
1.5, -39.5, 250.2123211788524, 0.9998982894390841, 976.7071530949488, 488.37050157607416, 0.500017328662482, 0.0
1.5, -38.5, 250.32994080000844, 0.9998981891421888, 995.4230144242125, 496.75533019986455, 0.49903942645650523, 0.0
1.5, -37.5, 250.44451696597702, 0.9998980878540242, 967.095474639625, 450.34062273840107, 0.46566304418518184, 0.0
1.5, -36.5, 250.55605275017712, 0.9998979855744985, 954.5557456915781, 274.1333926117155, 0.28718426749723786, 0.0
1.5, -35.5, 250.6645511405972, 0.9998978823035186, 998.6713519050222, 345.7252951185703, 0.3461852534961373, 0.0
1.5, -34.5, 250.77001504019333, 0.9998977780409908, 993.5153352852775, 349.4478319684689, 0.3517286744931105, 0.0
1.5, -33.5, 250.87244726727513, 0.9998976727868204, 994.2679381083698, 413.55002198712504, 0.41593418246385244, 0.0
1.5, -32.5, 250.97185055588017, 0.9998975665409118, 982.3933075966454, 447.60392562315764, 0.4556259923209254, 0.0
1.5, -31.5, 251.06822755613578, 0.9998974593031684, 976.6934023743718, 466.314724233405, 0.47744227932714556, 0.0
1.5, -30.5, 251.16158083460982, 0.999897351073493, 985.8958445910471, 449.48551843131906, 0.4559158260959779, 0.0
1.5, -29.5, 251.2519128746492, 0.999897241851787, 996.9117188382012, 526.7592769828407, 0.5283910972545541, 0.0
1.5, -28.5, 251.33922607670718, 0.9998971316379512, 965.906436361658, 629.0179217848843, 0.651220344026536, 0.0
1.5, -27.5, 251.42352275865903, 0.9998970204318858, 998.6704853327001, 645.3298546134858, 0.6461889723300461, 0.0
1.5, -26.5, 251.50480515610656, 0.9998969082334894, 990.0891464723384, 658.0513447728954, 0.6646384793909872, 0.0
1.5, -25.5, 251.583075422671, 0.9998967950426602, 983.3987558902708, 655.6120608522681, 0.666679774532298, 0.0
1.5, -24.5, 251.6583356302751, 0.9998966808592952, 980.8963433279761, 647.5539283035001, 0.6601655034276966, 0.0
1.5, -23.5, 251.73058776941383, 0.9998965656832908, 984.8549750326621, 638.5981416295056, 0.6484184553246806, 0.0
1.5, -22.5, 251.7998337494143, 0.9999942029755857, 987.481481357377, 649.8747658213963, 0.658113370316665, 0.0
1.5, -21.5, 251.86928237737263, 0.9998963323529441, 1075.7156049814168, 708.6564158892911, 0.6587767367207927, 0.0
1.5, -20.5, 251.93547329439855, 0.9998962141983897, 982.1134740174491, 547.6565402995332, 0.5576306147794516, 0.0
1.5, -19.5, 251.99541144197127, 0.9998960950507717, 999.9818584580255, 569.9896518239166, 0.569999992502706, 0.0
1.5, -18.5, 252.05235041514814, 0.9998959749099818, 971.3239034805235, 553.788449168573, 0.5701377750348726, 0.0
1.5, -17.5, 252.10629171294124, 0.9998958537759108, 987.9617289891303, 569.5029263507591, 0.5764422949191232, 0.0
1.5, -16.5, 252.15723675454544, 0.9998957316484486, 966.5768246438257, 517.3489232466762, 0.5352382863486452, 0.0
1.5, -15.5, 252.20518687952188, 0.999895608527484, 971.3234522198286, 557.5360772493594, 0.5739963098545454, 0.0
1.5, -14.5, 252.2501433479712, 0.9998954844129053, 990.3123904692884, 550.9798951062897, 0.5563697883707098, 0.0
1.5, -13.5, 252.2921073406966, 0.8147832349050028, 984.5450582330103, 562.892910373922, 0.571728947971321, 0.0, (-1547.5313447072383, -2075.666628699486, -3500.0)
1.5, -12.5, 252.3310799593558, 0.999895233202453, 978.551089345438, 546.8415320836968, 0.5588277791908487, 0.0
1.5, -11.5, 252.36706222660337, 0.999895106106351, 989.5928123454287, 594.4361140057514, 0.6006875823975333, 0.0
1.5, -10.5, 252.40005508622238, 0.19455759363344174, 986.9665998519624, 576.0103831810623, 0.5836168957160855, 0.0, (2240.5231448890154, 3500.0, 938.284457405822)
1.5, -9.5, 252.43005940324613, 0.9998948489318171, 990.9785652077475, 568.7946673746452, 0.5739727248847243, 0.0
1.5, -8.5, 252.45707596406908, 0.9998947188531515, 976.1223596706311, 577.0729321881506, 0.5911891336890079, 0.0
1.5, -7.5, 252.48110547654846, 0.9998945877800626, 986.8326833962177, 552.6688479252089, 0.5600431129045914, 0.0
1.5, -6.5, 252.5021485700949, 0.9998944557124311, 987.7465323720472, 565.097618104924, 0.5721079240317422, 0.0
1.5, -5.5, 252.52020579575344, 0.999894322650137, 994.393327451869, 569.07723938911, 0.5722858588033463, 0.0
1.5, -4.5, 252.53527762627414, 0.9998941885930592, 971.4377023240212, 556.9208643866322, 0.5732955011466832, 0.0
1.5, -3.5, 252.54736445617317, 0.9998940535410757, 966.7944931664503, 569.5023222293008, 0.5890624390754068, 0.0
1.5, -2.5, 252.55646660178297, 0.9998939174940636, 984.5340407258909, 607.2669718062606, 0.6168064756384922, 0.0
1.5, -1.5, 252.56258430129301, 0.9998937804518994, 998.6590956587013, 598.1954574880176, 0.5989986573881415, 0.0
1.5, -0.5, 252.5657177147806, 0.999893642414458, 979.7625087755071, 541.4490370717855, 0.5526329413731912, 0.0
1.5, 0.5, 252.56576993804927, 0.999893503381614, 1074.9277796575832, 625.4035878690095, 0.5818098663970066, 0.0
1.5, 1.5, 252.56258430129301, 0.9998933633532407, 998.5533017222305, 581.131985416581, 0.5819739260931667, 0.0
1.5, 2.5, 252.55646660178292, 0.9484175056506878, 988.594516237106, 565.2972282917245, 0.5718191017723012, 0.0, (-5.784945208336993, 50.00493360943296, 248.73160808914372), (-5.784945208336993, 50.00493360943296, 248.73160808914372)
1.5, 3.5, 252.54736445617317, 0.999893080309396, 970.4218047286231, 564.3675296381429, 0.5815692999560818, 0.0
1.5, 4.5, 252.53527762627414, 0.9998929372936669, 979.8271342057685, 570.4281396802279, 0.5821722217793115, 0.0
1.5, 5.5, 252.52020579575338, 0.9998927932818934, 986.255822839647, 538.9313863883865, 0.5464417790068755, 0.0
1.5, 6.5, 252.50214857009487, 0.9998926482739443, 967.4619952756502, 565.6473543971989, 0.5846713950102341, 0.0
1.5, 7.5, 252.48110547654846, 0.9998925022696876, 982.6778573990584, 576.3685466477829, 0.5865284765582377, 0.0
1.5, 8.5, 252.45707596406905, 0.9998923552689905, 969.795819727972, 531.7628248404822, 0.548324517411966, 0.0
1.5, 9.5, 252.43005940324608, 0.9998922072717189, 979.7750527011067, 558.9248172331356, 0.570462388986386, 0.0
1.5, 10.5, 252.40005508622235, 0.9998920582777382, 986.9753422197242, 562.4554848115985, 0.56987795008802, 0.0
1.5, 11.5, 252.3670622266033, 0.9998919082869127, 972.5947634989956, 551.9754232235533, 0.567528680945981, 0.0
1.5, 12.5, 252.33107995935575, 0.9998917572991057, 996.9390330658517, 550.0197929597191, 0.5517085546026446, 0.0
1.5, 13.5, 252.29210734069656, 0.9998916053141799, 973.9465809569135, 560.6804262239839, 0.5756788279631405, 0.0
1.5, 14.5, 252.25014334797117, 0.9998914523319966, 986.0608371856922, 545.8247217837206, 0.5535406145340427, 0.0
1.5, 15.5, 252.2051868795218, 0.9998912983524166, 990.5553475229275, 551.5521142612427, 0.5568110006578672, 0.0
1.5, 16.5, 252.15723675454538, 0.9998911433752997, 993.1646830991072, 542.3416942383748, 0.5460742850279694, 0.0
1.5, 17.5, 252.1062917129412, 0.9998909874005044, 990.0836698769389, 559.2774050600912, 0.5648789310196438, 0.0
1.5, 18.5, 252.05235041514806, 0.8994076938078323, 970.8584351798163, 556.9488186856058, 0.5736663539236297, 0.0, (-461.85440724754244, -1579.728269869553, 3500.0)
1.5, 19.5, 251.99541144197119, 0.99989067245731, 985.790791574349, 546.2601113959291, 0.5541339156998302, 0.0
1.5, 20.5, 251.93547329439846, 0.9998905134886238, 981.4313164122977, 537.6424403142316, 0.5478146369728932, 0.0
1.5, 21.5, 251.86928237737257, 0.9998903535216854, 1094.6576431173276, 743.2608515537241, 0.6789893225767757, 0.0
1.5, 22.5, 251.79983374941418, 0.9998901925563491, 966.130195954749, 657.5615760764352, 0.6806138332387178, 0.0
1.5, 23.5, 251.73058776941377, 0.9998900305924681, 983.1497619254804, 646.6852606245141, 0.6577688218710372, 0.0
1.5, 24.5, 251.658335630275, 0.9998898676298947, 976.0232732111989, 658.3438765439308, 0.674516576206143, 0.0
1.5, 25.5, 251.58307542267087, 0.9998897036684805, 999.9685180104764, 666.9789358814736, 0.6669999343664196, 0.0
1.5, 26.5, 251.50480515610644, 0.999889538708076, 996.4264252600036, 671.9154238180724, 0.6743251752308209, 0.0
1.5, 27.5, 251.42352275865895, 0.9999604689209812, 999.9630596372604, 663.9754813912441, 0.664000009792465, 0.0
1.5, 28.5, 251.33922607670706, 0.9998892057896932, 984.0890510711168, 597.8611459966799, 0.6075274847799058, 0.0
1.5, 29.5, 251.2519128746491, 0.9998890378314115, 992.8001954710878, 536.3472297709116, 0.5402368293414895, 0.0
1.5, 30.5, 251.1642140603956, 0.9998888688735322, 998.1616765296238, 497.26020510819484, 0.4981760137666806, 0.0
1.5, 31.5, 251.06822755613564, 0.9998886989159015, 990.5174955958486, 455.26052879758623, 0.45961886672554225, 0.0
1.5, 32.5, 250.97185055588, 0.9998885279583641, 990.1088144303452, 420.58246631173444, 0.4247840845187453, 0.0
1.5, 33.5, 250.87244726727502, 0.9998883560007641, 966.2617917238002, 414.67663287630955, 0.4291555729804146, 0.0
1.5, 34.5, 250.7700150401932, 0.9998881830429448, 997.6906204233975, 382.62653596633896, 0.3835122112343412, 0.0
1.5, 35.5, 250.66455114059707, 0.9998880090847483, 983.7879449208956, 323.8863781490809, 0.32922377207531645, 0.0
1.5, 36.5, 250.55605275017697, 0.9998878341260158, 993.2358408235019, 294.63105097381015, 0.2966375546109256, 0.0
1.5, 37.5, 250.44451696597687, 0.9998876581665879, 963.1761553303027, 446.54095891856554, 0.46361297094759674, 0.0
1.5, 38.5, 250.3299408000083, 0.9998874812063037, 986.2489406623115, 448.93074160357077, 0.45519008750680445, 0.0
1.5, 39.5, 250.21232117885225, 0.999887303245002, 991.8156611483126, 498.6019076179716, 0.5027163082308018, 0.0
1.5, 40.5, 250.0916549432486, 0.9998871242825202, 978.3955005319447, 469.4623563327921, 0.47982881777108516, 0.0
1.5, 41.5, 249.9679388476735, 0.9998869443186952, 990.0848020601594, 456.16592663080706, 0.4607341973956384, 0.0
1.5, 42.5, 249.8347241414651, 0.9998867633533624, 1088.347087653747, 491.11162913538703, 0.451245411235604, 0.0, (-898.755637453274, 368.7719319595454, 3490.0), (-44.599999999999994, 18.3000000000009, 264.20490800557496)
1.5, 43.5, 249.6981928227424, 0.9998865813863568, 999.5702268724374, 466.8219243120927, 0.46702263809190797, 0.0
1.5, 44.5, 249.56500059673976, 0.9998863984175121, 995.2201372727976, 457.0188712373854, 0.45921385040475016, 0.0
1.5, 45.5, 249.44944339552043, 0.9998862144466615, 683.6488540418108, 0.0, 0.0, 0.0
2.5, -44.5, 249.57233208948418, 0.9998860294736368, 766.5673762475756, 329.68535663858995, 0.43008007756921895, 0.0
2.5, -43.5, 249.6920234898585, 0.6218486544912751, 969.3738468066443, 458.0260740388507, 0.4724968344748532, 0.0, (3490.0, 3469.6152410793206, 2989.7299791387704), (2999.165024123889, 2990.415100863148, 3490.0)
2.5, -42.5, 249.82855728885139, 0.9998856565203887, 1093.3917651538559, 512.1414720282204, 0.46839704518549646, 0.0
2.5, -41.5, 249.96177441324534, 0.9998854685398247, 964.9912155798681, 448.0831969830302, 0.4643391460447385, 0.0
2.5, -40.5, 250.08549275292137, 0.9998852795564054, 990.5677059231799, 481.9135315795574, 0.4865023649548803, 0.0
2.5, -39.5, 250.20616117577802, 0.9998850895699581, 991.7195020851026, 459.5483609768433, 0.46338542300583696, 0.0
2.5, -38.5, 250.32378292751375, 0.9998848985803095, 976.6585253869683, 457.1596759928313, 0.4680854813730285, 0.0
2.5, -37.5, 250.4383611675582, 0.9998847065872848, 981.8366549430378, 492.2570880700342, 0.5013635268063942, 0.0
2.5, -36.5, 250.54989896949533, 0.9998845135907086, 989.6636030815698, 296.9262243435751, 0.3000274269145795, 0.0
2.5, -35.5, 250.65839932147372, 0.9998843195904047, 964.2232916640065, 293.8533212837688, 0.30475650590917797, 0.0
2.5, -34.5, 250.76386512660483, 0.9998841245861957, 972.7116854243388, 346.1894743430964, 0.35590142436920924, 0.0
2.5, -33.5, 250.8662992033491, 0.9998839285779033, 998.5906126421431, 447.43363067839323, 0.4480651280053004, 0.0
2.5, -32.5, 250.96570428589, 0.9998837315653484, 986.1513140989671, 449.2712710154922, 0.4555804617326755, 0.0
2.5, -31.5, 251.06208302449656, 0.9998835335483509, 992.5616050777377, 478.2816156425767, 0.48186592469000206, 0.0
2.5, -30.5, 251.1554379858734, 0.9998833345267297, 979.646148738337, 507.7151378612773, 0.5182638022056755, 0.0
2.5, -29.5, 251.2457716534998, 0.9998831345003031, 987.0159512805961, 514.365904027235, 0.5211323113470203, 0.0
2.5, -28.5, 251.33308642795677, 0.9998829334688878, 985.2068690030515, 636.5953771323091, 0.646154018167262, 0.0
2.5, -27.5, 251.417384627243, 0.9998827314323002, 995.785374774232, 638.0519735814792, 0.6407525052535951, 0.0
2.5, -26.5, 251.49866848707907, 0.9998825283903554, 984.248343364051, 644.829574321607, 0.6551492605185917, 0.0
2.5, -25.5, 251.5769401612006, 0.9998823243428678, 998.9307426021965, 658.2949137210702, 0.6589995538691941, 0.0
2.5, -24.5, 251.65220172164038, 0.9998821192896507, 978.9104662718634, 656.7245514561463, 0.6708729491444221, 0.0
2.5, -23.5, 251.7244551589989, 0.9998819132305165, 988.3667693174274, 669.5386074415366, 0.677419181043414, 0.0, (-899.8841107836822, 419.6768947152788, 3490.0), (-44.599999999999994, 20.800000000000935, 264.0626491207636)
2.5, -22.5, 251.7937023827045, 0.9998817061652766, 990.3502494073679, 675.4158889484536, 0.6819969898049977, 0.0
2.5, -21.5, 251.86315225751244, 0.9998814980937416, 1077.0495837249205, 732.8675077631183, 0.6804398969530574, 0.0
2.5, -20.5, 251.92934436244985, 0.9998812890157212, 990.1150748578737, 584.4166444682342, 0.5902512337286899, 0.0
2.5, -19.5, 251.98928358532845, 0.9998810789310237, 979.5792359468375, 526.6092948799159, 0.5375872370047821, 0.0
2.5, -18.5, 252.04622357966622, 0.9998808678394573, 976.0286940034188, 553.4016819658117, 0.5669932506757566, 0.0
2.5, -17.5, 252.10016584455445, 0.9998806557408285, 990.7516442679606, 573.2213876507369, 0.5785722294453264, 0.0
2.5, -16.5, 252.1511117992629, 0.9998804426349431, 992.3679628272681, 537.1834725249668, 0.5413148072560955, 0.0
2.5, -15.5, 252.19906278342347, 0.9998802285216061, 979.1052084418789, 576.9226219071792, 0.5892345551151525, 0.0
2.5, -14.5, 252.2440200572034, 0.9998800134006214, 996.0191228473585, 568.6117782964582, 0.5708843989570658, 0.0
2.5, -13.5, 252.28598480146792, 0.999879797271792, 975.4706704127193, 545.0661520902868, 0.5587724660749365, 0.0
2.5, -12.5, 252.32495811793305, 0.9998795801349201, 991.5580402168564, 588.7019298108753, 0.5937140398580446, 0.0
2.5, -11.5, 252.36094102930718, 0.9998793619898065, 979.0908462942624, 541.9787496559671, 0.5535530760064703, 0.0
2.5, -10.5, 252.3939344794231, 0.5257270481597635, 986.5856682374928, 599.8444401930058, 0.608000358716553, 0.0, (-3500.0, -1577.7071436774265, 2839.505259667656); (-2724.3946064001852, 3500.0, 1506.234257662166)
2.5, -9.5, 252.4239393333597, 0.5326052318674073, 994.5861353279091, 565.483692361773, 0.568561809053709, 0.0, (-935.7879970684604, 3500.0, -2039.4518133889712); (34.252504379796214, -128.5686372714693, 224.7424370383835), (34.252504379796214, -128.5686372714693, 224.7424370383835)
2.5, -8.5, 252.45095637755287, 0.9998787015030143, 981.9832549270608, 599.6359663916452, 0.6106376696170696, 0.0
2.5, -7.5, 252.47498631989703, 0.9998784793229272, 987.8800276045793, 576.2206724697107, 0.5832901327774953, 0.0
2.5, -6.5, 252.49602978983594, 0.99987825613359, 985.1877911232417, 596.3474247599253, 0.6053134540776353, 0.0
2.5, -5.5, 252.5140873384437, 0.9998780319347984, 972.5130829241546, 566.0920662092592, 0.582091980199518, 0.0
2.5, -4.5, 252.5291594384952, 0.9998778067263466, 983.0931748153055, 584.3317433777988, 0.5943808362697439, 0.0
2.5, -3.5, 252.54124648452736, 0.9998775805080283, 993.4917522523058, 583.361392271117, 0.5871829242151245, 0.0
2.5, -2.5, 252.55034879288922, 0.9998773532796361, 983.3852392595802, 559.4656664730422, 0.5689181046629096, 0.0
2.5, -1.5, 252.55646660178297, 0.9998771250409617, 984.1587340786871, 564.2198774891812, 0.5733017022069833, 0.0
2.5, -0.5, 252.559600071294, 0.9998768957917958, 978.9149434688924, 584.3685701843881, 0.5969554087238816, 0.0
2.5, 0.5, 252.5596522954964, 0.9998766655319282, 1070.3536198997185, 622.6867108440956, 0.5817579342632906, 0.0
2.5, 1.5, 252.55646660178292, 0.9998764342611477, 991.1999937256769, 557.8789374209073, 0.562831861332018, 0.0
2.5, 2.5, 252.55034879288922, 0.9998762019792421, 982.0156038049408, 575.549263800946, 0.5860897337790859, 0.0
2.5, 3.5, 252.54124648452736, 0.9998759686859984, 972.0601811315348, 572.8928947366676, 0.5893594921970642, 0.0
2.5, 4.5, 252.52915943849518, 0.9998757343812026, 972.5194486029794, 575.7707691494778, 0.5920403648241384, 0.0
2.5, 5.5, 252.51408733844363, 0.9998754990646396, 993.1967389508321, 603.237879796478, 0.6073699762986646, 0.0
2.5, 6.5, 252.49602978983594, 0.9998752627360936, 999.6240335789531, 599.6996969755417, 0.5999252487242002, 0.0
2.5, 7.5, 252.474986319897, 0.9998750253953477, 985.4569472228451, 556.200174336894, 0.5644083954193468, 0.0
2.5, 8.5, 252.45095637755284, 0.9998747870421839, 997.1655515132021, 560.5825341096349, 0.5621759930023145, 0.0
2.5, 9.5, 252.42393933335967, 0.9998745476763836, 991.2798497082659, 569.0287172251611, 0.5740343833203374, 0.0
2.5, 10.5, 252.39393447942308, 0.999874307297727, 972.8875554943629, 562.4438743011201, 0.5781180683468811, 0.0
2.5, 11.5, 252.3609410293071, 0.9998740659059935, 987.9177800413433, 579.8048755889794, 0.5868958807125783, 0.0
2.5, 12.5, 252.324958117933, 0.9998738235009612, 983.0851025051509, 567.7822019103746, 0.5775514250633248, 0.0
2.5, 13.5, 252.2859848014679, 0.9998735800824077, 986.9395147171163, 565.0658680125441, 0.5725435648146152, 0.0
2.5, 14.5, 252.2440200572033, 0.9998733356501094, 950.2674447911746, 530.1274371755901, 0.5578718286956447, 0.0
2.5, 15.5, 252.1990627834234, 0.9998730902038417, 980.4827104610724, 571.6877997449891, 0.5830677008839377, 0.0
2.5, 16.5, 252.15111179926282, 0.9998728437433794, 991.6973306798349, 549.3625520139747, 0.5539619146069215, 0.0
2.5, 17.5, 252.1001658445544, 0.9998725962684957, 974.1043801157866, 552.7348833704832, 0.5674288039899611, 0.0
2.5, 18.5, 252.0462235796662, 0.9998723477789634, 984.0863742596897, 560.3933489795112, 0.5694554498847573, 0.0
2.5, 19.5, 251.98928358532837, 0.999872098274554, 978.44879514219, 522.0871308022218, 0.5335865641557167, 0.0
2.5, 20.5, 251.92934436244977, 0.9998718477550385, 981.7239676892721, 555.3552868332811, 0.5656939273270937, 0.0
2.5, 21.5, 251.86315225751235, 0.9998715962201863, 1098.4784017681145, 735.9356248692768, 0.6699591213488698, 0.0
2.5, 22.5, 251.7937023827044, 0.9998713436697665, 986.6736858845502, 680.7484855738329, 0.6899428811294829, 0.0
2.5, 23.5, 251.72445515899884, 0.9998710901035466, 983.4234622544097, 648.963047305391, 0.6599019366669386, 0.0
2.5, 24.5, 251.6522017216403, 0.9998708355212936, 972.7216752911685, 643.647230122361, 0.6616972217974845, 0.0
2.5, 25.5, 251.5769401612005, 0.9998705799227735, 989.6638211263463, 650.7964444740719, 0.6575934479785206, 0.0
2.5, 26.5, 251.498668487079, 0.999870323307751, 989.7540366539902, 637.1811771330867, 0.6437772957079032, 0.0
2.5, 27.5, 251.4173846272429, 0.9998700656759902, 986.7730270916863, 641.8144447786821, 0.6504174994226384, 0.0
2.5, 28.5, 251.33308642795666, 0.9998698070272541, 999.9601329732063, 634.974668470929, 0.6349999840323064, 0.0
2.5, 29.5, 251.24577165349965, 0.9998695473613048, 982.7514599486037, 529.5135425005581, 0.5388071797199373, 0.0
2.5, 30.5, 251.15543798587328, 0.9998692866779033, 999.0902990743377, 449.6149463015006, 0.45002433385457863, 0.0
2.5, 31.5, 251.06208302449647, 0.9998690249768096, 972.4220795115085, 457.73933085808915, 0.4707208325504417, 0.0
2.5, 32.5, 250.96570428588993, 0.9998687622577831, 975.2525790839953, 434.2132589127984, 0.4452315925384505, 0.0
2.5, 33.5, 250.86629920334897, 0.9998684985205818, 963.9968137992425, 398.23623971323184, 0.4131094978869574, 0.0
2.5, 34.5, 250.7638651266047, 0.9998682337649629, 975.839302226917, 378.023898105493, 0.38738335015081116, 0.0
2.5, 35.5, 250.65839932147358, 0.9998679679906828, 995.3811322191947, 336.04781796731083, 0.33760718089772784, 0.0
2.5, 36.5, 250.5498989694952, 0.9998677011974966, 988.3371750927591, 287.8419057976447, 0.2912385702486903, 0.0
2.5, 37.5, 250.43836116755807, 0.9998674333851587, 997.0822229252569, 478.3972244334964, 0.4797971656038219, 0.0
2.5, 38.5, 250.32378292751358, 0.9998671645534225, 989.302607738812, 455.39864831973955, 0.46032290297972245, 0.0
2.5, 39.5, 250.20616117577788, 0.9998668947020403, 992.1058413783512, 433.83948432101135, 0.43729153304678664, 0.0
2.5, 40.5, 250.08549275292123, 0.9998666238307635, 984.4706005138236, 463.2941305918203, 0.47060230173457057, 0.0
2.5, 41.5, 249.9617744132452, 0.9998663519393426, 972.2955289710724, 435.96685432538874, 0.44838924106413286, 0.0
2.5, 42.5, 249.82855728885121, 0.9998660790275269, 1082.8690134502885, 494.95383814980846, 0.4570763702737814, 0.0
2.5, 43.5, 249.69202348985834, 0.9998658050950651, 972.4053957767813, 442.92248650245097, 0.4554915968443733, 0.0
2.5, 44.5, 249.55882884236456, 0.9998655301417047, 987.4885112751084, 400.3830016339629, 0.4054558580301484, 0.0
2.5, 45.5, 249.44342493252907, 0.999865254167192, 677.4446170466483, 1.9997981411681987, 0.002951972885822627, 0.0
3.5, -44.5, 249.56314988091071, 0.9998649771712728, 795.937782165338, 355.18009615805573, 0.4462410305385844, 0.0
3.5, -43.5, 249.68284451879796, 0.9999910370275961, 968.5192070779802, 454.6800984129824, 0.46945904127678684, 0.0
3.5, -42.5, 249.81938200819417, 0.9998644201141922, 1067.0315903133376, 497.1386949196212, 0.4659081318985454, 0.0
3.5, -41.5, 249.95260273061518, 0.999864140052517, 999.9161623599937, 452.96216530229935, 0.45300014376527514, 0.0
3.5, -40.5, 250.0763244092971, 0.9998638589684078, 985.4526673885855, 467.6156183319244, 0.47451859821039316, 0.0
3.5, -39.5, 250.1969960865752, 0.9998635768616052, 979.8441060809179, 506.40966039520225, 0.5168267658624685, 0.0
3.5, -38.5, 250.31462100840767, 0.9998632937318491, 992.8201642305617, 481.86675255970323, 0.48535149659571153, 0.0
3.5, -37.5, 250.42920233447668, 0.9998630095788782, 986.676236186135, 485.9321692167924, 0.4924940435325555, 0.0, (-904.3014042852425, 577.860762828035, 3489.9999999999995), (-44.599999999999994, 28.500000000001044, 263.5096302558221)
3.5, -36.5, 250.54074313861145, 0.9998627244024301, 986.9751836229703, 304.74493986872557, 0.3087665677166, 0.0
3.5, -35.5, 250.6492464091988, 0.9998624382022417, 982.3494216777386, 323.57986327603487, 0.3293938553182004, 0.0
3.5, -34.5, 250.75471504958153, 0.9998621509780489, 979.2793739625745, 379.650305541807, 0.3876833472000772, 0.0
3.5, -33.5, 250.85715187844428, 0.9998618627295863, 964.3673220041933, 395.58404946962, 0.4102005951917769, 0.0
3.5, -32.5, 250.95655963018802, 0.9998615734565879, 987.8170564807294, 403.38487244380394, 0.40835989801687866, 0.0
3.5, -31.5, 251.05294095529214, 0.9998612831587865, 984.770496372077, 448.35480826068664, 0.4552886280736869, 0.0
3.5, -30.5, 251.1462984206651, 0.9998609918359141, 974.9833784056761, 445.5702548160822, 0.4570029240341439, 0.0
3.5, -29.5, 251.2366345099829, 0.9998606994877015, 982.259567715581, 527.7124348483667, 0.5372433643743024, 0.0
3.5, -28.5, 251.32395162401696, 0.9998604061138786, 974.0995337660808, 616.2998579475789, 0.6326867394801325, 0.0, (-904.9121483575534, 596.5115955541038, 3490.0000000000005), (-44.599999999999994, 29.400000000001057, 263.4336463668903)
3.5, -27.5, 251.40825208094927, 0.19205513533640173, 992.2315334653781, 631.335381391804, 0.6362782879786729, 0.0, (-3500.0, 1877.5681969937923, 878.8217454163067)
3.5, -26.5, 251.48953811667732, 0.9998598162883168, 980.5187201256822, 644.9466694075384, 0.6577606894898137, 0.0
3.5, -25.5, 251.56781188510698, 0.9998595198360327, 995.8219432992669, 690.9047824715943, 0.6938035329715183, 0.0
3.5, -24.5, 251.64307545843457, 0.9998592223570483, 999.9704064381673, 659.9804970461258, 0.6600000287977876, 0.0
3.5, -23.5, 251.71533082741777, 0.9998589238510883, 996.4268346836795, 654.1453891463584, 0.6564911405201366, 0.0
3.5, -22.5, 251.78457990163548, 0.9998586243178769, 994.2542633890378, 699.9779099937116, 0.7040230409550882, 0.0
3.5, -21.5, 251.85403163163414, 0.9998583237571371, 1073.8299683156972, 717.2210670937324, 0.6679093415680081, 0.0
3.5, -20.5, 251.92022550406807, 0.9998580221685909, 995.9541028714787, 561.9757811423094, 0.5642587138524281, 0.0
3.5, -19.5, 251.9801663268971, 0.9998577195519592, 996.6024350775596, 559.1320404213226, 0.5610382041438707, 0.0
3.5, -18.5, 252.0371078406227, 0.9998574159069623, 982.8684469857321, 560.1296354786347, 0.5698927839187881, 0.0
3.5, -17.5, 252.0910515444541, 0.9998571112333191, 997.4689271342211, 532.9855047467635, 0.5343379530408611, 0.0
3.5, -16.5, 252.14199885777262, 0.9998568055307477, 984.7320655840355, 545.8182370303784, 0.5542809624125103, 0.0
3.5, -15.5, 252.18995112031536, 0.9998564987989652, 990.9487322952759, 562.0984052851151, 0.5672325792103894, 0.0
3.5, -14.5, 252.2349095923484, 0.9998561910376877, 992.1021896691675, 574.2296424001013, 0.5788009021445537, 0.0
3.5, -13.5, 252.2768754548299, 0.9998558822466302, 966.2920572599239, 563.7623657883122, 0.5834285416636361, 0.0
3.5, -12.5, 252.3158498095621, 0.9998555724255069, 988.9703814063224, 560.6410808020748, 0.566893702119612, 0.0
3.5, -11.5, 252.35183367933362, 0.9998552615740309, 996.1011561292823, 553.6845025500353, 0.555851681471368, 0.0
3.5, -10.5, 252.3848280080513, 0.9998549496919142, 973.24051490431, 555.8850143017203, 0.571169208216096, 0.0
3.5, -9.5, 252.4148336608617, 0.9998546367788681, 999.995017881727, 610.9969550451968, 0.6109999991194572, 0.0
3.5, -8.5, 252.44185142426247, 0.9998543228346026, 995.3172590110022, 587.892801125637, 0.5906587028439526, 0.0
3.5, -7.5, 252.4658820062034, 0.9998540078588267, 985.6707665567491, 591.1842201504459, 0.5997785875456508, 0.0
3.5, -6.5, 252.48692603617758, 0.9998536918512488, 994.2794383251685, 560.1497942061956, 0.5633726019213973, 0.0
3.5, -5.5, 252.50498406530212, 0.9998533748115759, 992.0083257308015, 577.7778445644736, 0.582432455028874, 0.0, (-906.5645123325643, 644.3519067476072, 3490.0), (-44.599999999999994, 31.70000000000109, 263.2286493874042)
3.5, -4.5, 252.52005656638914, 0.999853056739514, 974.0516817531345, 577.5626162548516, 0.5929486361702418, 0.0
3.5, -3.5, 252.53214393400629, 0.9998527376347683, 985.6950089969183, 552.2703778163487, 0.5602852533243123, 0.0
3.5, -2.5, 252.54124648452736, 0.999852417497043, 983.6848454728616, 593.3060857322397, 0.6031465143158069, 0.0
3.5, -1.5, 252.54736445617317, 0.9998520963260412, 987.8609328236323, 595.3452041270824, 0.602660945833124, 0.0
3.5, -0.5, 252.55049800904177, 0.9998517741214651, 957.6979529682958, 537.6464385355526, 0.5613945783941247, 0.0
3.5, 0.5, 252.55055023463342, 0.9998514508830156, 1070.9582176274982, 641.0237150713806, 0.5985515630025653, 0.0
3.5, 1.5, 252.54736445617317, 0.999851126610393, 976.9527988674074, 560.4481941325586, 0.5736696745045334, 0.0
3.5, 2.5, 252.54124648452736, 0.9998508013032963, 990.1682995428309, 529.4454724918372, 0.5347025073780757, 0.0
3.5, 3.5, 252.53214393400623, 0.9998504749614238, 987.8726511866885, 567.3290034869962, 0.5742936630602016, 0.0
3.5, 4.5, 252.52005656638914, 0.9998501475844723, 992.688737859078, 584.9711822317104, 0.5892795595659843, 0.0
3.5, 5.5, 252.50498406530212, 0.9998498191721382, 964.0935334430342, 545.4539736093121, 0.56576872957684, 0.0
3.5, 6.5, 252.48692603617758, 0.9998494897241164, 968.6399755034871, 571.4035531494048, 0.589902923273837, 0.0
3.5, 7.5, 252.4658820062034, 0.9998491592401011, 994.8045542733638, 600.7454645497587, 0.6038829054100601, 0.0
3.5, 8.5, 252.4418514242624, 0.9998488277197852, 974.7911564773826, 570.5785312642223, 0.585334127697804, 0.0
3.5, 9.5, 252.4148336608617, 0.999848495162861, 995.5726676002729, 562.785995793158, 0.5652887168444436, 0.0
3.5, 10.5, 252.38482800805127, 0.9998481615690195, 987.4409730716682, 589.0214115455003, 0.5965130348128154, 0.0
3.5, 11.5, 252.35183367933354, 0.9998478269379506, 992.8656547130905, 559.7028892391605, 0.5637246958662282, 0.0
3.5, 12.5, 252.31584980956202, 0.9998474912693435, 993.7297288179017, 552.4482414010256, 0.5559340989608859, 0.0
3.5, 13.5, 252.27687545482985, 0.9998471545628861, 986.4072248909316, 558.4729366031934, 0.566168740973024, 0.0
3.5, 14.5, 252.23490959234837, 0.9998468168182655, 972.6132950595787, 578.0702435487881, 0.5943474621261244, 0.0
3.5, 15.5, 252.18995112031527, 0.9998464780351676, 997.28555296558, 580.1013250845938, 0.5816802653558697, 0.0
3.5, 16.5, 252.14199885777256, 0.9998461382132775, 970.7750897022753, 539.6589513204228, 0.5559052318554337, 0.0
3.5, 17.5, 252.09105154445405, 0.9998457973522791, 979.3307010270291, 513.9175454796011, 0.5247640505302786, 0.0
3.5, 18.5, 252.03710784062264, 0.9998454554518554, 997.6849755295107, 549.6117695897497, 0.5508870866758809, 0.0
3.5, 19.5, 251.980166326897, 0.9998451125116883, 988.2748103850884, 561.5746624120734, 0.5682373531237246, 0.0
3.5, 20.5, 251.92022550406801, 0.9998447685314588, 982.2528297421779, 565.7228123841392, 0.5759441920189023, 0.0
3.5, 21.5, 251.8540316316341, 0.9998444235108467, 1090.6535793127866, 712.324949369401, 0.6531175094279085, 0.0
3.5, 22.5, 251.7845799016354, 0.9998440774495309, 988.843229894337, 677.3883798804312, 0.6850311145405866, 0.0
3.5, 23.5, 251.71533082741772, 0.9998437303471893, 999.0725587463605, 623.3029354177924, 0.6238815489036301, 0.0
3.5, 24.5, 251.64307545843448, 0.9998433822034988, 986.334039997452, 663.11626181033, 0.6723039405717388, 0.0
3.5, 25.5, 251.5678118851069, 0.999843033018135, 979.2409877271839, 664.9488969968733, 0.6790452047357802, 0.0
3.5, 26.5, 251.4895381166772, 0.999842682790773, 982.1094591522117, 655.3532309106176, 0.6672914355965368, 0.0
3.5, 27.5, 251.40825208094918, 0.9998423315210865, 982.8236405659022, 643.4741920926733, 0.6547198963612291, 0.0
3.5, 28.5, 251.32395162401684, 0.9998419792087481, 968.0731419076811, 643.8635769709012, 0.6650980686253791, 0.0
3.5, 29.5, 251.2366345099828, 0.9998416258534296, 964.1416486777784, 456.2834241991484, 0.4732535150046618, 0.0
3.5, 30.5, 251.14629842066495, 0.9998412714548018, 969.926864970253, 453.7243184746728, 0.4677922994622778, 0.0
3.5, 31.5, 251.05294095529203, 0.9998409160125344, 976.168585146894, 426.0848542916825, 0.43648695601852955, 0.0
3.5, 32.5, 250.9565596301879, 0.999840559526296, 989.0391112954912, 415.31039070454057, 0.41991301047796475, 0.0
3.5, 33.5, 250.85715187844417, 0.9998402019957542, 987.7142683097796, 407.5229499127274, 0.4125919438321963, 0.0
3.5, 34.5, 250.7547150495814, 0.9998398434205755, 981.0306445481237, 340.4154905004626, 0.34699781540184477, 0.0
3.5, 35.5, 250.64924640919867, 0.9998394838004258, 984.045634792248, 325.65279531153124, 0.33093261511218747, 0.0
3.5, 36.5, 250.54074313861128, 0.9998391231349694, 993.6983401314142, 327.4838641779772, 0.32956064325786055, 0.0
3.5, 37.5, 250.42920233447654, 0.9998387614238697, 991.5816054495064, 473.6472169045915, 0.4776684181125733, 0.0
3.5, 38.5, 250.31462100840753, 0.9998383986667895, 961.9084395454319, 449.0617334282949, 0.46684457165227444, 0.0
3.5, 39.5, 250.19699608657504, 0.9998380348633901, 972.9621416959891, 471.406914473829, 0.48450694458893384, 0.0
3.5, 40.5, 250.07632440929692, 0.9998376700133319, 981.0183938471171, 458.5674906412663, 0.46744025750931023, 0.0
3.5, 41.5, 249.95260273061504, 0.9998373041162743, 974.5409397071118, 447.7248109125286, 0.4594212440650135, 0.0
3.5, 42.5, 249.819382008194, 0.9998369371718757, 1065.565263994975, 479.9144341789683, 0.4503848336606733, 0.0
3.5, 43.5, 249.68284451879782, 0.9998365691797934, 976.8885816707029, 447.1126612125794, 0.4576905387182584, 0.0
3.5, 44.5, 249.54964626835826, 0.9998362001396836, 979.3259630190753, 360.6544379572005, 0.36826802471913606, 0.0
3.5, 45.5, 249.434083836741, 0.9998358300512016, 676.1945012745641, 1.9997961124573986, 0.0029574273506926896, 0.0
4.5, -44.5, 249.55095672813368, 0.9998354589140016, 788.7239604146994, 353.84307030862965, 0.4486272613330831, 0.0
4.5, -43.5, 249.67065566541154, 0.9998350867277368, 979.5284169172468, 441.88756828564266, 0.4511227654592634, 0.0
4.5, -42.5, 249.80719805563248, 0.9998347134920593, 1063.3118526220458, 490.8718867518396, 0.461644329028579, 0.0
4.5, -41.5, 249.9404235562032, 0.9998343392066203, 982.6955410574043, 457.1221626220686, 0.46517170733286733, 0.0
4.5, -40.5, 250.06414966905638, 0.9998339638710697, 991.942957869375, 461.3788556503179, 0.4651263986402281, 0.0
4.5, -39.5, 250.18482566817826, 0.9998335874850566, 993.1489870335482, 451.02234434308633, 0.4541336196598778, 0.0
4.5, -38.5, 250.30245479987178, 0.9998332100482289, 981.4526061902102, 467.7002092588285, 0.4765387613308614, 0.0
4.5, -37.5, 250.4170402241543, 0.9998328315602336, 997.7803859726922, 469.5372804138839, 0.47058179035675535, 0.0
4.5, -36.5, 250.52858501518102, 0.9998324520207165, 999.7039771027944, 325.88644337146815, 0.32598294178633536, 0.0
4.5, -35.5, 250.63709216165512, 0.9998320714293225, 985.2352153365912, 293.865454454506, 0.298269336986814, 0.0
4.5, -34.5, 250.7425645672265, 0.9998316897856954, 961.5095502889961, 341.7796091393556, 0.3554614814139169, 0.0
4.5, -33.5, 250.84500505087775, 0.9998313070894778, 967.1988021077157, 389.7517022920088, 0.40296958747536027, 0.0
4.5, -32.5, 250.94441634729844, 0.9998309233403115, 974.4584406921948, 433.2666332317341, 0.44462299790226906, 0.0
4.5, -31.5, 251.0408011072476, 0.9998305385378372, 994.5449820139489, 458.2743329860624, 0.4607879394837014, 0.0
4.5, -30.5, 251.13416189790416, 0.9998301526816944, 993.8750292335186, 510.3289534922264, 0.5134739665265508, 0.0
4.5, -29.5, 251.22450120320573, 0.9999887846120129, 992.9620462444813, 480.082761507666, 0.48348551016970376, 0.0
4.5, -28.5, 251.31182142417612, 0.9998293778069567, 998.6458442983599, 649.1836201886024, 0.6500639079359644, 0.0
4.5, -27.5, 251.39612487924117, 0.9998289887876356, 980.2435174916618, 616.085016867674, 0.628502005750744, 0.0
4.5, -26.5, 251.47741380453314, 0.999828598713194, 979.7091190084365, 642.45262905734, 0.6557585477080853, 0.0
4.5, -25.5, 251.55569035418398, 0.9998282075832661, 983.6846865961868, 652.1625438925631, 0.6629792582714901, 0.0
4.5, -24.5, 251.6309566006073, 0.9998278153974852, 976.0791315879844, 646.1708568647964, 0.662006630357459, 0.0
4.5, -23.5, 251.70321453476947, 0.9998274221554836, 979.9299346139417, 655.9603431810519, 0.6693951475617259, 0.0
4.5, -22.5, 251.77246606644934, 0.9998270278568925, 986.0343104263336, 647.698945196488, 0.6568726243577073, 0.0
4.5, -21.5, 251.84192026012323, 0.999826632501342, 1079.5055373453997, 710.9013316306067, 0.6585434785066285, 0.0
4.5, -20.5, 251.90811647977526, 0.999826236088461, 975.9845085184704, 580.4772011259978, 0.5947606709528139, 0.0
4.5, -19.5, 251.96805942732263, 0.9998258386178775, 986.601122310609, 539.7498723854789, 0.5470801321626217, 0.0
4.5, -18.5, 252.0250029587803, 0.9998254400892188, 996.878868526048, 570.8173827722007, 0.5726045568767972, 0.0
4.5, -17.5, 252.07894857351403, 0.9998250405021105, 987.6146496043834, 541.0077729881199, 0.5477923734776875, 0.0
4.5, -16.5, 252.1298976910532, 0.9998246398561774, 983.3458577191022, 553.6476821663111, 0.5630243701341379, 0.0
4.5, -15.5, 252.1778516512747, 0.9998242381510434, 997.3262076392728, 543.6625243591079, 0.5451200622171433, 0.0
4.5, -14.5, 252.222811714576, 0.9998238353863309, 981.6841264258359, 563.8167636498433, 0.574336233491536, 0.0
4.5, -13.5, 252.26477906203837, 0.9998234315616619, 973.9502600363138, 547.3602327974174, 0.5620001916494268, 0.0
4.5, -12.5, 252.30375479557875, 0.9998230266766568, 980.1001104471356, 556.2657921796875, 0.5675601770169285, 0.0
4.5, -11.5, 252.33973993809235, 0.999822620730935, 985.7842106177371, 577.8914732225194, 0.5862251261464072, 0.0
4.5, -10.5, 252.37273543358424, 0.9998222137241151, 992.3074111249282, 578.3845387853983, 0.5828683050242598, 0.0
4.5, -9.5, 252.40274214729106, 0.9998218056558144, 975.767219838301, 578.8406584333386, 0.5932159296448399, 0.0
4.5, -8.5, 252.4297608657922, 0.999821396525649, 991.9586805074646, 573.75959209193, 0.5784107779553953, 0.0
4.5, -7.5, 252.45379229711114, 0.9998209863332345, 991.627816301944, 591.372651032374, 0.5963655328243687, 0.0
4.5, -6.5, 252.47483707080642, 0.9998205750781848, 974.1081213465795, 557.6407304719543, 0.5724628696258969, 0.0, (-914.3288617113445, 834.3763379294359, 3489.9999999999995), (-44.599999999999994, 40.70000000000122, 262.27652613024514)
4.5, -5.5, 252.49289573805245, 0.999820162760113, 973.8524915122315, 541.3452877483119, 0.5558801691904001, 0.0
4.5, -4.5, 252.50796877171047, 0.9998197493786312, 990.4144590842516, 570.0086573046981, 0.5755253793767657, 0.0
4.5, -3.5, 252.52005656638914, 0.9998193349333502, 988.7771748989064, 560.5348199728213, 0.5668970059206019, 0.0
4.5, -2.5, 252.5291594384952, 0.9998189194238799, 968.5594640294848, 561.866261949709, 0.5801050764732445, 0.0
4.5, -1.5, 252.53527762627414, 0.9998185028498293, 954.431301190845, 535.3462348615353, 0.5609059910268903, 0.0
4.5, -0.5, 252.5384112898407, 0.9998180852108058, 979.6192535308219, 550.6444460576803, 0.5621004732940922, 0.0
4.5, 0.5, 252.53846351727728, 0.9998176665064162, 1056.950952230434, 597.9755151236485, 0.5657552167976847, 0.0
4.5, 1.5, 252.53527762627414, 0.9390501753749015, 971.2877032067561, 565.8121444901577, 0.5825381528275299, 0.0, (1200.8940140127663, 45.941805034074, 3500.0)
4.5, 2.5, 252.52915943849518, 0.9998168258999599, 982.4486793216622, 572.2798655527095, 0.5825035725508264, 0.0
4.5, 3.5, 252.52005656638914, 0.8047688722909626, 964.5919188041369, 544.6672830671787, 0.5646608399357479, 0.0, (-144.65310330637143, 3.4367734212699648, 219.38042199409156), (-144.65310330637143, 3.4367734212699648, 219.38042199409156)
4.5, 4.5, 252.50796877171047, 0.9998159810272917, 983.0474721505523, 569.1053580207198, 0.5789195070872042, 0.0
4.5, 5.5, 252.49289573805243, 0.9998155569901334, 991.4019079525377, 568.8412090297447, 0.5737745756456395, 0.0
4.5, 6.5, 252.4748370708064, 0.9998151318852259, 978.8229230590102, 572.9480412324694, 0.585343914343461, 0.0
4.5, 7.5, 252.4537922971111, 0.9998147057121686, 999.9963009150744, 582.997830277224, 0.582999986843687, 0.0
4.5, 8.5, 252.42976086579216, 0.9998142784705593, 986.8848122367127, 557.5469508106307, 0.5649564608730632, 0.0
4.5, 9.5, 252.40274214729104, 0.999813850159995, 951.40635043629, 544.1250647734306, 0.5719165785722463, 0.0
4.5, 10.5, 252.3727354335842, 0.9998134207800714, 990.8612311123638, 554.4302363532014, 0.5595437776193798, 0.0
4.5, 11.5, 252.3397399380923, 0.9998129903303834, 994.5929071957171, 576.336001416148, 0.5794692454032713, 0.0
4.5, 12.5, 252.30375479557867, 0.9998125588105244, 990.0206199409101, 560.5517413790217, 0.5662020871974146, 0.0, (-916.2407280603738, 875.1536998962571, 3490.0), (-44.599999999999994, 42.600000000001245, 262.0448599824003)
4.5, 13.5, 252.26477906203831, 0.9998121262200872, 995.3582985860778, 567.8760374068319, 0.5705242405810137, 0.0
4.5, 14.5, 252.22281171457598, 0.9998116925586631, 995.7688947804063, 575.6239268875788, 0.5780698010400489, 0.0
4.5, 15.5, 252.1778516512746, 0.9998112578258425, 970.5994291957461, 539.4640861801544, 0.5558050725696004, 0.0
4.5, 16.5, 252.12989769105312, 0.9998108220212145, 987.4754850778645, 565.818134667586, 0.5729946142642418, 0.0
4.5, 17.5, 252.07894857351394, 0.9998103851443676, 960.8007841828729, 534.5370033694978, 0.556345302969442, 0.0
4.5, 18.5, 252.029713743971, 0.9998099471948887, 979.3555858969142, 565.1421482965804, 0.5770551130098589, 0.0
4.5, 19.5, 251.96805942732254, 0.9998095081723638, 994.5866944797187, 540.1163191708754, 0.5430560474704694, 0.0
4.5, 20.5, 251.9081164797752, 0.9998090680763777, 982.9721714885325, 580.4317228616748, 0.5904864244353089, 0.0
4.5, 21.5, 251.84192026012315, 0.9998086269065144, 1087.8378493878397, 735.0236715554935, 0.6756739269268065, 0.0
4.5, 22.5, 251.77246606644923, 0.9998081846623565, 971.0503034771981, 646.8563186908887, 0.6661408954557604, 0.0
4.5, 23.5, 251.7032145347694, 0.9998077413434855, 982.2974196222879, 635.1447791120629, 0.6465911102121068, 0.0
4.5, 24.5, 251.6309566006072, 0.999807296949482, 980.7354346167454, 672.5066961198595, 0.6857167309170017, 0.0
4.5, 25.5, 251.55569035418387, 0.9998068514799254, 985.5064723133997, 661.4104118849626, 0.6711375627319354, 0.14491376746189438
4.5, 26.5, 251.47741380453303, 0.999806404934394, 992.6155594641657, 668.566821244873, 0.6735405413207296, 0.15491933384829668
4.5, 27.5, 251.39612487924106, 0.9998059573124648, 979.89819525799, 637.9982348170547, 0.6510862433511075, 0.12649110640673517
4.5, 28.5, 251.311821424176, 0.9998055086137142, 998.2211548852572, 629.7576133722214, 0.6308798509130077, 0.14491376746189438
4.5, 29.5, 251.22450120320562, 0.9998050588377169, 979.1894055799744, 508.3378950552539, 0.5191415390714579, 0.15491933384829668
4.5, 30.5, 251.13416189790402, 0.9998046079840469, 983.2413249877783, 436.22719670925494, 0.44366239052724643, 0.12649110640673517
4.5, 31.5, 251.0408011072475, 0.9998041560522769, 978.9700179652452, 438.9986237655863, 0.44842907924599107, 0.15811388300841897
4.5, 32.5, 250.94441634729833, 0.9998037030419786, 990.6418620469179, 417.8274842859759, 0.42177450831992713, 0.15811388300841897
4.5, 33.5, 250.8450050508776, 0.5632897994121387, 987.8621699272439, 393.80355162862264, 0.3986422029478326, 0.1264911064067352, (-3500.0, 1727.7177966712293, -2529.7770287414037)
4.5, 34.5, 250.74256456722637, 0.9998027937840781, 972.1117765701072, 374.3510122444774, 0.38509050221086355, 0.15491933384829668
4.5, 35.5, 250.63709216165498, 0.9998023375356138, 981.94964680135, 315.27561257486974, 0.3210710585841786, 0.15491933384829668
4.5, 36.5, 250.52858501518088, 0.9998018802068965, 975.7111314540564, 323.64747132183635, 0.33170419080852315, 0.15811388300841897
4.5, 37.5, 250.41704022415416, 0.9998014217974925, 972.0373771195334, 459.8891883407392, 0.47311883181235503, 0.15491933384829668
4.5, 38.5, 250.30700568082236, 0.9998009623069669, 982.7956966050198, 473.861513832739, 0.48215668370308434, 0.15491933384829668
4.5, 39.5, 250.18482566817812, 0.9998005017348833, 985.5985358135504, 478.84664298744707, 0.48584350076391797, 0.15811388300841897
4.5, 40.5, 250.06414966905623, 0.6485039146518391, 979.6396187670454, 454.1016782696472, 0.46353951960535283, 0.15491933384829668, (126.41764308921921, 67.41732090049136, 220.06538286652594), (126.41764308921921, 67.41732090049136, 220.06538286652594)
4.5, 41.5, 249.94042355620306, 0.9997995773442925, 980.5864933955211, 455.53910826532723, 0.46455780426661947, 0.15491933384829668
4.5, 42.5, 249.80719805563234, 0.9997991135249074, 1088.8429612326486, 540.3361759337862, 0.49624803132500095, 0.15491933384829668
4.5, 43.5, 249.67065566541135, 0.9997986486222087, 993.0296068514068, 417.17182313920625, 0.42010008589968484, 0.15811388300841897
4.5, 44.5, 249.5374526302895, 0.9997981826357546, 971.4463845281875, 350.5314351735423, 0.36083456663826957, 0.14491376746189438
4.5, 45.5, 249.4218860446251, 0.9997977155651023, 698.6268756222117, 2.9057741799302454, 0.004159264811194534, 0.15811388300841897
5.5, -44.5, 249.5357523065682, 0.9998023334662257, 794.2178415109842, 299.97981127250745, 0.3777046996348025, 0.12649110640673517
5.5, -43.5, 249.65545660545052, 0.9998027907324575, 962.7400662707438, 448.13509507459, 0.46547880448196133, 0.15811388300841897
5.5, -42.5, 249.79200510730095, 0.9998032469185882, 1085.8304329738046, 513.1366817779406, 0.4725753360702866, 0.15491933384829668
5.5, -41.5, 249.92523656651716, 0.9998037020250509, 972.2506804348903, 454.42544418388064, 0.46739534703191454, 0.15491933384829668
5.5, -40.5, 250.0489682090533, 0.9998041560522769, 986.6035159185774, 473.39953064673034, 0.4798275325483425, 0.1264911064067352, (-916.1919850660714, -918.2508434594782, 3490.0), (-44.49999999999999, -44.599999999999994, 261.8024574245539)
5.5, -39.5, 250.16964959777837, 0.9998046090006968, 972.3332367249965, 483.28227888735074, 0.49703358954913185, 0.1264911064067352
5.5, -38.5, 250.2872839794253, 0.9998050608707401, 992.0543462280443, 446.27758976195753, 0.44985195766620967, 0.15491933384829668
5.5, -37.5, 250.40187451442972, 0.9998055116628347, 978.7644194291724, 475.0560027907809, 0.4853629671865672, 0.1264911064067352
5.5, -36.5, 250.51342427735307, 0.9998059613774081, 983.0323440405159, 363.27931142423535, 0.3695497036557962, 0.15811388300841897
5.5, -35.5, 250.62193625729327, 0.9998064100148862, 989.879463194314, 301.8341015190344, 0.3049200561702977, 0.15491933384829668
5.5, -34.5, 250.7274133582832, 0.737770630714076, 999.9419181998486, 376.9781869808409, 0.37700008382436667, 0.15811388300841897, (-2998.3990595653386, -1527.7848039429398, -3500.0)
5.5, -33.5, 250.82985839967688, 0.9998073040602552, 980.1102521736395, 397.2144440942048, 0.4052752669541844, 0.0
5.5, -32.5, 250.9292741165241, 0.9992839173513939, 986.1009352003675, 440.78278558145803, 0.4469956064810897, 0.0, (-55.835683316284594, -32.222709613003175, 246.250938118582), (-55.835683316284594, -32.222709613003175, 246.250938118582)
5.5, -31.5, 251.02566315993244, 0.9998081938023279, 992.3397116325057, 452.38051979881055, 0.45587263564671404, 0.0
5.5, -30.5, 251.11902809741815, 0.9998086370606815, 984.7602278101622, 485.24901730172564, 0.49275854527633284, 0.0
5.5, -29.5, 251.20937141324512, 0.9998090792444728, 995.3248734943838, 492.62900222704116, 0.4949429230051497, 0.0
5.5, -28.5, 251.2966955087521, 0.9998095203541202, 978.0945968874331, 625.4489917738434, 0.6394565451687338, 0.0
5.5, -27.5, 251.3810027026688, 0.999809960390041, 999.0838010468774, 635.3872760080255, 0.6359699510113596, 0.0
5.5, -26.5, 251.4622952314204, 0.9998103993526511, 985.5776700736434, 634.3341059459907, 0.6436165562665321, 0.0
5.5, -25.5, 251.54057524942075, 0.9998108372423657, 987.5930354267896, 669.2102526647968, 0.6776174280892906, 0.0
5.5, -24.5, 251.6158448293546, 0.9998112740595987, 989.533370604354, 665.6771617130571, 0.6727182543692257, 0.0
5.5, -23.5, 251.6881059624484, 0.9998117098047629, 981.7113832162613, 649.6976136509307, 0.6618010392447582, 0.0
5.5, -22.5, 251.75736055873048, 0.9998121444782699, 985.5045658936008, 661.3008801237371, 0.6710277181964207, 0.0
5.5, -21.5, 251.82681782475444, 0.9998125780805306, 1091.4131840775456, 751.9895075158029, 0.6890053359135284, 0.0
5.5, -20.5, 251.89301697152752, 0.9998130106119545, 987.5907239490484, 612.7458788975846, 0.620445154089152, 0.0
5.5, -19.5, 251.95296256872535, 0.9998134420729499, 973.561500616451, 547.5495719641011, 0.5624190886938292, 0.0
5.5, -18.5, 252.00990861641512, 0.9998138724639243, 992.2559583950225, 565.4445714300261, 0.5698575721778831, 0.0
5.5, -17.5, 252.06385661415774, 0.999814301785284, 992.6850121883522, 574.5399264548349, 0.578773648640342, 0.0
5.5, -16.5, 252.11480798166735, 0.7802943250359996, 980.2162483952999, 551.6812338603663, 0.5628158426913622, 0.0, (-2077.4494096520502, -1867.701987759082, 3500.0)
5.5, -15.5, 252.16276405899512, 0.9998151572207787, 972.3368702823174, 571.4893027274111, 0.5877482590591052, 0.0
5.5, -14.5, 252.20772610670255, 0.7102133656970008, 987.1087623718522, 591.5387188318215, 0.5992639731111857, 0.0, (-2230.5447087233442, -2883.911667412998, -3500.0)
5.5, -13.5, 252.24969530602414, 0.9998160083826626, 994.0588341419152, 562.8381713347211, 0.5662020717521921, 0.0
5.5, -12.5, 252.28867275902016, 0.9998164323620047, 973.2249508521202, 555.7503995852178, 0.5710400243012913, 0.0
5.5, -11.5, 252.3246594887186, 0.9998168552741469, 987.3116205466189, 570.143598789245, 0.5774707670042296, 0.0
5.5, -10.5, 252.35765643924714, 0.9998172771194879, 980.2202137059793, 615.542974685587, 0.627963967768391, 0.0
5.5, -9.5, 252.38766447595458, 0.9998176978984252, 957.2409656107636, 543.0358511393047, 0.5672927409587228, 0.0
5.5, -8.5, 252.41468438552246, 0.9998181176113554, 967.3687307996927, 543.2927697961698, 0.5616191143030301, 0.0
5.5, -7.5, 252.4387168760661, 0.9998185362586741, 999.9957850845725, 545.9977022557459, 0.5460000035995846, 0.0
5.5, -6.5, 252.4597625772256, 0.9998189538407755, 988.5889059529327, 592.4560161841039, 0.5992946234947037, 0.0
5.5, -5.5, 252.47782204024688, 0.940108727007525, 980.5005681088031, 558.3385372304191, 0.5694423393423899, 0.0, (916.0360382550778, 880.8235666251219, 3500.0); (129.23204557266885, 1163.509348338647, 3500.0)
5.5, -4.5, 252.49289573805245, 0.9998197858108985, 988.252907973761, 573.5229433378728, 0.5803402537046725, 0.0
5.5, -3.5, 252.50498406530212, 0.9998202001997034, 962.3919780548027, 561.752916974424, 0.5837049038062903, 0.0
5.5, -2.5, 252.5140873384437, 0.9998206135248577, 992.6120934222956, 605.783073729537, 0.6102918529240742, 0.0
5.5, -1.5, 252.52020579575338, 0.9998210257867505, 989.4942764368666, 583.1803876895706, 0.5893721687704776, 0.0
5.5, -0.5, 252.5233395973668, 0.9998214369857695, 975.9626557157774, 559.4894592640303, 0.5732693315541844, 0.0
5.5, 0.5, 252.52339182710415, 0.9998218471223017, 1073.0739651756583, 648.6995202719281, 0.6045245167845801, 0.0
5.5, 1.5, 252.52020579575338, 0.9998222561967328, 985.9292715171769, 585.4705692589555, 0.5938261355786874, 0.0
5.5, 2.5, 252.51408733844363, 0.9998226642094474, 985.5749782154088, 571.2454350168849, 0.579606268060138, 0.0
5.5, 3.5, 252.50498406530212, 0.9998230711608294, 990.9189839069346, 576.6055733989812, 0.5818897233410304, 0.0, (-911.6859680340308, -823.5904699992803, 3490.0), (-44.49999999999999, -40.19999999999993, 262.34874421912195)
5.5, 4.5, 252.49289573805243, 0.9998234770512611, 988.9848797937582, 590.2490405970809, 0.5968231189946714, 0.0
5.5, 5.5, 252.47782204024682, 0.999823881881124, 997.2799575958492, 594.2439469508098, 0.5958647242679563, 0.0
5.5, 6.5, 252.45976257722555, 0.9998242856507986, 985.5574156055538, 551.6299138357464, 0.5597136251030181, 0.0
5.5, 7.5, 252.43871687606605, 0.9998246883606644, 977.7415389582887, 535.4060491827508, 0.5475946636707144, 0.0
5.5, 8.5, 252.41468438552246, 0.9998250900110994, 981.5852711050982, 545.1465469854079, 0.5553736012885213, 0.0
5.5, 9.5, 252.38766447595455, 0.9998254906024812, 980.0596208664904, 566.7419937949643, 0.5782729761827106, 0.0
5.5, 10.5, 252.3576564392471, 0.9998258901351855, 972.196986290587, 542.511026369396, 0.5580258260615929, 0.0
5.5, 11.5, 252.32465948871857, 0.9998262886095878, 968.7246012186191, 560.8168649777493, 0.5789229098468882, 0.0
5.5, 12.5, 252.28867275902013, 0.999826686026062, 972.2097462276004, 593.6021294115064, 0.6105700253621408, 0.0
5.5, 13.5, 252.24969530602408, 0.999827082384981, 986.516408083928, 571.0352958865653, 0.5788401401205934, 0.0
5.5, 14.5, 252.2077261067025, 0.9998274776867168, 984.272594757161, 563.3010624042698, 0.5723018860880171, 0.0
5.5, 15.5, 252.1627640589951, 0.9998278719316402, 994.3964847986323, 582.4835245167283, 0.5857658724876552, 0.0
5.5, 16.5, 252.1148079816673, 0.9998282651201212, 993.834180118293, 566.1316679374838, 0.5696439901776159, 0.0
5.5, 17.5, 252.06385661415766, 0.9998286572525285, 991.6522151327721, 577.8247477715912, 0.5826889094320497, 0.0
5.5, 18.5, 252.00990861641506, 0.9998468742194094, 979.0832659159748, 535.6339887108526, 0.5470770539722623, 0.0
5.5, 19.5, 251.95296256872527, 0.9998294383505913, 988.4719929868011, 568.5361956326194, 0.5751667216333675, 0.0, (-910.1761967188147, -789.5011504122734, 3490.0), (-44.49999999999999, -38.59999999999991, 262.5331412886483)
5.5, 20.5, 251.89301697152743, 0.9998298273169792, 982.9658461937573, 593.173396253567, 0.6034527024010594, 0.0, (-910.0840803713313, -787.3761144785658, 3490.0000000000005), (-44.49999999999999, -38.49999999999991, 262.544414247616)
5.5, 21.5, 251.8268178247544, 0.9998302152287577, 1069.8523538197956, 729.4437983963718, 0.681817258046841, 0.0
5.5, 22.5, 251.75736055873037, 0.9998306020862904, 985.7287817519434, 646.5955794580133, 0.6559568833009156, 0.0
5.5, 23.5, 251.6881059624483, 0.9998309878899397, 984.08097870448, 641.5890872625434, 0.6519677761754736, 0.0
5.5, 24.5, 251.6158448293545, 0.9998313726400669, 984.0219852803176, 645.1971575513245, 0.655673518684166, 0.0
5.5, 25.5, 251.54057524942064, 0.9998317563370325, 995.5909791799278, 674.9126756718326, 0.6779015577539291, 0.0
5.5, 26.5, 251.46229523142028, 0.9998321389811956, 993.5899359914087, 634.6527939726286, 0.6387472044383875, 0.0
5.5, 27.5, 251.3810027026687, 0.9998325205729146, 996.2469325757804, 635.6625629425494, 0.638057234765134, 0.0
5.5, 28.5, 251.29669550875198, 0.9998329011125465, 999.4078349570982, 613.7544484120572, 0.6141181076876427, 0.0
5.5, 29.5, 251.20937141324504, 0.9998332806004476, 985.2352393209751, 484.66145349456104, 0.4919246025229366, 0.0
5.5, 30.5, 251.11902809741804, 0.9998336590369729, 991.834062856623, 468.6918907028477, 0.4725507100985708, 0.0
5.5, 31.5, 251.02566315993235, 0.9998340364224765, 994.4045910607371, 481.54633877943974, 0.48425594884449547, 0.0
5.5, 32.5, 250.929274116524, 0.9998344127573113, 970.1893913766814, 421.0368555013071, 0.4339738810211719, 0.0
5.5, 33.5, 250.82985839967677, 0.9998347880418293, 996.9458492723593, 414.46965348443086, 0.4157393842272775, 0.0
5.5, 34.5, 250.72741335828306, 0.7667459200455472, 990.7875534701981, 367.50096460038975, 0.3709180270919136, 0.0, (-2702.885017575702, -1066.1160377997717, 3500.0)
5.5, 35.5, 250.62193625729313, 0.9998355354613179, 976.1608213533149, 324.17595964000367, 0.3320927787191639, 0.0
5.5, 36.5, 250.51342427735293, 0.999835907596987, 990.1017924701367, 384.87363156413477, 0.38872127541951024, 0.0
5.5, 37.5, 250.40187451442958, 0.9998362786837368, 999.9305347141806, 491.9657438721584, 0.491999920787279, 0.0
5.5, 38.5, 250.28728397942515, 0.999836648721914, 979.610375308418, 508.08255744893034, 0.5186577952371798, 0.0
5.5, 39.5, 250.16964959777823, 0.9998370177118644, 985.8362421669862, 446.4481955976672, 0.4528624293790626, 0.0
5.5, 40.5, 250.04896820905316, 0.9998373856539327, 973.4100927032212, 420.7652735046395, 0.4322590002494712, 0.0
5.5, 41.5, 249.92523656651701, 0.9998377525484624, 964.6554624798945, 455.20639296544755, 0.4718849482230917, 0.0
5.5, 42.5, 249.79200510730084, 0.9998381183957962, 1081.4397810323283, 496.92889688098444, 0.45950676643929506, 0.0
5.5, 43.5, 249.65545660545035, 0.9998384831962756, 983.5548381421333, 470.79531875086775, 0.4786670762965971, 0.0
5.5, 44.5, 249.52224760353528, 0.9998388469502413, 989.1871283432766, 312.29815566705383, 0.3157119080088528, 0.0
5.5, 45.5, 249.4066758375182, 0.9998392096580326, 698.4229890441268, 0.9998975443029592, 0.0014316503895031225, 0.0
6.5, -44.5, 249.51753621140477, 0.9998395713199881, 799.9212682078784, 239.976374335977, 0.2999999923412631, 0.0
6.5, -43.5, 249.63724693452502, 0.9998399319364454, 989.6476916104895, 444.76880343303105, 0.44942135186436166, 0.0
6.5, -42.5, 249.77380275928755, 0.9998402915077407, 1095.358745053536, 531.4175897710427, 0.48515392073221586, 0.0
6.5, -41.5, 249.9070413581107, 0.9998406500342093, 977.9386295346573, 451.57528160034127, 0.46176239281520054, 0.0
6.5, -40.5, 250.0307796262732, 0.9998410075161859, 999.7557164285913, 480.8955483894139, 0.4810130519756447, 0.0
6.5, -39.5, 250.1514674727814, 0.9998413639540035, 987.8990401723512, 453.55007917455634, 0.4591056987922864, 0.0
6.5, -38.5, 250.2691081448836, 0.9998417193479945, 983.6092706650508, 482.19690639979774, 0.49023216919638063, 0.0
6.5, -37.5, 250.38370480351645, 0.9998420736984902, 978.4777393913969, 484.8303145902424, 0.4954944758291608, 0.0
6.5, -36.5, 250.49526052372835, 0.9998424270058209, 991.6876993594386, 405.88179456664676, 0.4092838852683342, 0.0
6.5, -35.5, 250.60377829509017, 0.9998427792703158, 982.2281199596217, 272.65399091533266, 0.2775872380099861, 0.0
6.5, -34.5, 250.7092610220937, 0.999986479210209, 995.0521395616732, 387.51036846421863, 0.3894372496248482, 0.0
6.5, -33.5, 250.81171152453825, 0.9998434806721098, 971.4766747362053, 401.0424388080886, 0.4128173627194782, 0.0
6.5, -32.5, 250.91113253790488, 0.9998438298100623, 952.7056760009276, 418.1161941780115, 0.4388723660523299, 0.0
6.5, -31.5, 251.00752671371913, 0.9998441779064856, 982.0861620127149, 460.04144898536, 0.46843287970022723, 0.0
6.5, -30.5, 251.10089661990148, 0.9998445249617038, 996.698626049809, 462.13914594470845, 0.4636698936531026, 0.0
6.5, -29.5, 251.1912447411066, 0.4107126875615064, 993.1593204744266, 469.8166001231594, 0.4730526013678557, 0.0, (-3500.0, -1430.7709151511624, 1790.9068920249601)
6.5, -28.5, 251.27857347905072, 0.9998452159498163, 987.7959623937816, 593.3195758657297, 0.6006499302020885, 0.0
6.5, -27.5, 251.36288515282774, 0.9998455598833539, 945.8641570597538, 597.0574795664555, 0.6312296275423165, 0.0
6.5, -26.5, 251.4441819992138, 0.9998459027769725, 991.7655421066378, 625.7250169150952, 0.6309203035890667, 0.0
6.5, -25.5, 251.5224661729606, 0.9998462446309913, 991.4862773540614, 664.8733307850547, 0.6705824840656139, 0.0
6.5, -24.5, 251.5977397470776, 0.9998465854457282, 981.5472562022843, 643.8961686074545, 0.6560011905068743, 0.0
6.5, -23.5, 251.67000471310322, 0.9998469252215004, 993.1644903505628, 653.3693670653139, 0.6578662179461233, 0.0
6.5, -22.5, 251.7392629813645, 0.9998472639586237, 976.4996727488023, 675.1955912327405, 0.6914447695943364, 0.0
6.5, -21.5, 251.808723928651, 0.9998476016574129, 1059.4481746561487, 736.8440105214302, 0.6954979282120883, 0.0
6.5, -20.5, 251.8749265826742, 0.9998479383181823, 967.8836872816753, 647.4594376206085, 0.6689434341423957, 0.0
6.5, -19.5, 251.93487535465928, 0.9998482739412445, 973.3290338000998, 549.4914492309226, 0.5645485032801107, 0.0
6.5, -18.5, 251.9918244172754, 0.9998486085269116, 984.84186319361, 521.6609000550494, 0.5296900137484266, 0.0
6.5, -17.5, 252.0457752703175, 0.9998489420754945, 983.0235601169618, 553.7667260409448, 0.5633300650241351, 0.0
6.5, -16.5, 252.09672933372102, 0.999849274587303, 993.1492922159781, 559.8901128292705, 0.5637522145134977, 0.0
6.5, -15.5, 252.14468794774604, 0.999849606062646, 971.1505844636712, 535.6110462236162, 0.5515221375471997, 0.0
6.5, -14.5, 252.18965237315032, 0.9998499365018313, 974.3939310931938, 527.3422512949586, 0.5412002625091494, 0.0
6.5, -13.5, 252.2316237913524, 0.9998502659051659, 975.8347103811603, 544.7005478175016, 0.5581893552492532, 0.0
6.5, -12.5, 252.27060330458409, 0.9998505942729556, 998.6470571101943, 583.3227252161884, 0.5841129967419735, 0.0
6.5, -11.5, 252.3065919360325, 0.9998509216055053, 987.9339245667079, 564.929780291933, 0.5718295183958807, 0.0
6.5, -10.5, 252.33959062997212, 0.9998512479031186, 989.7804027404176, 580.6536502874981, 0.5866489664574435, 0.0
6.5, -9.5, 252.36960025188645, 0.9998515731660987, 978.5043775655927, 586.1026273639962, 0.5989780330080411, 0.0
6.5, -8.5, 252.3966215885792, 0.9998518973947471, 993.1351096107921, 579.8811333327253, 0.5838894705474461, 0.0
6.5, -7.5, 252.42065534827572, 0.9998522205893648, 990.4101226352601, 562.2047534774188, 0.5676484323297479, 0.0, (-904.8028960039037, -654.7113090185514, 3489.9999999999995), (-44.49999999999999, -32.19999999999982, 263.19502827435133)
6.5, -6.5, 252.441702160714, 0.9998525427502517, 991.3530961165566, 599.9297541334784, 0.6051625364197608, 0.0
6.5, -5.5, 252.45976257722555, 0.9998528638777064, 994.9165794176786, 610.4578917265845, 0.6135769614814174, 0.0
6.5, -4.5, 252.4748370708064, 0.9998531839720268, 971.9425544880978, 551.5022209066981, 0.5674226510199083, 0.0
6.5, -3.5, 252.4970342882583, 0.9998535030335098, 985.062782691041, 547.4410787411383, 0.5557423225813211, 0.0
6.5, -2.5, 252.49602978983594, 0.9998538210624511, 989.9934735709934, 567.9961411151248, 0.57373725815213, 0.0
6.5, -1.5, 252.5021485700949, 0.9998541380591457, 999.9978388446451, 581.9987416967873, 0.5819999994892028, 0.0
6.5, -0.5, 252.50528253711474, 0.9998544540238871, 981.62366384366, 572.6537870394493, 0.5833740649620831, 0.0
6.5, 0.5, 252.50533476960882, 0.9998547689569683, 1084.1211882429595, 621.5839381655279, 0.5733528178458831, 0.0
6.5, 1.5, 252.50214857009487, 0.9998550828586812, 986.4561960764911, 574.2743970417887, 0.58215904499956, 0.0
6.5, 2.5, 252.49602978983594, 0.9998553957293165, 970.6533808631133, 584.8905250339469, 0.6025740357632683, 0.0
6.5, 3.5, 252.48692603617758, 0.999855707569164, 968.9461139063231, 558.434207084658, 0.5763315411146248, 0.0
6.5, 4.5, 252.4748370708064, 0.9998560183785126, 991.7201496681436, 569.9834603505892, 0.5747422400778296, 0.0
6.5, 5.5, 252.45976257722555, 0.99985632815765, 969.5652918311793, 559.1862940712086, 0.5767391827889133, 0.0
6.5, 6.5, 252.441702160714, 0.9998566369068633, 969.5422379751907, 571.908645539007, 0.5898749153346751, 0.0
6.5, 7.5, 252.4206553482757, 0.999856944626438, 998.1782487203029, 598.7619773746907, 0.5998547635578345, 0.0
6.5, 8.5, 252.39662158857914, 0.9998572513166594, 994.1004645262807, 564.6115466331937, 0.5679622601345915, 0.0
6.5, 9.5, 252.3696002518864, 0.9998575569778109, 977.0937362831544, 529.4316762056322, 0.5418432813002978, 0.0
6.5, 10.5, 252.3395906299721, 0.9998578616101755, 983.6165312282945, 591.7651092391492, 0.6016217605657567, 0.0
6.5, 11.5, 252.30659193603245, 0.9998581652140353, 972.1374600041124, 596.2939344279495, 0.613384381284337, 0.0
6.5, 12.5, 252.27060330458403, 0.9998584677896709, 990.7605602227509, 547.7359561725212, 0.5528439243174705, 0.0
6.5, 13.5, 252.23162379135235, 0.9998587693373623, 973.8701479854955, 559.6944668754763, 0.5747115958254142, 0.0
6.5, 14.5, 252.18965237315027, 0.9998590698573885, 977.1933857315965, 532.5484114902027, 0.5449775031904244, 0.0
6.5, 15.5, 252.14468794774595, 0.9998593693500272, 996.1431106359596, 542.0709544008309, 0.5441697569486386, 0.0
6.5, 16.5, 252.096729333721, 0.9998596678155556, 966.201820892438, 548.4697908182229, 0.5676555135361114, 0.0
6.5, 17.5, 252.04577527031742, 0.9998599652542494, 984.281545441832, 549.7826649612759, 0.5585624027061131, 0.0
6.5, 18.5, 251.99182441727535, 0.9998602616663835, 980.8635354516623, 538.1365318314726, 0.548635475151673, 0.0
6.5, 19.5, 251.9348753546592, 0.9998605570522322, 974.39897214974, 521.7686557696092, 0.5354774283253522, 0.0
6.5, 20.5, 251.87492658267414, 0.9998608514120683, 993.6746406101197, 648.5790305448504, 0.6527076409503826, 0.0
6.5, 21.5, 251.80872392865095, 0.9998611447461636, 1095.0490105374793, 724.100275949654, 0.6612491943116284, 0.0
6.5, 22.5, 251.73926298136445, 0.9998614370547894, 961.0748008034776, 628.8443965633164, 0.6543136871735582, 0.0
6.5, 23.5, 251.6700047131031, 0.9998617283382156, 997.0537003678991, 660.5221504246412, 0.6624739973192192, 0.0
6.5, 24.5, 251.59773974707753, 0.9998620185967113, 982.4573968182422, 659.7163199513845, 0.6714961097426948, 0.0
6.5, 25.5, 251.5224661729605, 0.9998623078305445, 963.3999847528546, 665.938699718554, 0.691238021857962, 0.0
6.5, 26.5, 251.4441819992137, 0.9998625960399824, 983.4794736164316, 647.3760506005057, 0.6582506986342959, 0.0
6.5, 27.5, 251.36288515282763, 0.9998628832252909, 990.9786742522531, 640.1183857160631, 0.6459456720388731, 0.0
6.5, 28.5, 251.2785734790506, 0.9998631693867354, 989.7966407534917, 558.3923483256484, 0.5641485587388609, 0.0
6.5, 29.5, 251.19124474110646, 0.9998634545245797, 980.6726288445221, 500.7151639421596, 0.5105833987965255, 0.0
6.5, 30.5, 251.10089661990136, 0.9998637386390872, 959.7182897089104, 442.7965888568598, 0.4613818384050628, 0.0
6.5, 31.5, 251.00752671371902, 0.99986402173052, 979.6806105201093, 460.7185641325438, 0.47027424977610793, 0.0
6.5, 32.5, 250.9111325379048, 0.9998643037991394, 982.9531949490301, 388.6028908638618, 0.3953422124885736, 0.0
6.5, 33.5, 250.8117115245381, 0.9998645848452055, 980.7243743639683, 404.7752477879531, 0.412730893988908, 0.0
6.5, 34.5, 250.70926102209356, 0.9998648648689775, 972.3194718508119, 373.11664760833855, 0.3837387385630675, 0.0
6.5, 35.5, 250.60377829509002, 0.9998651438707139, 970.3734542900714, 332.22114902825933, 0.3423642181878455, 0.0
6.5, 36.5, 250.4952605237282, 0.9998654218506718, 962.5813606473263, 400.83574727657884, 0.4164175244438775, 0.0
6.5, 37.5, 250.3837048035163, 0.9998656988091076, 992.9938999404194, 467.3861214342278, 0.4706837790869324, 0.0
6.5, 38.5, 250.26910814488343, 0.9998659747462767, 987.1517945481194, 461.72514680455265, 0.46773469830535325, 0.0
6.5, 39.5, 250.15146747278126, 0.9998662496624334, 987.8332029494784, 484.45551526971286, 0.4904223848957725, 0.0
6.5, 40.5, 250.03077962627304, 0.9998665235578311, 983.7625433143103, 458.488046293619, 0.46605560397630724, 0.0
6.5, 41.5, 249.90704135811055, 0.9998667964327222, 976.2481304976546, 457.92882598055195, 0.46907011821586486, 0.0
6.5, 42.5, 249.77380275928738, 0.9998670682873584, 1088.2447151037045, 507.83275317187986, 0.46665308466348565, 0.0
6.5, 43.5, 249.63724693452485, 0.9998673391219898, 986.8266335416789, 436.2350002651443, 0.44205839753180903, 0.0
6.5, 44.5, 249.5040307832388, 0.9998676089368662, 987.9971572038869, 237.58576912140435, 0.24047211815243638, 0.0
6.5, 45.5, 249.3884528101578, 0.9998678777322361, 698.44710094386, 0.0, 0.0, 0.0
7.5, -44.5, 249.4963079575566, 0.9998681455083469, 784.8515313637064, 159.52370362778228, 0.20325335079693913, 0.0
7.5, -43.5, 249.61602616805115, 0.9998684122654454, 965.6140039614199, 446.6175481039474, 0.46252182163028316, 0.0, (-901.0110947114542, -540.6066568268674, 3490.0), (-44.49999999999999, -26.69999999999974, 263.6674497136346)
7.5, -42.5, 249.75259052758102, 0.9998686780037772, 1087.2613797695146, 497.8962576826177, 0.4579361200047088, 0.0
7.5, -41.5, 249.88583744753058, 0.9998689427235871, 956.0035586096569, 444.6657090571089, 0.46512976343288814, 0.0
7.5, -40.5, 250.00958343778032, 0.9998692064251185, 986.922918924947, 450.0058299334713, 0.4559685678630928, 0.0
7.5, -39.5, 250.13027881075567, 0.9998694691086142, 986.9673450554434, 472.5827974376161, 0.47882313412412697, 0.0
7.5, -38.5, 250.24792681430554, 0.9998697307743162, 983.9947684280326, 491.86315460283936, 0.4998635870682612, 0.0
7.5, -37.5, 250.3625306099507, 0.9998699914224651, 983.0809171904576, 474.63467426471544, 0.48280326264614276, 0.0
7.5, -36.5, 250.47409327330715, 0.9998702510533009, 978.7650527341523, 431.6994733441775, 0.4410654754562776, 0.0
7.5, -35.5, 250.58261779449694, 0.9998705096670623, 988.229665903122, 342.546480386041, 0.34662638878888047, 0.0
7.5, -34.5, 250.68810707854692, 0.9998707672639872, 981.4013259054381, 350.5797839006175, 0.35722367052762394, 0.0
7.5, -33.5, 250.79056394577526, 0.9998710238443127, 992.2278900145733, 379.29225340351786, 0.38226324539007567, 0.0
7.5, -32.5, 250.88999113216593, 0.9998712794082748, 958.3477615101464, 420.1154130972477, 0.43837470067779755, 0.0
7.5, -31.5, 250.98639128973144, 0.9998715339561084, 978.8278778915379, 433.09897387098886, 0.4424669379093632, 0.0, (-900.2826161341181, -515.8922856498824, 3490.0), (-44.49999999999999, -25.499999999999723, 263.7587235909712)
7.5, -30.5, 251.07976698686352, 0.9998717874880475, 990.1244354776205, 450.02997626760083, 0.45451860406870315, 0.0
7.5, -29.5, 251.1701207086724, 0.9998720400043254, 999.9549955238792, 487.9780731705417, 0.4880000353564798, 0.0
7.5, -28.5, 251.2574548573143, 0.9998722915051742, 985.1264625228023, 535.3526284679017, 0.5434354357885398, 0.0
7.5, -27.5, 251.34177175230755, 0.9998725419908249, 957.6164628855051, 587.5022898504818, 0.6135047930151604, 0.0
7.5, -26.5, 251.42307363083742, 0.9998727914615079, 983.0680245298289, 642.1984832216435, 0.6532594563115683, 0.0
7.5, -25.5, 251.50136264804942, 0.9998730399174524, 999.6226719368021, 684.7363978653619, 0.6849948656513186, 0.0
7.5, -24.5, 251.57664087733158, 0.9998732873588866, 995.0957968016905, 662.7751851143372, 0.6660415884023873, 0.0
7.5, -23.5, 251.64891031058573, 0.999873533786038, 993.7316723180936, 674.2366766179838, 0.6784896722121991, 0.0
7.5, -22.5, 251.71817285848735, 0.999873779199133, 979.6245403427732, 631.5792466347791, 0.6447156238182721, 0.0
7.5, -21.5, 251.78763809623337, 0.9998740235983968, 1081.4850304974889, 742.1059382030925, 0.6861915951455377, 0.0
7.5, -20.5, 251.85384483790688, 0.9998742669840541, 993.5070595386715, 647.5865784327842, 0.6518187990868297, 0.0
7.5, -19.5, 251.91379731006123, 0.9998745093563284, 991.7306571239942, 565.2864528750438, 0.5699999781335459, 0.0
7.5, -18.5, 251.9707498865309, 0.9998747507154422, 994.1980966403208, 564.6656408690515, 0.5679608950944665, 0.0
7.5, -17.5, 252.0247040673835, 0.999874991061617, 984.2837530476075, 547.9837128262201, 0.5567334735837252, 0.0
7.5, -16.5, 252.07566127281245, 0.9998752303950736, 976.6206661227993, 551.0877245074574, 0.5642802201752346, 0.0
7.5, -15.5, 252.12362284332136, 0.9998754687160317, 987.254291302856, 544.2330938100932, 0.5512592840613352, 0.0
7.5, -14.5, 252.1685900398968, 0.26748256617919886, 989.2909803326041, 547.7767204750658, 0.5537063729125486, 0.0, (3500.0, 3049.6627576636624, 1414.5315662088597)
7.5, -13.5, 252.21056404417178, 0.9998759423213261, 960.0576126576184, 550.4679951074078, 0.5733697518252158, 0.0
7.5, -12.5, 252.24954595857795, 0.9998761776060973, 995.3918397546839, 555.07471016981, 0.5576444250403029, 0.0
7.5, -11.5, 252.2855368064881, 0.999876411879239, 993.3742617866225, 596.6552412376212, 0.6006348907857885, 0.0
7.5, -10.5, 252.31853753234776, 0.9998766451409665, 993.872358024333, 601.727136982719, 0.6054370383927982, 0.0
7.5, -9.5, 252.3485490017973, 0.9998768773914936, 981.307824318316, 563.7285626056943, 0.5744665930869337, 0.0
7.5, -8.5, 252.375572001783, 0.9998771086310333, 948.0850283064847, 577.6021584710305, 0.6092303340163185, 0.0
7.5, -7.5, 252.39960724065844, 0.9999564175367098, 975.968947700755, 577.853134872159, 0.5920814757820926, 0.0
7.5, -6.5, 252.4206553482757, 0.9998775680779981, 988.2588359208808, 610.6645493634883, 0.6179196453067459, 0.0
7.5, -5.5, 252.43871687606605, 0.9998777962858446, 990.1287099426221, 553.2646375068147, 0.558780522119065, 0.0
7.5, -4.5, 252.45379229711114, 0.9998780234835464, 978.6218853821508, 542.2888214010693, 0.5541351869412834, 0.0
7.5, -3.5, 252.4658820062034, 0.9998782496713117, 983.0744900384251, 603.4742038685766, 0.6138641679584106, 0.0
7.5, -2.5, 252.47498631989703, 0.999878474849348, 977.072421592141, 586.09438724105, 0.599847436371204, 0.0
7.5, -1.5, 252.48110547654846, 0.9998786990178616, 969.0293679397196, 556.1110493172229, 0.5738846186876525, 0.0
7.5, -0.5, 252.48423963634704, 0.9998789221770581, 981.9379704778197, 584.796702325138, 0.5955536091964859, 0.0
7.5, 0.5, 252.48429187205403, 0.9998791443271418, 1087.4296631891718, 646.7145447985586, 0.5947185061164315, 0.0
7.5, 1.5, 252.48110547654846, 0.9998793654683164, 989.8848167548133, 586.5926767002899, 0.5925868007788468, 0.0
7.5, 2.5, 252.474986319897, 0.9998795856007844, 987.9004231247638, 542.8258959334925, 0.549474302497528, 0.0
7.5, 3.5, 252.4658820062034, 0.9998798047247475, 969.8382174233956, 575.9621556298159, 0.5938744682180039, 0.0
7.5, 4.5, 252.4537922971111, 0.356173500543497, 978.5089482982253, 592.9145187907864, 0.6059367365234157, 0.0, (525.0417102109418, 3500.0, -1251.5999480528355)
7.5, 5.5, 252.43871687606605, 0.9999928063463214, 990.1228307053726, 562.9002590709383, 0.5685155837381539, 0.0
7.5, 6.5, 252.4206553482757, 0.9998804560476101, 969.4225453469161, 568.5847778162599, 0.5865190370756098, 0.0
7.5, 7.5, 252.40658615430556, 0.9998806711395516, 985.815465956402, 582.0996444175763, 0.5904752608571063, 0.0
7.5, 8.5, 252.37557200178296, 0.9998808852239823, 987.3107977443489, 578.3850863926888, 0.5858186578269895, 0.0
7.5, 9.5, 252.34854900179727, 0.9998810983010984, 981.1754003202963, 557.9946080774617, 0.5687001609450352, 0.0
7.5, 10.5, 252.31853753234773, 0.9998813103710948, 993.5636585962637, 558.4004127494455, 0.5620177508689984, 0.0
7.5, 11.5, 252.285536806488, 0.9998815214341658, 992.7146398665562, 594.8023090954695, 0.5991674598205026, 0.0
7.5, 12.5, 252.2495459585779, 0.9998817314905044, 975.5903151268961, 583.2688842250868, 0.5978625199341184, 0.0
7.5, 13.5, 252.21056404417175, 0.999881940540303, 979.3898861668611, 547.4224153360931, 0.558942279339433, 0.0
7.5, 14.5, 252.16859003989677, 0.9998821485837529, 974.7656764451962, 557.5426737150824, 0.5719761037835731, 0.0
7.5, 15.5, 252.12362284332133, 0.9998823556210443, 991.6282795338465, 545.1113462935576, 0.5497133931575736, 0.0
7.5, 16.5, 252.07566127281243, 0.9998825616523669, 997.7484238297862, 565.8731170244914, 0.5671500986715947, 0.0
7.5, 17.5, 252.02470406738342, 0.999882766677909, 999.4192847552874, 572.5956827561433, 0.5729283910069297, 0.0
7.5, 18.5, 251.97074988653085, 0.9998829706978581, 991.6497101882438, 557.1626992820793, 0.5618543459023587, 0.0
7.5, 19.5, 251.91379731006117, 0.999883173712401, 987.1991286315208, 576.219366218263, 0.5836911211794039, 0.0
7.5, 20.5, 251.85384483790676, 0.9998833757217233, 973.4060123622455, 651.2417976796972, 0.6690340817797853, 0.0
7.5, 21.5, 251.78763809623328, 0.9998835767260097, 1072.751135358325, 758.7484853831587, 0.70729217651186, 0.0
7.5, 22.5, 251.71817285848724, 0.9998837767254439, 978.4105007595005, 642.747362129388, 0.6569301552164958, 0.0
7.5, 23.5, 251.64891031058562, 0.999883975720209, 996.6057716275795, 666.6249527523836, 0.6688953362809682, 0.0
7.5, 24.5, 251.57664087733153, 0.999884173710487, 991.8052869682874, 694.9246467371178, 0.7006664068723982, 0.0
7.5, 25.5, 251.50136264804934, 0.9998843706964585, 980.1438009978806, 667.212726087283, 0.6807294250170193, 0.0
7.5, 26.5, 251.4230736308373, 0.9998845666783039, 977.0758491914571, 642.9263446682141, 0.6580106807472972, 0.0
7.5, 27.5, 251.34177175230747, 0.9998847616562023, 999.8786259317758, 652.9332603977568, 0.6530125191838115, 0.0
7.5, 28.5, 251.2574548573142, 0.9998849556303319, 988.0133184400852, 541.4344141835858, 0.5480031534781575, 0.0
7.5, 29.5, 251.1701207086723, 0.9998851486008697, 971.851924682639, 449.5727008567465, 0.46259382673297245, 0.0
7.5, 30.5, 251.0797669868634, 0.9998853405679924, 999.663261773533, 462.8622805584792, 0.4630181964847854, 0.0
7.5, 31.5, 250.98639128973133, 0.9998855315318751, 993.6997475535554, 468.6141597644819, 0.47158526599024414, 0.0
7.5, 32.5, 250.88999113216582, 0.9998857214926924, 979.0646463006603, 414.0880389340452, 0.422942489547195, 0.0, (-896.9821887290626, -384.9968495443768, 3490.0000000000005), (-44.49999999999999, -19.099999999999632, 264.17433641035456)
7.5, 33.5, 250.7905639457751, 0.9998859104506179, 988.6471270889301, 397.3411656468315, 0.40190392988527857, 0.0
7.5, 34.5, 250.68810707854678, 0.9998860984058241, 988.6546874316944, 367.643436127155, 0.3718623304990452, 0.0
7.5, 35.5, 250.5826177944968, 0.08410830108701663, 979.7063578132069, 298.71119240000127, 0.30489869746967, 0.0, (-3500.0, -1759.0398269646657, -216.5792450795912)
7.5, 36.5, 250.474093273307, 0.9998864713087645, 959.3891778498296, 425.76354758609324, 0.4437860645252523, 0.0
7.5, 37.5, 250.36253060995057, 0.9998866562568393, 980.8966461442487, 480.2154664740446, 0.48956785443369233, 0.0
7.5, 38.5, 250.2479268143054, 0.9998868402028759, 967.1260113205376, 477.2351905292281, 0.49345709343252947, 0.0
7.5, 39.5, 250.13027881075547, 0.9998870231470423, 990.9416192482848, 491.22743583970515, 0.4957178367504069, 0.0
7.5, 40.5, 250.00958343778018, 0.9998872050895056, 957.4622850359511, 435.79943658208384, 0.455160943039882, 0.0
7.5, 41.5, 249.88583744753043, 0.9998873860304317, 974.4137839983756, 434.17086578391417, 0.4455713506046195, 0.0
7.5, 42.5, 249.75259052758088, 0.999887565969986, 1086.971601866337, 490.0976646536225, 0.4508835960499076, 0.0
7.5, 43.5, 249.61602616805095, 0.9998877449083325, 984.3162948753243, 432.1421149691171, 0.4390276958930698, 0.0
7.5, 44.5, 249.4828016842565, 0.9998879228456348, 972.3016708841293, 176.25835649503605, 0.1812794956268681, 0.0
7.5, 45.5, 249.3672164769141, 0.9998880997820551, 693.9146818358962, 0.0, 0.0, 0.0
8.5, -44.5, 249.47206697959638, 0.9998882757177548, 792.3366506817084, 92.44045296767825, 0.11666815221553187, 0.0
8.5, -43.5, 249.59179374118764, 0.9998884506528948, 993.8755706213905, 450.78032043331217, 0.45355810501658217, 0.0, (-896.3492514836277, -354.5111646317191, 3490.0), (-44.49999999999999, -17.59999999999961, 264.2544337470058)
8.5, -42.5, 249.728367848008, 0.9998886245876342, 1093.7388770370437, 536.486668848804, 0.49050708547743593, 0.0
8.5, -41.5, 249.86162427125402, 0.999888797522132, 977.3251879796474, 474.1307774205513, 0.48513103238512356, 0.0
8.5, -40.5, 249.98537908065506, 0.9998889694565458, 983.969261594257, 471.5753903192012, 0.4792582540181594, 0.0
8.5, -39.5, 250.10608304936912, 0.9998891403910327, 992.9088675348427, 443.74677634815123, 0.4469159163115033, 0.0
8.5, -38.5, 250.2237394259311, 0.9998893103257482, 991.0307879019775, 455.7394607392916, 0.45986407920191535, 0.0
8.5, -37.5, 250.33835137252896, 0.9998894792608477, 998.5901633379766, 474.28145291225917, 0.47495105632413165, 0.0
8.5, -36.5, 250.4499219654269, 0.999889647196485, 989.3738221903529, 494.049355173762, 0.4993555965327615, 0.0
8.5, -35.5, 250.5584541953767, 0.9998898141328133, 972.8838624439459, 313.7127598921447, 0.32245653566919935, 0.0
8.5, -34.5, 250.66395096801617, 0.9998899800699848, 973.7522467350816, 372.4206338784552, 0.3824593320602378, 0.0
8.5, -33.5, 250.7664151042563, 0.9998901450081508, 995.9663355984379, 414.3854998324583, 0.4160637614156607, 0.0
8.5, -32.5, 250.86584934065544, 0.9998903089474617, 976.5672061421842, 397.26302604111845, 0.4067953782827299, 0.0
8.5, -31.5, 250.96225632978235, 0.999890471888067, 983.4580284974913, 449.9416617552899, 0.45750977542244714, 0.0
8.5, -30.5, 251.05563864056703, 0.4861610682240408, 991.7499475564257, 483.4484517388921, 0.4874701056753888, 0.0, (2983.4204576977327, -3500.0, -2451.3004610303865)
8.5, -29.5, 251.14599875863993, 0.9998907947737536, 986.1786158586858, 494.58419649389225, 0.5015158395654804, 0.0
8.5, -28.5, 251.23333908665995, 0.9998909547191294, 986.3947375833632, 515.988294174449, 0.5231052787635552, 0.0
8.5, -27.5, 251.31766194463023, 0.9998911136663879, 986.6860903640126, 650.0680142486619, 0.6588397471062312, 0.0
8.5, -26.5, 251.3989695702033, 0.9998912716156743, 987.4439670625068, 639.8565764947799, 0.6479927953767892, 0.0
8.5, -25.5, 251.47726411897446, 0.9998914285671323, 990.6095772242396, 639.588997909176, 0.6456519426163343, 0.0
8.5, -24.5, 251.5525476647642, 0.999891584520905, 964.6216370260825, 664.074769483589, 0.6884303067583306, 0.0
8.5, -23.5, 251.62482219988934, 0.9998917394771345, 989.3648498453477, 648.7530636988104, 0.6557268168565116, 0.0
8.5, -22.5, 251.69408963542344, 0.9998918934359619, 969.4206595923654, 649.2781444407659, 0.6697589307760192, 0.0
8.5, -21.5, 251.7635597731579, 0.9998920463975275, 1070.1696932924544, 730.3399012715479, 0.6824524239932495, 0.0
8.5, -20.5, 251.8297711831979, 0.9998921983619705, 975.4397990846119, 668.4266329762927, 0.6852566745826534, 0.0
8.5, -19.5, 251.8897278811896, 0.9998923493294295, 985.1568909255377, 651.5686491859059, 0.6613856688083138, 0.0
8.5, -18.5, 251.94668447071152, 0.999892499300042, 986.9229459537894, 573.3914965417939, 0.580989122699597, 0.0
8.5, -17.5, 252.00064245214264, 0.9998926482739443, 988.8968549283526, 538.7478145062867, 0.5447967721014948, 0.0
8.5, -16.5, 252.05160324597128, 0.9998927962512724, 976.3007506022436, 552.7800040807042, 0.5661984831413013, 0.0
8.5, -15.5, 252.09956819297886, 0.9998929432321607, 989.122132769181, 574.7530458238203, 0.5810738904554906, 0.0
8.5, -14.5, 252.14453855441366, 0.9998930892167434, 979.4012573301338, 558.1905668906388, 0.569930416887841, 0.0
8.5, -13.5, 252.18651551215342, 0.999893234205153, 978.8193963428724, 593.7448334054188, 0.6065928358426551, 0.0
8.5, -12.5, 252.2255001688582, 0.9998933781975219, 991.2880167875363, 577.377416505759, 0.5824517261661893, 0.0
8.5, -11.5, 252.26149354811267, 0.9581992639697201, 998.4544465076024, 576.2728192855004, 0.5771648584481641, 0.0, (909.4360996294822, 332.5963968501804, 3500.0)
8.5, -10.5, 252.294496594558, 0.9998936631946602, 981.6221879832865, 594.8896702665246, 0.6060271228064921, 0.0
8.5, -9.5, 252.3245101740136, 0.9998938041996892, 968.4791771672911, 559.0011092679522, 0.5771947631367531, 0.0
8.5, -8.5, 252.35153507358854, 0.9998939442091961, 980.0038552002616, 565.233235701417, 0.576766338930282, 0.0
8.5, -7.5, 252.375572001783, 0.571524278383122, 982.1331512544859, 563.6142304498892, 0.573867433076646, 0.0, (-2060.0097787478785, 3264.641210707276, 3490.0), (-3490.0, 2303.0097321189464, 2622.530336541676)
8.5, -6.5, 252.3966215885792, 0.42465319178260347, 988.9682381237623, 584.3629056238087, 0.5908813681746167, 0.0, (3500.0, -1213.244400137189, -1647.6005488278026)
8.5, -5.5, 252.41468438552246, 0.9998943582658539, 996.6082748799744, 554.2234175507728, 0.5561095884112743, 0.0
8.5, -4.5, 252.4297608657922, 0.9998944942945377, 985.5581485238519, 597.0486816677471, 0.6057975194685307, 0.0
8.5, -3.5, 252.44185142426247, 0.9998946293283272, 992.4498692666564, 600.1226788900201, 0.6046881535018633, 0.0
8.5, -2.5, 252.45095637755284, 0.9998947633673455, 996.7496096090615, 567.473000498348, 0.569323524210778, 0.0
8.5, -1.5, 252.45707596406908, 0.9998948964117145, 991.9092989820756, 576.2688830329614, 0.5809693322003778, 0.0
8.5, -0.5, 252.46021034403356, 0.9998950284615552, 970.8993710797774, 583.8368551660274, 0.6013361142841386, 0.0
8.5, 0.5, 252.4602625834099, 0.9998951595169877, 1084.2779351814343, 663.7626164878158, 0.6121701779136058, 0.0
8.5, 1.5, 252.45707596406905, 0.9998952895781312, 975.0709523131527, 573.989419024088, 0.5886642583931124, 0.0
8.5, 2.5, 252.45095637755284, 0.9998954186451041, 985.6342264229945, 580.8835806759445, 0.5893500500525969, 0.0
8.5, 3.5, 252.4418514242624, 0.9998955467180236, 999.5195516928561, 566.8071356089196, 0.5670795880370078, 0.0
8.5, 4.5, 252.42976086579216, 0.9998956737970064, 975.7135665558991, 579.3325772105517, 0.5937527129560122, 0.0
8.5, 5.5, 252.41468438552246, 0.9998957998821678, 986.0182799895158, 558.6647833030055, 0.5665866390519105, 0.0
8.5, 6.5, 252.39662158857914, 0.9998959249736226, 988.021913926584, 555.5446914809496, 0.562279726441604, 0.0
8.5, 7.5, 252.37557200178296, 0.9998960490714845, 963.2899580623009, 601.9828483815081, 0.6249238283272697, 0.0
8.5, 8.5, 252.35153507358848, 0.9998961721758663, 998.3224751224773, 574.9936332419612, 0.5759598201687478, 0.0
8.5, 9.5, 252.32451017401357, 0.9998962942868801, 983.064370570666, 559.1038891425762, 0.5687357876860272, 0.0
8.5, 10.5, 252.29449659455796, 0.9998964154046367, 980.7323320985408, 599.4681817533905, 0.6112454562099191, 0.0
8.5, 11.5, 252.26149354811264, 0.9998965355292463, 990.3518142929993, 564.2474826263565, 0.5697444832058658, 0.0
8.5, 12.5, 252.22550016885816, 0.999896654660818, 980.5124207288407, 545.9556862616873, 0.5568064970108835, 0.0
8.5, 13.5, 252.2004779090781, 0.9998967727994602, 980.1179616093125, 565.2724486607157, 0.5767391995679398, 0.0
8.5, 14.5, 252.14453855441363, 0.9998968899452801, 990.3552355981428, 587.926013223872, 0.5936516434618367, 0.0
8.5, 15.5, 252.09956819297884, 0.9998970060983844, 984.1414892341359, 571.2824073050951, 0.5804880838320008, 0.0
8.5, 16.5, 252.0516032459712, 0.9998971212588785, 994.4063637694217, 565.5813815021764, 0.5687628338964661, 0.0
8.5, 17.5, 252.00064245214256, 0.9998972354268671, 993.7389197448402, 556.4480974834022, 0.5599540145074321, 0.0
8.5, 18.5, 251.94668447071143, 0.9998973486024539, 978.2230156592985, 536.73068270627, 0.5486792624118813, 0.0
8.5, 19.5, 251.88972788118954, 0.9998974607857419, 982.9828509741948, 635.5254953857655, 0.6465275510716405, 0.0
8.5, 20.5, 251.8297711831978, 0.9998975719768328, 996.4331681506783, 684.5035317509759, 0.6869537803738252, 0.0
8.5, 21.5, 251.76355977315782, 0.9998976821758278, 1070.7676372856945, 712.9257747745896, 0.6658081080801025, 0.0
8.5, 22.5, 251.69408963542338, 0.9998977913828269, 982.4562928608954, 636.3173939211063, 0.6476801039852483, 0.0
8.5, 23.5, 251.62482219988928, 0.581752691328985, 978.7632673276435, 644.1026310321637, 0.6580780588454069, 0.0, (-3500.0, 1084.6373902378175, 2710.334046330536)
8.5, 24.5, 251.5525476647641, 0.9998980068212333, 996.7149395637964, 653.7018419989117, 0.6558563698112106, 0.0
8.5, 25.5, 251.47726411897438, 0.9998981130528365, 987.9834967549085, 631.1050471452677, 0.6387809606316, 0.0
8.5, 26.5, 251.41305889143015, 0.9998982182928351, 953.568124973504, 623.7529737925612, 0.6541252349536043, 0.0
8.5, 27.5, 251.32813861933747, 0.9998983225413249, 993.4688419297938, 657.6806305840047, 0.6620042852138904, 0.0
8.5, 28.5, 251.23333908665984, 0.9998984257984005, 991.0748264892111, 504.98922572309004, 0.5095369312446031, 0.0
8.5, 29.5, 251.14599875863985, 0.9998985280641557, 986.6606878621373, 521.6001049009659, 0.5286519583861715, 0.0
8.5, 30.5, 251.05563864056685, 0.9998986293386833, 978.8752143562658, 451.4313797461998, 0.46117357261218733, 0.0
8.5, 31.5, 250.9622563297822, 0.9998987296220755, 975.4006354367398, 450.32874149553834, 0.4616859217996118, 0.0
8.5, 32.5, 250.86584934065533, 0.999898828914423, 990.9591995940397, 426.44176514806924, 0.4303323137045068, 0.0
8.5, 33.5, 250.76641510425617, 0.9999926170724446, 961.6331828784985, 388.73614703921044, 0.40424577059164035, 0.0
8.5, 34.5, 250.66395096801602, 0.9998990245263444, 989.6070422434233, 328.9136055345327, 0.3323678909851842, 0.0
8.5, 35.5, 250.55845419537656, 0.9998991208460959, 984.4570565801782, 315.26868775231276, 0.3202462572085144, 0.0
8.5, 36.5, 250.44992196542677, 0.999899216175158, 986.7927296413386, 463.6356765945718, 0.46984099362293197, 0.0
8.5, 37.5, 250.33835137252882, 0.9998993105136174, 987.4564795345343, 463.00642742034944, 0.4688879328014544, 0.0
8.5, 38.5, 250.22373942593094, 0.9998994038615595, 991.4960234296008, 462.75059617498886, 0.4667195684500348, 0.09486832980505139
8.5, 39.5, 250.10608304936898, 0.9998994962190695, 949.1537733520784, 430.99666413339605, 0.4540851822263393, 0.0
8.5, 40.5, 249.98537908065492, 0.9998995875862308, 969.505926117003, 483.58485608937633, 0.49879515231659943, 0.0
8.5, 41.5, 249.86162427125382, 0.9998996779631265, 985.4473182277065, 453.1308172422332, 0.45982246728031445, 0.0, (-893.7520124225025, -182.76726546167006, 3490.0), (-44.49999999999999, -9.09999999999949, 264.5844473710372)
8.5, 42.5, 249.72836784800788, 0.9998997673498388, 1090.0659217671405, 508.0034444215232, 0.4660300210082549, 0.0
8.5, 43.5, 249.5917937411875, 0.9998998557464485, 983.5367738081496, 438.60890632280615, 0.44595069345964483, 0.0
8.5, 44.5, 249.45855974109475, 0.9998999431530361, 994.9012381430822, 89.99107158006954, 0.0904522661445592, 0.09486832980505139
8.5, 45.5, 249.3429662717267, 0.9999000295696807, 686.4065871180252, 0.0, 0.0, 0.0
9.5, -44.5, 249.44481263168217, 0.9999001149964609, 777.9052428295532, 7.999203987706429, 0.010283005624965475, 0.0
9.5, -43.5, 249.56454900876244, 0.9999001994334542, 986.0161664410616, 423.95457071191106, 0.4299671599119289, 0.0
9.5, -42.5, 249.70113407615924, 0.9999002828807372, 1090.0614025192, 499.0867967644506, 0.45785200320920433, 0.0
9.5, -41.5, 249.8344011856148, 0.9999003653383856, 974.2474275684209, 453.3545683910072, 0.4653382247285106, 0.0
9.5, -40.5, 249.95816591192062, 0.9999004468064742, 979.9833428966805, 464.4058808842811, 0.47389160667932223, 0.15811388300841897
9.5, -39.5, 250.07887954631624, 0.999900527285077, 991.6326595988957, 471.75732347738, 0.4757379851407885, 0.15491933384829668
9.5, -38.5, 250.19654533810825, 0.9999006067742668, 984.4788741107906, 461.3588768470262, 0.4686325821503673, 0.15491933384829668
9.5, -37.5, 250.31116645023485, 0.999900685274116, 987.2661747216268, 468.10090275477097, 0.47413849956599435, 0.15491933384829668
9.5, -36.5, 250.42274595968934, 0.9999007627846958, 991.1542268544026, 512.6822150387364, 0.5172577598400817, 0.15491933384829668
9.5, -35.5, 250.5312868579316, 0.9999008393060762, 984.3174803825636, 344.92523095841034, 0.35042071062717706, 0.14491376746189438
9.5, -34.5, 250.63679205128676, 0.999900914838327, 996.9135821911102, 368.1405672423281, 0.36928032060030136, 0.15491933384829668
9.5, -33.5, 250.73926436133223, 0.9999009893815165, 999.9408694244418, 391.9768515642124, 0.3920000307516496, 0.15811388300841897
9.5, -32.5, 250.83870652527253, 0.9999010629357123, 989.9501600905481, 415.52151434588495, 0.4197398324657862, 0.15491933384829668
9.5, -31.5, 250.9351211963019, 0.9999011355009814, 991.8891401697912, 459.4696327411282, 0.46322680038867686, 0.15491933384829668
9.5, -30.5, 251.0285109439557, 0.9999012070773893, 979.7651012168717, 459.554926500566, 0.46904602534811374, 0.15491933384829668
9.5, -29.5, 251.11887825444958, 0.9999012776650009, 974.0148694378609, 478.31867678544563, 0.49107944015423566, 0.15491933384829668
9.5, -28.5, 251.20622553100762, 0.9999013472638806, 996.8727282120351, 510.3609486537077, 0.5119619929507729, 0.14491376746189438
9.5, -27.5, 251.2905550941782, 0.9999014158740911, 990.4391827070986, 629.5632840338887, 0.6356405269762725, 0.15811388300841897
9.5, -26.5, 251.3718691821394, 0.9999014834956949, 983.6084430125917, 651.796593656319, 0.6626585998591058, 0.15811388300841897
9.5, -25.5, 251.45016995099235, 0.9999015501287531, 982.1379835258158, 648.4709421119142, 0.660264599261239, 0.15491933384829668
9.5, -24.5, 251.52545947504382, 0.9999016157733265, 998.630642459569, 682.1756506803353, 0.6831110739804422, 0.15491933384829668
9.5, -23.5, 251.5977397470776, 0.9999016804294742, 972.0073211426471, 671.784913121957, 0.6911315362648066, 0.15491933384829668
9.5, -22.5, 251.66701267861467, 0.9999017440972551, 982.2310465802851, 648.9489446233346, 0.6606886912022395, 0.12649110640673517
9.5, -21.5, 251.7364883262455, 0.9999018067767268, 1090.0766498170751, 740.2057987892381, 0.6790401380613478, 0.15811388300841897
9.5, -20.5, 251.8027049857293, 0.9999018684679463, 976.5973147130933, 682.588449420649, 0.6989456546080932, 0.15491933384829668
9.5, -19.5, 251.86266643555308, 0.9999019291709692, 988.9861046248494, 670.2610528146743, 0.6777254500142076, 0.14491376746189438
9.5, -18.5, 251.91962753763602, 0.9999019888858509, 977.8792784312917, 596.0129394399208, 0.6094954178761629, 0.15811388300841897
9.5, -17.5, 251.9735897927074, 0.9999020476126455, 983.3334463543931, 557.4109099239059, 0.5668584873121616, 0.15811388300841897
9.5, -16.5, 252.03311347767755, 0.999902105351406, 990.4230410430368, 571.2672479482342, 0.5767911531486785, 0.15811388300841897
9.5, -15.5, 252.07252336536902, 0.9999021621021851, 972.8857858986679, 543.3077107971509, 0.5584496337309421, 0.14491376746189438
9.5, -14.5, 252.1174972855956, 0.9999022178650339, 959.3509855097973, 572.2361571697837, 0.5964825864703714, 0.15811388300841897
9.5, -13.5, 252.15947756441997, 0.9999022726400031, 985.6004545688008, 559.2763289726657, 0.5674473123263204, 0.15811388300841897
9.5, -12.5, 252.19846530475908, 0.9999023264271424, 994.9852653287646, 560.82033540399, 0.5636468749300352, 0.15491933384829668
9.5, -11.5, 252.23446153043588, 0.9999023792265005, 986.598042596185, 584.2980590743531, 0.5922351695902427, 0.14491376746189438
9.5, -10.5, 252.26746718631145, 0.9999024310381254, 978.0757963876541, 577.7192751500254, 0.5906692275626562, 0.15811388300841897
9.5, -9.5, 252.29748313840662, 0.9999024818620639, 978.9422294916095, 565.3609592638863, 0.5775222911340674, 0.09486832980505137
9.5, -8.5, 252.3245101740136, 0.9999025316983621, 971.1741457000262, 587.8731272933979, 0.6053220525857972, 0.15491933384829668
9.5, -7.5, 252.3485490017973, 0.9999025805470652, 956.7329619056666, 520.7571488220268, 0.5443077322064432, 0.15491933384829668
9.5, -6.5, 252.36960025188645, 0.9999026284082174, 981.5575982628699, 568.4002861852583, 0.5790799105332132, 0.15491933384829668
9.5, -5.5, 252.38766447595458, 0.9999026752818623, 993.7022562923228, 585.1568532505511, 0.5888653764698832, 0.15491933384829668
9.5, -4.5, 252.40274214729104, 0.9999027211680422, 959.4505635708848, 532.8706152069502, 0.5553914244666358, 0.15491933384829668
9.5, -3.5, 252.4148336608617, 0.9999027660667987, 957.1324214076952, 550.1139596889898, 0.5747521945604077, 0.15491933384829668
9.5, -2.5, 252.42877752198365, 0.9999028099781727, 996.7522163107664, 593.3756614536824, 0.5953090966277624, 0.14491376746189438
9.5, -1.5, 252.43005940324608, 0.9999028529022037, 994.5951674567615, 587.2209188777208, 0.5904119968522261, 0.12649110640673517
9.5, -0.5, 252.43319403078056, 0.9999028948389307, 971.8372546392394, 565.0187262255109, 0.5813923303807225, 0.15491933384829668
9.5, 0.5, 252.43324627428302, 0.9999029357883918, 1092.6992747558593, 640.8017881351733, 0.5864392911566149, 0.15811388300841897
9.5, 1.5, 252.43005940324608, 0.999902975750624, 995.6258351742408, 585.9385870990304, 0.5885128392600293, 0.1264911064067352
9.5, 2.5, 252.42393933335967, 0.9999030147256637, 980.7996744638034, 553.8562739154794, 0.5646986722525871, 0.15811388300841897, (-892.9821388459319, -78.26135598873289, 3490.0000000000005), (-44.49999999999999, -3.899999999999416, 264.6826850320983)
9.5, 3.5, 252.4148336608617, 0.9999030527135461, 999.0795379093823, 608.4367143718916, 0.608997273275231, 0.15811388300841897
9.5, 4.5, 252.40274214729104, 0.9999030897143054, 983.7688176563175, 583.1872874244169, 0.5928092829916826, 0.14491376746189438
9.5, 5.5, 252.38766447595455, 0.9999031257279756, 971.4913410959207, 587.9283594576601, 0.6051812657377157, 0.15811388300841897
9.5, 6.5, 252.3696002518864, 0.999903160754589, 973.3338954633457, 554.966439399886, 0.5701706700923015, 0.15811388300841897
9.5, 7.5, 252.34854900179727, 0.9999031947941773, 979.2600370905192, 558.7837857972241, 0.5706183900421663, 0.15491933384829668
9.5, 8.5, 252.32451017401357, 0.9999032278467715, 988.4035157293976, 583.0277214079807, 0.5898681177572829, 0.15491933384829668
9.5, 9.5, 252.29748313840656, 0.9999032599124017, 986.1482089920246, 559.6916046721637, 0.5675532334477831, 0.15491933384829668
9.5, 10.5, 252.2674671863114, 0.9999032909910966, 976.1505311240404, 549.6649359049891, 0.5630944392070844, 0.12649110640673517
9.5, 11.5, 252.23446153043585, 0.9999033210828847, 991.1833401166397, 562.8776101437455, 0.5678844542297369, 0.14491376746189438
9.5, 12.5, 252.19846530475905, 0.9999830232013871, 980.0910077495505, 578.0433705600643, 0.589785403589557, 0.15811388300841897
9.5, 13.5, 252.15947756441994, 0.7507606622472295, 990.569098697738, 569.7393694462727, 0.5751636813578038, 0.14491376746189438, (1669.5068437232512, 2683.3634914420763, -3500.0)
9.5, 14.5, 252.11749728559553, 0.9999034054370752, 970.992290205602, 585.0533134661424, 0.6025313685469745, 0.14491376746189438
9.5, 15.5, 252.07252336536894, 0.9999034315814991, 975.4182488598977, 541.7792883130597, 0.5554327991569872, 0.15811388300841897
9.5, 16.5, 252.02455462158693, 0.9999034567391435, 999.9827068361698, 577.9899839752242, 0.5779999794235622, 0.15811388300841897, (-892.8802248798172, -50.16181038649448, 3490.0), (-44.49999999999999, -2.499999999999396, 264.69570377697744)
9.5, 17.5, 251.97358979270734, 0.999903480910031, 994.5919231244669, 572.4430061372146, 0.5755556553675903, 0.14491376746189438
9.5, 18.5, 251.91962753763593, 0.9999035040941837, 981.4042084734081, 578.061184015136, 0.5890143724921667, 0.15811388300841897
9.5, 19.5, 251.862666435553, 0.9999035262916226, 977.3410014922782, 652.1170350299603, 0.6672359330410355, 0.15491933384829668
9.5, 20.5, 251.80270498572918, 0.9999035475023677, 987.1125364791944, 669.0450521798584, 0.6777799161240416, 0.15811388300841897
9.5, 21.5, 251.7364883262454, 0.9999035677264382, 1076.6998046574506, 709.5002638872176, 0.6589582916409493, 0.15811388300841897
9.5, 22.5, 251.66701267861458, 0.9999035869638525, 987.1049419993759, 680.6106165339382, 0.6895017820044189, 0.15491933384829668, (-892.8502023842635, -38.121694034372, 3490.0), (-44.49999999999999, -1.8999999999993875, 264.69953956322905)
9.5, 23.5, 251.59773974707753, 0.7262694962426821, 971.7778966318258, 646.0304187428338, 0.6647922544667562, 0.15491933384829668, (107.02753925147132, 17.861645189747044, 234.33753731527156), (107.02753925147132, 17.861645189747044, 234.33753731527156)
9.5, 24.5, 251.5254594750437, 0.9999036224787813, 984.6275001578924, 675.6577554409665, 0.6862064642035894, 0.09486832980505137
9.5, 25.5, 251.45016995099223, 0.999903638756328, 985.926262901477, 634.505401095287, 0.6435627338174403, 0.15811388300841897
9.5, 26.5, 251.3718691821393, 0.9999036540472828, 996.4247711317907, 617.561461676538, 0.6197773073978077, 0.15811388300841897
9.5, 27.5, 251.2905550941781, 0.9999036683516597, 990.1147346350493, 609.1769903506308, 0.6152589887223222, 0.15811388300841897
9.5, 28.5, 251.2062255310075, 0.9999036816694714, 971.0697193161475, 497.7134383113243, 0.5125414050206684, 0.15491933384829668
9.5, 29.5, 251.11887825444947, 0.9999036940007301, 984.9361413959672, 470.46903356235794, 0.4776645041124737, 0.12649110640673517
9.5, 30.5, 251.02851094395558, 0.5642745777704348, 997.1141830602464, 456.8402503265972, 0.45816242320865125, 0.1264911064067352, (3500.0, -1518.6698858020522, 2750.0642980070843)
9.5, 31.5, 250.93512119630176, 0.9999037157036326, 982.284786824952, 406.1786825781035, 0.4135039939801965, 0.14491376746189438
9.5, 32.5, 250.8387065252724, 0.9999037250752958, 976.9940554616193, 422.2131352116839, 0.43215527551208355, 0.14491376746189438
9.5, 33.5, 250.73926436133215, 0.043253483504805804, 967.3350747258486, 398.5787326573557, 0.4120379205419761, 0.15491933384829668, (3500.0, 928.4712321759323, 270.1326708753174), (3500.0, 928.4712321759323, 270.1326708753174)
9.5, 34.5, 250.63679205128662, 0.5130145028695129, 975.9965341947745, 355.6281271696584, 0.36437437502076986, 0.15491933384829668, (3318.3347716539406, -3490.0, 3139.8164718503303), (3490.0, -3328.3797147826526, 3014.093671019892)
9.5, 35.5, 250.53128685793143, 0.9999037472712331, 976.7605382668744, 339.73289775458926, 0.3478159532912724, 0.15491933384829668, (-892.8132464513839, -12.037931412814991, 3490.0), (-44.49999999999999, -0.599999999999369, 264.7042615898627)
9.5, 36.5, 250.4227459596892, 0.9999037526968838, 995.1891653937935, 498.8404076154783, 0.5012518473491304, 0.12649110640673517
9.5, 37.5, 250.3111664502347, 0.9999037571360457, 986.5528980795123, 445.99101274199, 0.4520700447083831, 0.15811388300841897
9.5, 38.5, 250.1965453381081, 0.9999037605887232, 983.983939469098, 457.92270716757423, 0.465376200565472, 0.14491376746189438
9.5, 39.5, 250.0788795463161, 0.999903763054919, 988.8605811334733, 461.21593937586306, 0.46641149235334883, 0.15811388300841897
9.5, 40.5, 249.95816591192047, 0.9999037645346357, 978.2838006585397, 465.752587167431, 0.47609148475514557, 0.14491376746189438
9.5, 41.5, 249.83440118561467, 0.9999037650278745, 979.0166893071271, 434.2861221693793, 0.44359419702715563, 0.14491376746189438
9.5, 42.5, 249.70113407615906, 0.9999037645346357, 1070.554332366027, 473.6386247363591, 0.44242371490811927, 0.12649110640673517
9.5, 43.5, 249.5645490087623, 0.999903763054919, 974.380041468798, 419.5437863703903, 0.430575102644716, 0.15491933384829668
9.5, 44.5, 249.43130430783611, 0.9999037605887232, 963.7750619487535, 7.536540148016823, 0.007819812366568124, 0.14491376746189438
9.5, 45.5, 249.31570154803063, 0.9999037571360457, 695.4675030414102, 0.0, 0.0, 0.14491376746189438
10.5, -44.5, 249.4145441874733, 0.9999037526968838, 797.2420823233612, 1.9997958890129641, 0.0025083922855465217, 0.15491933384829668
10.5, -43.5, 249.53429124518823, 0.9999037472712331, 979.4764171150958, 337.1048652873372, 0.3441684346829198, 0.15491933384829668
10.5, -42.5, 249.67088848730546, 0.999903740859089, 1080.0209479076166, 475.97231754972904, 0.44070656080500675, 0.15491933384829668
10.5, -41.5, 249.80416746672, 0.9999037334604454, 986.3683263901204, 463.1653571658518, 0.4695663321438247, 0.12649110640673517
10.5, -40.5, 249.92794320845925, 0.9999037250752958, 989.7951140875368, 488.1819206795512, 0.49321512475800794, 0.14491376746189438
10.5, -39.5, 250.04866757923446, 0.9999037157036326, 980.789550442968, 464.20033708787474, 0.47329249876104545, 0.15491933384829668
10.5, -38.5, 250.1663438292095, 0.999903705345447, 997.6613170050924, 470.38013487179194, 0.4714827836402832, 0.14491376746189438
10.5, -37.5, 250.280975122156, 0.9999036940007301, 999.0482222182035, 484.5252488162514, 0.4849868485231392, 0.15491933384829668
10.5, -36.5, 250.3925645358774, 0.9999036816694714, 980.2630184878662, 474.30868588654727, 0.48385859401103, 0.15811388300841897
10.5, -35.5, 250.50111506262013, 0.9999036683516597, 958.6923178955933, 396.80261180587905, 0.4138998554582065, 0.15811388300841897
10.5, -34.5, 250.60662960947283, 0.9999036540472828, 989.1709979587959, 334.1206751812322, 0.33777847902001473, 0.14491376746189438
10.5, -33.5, 250.70911099875357, 0.999903638756328, 985.5060328647176, 363.54766086112414, 0.368894404232459, 0.15811388300841897
10.5, -32.5, 250.80856196838434, 0.9999036224787813, 979.5777527992523, 412.23802921842884, 0.4208323719484368, 0.15491933384829668
10.5, -31.5, 250.9049851722545, 0.9999036052146281, 986.8270389193301, 463.28241421005396, 0.4694666805212314, 0.14491376746189438
10.5, -30.5, 250.99838318057192, 0.9999035869638525, 989.3945773106622, 459.4107201429889, 0.46433519111429045, 0.15811388300841897
10.5, -29.5, 251.08875848020233, 0.9999035677264382, 983.9049666173165, 506.18680152906995, 0.5144671677686002, 0.12649110640673517, (-892.8546373615933, 40.12829830839963, 3489.9999999999995), (-44.49999999999999, 2.000000000000668, 264.69897291567884)
10.5, -28.5, 251.17611347499766, 0.9999035475023677, 985.6158525490453, 490.431340687801, 0.49758873035516304, 0.09486832980505137
10.5, -27.5, 251.2604504861121, 0.9999035262916226, 984.7377800822891, 554.7853198614392, 0.5633838074284901, 0.15491933384829668
10.5, -26.5, 251.34177175230755, 0.9999035040941837, 982.0675210302732, 668.5276193840233, 0.680734883363906, 0.12649110640673517
10.5, -25.5, 251.42007943024714, 0.999903480910031, 973.5006910091703, 619.0028116211241, 0.6358524624974233, 0.15811388300841897
10.5, -24.5, 251.49537559477787, 0.9999034567391435, 982.4792052002314, 661.645315762486, 0.673444600415376, 0.15491933384829668
10.5, -23.5, 251.56766223920218, 0.9999034315814991, 984.3093714159098, 668.8724478488293, 0.6795347756231045, 0.15811388300841897
10.5, -22.5, 251.63694127553828, 0.9999034054370752, 975.8881295690059, 669.1526325245243, 0.6856857996828497, 0.15811388300841897
10.5, -21.5, 251.7064230433999, 0.9999033783058481, 1091.594880597672, 736.1954221770633, 0.6744218347506176, 0.14491376746189438
10.5, -20.5, 251.77264553381087, 0.999903350187793, 991.1857390217486, 690.4403420385269, 0.696580181550995, 0.14491376746189438
10.5, -19.5, 251.832612261829, 0.9999033210828847, 982.1376533095793, 695.5643416570009, 0.7082147184899267, 0.15811388300841897
10.5, -18.5, 251.88957837633072, 0.9999032909910966, 966.6038009954373, 629.2988786558276, 0.651041179444729, 0.15491933384829668
10.5, -17.5, 251.94354537843444, 0.9999032599124017, 979.5287090909438, 578.3912564351224, 0.5904791264075364, 0.14491376746189438, (-892.9256047342225, 64.21038056517133, 3490.0), (-44.49999999999999, 3.200000000000685, 264.6899064279776)
10.5, -16.5, 251.99451468932813, 0.9999032278467715, 992.4932107260133, 599.260311825063, 0.6037928575719942, 0.15811388300841897
10.5, -15.5, 252.04248765045344, 0.9999031947941773, 990.9902139240669, 568.1325810095534, 0.5732978721958254, 0.14491376746189438
10.5, -14.5, 252.08746552367913, 0.999903160754589, 998.9361878309644, 560.4671557975414, 0.5610640225323194, 0.15491933384829668
10.5, -13.5, 252.12944949146444, 0.9999031257279756, 986.0015416134514, 581.8009691602882, 0.5900609122864591, 0.14491376746189438
10.5, -12.5, 252.16844065701164, 0.9999030897143054, 997.3072450447033, 583.9197317924558, 0.5854963299361995, 0.15491933384829668
10.5, -11.5, 252.20444004440841, 0.9999030527135461, 968.1882410096415, 539.6342271694921, 0.55736498783207, 0.14491376746189438
10.5, -10.5, 252.23744859876012, 0.9999030147256637, 991.6360385547034, 586.7124526933042, 0.5916610831817185, 0.15491933384829668
10.5, -9.5, 252.26746718631145, 0.999902975750624, 983.8149485754406, 565.1150639254502, 0.5744119508894778, 0.15491933384829668
10.5, -8.5, 252.294496594558, 0.9999029357883918, 978.6096280637599, 567.1097246992144, 0.5795055642578096, 0.15811388300841897
10.5, -7.5, 252.31853753234776, 0.9999028948389307, 967.6736875244272, 539.8723012979251, 0.557907389916807, 0.15811388300841897
10.5, -6.5, 252.33959062997212, 0.9999028529022037, 980.4163774397431, 572.1727778086148, 0.5836018154886247, 0.15811388300841897
10.5, -5.5, 252.3576564392471, 0.9999028099781727, 981.5021779144798, 586.404394487704, 0.5974560298314474, 0.1264911064067352
10.5, -4.5, 252.37273543358424, 0.9999027660667987, 990.2828177262392, 565.5576775255195, 0.5711072305829569, 0.14491376746189438
10.5, -3.5, 252.38482800805127, 0.9999027211680422, 961.7106695565635, 558.0449106873157, 0.5802627841746056, 0.14491376746189438
10.5, -2.5, 252.3939344794231, 0.9999026752818623, 967.1011290276142, 575.3177542908013, 0.5948889283887641, 0.1264911064067352
10.5, -1.5, 252.40005508622235, 0.9999026284082174, 999.9946990026184, 574.9969632136638, 0.575000011287218, 0.14491376746189438
10.5, -0.5, 252.40318998875003, 0.9999025805470652, 964.17122341348, 559.3721873962089, 0.5801585587836249, 0.14491376746189438
10.5, 0.5, 252.40324223683564, 0.9999025316983621, 1073.5782012009595, 623.9748788140726, 0.5812104587407442, 0.15811388300841897
10.5, 1.5, 252.40005508622235, 0.9999024818620639, 990.3306307041713, 586.6027596768262, 0.5923302193124373, 0.15491933384829668
10.5, 2.5, 252.39393447942308, 0.9999024310381254, 982.3987990077774, 581.2317716478462, 0.5916454419884167, 0.14491376746189438
10.5, 3.5, 252.38482800805127, 0.9999023792265005, 983.4638720026558, 572.0715979865361, 0.5816905066594975, 0.15491933384829668
10.5, 4.5, 252.3727354335842, 0.9999023264271424, 991.1773225957298, 596.1239368480578, 0.6014301611410031, 0.15811388300841897
10.5, 5.5, 252.3576564392471, 0.9999920569222123, 974.7215884597184, 590.1736195409678, 0.6054791712098798, 0.15491933384829668
10.5, 6.5, 252.3395906299721, 0.9999022178650339, 995.7613758026581, 568.6602178591647, 0.5710808148194964, 0.15811388300841897, (-893.1659100882451, 112.39840666280485, 3490.0), (-44.49999999999999, 5.600000000000719, 264.65921808159004)
10.5, 7.5, 252.31853753234773, 0.9999021621021851, 993.6297913683728, 579.923657508994, 0.5836415761149378, 0.15491933384829668
10.5, 8.5, 252.29449659455796, 0.999902105351406, 990.0695437491065, 556.454547043511, 0.5620358191570854, 0.14491376746189438
10.5, 9.5, 252.2674671863114, 0.9999020476126455, 955.6555062674179, 552.9440242160088, 0.578601829414124, 0.15491933384829668
10.5, 10.5, 252.23744859876007, 0.9999019888858509, 968.8502777607594, 561.6125170088108, 0.5796690468075514, 0.14491376746189438
10.5, 11.5, 252.20444004440836, 0.9999019291709692, 978.867599805114, 566.069734625001, 0.5782903987604675, 0.15491933384829668
10.5, 12.5, 252.1684406570116, 0.9999018684679463, 990.8448417119935, 595.4211167344579, 0.600922658794572, 0.15491933384829668
10.5, 13.5, 252.1294494914644, 0.9999018067767268, 993.410296569689, 599.3393028990702, 0.6033149696239591, 0.15491933384829668
10.5, 14.5, 252.0874655236791, 0.9999017440972551, 978.65879300857, 557.9107873315322, 0.5700769168143025, 0.14491376746189438
10.5, 15.5, 252.04248765045338, 0.9999016804294742, 983.8330016008747, 587.7873168589164, 0.5974462290881479, 0.15491933384829668
10.5, 16.5, 251.99451468932807, 0.9999016157733265, 984.4604292485654, 530.4412620323324, 0.538814203469017, 0.14491376746189438
10.5, 17.5, 251.94354537843435, 0.9999015501287531, 969.1957660139234, 569.2049374979949, 0.5872961453793822, 0.14491376746189438
10.5, 18.5, 251.88957837633063, 0.9999014834956949, 985.324747608784, 644.2147224062525, 0.6538095424576033, 0.14491376746189438
10.5, 19.5, 251.83261226182896, 0.9999014158740911, 980.5404148409141, 664.270858060267, 0.6774538285278535, 0.15811388300841897
10.5, 20.5, 251.7726455338108, 0.9999013472638806, 985.6444558912625, 655.4603478569483, 0.6650068835057288, 0.15491933384829668
10.5, 21.5, 251.70642304339984, 0.9999012776650009, 1091.9718630950044, 752.7430911060612, 0.6893429368889981, 0.15491933384829668
10.5, 22.5, 251.6369412755382, 0.9999012070773893, 991.8083731375345, 650.0832264667124, 0.6554524483496824, 0.14491376746189438
10.5, 23.5, 251.56766223920212, 0.9999011355009814, 972.3899936533024, 645.8018265525294, 0.6641387002824143, 0.15491933384829668
10.5, 24.5, 251.49537559477776, 0.9999010629357123, 991.4037462024479, 661.9836850076562, 0.6677236065965771, 0.15491933384829668
10.5, 25.5, 251.42007943024703, 0.44412199272848435, 987.5589439880047, 631.2872174767755, 0.6392400386021347, 0.15491933384829668, (2825.715612689352, -3500.0, 2362.0147094044482)
10.5, 26.5, 251.34177175230744, 0.999900914838327, 995.8222321245398, 644.2499849257986, 0.6469528035654734, 0.15491933384829668
10.5, 27.5, 251.26045048611203, 0.9999008393060762, 989.3303994264019, 556.2456129631975, 0.5622445376041209, 0.15491933384829668, (-893.4839567755578, 154.60284195893178, 3490.0), (-44.49999999999999, 7.700000000000749, 264.6186302835691)
10.5, 28.5, 251.17611347499755, 0.9999007627846956, 990.7667920602817, 514.2202778737408, 0.5190124275405203, 0.14491376746189438
10.5, 29.5, 251.08875848020224, 0.781061266168635, 995.9049571019516, 482.76269346191333, 0.48474775631877143, 0.14491376746189438, (348.6233398354976, 2700.5789489993117, 3500.0)
10.5, 30.5, 250.9983831805718, 0.9999006067742668, 989.0796712058898, 479.4297181290822, 0.4847230532445982, 0.15491933384829668
10.5, 31.5, 250.90498517225438, 0.999900527285077, 986.9612575011599, 434.7288111319482, 0.44047201227798677, 0.15491933384829668
10.5, 32.5, 250.8085619683842, 0.9999004468064742, 977.9359244054715, 452.6200967803964, 0.4628320583023507, 0.14491376746189438
10.5, 33.5, 250.70911099875343, 0.9999003653383856, 991.6281592915802, 380.4599488051714, 0.38367198958627013, 0.0
10.5, 34.5, 250.60662960947272, 0.9999002828807372, 977.81232401114, 299.1383437370487, 0.3059261336673853, 0.0
10.5, 35.5, 250.50111506262, 0.9999001994334542, 989.5509313472854, 420.1111362940167, 0.42454725975754515, 0.0
10.5, 36.5, 250.39256453587726, 0.9999001149964609, 982.7536172977169, 461.6164912073832, 0.46971741755242036, 0.0
10.5, 37.5, 250.28097512215587, 0.9999000295696807, 980.1467617322214, 480.46231934407615, 0.4901942628417719, 0.0
10.5, 38.5, 250.16634382920935, 0.9998999431530361, 984.237473140004, 476.326081025325, 0.48395442565878555, 0.0
10.5, 39.5, 250.04866757923432, 0.9998998557464485, 979.1034710030267, 460.0960749697669, 0.4699156816372318, 0.0
10.5, 40.5, 249.92794320845908, 0.9998997673498388, 984.3774991082707, 457.658431002528, 0.4649216702099675, 0.0
10.5, 41.5, 249.80416746671983, 0.9998996779631265, 965.5008142011757, 457.2378965036219, 0.4735758787339044, 0.0
10.5, 42.5, 249.67088848730532, 0.9999931500782052, 1074.4716789368263, 485.43119698265474, 0.4517859395447088, 0.0
10.5, 43.5, 249.5490305464939, 0.5901395347501011, 976.0531117871942, 335.01620722434217, 0.3432356325476115, 0.0, (-3500.0, 1494.972209413543, 2869.861553884058)
10.5, 44.5, 249.40103465805478, 0.9998994038615595, 990.0569851280981, 0.0, 0.0, 0.0
10.5, 45.5, 249.28542157867165, 0.9998993105136172, 690.7122892179788, 0.0, 0.0, 0.0
11.5, -44.5, 249.38126084003528, 0.999899216175158, 771.1599457168074, 0.9998974607857419, 0.0012966148804011322, 0.0
11.5, -43.5, 249.50101964436766, 0.9998991208460959, 990.1738066211796, 223.93551456911007, 0.22615778469565523, 0.0
11.5, -42.5, 249.6376302763032, 0.9998990245263444, 1091.3738859475852, 510.1267693139958, 0.4674170565031234, 0.0
11.5, -41.5, 249.770922310355, 0.9998989272158163, 984.988744164031, 434.1011624815227, 0.44071687626232553, 0.0
11.5, -40.5, 249.8947101669179, 0.999898828914423, 980.8001959130634, 453.6517187821051, 0.4625322473144327, 0.0
11.5, -39.5, 250.01544634560997, 0.9998987296220755, 979.8895963870297, 492.78977341827886, 0.5029033630270735, 0.0
11.5, -38.5, 250.1331340975379, 0.9998986293386833, 982.4908070796408, 477.18197642226954, 0.48568594533789783, 0.0
11.5, -37.5, 250.24777658739026, 0.9998985280641557, 984.1683493107249, 472.268357445528, 0.47986541913920244, 0.0
11.5, -36.5, 250.35937689386145, 0.9998984257984005, 994.1650774308528, 476.50480862738107, 0.4793014957423139, 0.0
11.5, -35.5, 250.4679380100633, 0.9998983225413249, 965.8154311436658, 488.6309240247359, 0.5059257786408795, 0.0
11.5, -34.5, 250.57346284392432, 0.9998982182928351, 990.1385041718786, 364.7028712109727, 0.3683352073213222, 0.0
11.5, -33.5, 250.67595421857706, 0.9998981130528365, 978.9011286148487, 350.2408540437344, 0.35778981534052107, 0.0
11.5, -32.5, 250.77541487273302, 0.9998980068212333, 979.5373113760617, 410.5270621832276, 0.41910303713343594, 0.0
11.5, -31.5, 250.87184746104606, 0.9998978995979292, 989.9854751464144, 457.99077527227143, 0.46262373213560193, 0.0
11.5, -30.5, 250.9652545544637, 0.9998977913828268, 990.2440846169853, 472.06415843136597, 0.4767149491369643, 0.0
11.5, -29.5, 251.05563864056697, 0.9998976821758278, 981.6850987376816, 505.40687851614825, 0.5148360499370269, 0.0
11.5, -28.5, 251.14300212389833, 0.9998975719768328, 986.4031545196909, 520.3881266009143, 0.527561296024349, 0.0
11.5, -27.5, 251.2273473262784, 0.9998974607857419, 973.1807687726171, 497.14647599952497, 0.5108469998092233, 0.0
11.5, -26.5, 251.30867648711123, 0.9998973486024539, 971.0807201446647, 610.3605240748212, 0.6285373722422314, 0.0
11.5, -25.5, 251.38699176367808, 0.9998972354268671, 980.4516575094461, 635.3675799630623, 0.6480356018541801, 0.0
11.5, -24.5, 251.4622952314204, 0.9998971212588785, 965.0600265061673, 640.646471295499, 0.6638410603481824, 0.0
11.5, -23.5, 251.53458888421102, 0.9998970060983844, 983.9010144198862, 696.3638736245231, 0.7077580604336537, 0.0
11.5, -22.5, 251.603874634615, 0.9998968899452801, 972.7495139831783, 678.6361274977883, 0.6976473570456329, 0.0
11.5, -21.5, 251.67336313351578, 0.9998967727994602, 1095.774844794252, 724.8752838083145, 0.6615184563252322, 0.0
11.5, -20.5, 251.73959203678868, 0.999896654660818, 982.2970897621035, 652.2924442163933, 0.6640480268289993, 0.0
11.5, -19.5, 251.79956456977186, 0.9998965355292463, 973.3255374857429, 661.670122003289, 0.6798035153916642, 0.0
11.5, -18.5, 251.85653619693778, 0.9998964154046367, 990.5450771239983, 687.699354761844, 0.6942635632075899, 0.0
11.5, -17.5, 251.91050841983292, 0.9998962942868801, 993.9962637248926, 600.9959218670598, 0.6046259365351063, 0.0
11.5, -16.5, 251.9614826600503, 0.9998961721758663, 997.0482451427712, 563.1093161878636, 0.5647763976629132, 0.0
11.5, -15.5, 252.00946025941374, 0.9998960490714845, 999.9821330193794, 565.9898885686902, 0.5660000012797443, 0.0
11.5, -14.5, 252.05444248015135, 0.9998959249736226, 981.1064571374145, 596.980135763277, 0.608476410913748, 0.0
11.5, -13.5, 252.0964305050588, 0.9998957998821678, 996.988524306221, 589.5609394830313, 0.5913417507922589, 0.0
11.5, -12.5, 252.13542543765232, 0.9998956737970063, 991.9545773513223, 604.0319775425129, 0.6089310854891915, 0.0
11.5, -11.5, 252.1714283023108, 0.9998955467180236, 987.6105390792651, 575.1797324066267, 0.5823952961689315, 0.0
11.5, -10.5, 252.20444004440841, 0.9998954186451041, 979.5855025855421, 558.9694949721987, 0.5706183824656866, 0.0
11.5, -9.5, 252.23446153043588, 0.9998952895781312, 983.697158872228, 573.9152686484694, 0.5834267827981141, 0.0, (-894.765933544586, 263.40300515583857, 3490.0), (-44.49999999999999, 13.100000000000826, 264.4553588043551)
11.5, -8.5, 252.26149354811267, 0.9998951595169877, 979.3680651840243, 577.7428489679053, 0.5899139143967767, 0.0
11.5, -7.5, 252.28553680648804, 0.9998950284615552, 995.5526205160716, 581.6320201131283, 0.5842303140256149, 0.0
11.5, -6.5, 252.30659193603245, 0.9998948964117145, 989.6102988883607, 598.7588615412616, 0.6050450992818622, 0.0
11.5, -5.5, 252.32465948871857, 0.9998947633673455, 983.2413929518139, 570.1952328786824, 0.5799137800402044, 0.0
11.5, -4.5, 252.33973993809232, 0.9998946293283272, 999.8503312601556, 561.9531843851985, 0.5620373038002038, 0.0
11.5, -3.5, 252.35183367933357, 0.9998944942945376, 992.3697765496559, 591.9465391377718, 0.5964979517976605, 0.0
11.5, -2.5, 252.36094102930713, 0.9998943582658539, 981.0501687719978, 578.1395273706535, 0.5893067916132398, 0.0
11.5, -1.5, 252.3670622266033, 0.9998942212421524, 992.5723498767068, 570.014421547324, 0.5742799722540416, 0.0
11.5, -0.5, 252.37019743156858, 0.9998940832233083, 987.5210475404357, 549.5867374572334, 0.5565316697057332, 0.0
11.5, 0.5, 252.37024968469473, 0.9998939442091961, 1095.6031833281859, 651.3619410626516, 0.5945235930074304, 0.0
11.5, 1.5, 252.3670622266033, 0.9998938041996892, 995.0499470951202, 559.7835821517136, 0.5625683251236855, 0.0
11.5, 2.5, 252.3609410293071, 0.9998936631946602, 981.8449746881618, 603.6264279809241, 0.6147879181972067, 0.0
11.5, 3.5, 252.35183367933354, 0.9998935211939809, 986.7715923371802, 578.7613926247427, 0.5865201198728669, 0.0
11.5, 4.5, 252.3397399380923, 0.9998933781975219, 973.0131446802455, 549.7851429581873, 0.5650336236093289, 0.0
11.5, 5.5, 252.32465948871857, 0.999893234205153, 985.4478675802235, 569.2908207233443, 0.5776975519986087, 0.0
11.5, 6.5, 252.30659193603245, 0.9998930892167434, 963.5310958465412, 550.9524344065792, 0.5718055564387594, 0.0, (-895.2749245563682, 295.7425031680758, 3489.9999999999995), (-44.49999999999999, 14.700000000000848, 264.39068000630806)
11.5, 7.5, 252.285536806488, 0.9998929432321607, 986.3394361120442, 589.9086933298673, 0.5980787868070765, 0.0
11.5, 8.5, 252.26149354811264, 0.9998927962512724, 986.4225603667398, 589.4603357132413, 0.5975738587062396, 0.0
11.5, 9.5, 252.23446153043585, 0.9998926482739443, 987.6940139393377, 564.3153068461594, 0.5713462862809439, 0.0
11.5, 10.5, 252.20444004440836, 0.999892499300042, 989.1310530394749, 581.150085030879, 0.5875359824616548, 0.0
11.5, 11.5, 252.17142830231077, 0.9998923493294295, 983.2390408816843, 564.0705279373171, 0.5736860564766704, 0.0
11.5, 12.5, 252.13542543765226, 0.9998921983619705, 996.8158047675761, 593.0982578876644, 0.5949928312241749, 0.0
11.5, 13.5, 252.09643050505878, 0.9998920463975275, 988.0413494823656, 573.5376511351068, 0.5804794014294876, 0.0
11.5, 14.5, 252.0544424801513, 0.9998918934359619, 987.6799935484398, 589.2710014951932, 0.5966213807552365, 0.0, (-895.5517042010293, 311.9337396655444, 3490.0), (-44.49999999999999, 15.50000000000086, 264.3555436169474)
11.5, 15.5, 252.00946025941371, 0.9998917394771345, 992.3700820650844, 571.1836993691046, 0.5755752916094499, 0.0
11.5, 16.5, 251.96148266005025, 0.999891584520905, 977.212269312978, 567.9169907733784, 0.5811603155296529, 0.0
11.5, 17.5, 251.91050841983284, 0.9998914285671323, 986.0955775756308, 589.1581447838633, 0.5974655582903439, 0.0
11.5, 18.5, 251.8565361969377, 0.9998912716156743, 985.5165722400395, 672.8669151894595, 0.682755555961946, 0.0
11.5, 19.5, 251.7995645697718, 0.9998911136663879, 987.1355609007785, 666.2794388531362, 0.6749624522139032, 0.0
11.5, 20.5, 251.7395920367886, 0.9998909547191294, 976.6278568654687, 665.2855375232998, 0.6812068003656622, 0.0
11.5, 21.5, 251.6733631335157, 0.9998907947737536, 1085.7402266587546, 719.2794788969165, 0.6624784282981018, 0.0
11.5, 22.5, 251.60387463461493, 0.9998906338301151, 990.3671632388235, 677.2177395754337, 0.6838047188082356, 0.0
11.5, 23.5, 251.5345888842109, 0.999890471888067, 979.6559796985613, 672.4205788962317, 0.6863843970034609, 0.0
11.5, 24.5, 251.46229523142028, 0.9998903089474617, 990.0484647305093, 671.0263173455417, 0.6777711811594948, 0.0
11.5, 25.5, 251.38699176367803, 0.3956477784319071, 981.6607445484843, 646.9407008980263, 0.6590267610177152, 0.0, (3500.0, 1031.3585329366488, -1478.7072989877045)
11.5, 26.5, 251.30867648711111, 0.9998899800699848, 985.5275559264145, 617.4133273198004, 0.6264800244366787, 0.0, (-895.9948276201196, 336.24974429790535, 3490.0), (-44.49999999999999, 16.700000000000877, 264.29934119740204)
11.5, 27.5, 251.22734732627828, 0.9998898141328133, 984.8996214936512, 514.7779213348493, 0.5226704428560567, 0.0
11.5, 28.5, 251.1430021238982, 0.999889647196485, 999.954178456949, 520.9761080250485, 0.5209999810481096, 0.0
11.5, 29.5, 251.05563864056685, 0.9998894792608477, 960.0878842608026, 458.7566495381406, 0.4778277666646628, 0.0
11.5, 30.5, 250.9652545544636, 0.45591952621518417, 984.274506291396, 445.54256862697946, 0.4526608845186079, 0.0, (2089.425757238772, -1516.2293162552808, -2730.7823576691894), (3490.0, -1081.0704026547714, -1781.697716713017)
11.5, 31.5, 250.87184746104592, 0.9998891403910326, 982.080940987772, 462.6204355652091, 0.4710614128199126, 0.0
11.5, 32.5, 250.77541487273288, 0.9998889694565458, 977.6969910442788, 434.55460942156594, 0.4444675736982865, 0.0
11.5, 33.5, 250.67595421857692, 0.999888797522132, 999.2064054235544, 364.61125768680125, 0.36490084101517134, 0.0
11.5, 34.5, 250.5734628439242, 0.9998886245876342, 995.5029234955338, 347.3177314739396, 0.3488867016627077, 0.0
11.5, 35.5, 250.46793801006316, 0.9998884506528948, 975.8160425883067, 467.534777504736, 0.47912183967033556, 0.0
11.5, 36.5, 250.3593768938613, 0.9998882757177548, 990.7745743184614, 469.30462571361755, 0.4736744743741986, 0.0
11.5, 37.5, 250.25645077993184, 0.9998880997820551, 966.2003281611914, 442.40423503381203, 0.45788044377480863, 0.0
11.5, 38.5, 250.13313409753772, 0.9998879228456348, 983.8348857918287, 487.99160684414807, 0.49600965964059446, 0.0
11.5, 39.5, 250.0154463456098, 0.9998877449083325, 991.10426784569, 481.38143703609506, 0.4857021129395881, 0.0
11.5, 40.5, 249.89471016691775, 0.999887565969986, 987.1909674667506, 467.92212905409133, 0.4739935275692758, 0.0
11.5, 41.5, 249.77092231035485, 0.9998873860304317, 990.2225299158439, 466.9888446860933, 0.471599898586211, 0.0, (-896.5960806203628, 366.6977228604812, 3490.0), (-44.49999999999999, 18.200000000000898, 264.22318272933256)
11.5, 42.5, 249.637630276303, 0.9998872050895056, 1090.8991236205363, 485.25471552757637, 0.4448208867535673, 0.0
11.5, 43.5, 249.50101964436752, 0.9998870231470423, 995.610741598879, 217.6913985975148, 0.2186511148402418, 0.0
11.5, 44.5, 249.36774998472174, 0.9998868402028759, 999.8970031709689, 0.0, 0.0, 0.0
11.5, 45.5, 249.25212555581123, 0.9998866562568393, 689.4250249205827, 0.0, 0.0, 0.0
12.5, -44.5, 249.34496170173452, 0.9998864713087645, 780.2055778223981, 0.0, 0.0, 0.0
12.5, -43.5, 249.46473331958833, 0.9998862853584828, 991.8578922628606, 103.79960852893205, 0.10465169389550338, 0.0
12.5, -42.5, 249.6013585574892, 0.9998860984058241, 1086.6709730524803, 484.4935999747737, 0.44585123923373193, 0.0
12.5, -41.5, 249.73466483187892, 0.9998859104506179, 990.3252479107205, 463.6664213878798, 0.46819610260979644, 0.0
12.5, -40.5, 249.85846590360376, 0.9998857214926924, 990.4185248731046, 465.3680111399041, 0.46987005942717847, 0.0
12.5, -39.5, 249.97921496267318, 0.9998855315318751, 993.225638969778, 479.94304326435474, 0.48321652647043534, 0.0
12.5, -38.5, 250.0969152612227, 0.9998853405679924, 977.3860347966972, 454.53004986187557, 0.46504659743416615, 0.0
12.5, -37.5, 250.21156996494128, 0.9998851486008697, 978.163027643489, 477.1126402916847, 0.4877639276973142, 0.0, (-897.1151312073803, 391.1018774252584, 3489.9999999999995), (-44.49999999999999, 19.400000000000915, 264.1575288772863)
12.5, -36.5, 250.3231821534954, 0.9998849556303319, 993.1157359424582, 491.14181122239773, 0.4945463992233578, 0.0
12.5, -35.5, 250.43175482094094, 0.9998847616562023, 977.7955737199629, 477.3813013109538, 0.4882219905074699, 0.0
12.5, -34.5, 250.5372908761229, 0.9998845666783039, 985.2981352451146, 376.8435081917377, 0.38246647863389044, 0.0
12.5, -33.5, 250.63979314306235, 0.34578837468335694, 976.1570958125815, 375.44655278346414, 0.3846169375749213, 0.0, (3500.0, -729.2996218551025, -1224.040196668107)
12.5, -32.5, 250.73926436133223, 0.999884173710487, 990.2760505197965, 420.46925007371203, 0.4245980197673239, 0.0
12.5, -31.5, 250.83570718642056, 0.999883975720209, 993.0468773255801, 443.87335623571767, 0.44698127185207337, 0.0
12.5, -30.5, 250.94068072893523, 0.9998837767254439, 958.8228306819948, 454.9108161603096, 0.4744472092271093, 0.0
12.5, -29.5, 251.0195178606773, 0.9998835767260097, 985.5522682487374, 465.3108423650971, 0.4721320800082215, 0.0
12.5, -28.5, 251.106890603503, 0.9998833757217233, 999.9517539162387, 522.9745127937916, 0.5229997454833194, 0.0
12.5, -27.5, 251.19124474110657, 0.999883173712401, 989.7411832276351, 542.8467813191272, 0.5484734701539397, 0.0, (-897.5736256437385, 411.4719542277102, 3490.0000000000005), (-44.49999999999999, 20.40000000000093, 264.0996057110653)
12.5, -26.5, 251.2725825135927, 0.9998829706978581, 983.9693847425614, 588.9662691859353, 0.598561579576003, 0.0
12.5, -25.5, 251.3509060789172, 0.999882766677909, 987.7618064501456, 651.5386253626224, 0.6596110733458561, 0.0
12.5, -24.5, 251.42621751316975, 0.9998825616523669, 990.5212423278184, 635.7942202347693, 0.641878430330876, 0.0
12.5, -23.5, 251.49851881084575, 0.9998823556210443, 998.6435974204021, 695.267990421541, 0.6962123346281784, 0.0
12.5, -22.5, 251.56781188510698, 0.9998821485837529, 991.9929459229027, 694.3949892542526, 0.6999999265198612, 0.0
12.5, -21.5, 251.63730772637663, 0.999881940540303, 1095.6505615679057, 737.5246444557612, 0.6731385629012442, 0.0
12.5, -20.5, 251.70354362494282, 0.9998817314905044, 982.6273116156416, 656.0393951946081, 0.667638063220474, 0.0, (-897.9086623274368, 425.7499500024666, 3490.0), (-44.49999999999999, 21.10000000000094, 264.05732145451884)
12.5, -19.5, 251.7635224901111, 0.9998815214341658, 981.0788480853461, 667.4955944522648, 0.6803689588812722, 0.0
12.5, -18.5, 251.82050013061325, 0.9998813103710948, 972.0166083789404, 698.0412870958985, 0.7181372016472451, 0.0
12.5, -17.5, 251.87447804846283, 0.9998810983010984, 977.6090499448848, 652.050553052398, 0.6669849804368719, 0.0
12.5, -16.5, 251.9254576656948, 0.9998808852239823, 998.3426392525135, 589.9071931788686, 0.5908865052789374, 0.0
12.5, -15.5, 251.97344032454984, 0.9998806711395516, 984.4174348669573, 558.2951320127738, 0.5671325113093174, 0.0
12.5, -14.5, 252.0184272876481, 0.9998804560476101, 964.8157618119137, 544.5860611867837, 0.5644456514309601, 0.0
12.5, -13.5, 252.06041973815252, 0.999880239947961, 977.4573746541075, 560.8053078333016, 0.5737388886464267, 0.0
12.5, -12.5, 252.09941877992168, 0.9998800228404064, 980.7766885416088, 567.2738257004825, 0.5783924437926894, 0.0
12.5, -11.5, 252.13542543765232, 0.9998798047247475, 993.4266246430689, 568.4204459203419, 0.5721816104179525, 0.0
12.5, -10.5, 252.16844065701164, 0.9998795856007844, 983.232656722356, 584.7062252023771, 0.5946773850570809, 0.0
12.5, -9.5, 252.19846530475908, 0.9998793654683164, 976.3605240213308, 569.1532489235657, 0.5829334911856097, 0.0
12.5, -8.5, 252.2255001688582, 0.9998791443271418, 983.263187145032, 572.9236862607388, 0.5826758224563046, 0.0
12.5, -7.5, 252.24954595857795, 0.9998789221770581, 991.40810920911, 585.2776637422354, 0.590349885486752, 0.0
12.5, -6.5, 252.27060330458403, 0.9998786990178616, 981.8266754267688, 537.9574447749487, 0.5479148797226514, 0.0
12.5, -5.5, 252.28867275902013, 0.999878474849348, 989.5906904342346, 604.5308105850039, 0.6108897511149124, 0.0
12.5, -4.5, 252.30375479557873, 0.9998782496713117, 984.2434950696551, 594.6160780816253, 0.6041351363358965, 0.0
12.5, -3.5, 252.31584980956205, 0.9998780234835464, 982.3720270193639, 538.7562296425934, 0.5484238301015607, 0.0
12.5, -2.5, 252.32495811793302, 0.9998777962858446, 999.9921987010356, 597.9953302251536, 0.5979999954018984, 0.0
12.5, -1.5, 252.33107995935575, 0.9333400545329892, 985.8449304197526, 585.8562125672757, 0.5942681191430687, 0.0, (1041.763276376405, 749.0253579376553, 3500.0)
12.5, -0.5, 252.33421549422638, 0.9998773388597978, 984.4183142470864, 606.4408142105264, 0.6160397520380866, 0.0
12.5, 0.5, 252.33426775285085, 0.9998771086310333, 1085.1905361342638, 654.4880764349751, 0.603108905433727, 0.0, (-898.9837611631613, 468.6836687412632, 3490.0), (-44.49999999999999, 23.20000000000097, 263.921874903866)
12.5, 1.5, 252.33107995935575, 0.9998768773914936, 973.3345134449157, 576.6911411667033, 0.5924901800981295, 0.0
12.5, 2.5, 252.324958117933, 0.9998766451409665, 977.006593457641, 580.2104346727455, 0.5938654237934793, 0.0
12.5, 3.5, 252.31584980956202, 0.59222736236727, 949.0038539681273, 569.7470064066332, 0.6003632166764292, 0.0, (-3182.4883290350726, -3270.805290291771, -3490.0), (-2998.2165108599347, -3490.0, -3261.432140794592)
12.5, 4.5, 252.30375479557867, 0.9998761776060973, 998.3885218524409, 559.0334611351022, 0.5599357854173386, 0.0
12.5, 5.5, 252.28867275902013, 0.9998759423213261, 993.4959553540353, 576.7472522360235, 0.5805229997443703, 0.0
12.5, 6.5, 252.27060330458403, 0.9998757060247099, 982.7469092584221, 584.9505530102392, 0.5952199365873775, 0.0
12.5, 7.5, 252.2495459585779, 0.9998754687160317, 981.1757498811868, 569.5362585981476, 0.5804630400487519, 0.0
12.5, 8.5, 252.22550016885816, 0.9998752303950736, 984.1362902060442, 610.2183267656478, 0.6200546944955044, 0.0
12.5, 9.5, 252.19846530475905, 0.999874991061617, 987.0769979446093, 576.7993907358531, 0.5843509593850557, 0.0
12.5, 10.5, 252.1684406570116, 0.9998747507154422, 985.412429174696, 578.4461782624052, 0.5870092167873976, 0.0
12.5, 11.5, 252.13542543765226, 0.9998745093563284, 990.3174877466595, 605.9213195771939, 0.6118455213346684, 0.0
12.5, 12.5, 252.09941877992162, 0.9998742669840541, 970.3200038231257, 551.7941963023285, 0.5686723906837151, 0.0
12.5, 13.5, 252.0604197381525, 0.9998740235983968, 991.6594585220674, 570.0190916432606, 0.5748133461993051, 0.0
12.5, 14.5, 252.01842728764808, 0.999873779199133, 981.3487035008442, 553.5649988426168, 0.5640859328267718, 0.0
12.5, 15.5, 251.97344032454978, 0.999873533786038, 983.8200893435953, 547.075780527351, 0.5560729918539882, 0.0
12.5, 16.5, 251.92545766569475, 0.9998732873588866, 984.625637250756, 567.0234421898472, 0.5758771869612029, 0.0
12.5, 17.5, 251.87447804846278, 0.9998730399174524, 986.3431383747522, 654.1679718560941, 0.6632255514384172, 0.0
12.5, 18.5, 251.82050013061317, 0.9998727914615079, 968.0859029305273, 670.6220198491516, 0.6927298681027043, 0.0
12.5, 19.5, 251.76352249011103, 0.9998725419908249, 976.3354273110424, 675.701733438662, 0.6920794990504795, 0.0
12.5, 20.5, 251.7035436249427, 0.9998722915051742, 969.1829451529134, 638.2357418600549, 0.6585296873536677, 0.0
12.5, 21.5, 251.63730772637655, 0.9998720400043254, 1084.4069546725698, 746.8795895277794, 0.6887447432069405, 0.0
12.5, 22.5, 251.56781188510686, 0.9998717874880475, 993.5238076554098, 676.7553805865842, 0.6811667474618863, 0.0
12.5, 23.5, 251.49851881084567, 0.9998715339561084, 989.4231721794953, 661.0649838237756, 0.6681316977523234, 0.0
12.5, 24.5, 251.42621751316966, 0.9998712794082748, 979.9542002107585, 665.6466038170026, 0.679262973385738, 0.0
12.5, 25.5, 251.3509060789171, 0.9998710238443127, 990.4715754074846, 635.4716927290968, 0.6415849868964295, 0.0
12.5, 26.5, 251.2725825135926, 0.9998707672639872, 974.038136504299, 554.1729972473356, 0.5689438395463582, 0.0
12.5, 27.5, 251.19124474110646, 0.9998705096670623, 998.8490818154551, 489.3143572886189, 0.48987816697920683, 0.0
12.5, 28.5, 251.10689060350288, 0.9998702510533009, 987.5306841522549, 504.43472057624575, 0.5108040982131886, 0.0
12.5, 29.5, 251.01951786067718, 0.9998699914224651, 976.0120558670953, 464.35430793338287, 0.4757669796617907, 0.0
12.5, 30.5, 250.92912419008172, 0.9998697307743162, 955.6308643514345, 460.0675356365951, 0.48142808358207717, 0.0
12.5, 31.5, 250.8357071864204, 0.9998694691086142, 984.4933745847908, 447.19884290186064, 0.45424261294847856, 0.0
12.5, 32.5, 250.73926436133215, 0.9998692064251185, 990.3760530313634, 409.53849527220837, 0.41351817223233994, 0.0
12.5, 33.5, 250.63979314306224, 0.999868942723587, 985.0120893935642, 364.79863720547166, 0.3703494009196017, 0.0
12.5, 34.5, 250.53729087612274, 0.9998686780037772, 977.6499384743936, 367.4865530514807, 0.3758876655021708, 0.0
12.5, 35.5, 250.43175482094085, 0.9998684122654454, 988.2352125073812, 474.57818102380776, 0.4802279609321886, 0.0
12.5, 36.5, 250.32318215349525, 0.9998681455083469, 974.3059462949021, 478.10374622213567, 0.4907121300452616, 0.0
12.5, 37.5, 250.2115699649411, 0.9998678777322361, 975.7770868996108, 467.8735051534338, 0.47948810382505863, 0.0
12.5, 38.5, 250.09691526122253, 0.9998676089368662, 960.9035685299204, 478.517883622196, 0.49798741444396666, 0.0
12.5, 39.5, 249.97921496267298, 0.9998673391219898, 984.9587255661899, 471.6099730951056, 0.4788119145033282, 0.0
12.5, 40.5, 249.85846590360362, 0.9998670682873584, 987.497398043912, 448.9710514182702, 0.45465542725238184, 0.0
12.5, 41.5, 249.73466483187877, 0.9998667964327222, 991.0552499530161, 441.16924033727355, 0.4451510048084489, 0.0
12.5, 42.5, 249.60135855748902, 0.9998665235578311, 1078.6331351682381, 489.4030801622598, 0.45372524188766544, 0.0
12.5, 43.5, 249.46473331958816, 0.9998662496624334, 979.5852065002248, 104.05605444302188, 0.10622460787743429, 0.0
12.5, 44.5, 249.3314494000993, 0.9998659747462767, 987.4028140492898, 0.9998971721654438, 0.0010126537598823678, 0.0
12.5, 45.5, 249.21581259082092, 0.9998656988091076, 678.3500245901312, 0.0, 0.0, 0.0
13.5, -44.5, 249.30564580412175, 0.9998654218506717, 773.5471169499976, 0.0, 0.0, 0.0
13.5, -43.5, 249.42543130340644, 0.9998651438707139, 985.1509949537573, 5.8944298029429625, 0.005983275490900403, 0.0
13.5, -42.5, 249.5620723645649, 0.9998648648689775, 1097.776590994874, 465.97318782224755, 0.42446996196189013, 0.0
13.5, -41.5, 249.69539406610892, 0.9998645848452055, 990.6846218691921, 494.19262975423095, 0.4988395084015779, 0.0
13.5, -40.5, 249.8192094543686, 0.9998643037991394, 986.0120588377404, 468.31578475132653, 0.4749594901540583, 0.0
13.5, -39.5, 249.9399724672837, 0.99986402173052, 988.1477259155507, 497.3839624854603, 0.5033498023027053, 0.0
13.5, -38.5, 250.05768635810455, 0.9998637386390872, 995.6285259780639, 474.22769331044606, 0.4763098695314948, 0.0
13.5, -37.5, 250.17235429360403, 0.9998634545245797, 991.5140871424984, 519.4359405272598, 0.5238815537399496, 0.0
13.5, -36.5, 250.283979354502, 0.9998631693867354, 986.9960547883566, 467.4738641907848, 0.47363296126956267, 0.0
13.5, -35.5, 250.3925645358774, 0.9998628832252909, 982.2958872146689, 464.537309031033, 0.4729097567009501, 0.0, (-902.3033840194596, 581.9349914912235, 3490.0), (-44.49999999999999, 28.700000000001047, 263.5059415401074)
13.5, -34.5, 250.49811274756797, 0.9998625960399824, 997.7494379186855, 459.8772975368972, 0.4609146144909943, 0.0
13.5, -33.5, 250.60062681455798, 0.9998623078305445, 976.4379807546816, 363.4029496975619, 0.3721720752983108, 0.0
13.5, -32.5, 250.70010947735355, 0.9998620185967113, 989.4158806314588, 417.27065259300514, 0.4217343391807066, 0.0
13.5, -31.5, 250.79656339234646, 0.9998617283382156, 999.8695159920891, 452.93744442761187, 0.4529965532334476, 0.0
13.5, -30.5, 250.88999113216587, 0.9998614370547894, 989.46890339843, 465.564800417846, 0.47051989084125545, 0.0
13.5, -29.5, 250.98039518601843, 0.9998611447461636, 972.0915080123087, 498.0373824416134, 0.5123359049396276, 0.0
13.5, -28.5, 251.06777796001666, 0.9998608514120682, 990.8317767074684, 511.36619689202416, 0.516097897658564, 0.0
13.5, -27.5, 251.15214177749593, 0.9998605570522322, 988.9172514834349, 507.8280328459266, 0.5135192374125885, 0.0
13.5, -26.5, 251.23348887932022, 0.9998602616663835, 989.6322983134737, 536.4171178227874, 0.5420367936019739, 0.0
13.5, -25.5, 251.3118214241761, 0.9998599652542494, 996.4966120358811, 640.5695831509313, 0.6428216367361479, 0.0
13.5, -24.5, 251.38714148885586, 0.9998596678155556, 983.8178775829106, 650.4209254364657, 0.6611192378760692, 0.0
13.5, -23.5, 251.45945106852938, 0.9998593693500272, 990.7727046227951, 643.2843503706575, 0.6492754063259821, 0.0
13.5, -22.5, 251.5287520770049, 0.9998590698573885, 985.9546028993191, 674.3336804423469, 0.683939887758916, 0.0
13.5, -21.5, 251.59825587254235, 0.9998587693373623, 1080.0791042240799, 741.9799199473817, 0.6869681276543297, 0.0
13.5, -20.5, 251.66449934937518, 0.9998584677896709, 997.1229507723909, 659.5511409754207, 0.6614541772050473, 0.0
13.5, -19.5, 251.72448507443903, 0.9998581652140353, 971.095975251206, 643.1991502080574, 0.6623435444078251, 0.0
13.5, -18.5, 251.78146922941508, 0.9998578616101755, 983.2950837898064, 676.243538130458, 0.6877320443056489, 0.0
13.5, -17.5, 251.83545331682294, 0.9998575569778109, 990.3938822552682, 671.3595438761785, 0.6778712549671622, 0.0
13.5, -16.5, 251.88643875917637, 0.9998572513166594, 991.1273387001278, 656.8412265718938, 0.6627213284554806, 0.0
13.5, -15.5, 251.93442689916793, 0.999856944626438, 989.3041701012926, 582.987377979056, 0.5892903270784406, 0.0
13.5, -14.5, 251.97941899984247, 0.9998566369068632, 993.2245093692671, 580.4389587130597, 0.5843985455832731, 0.0
13.5, -13.5, 252.02141624476076, 0.99985632815765, 972.0283225172602, 570.538469610112, 0.5869566311942325, 0.0
13.5, -12.5, 252.06041973815252, 0.9998560183785126, 996.8792123311475, 605.365018982236, 0.6072601489669175, 0.0
13.5, -11.5, 252.0964305050588, 0.999855707569164, 988.041369442263, 570.213284380415, 0.5771147869064361, 0.0
13.5, -10.5, 252.12944949146444, 0.9998553957293165, 999.9858404578492, 576.9918257387092, 0.5769999957944706, 0.0
13.5, -9.5, 252.15947756441997, 0.9998550828586812, 978.9835873017824, 584.2530301372229, 0.5967955313198938, 0.0
13.5, -8.5, 252.1865155121534, 0.9998547689569683, 997.0275285967692, 589.8086733483708, 0.591567089605315, 0.0
13.5, -7.5, 252.21056404417178, 0.9998544540238871, 965.591571049389, 544.3925338490651, 0.5637917212320197, 0.0
13.5, -6.5, 252.2316237913524, 0.9998541380591457, 987.9679747029295, 612.497716553471, 0.6199570555286896, 0.0
13.5, -5.5, 252.2496953060241, 0.9998538210624511, 969.8115728822858, 601.2874098961191, 0.6200043665277053, 0.0, (-904.4270964791866, 644.2772799638474, 3490.0), (-44.49999999999999, 31.70000000000109, 263.241650417714)
13.5, -4.5, 252.26477906203831, 0.9998535030335098, 993.8499988737933, 580.8135354654769, 0.5844076431288833, 0.0
13.5, -3.5, 252.27687545482985, 0.9998531839720268, 981.9437103988296, 593.7744200580762, 0.6046929307352117, 0.0
13.5, -2.5, 252.2859848014679, 0.9998528638777064, 990.6347847490932, 625.3348272555544, 0.6312465874231727, 0.0
13.5, -1.5, 252.29210734069656, 0.9998525427502517, 986.6400383735673, 574.6724882443049, 0.5824540520285667, 0.0
13.5, -0.5, 252.29524323296573, 0.9998522205893648, 967.6255070407269, 587.7603500921336, 0.6074254407468768, 0.0
13.5, 0.5, 252.2952954975468, 0.9998518973947471, 1082.205402880222, 638.71736575881, 0.5901997569582481, 0.0
13.5, 1.5, 252.29210734069656, 0.9998515731660987, 964.3698418058502, 557.7677338217153, 0.5783753386327968, 0.0
13.5, 2.5, 252.2859848014679, 0.9998512479031186, 973.1478808580256, 577.9013575173691, 0.5938474191690505, 0.0
13.5, 3.5, 252.27687545482985, 0.9998509216055053, 992.0982533166564, 587.2672146100524, 0.5919446109765596, 0.0
13.5, 4.5, 252.26477906203831, 0.9998505942729556, 975.0383071084894, 590.3964767240798, 0.6055110577910743, 0.0
13.5, 5.5, 252.24969530602408, 0.9998502659051659, 980.4241707831964, 577.4391283427827, 0.5889686786092846, 0.0
13.5, 6.5, 252.23162379135235, 0.9998499365018313, 991.2998794495219, 588.9352824845973, 0.5941040594210892, 0.0
13.5, 7.5, 252.21056404417175, 0.999849606062646, 980.1257724439906, 594.4663932257798, 0.606520520058818, 0.0
13.5, 8.5, 252.1865155121534, 0.999849274587303, 996.4507251455761, 600.2240979136457, 0.6023620463781149, 0.0
13.5, 9.5, 252.15947756441994, 0.9998489420754945, 988.9475560176788, 574.864032132131, 0.5812886928473834, 0.0
13.5, 10.5, 252.1345324596345, 0.9998486085269116, 993.9102115513225, 579.7627281085967, 0.5833149930149998, 0.0
13.5, 11.5, 252.09643050505878, 0.9998482739412445, 942.0559350324245, 538.8777817480808, 0.5720231269808127, 0.0
13.5, 12.5, 252.0604197381525, 0.9998479383181823, 989.1748495435553, 575.9522216689628, 0.5822552220517233, 0.0
13.5, 13.5, 252.02141624476073, 0.9998476016574129, 999.9823614879136, 598.9894295131638, 0.598999994981815, 0.0
13.5, 14.5, 251.97941899984238, 0.9998472639586237, 991.5163910924546, 592.1169453975953, 0.5971832142333016, 0.0
13.5, 15.5, 251.93442689916785, 0.9998469252215004, 986.9293092553601, 569.6477387163762, 0.5771920373366726, 0.0
13.5, 16.5, 251.88643875917631, 0.9998465854457282, 981.7466746220903, 611.1393055887537, 0.6225020378337449, 0.0
13.5, 17.5, 251.83545331682285, 0.9998462446309913, 995.1829319253296, 681.1077604376108, 0.6844045839089165, 0.0
13.5, 18.5, 251.78146922941502, 0.9998459027769725, 959.1658474539613, 639.0413985762139, 0.6662470314935677, 0.0
13.5, 19.5, 251.72448507443897, 0.9998455598833539, 972.8599793641473, 690.7173147888792, 0.7099863592295429, 0.0
13.5, 20.5, 251.66449934937512, 0.9998452159498163, 989.976320232256, 672.9834781627151, 0.6797975511220592, 0.0
13.5, 21.5, 251.5982558725423, 0.99984487097604, 1088.2955830761884, 740.5327088992959, 0.6804518188028458, 0.0
13.5, 22.5, 251.52875207700478, 0.9998445249617038, 981.200807349881, 674.7201739865371, 0.6876473897416417, 0.0
13.5, 23.5, 251.45945106852926, 0.9998441779064856, 977.3667111721729, 637.9037893159497, 0.652675993589858, 0.0
13.5, 24.5, 251.38714148885578, 0.9998438298100623, 989.6919102878063, 644.9726540158856, 0.6516903364687754, 0.0
13.5, 25.5, 251.311821424176, 0.9419921179751195, 986.3495720560967, 646.3829840731559, 0.6553284985218142, 0.0, (-786.4846008867687, -920.0568193098698, 3500.0)
13.5, 26.5, 251.23348887932013, 0.9998431304923031, 982.6722862064555, 521.719166805487, 0.530918775393118, 0.0
13.5, 27.5, 251.1521417774958, 0.9998427792703158, 979.1505272818273, 500.8824589471892, 0.5115479642723217, 0.0
13.5, 28.5, 251.06777796001654, 0.9998424270058209, 998.6075486716014, 517.3029293881299, 0.518024252947289, 0.0
13.5, 29.5, 250.9803951860183, 0.9998420736984903, 984.1119959803909, 490.60961171050684, 0.4985302625254073, 0.0, (-907.1905572516258, 717.597923938388, 3490.0), (-44.49999999999999, 35.20000000000114, 262.899826337116)
13.5, 30.5, 250.8899911321658, 0.9998417193479945, 980.6301961383, 461.60935606693266, 0.4707272505830843, 0.0
13.5, 31.5, 250.79656339234637, 0.9998413639540035, 984.838070719279, 421.32741080880504, 0.4278138948274892, 0.0
13.5, 32.5, 250.7001094773534, 0.9998410075161859, 976.976406985933, 407.2687987521716, 0.41686656488321494, 0.0
13.5, 33.5, 250.60062681455784, 0.9998406500342093, 963.4513440064286, 321.28269357296415, 0.33347059565762605, 0.0
13.5, 34.5, 250.49811274756783, 0.9998402915077407, 989.5417058502834, 428.6954972105479, 0.4332263053452434, 0.0
13.5, 35.5, 250.39256453587726, 0.9998399319364454, 983.8125621205878, 449.4814533998586, 0.4568771234542996, 0.0
13.5, 36.5, 250.28397935450187, 0.9998395713199881, 988.6575094704467, 480.39336216253923, 0.48590473198332523, 0.0
13.5, 37.5, 250.1723542936039, 0.9998392096580326, 976.0904445429162, 485.98373785789613, 0.497888019061054, 0.0
13.5, 38.5, 250.0708580689886, 0.9998388469502413, 979.2973001031805, 500.80736046677106, 0.5113946095981323, 0.0
13.5, 39.5, 249.93997246728355, 0.9998384831962756, 982.2254388695616, 484.28056366572827, 0.49304420808229565, 0.0
13.5, 40.5, 249.81920945436846, 0.9998381183957962, 992.5632930304357, 457.65044717991145, 0.4610793592644758, 0.0
13.5, 41.5, 249.69539406610878, 0.9998377525484623, 988.1010563006885, 462.1136338182252, 0.46767851412720246, 0.0, (-908.210058443388, 742.8954185919187, 3490.0), (-44.49999999999999, 36.40000000000116, 262.77431031768134)
13.5, 42.5, 249.56207236456473, 0.9998373856539327, 1071.61403215896, 440.3005866241258, 0.41087609289424915, 0.0
13.5, 43.5, 249.4254313034063, 0.9998370177118645, 988.6756388815764, 5.8777124209057305, 0.005945036157212085, 0.0
13.5, 44.5, 249.29213193562475, 0.999836648721914, 988.6857122887936, 0.0, 0.0, 0.0
13.5, 45.5, 249.17648171416602, 0.9998362786837368, 699.5995674395065, 0.0, 0.0, 0.0
14.5, -44.5, 249.26331209780568, 0.999835907596987, 797.5661500081244, 0.0, 0.0, 0.0
14.5, -43.5, 249.3831125475205, 0.9998355354613179, 967.291000459825, 0.0, 0.0, 0.0
14.5, -42.5, 249.5197706504702, 0.9998351622763816, 1079.8955872494323, 331.5258201765715, 0.30699803211622556, 0.0
14.5, -41.5, 249.6531089671943, 0.9998347880418293, 982.9705859543558, 470.18095056036236, 0.47832657180058813, 0.0
14.5, -40.5, 249.77693977448325, 0.9998344127573113, 970.8936003216081, 451.7348586762543, 0.46527740890105496, 0.0
14.5, -39.5, 249.89771781580473, 0.9998340364224765, 992.3163305500875, 458.45761567284563, 0.46200752880757395, 0.0
14.5, -38.5, 250.01544634560997, 0.9998336590369729, 997.9712545894704, 479.9873043195522, 0.4809630559118677, 0.0
14.5, -37.5, 250.13012853183946, 0.9998332806004476, 977.698089143282, 455.26777786036854, 0.46565272338754554, 0.0
14.5, -36.5, 250.24176745634796, 0.9998329011125465, 998.7935063451391, 484.2847441098517, 0.48486973637021646, 0.0
14.5, -35.5, 250.35036611531635, 0.9998325205729146, 990.9560846797273, 498.32838023426524, 0.5028763513726472, 0.0
14.5, -34.5, 250.45592741965208, 0.9998321389811956, 998.3715235288416, 494.3421847611892, 0.4951485224797763, 0.0
14.5, -33.5, 250.55845419537664, 0.9998317563370325, 973.601880049933, 377.2150538438611, 0.38744281576830447, 0.0
14.5, -32.5, 250.6579491840017, 0.9998313726400669, 981.8508057151352, 417.8033492494301, 0.4255263089030326, 0.0
14.5, -31.5, 250.75441504289267, 0.9998309878899397, 984.552717015851, 419.4350798960641, 0.4260158675579698, 0.0
14.5, -30.5, 250.84785434562076, 0.8086418788087398, 983.68675728622, 464.9048143878665, 0.47261469257798977, 0.0, (2282.0101189491643, 881.1870801363901, 3500.0)
14.5, -29.5, 250.9382695823033, 0.9998302152287577, 992.4976575124706, 487.80056472251846, 0.49148787508991104, 0.0
14.5, -28.5, 251.0256631599324, 0.9998298273169791, 974.1508564695087, 469.64961016688386, 0.48211178694537654, 0.0
14.5, -27.5, 251.11003740269226, 0.9998294383505913, 976.9040094002944, 509.33286494730953, 0.5213745261010657, 0.0
14.5, -26.5, 251.1913945522645, 0.9998290483292296, 982.5727291342882, 530.0153097328754, 0.5394158559640201, 0.0
14.5, -25.5, 251.26973676812307, 0.9998286572525285, 984.0266291939173, 606.6894179531258, 0.616537601680664, 0.0
14.5, -24.5, 251.3450661278171, 0.9998282651201214, 995.0700227888292, 640.2294400346855, 0.6434013942459536, 0.0
14.5, -23.5, 251.41738462724297, 0.9998278719316402, 974.1225872694905, 658.9214712734961, 0.6764256161234108, 0.0
14.5, -22.5, 251.48669418090552, 0.9998274776867168, 990.1599795821012, 670.84782354202, 0.6775145808510182, 0.0
14.5, -21.5, 251.55620654322652, 0.999827082384981, 1083.3219535751862, 757.0836562120119, 0.6988537929222974, 0.0
14.5, -20.5, 251.62245818188683, 0.999826686026062, 977.5266427522431, 677.7435228930093, 0.6933248601642311, 0.0
14.5, -19.5, 251.68245129508836, 0.9998262886095878, 970.0638698378453, 650.0474088027672, 0.6701078444571164, 0.0
14.5, -18.5, 251.73944246618063, 0.9998258901351855, 971.2706985796573, 686.9179933074514, 0.7072364010486155, 0.0
14.5, -17.5, 251.79343319822837, 0.9998254906024812, 979.0203170050822, 676.9713328559556, 0.6914783289961502, 0.0
14.5, -16.5, 251.84442491426125, 0.9998250900110994, 981.8727683009207, 705.3105197502831, 0.7183318883268205, 0.0, (-911.2068812327707, 812.9193974144293, 3490.0), (-44.49999999999999, 39.700000000001204, 262.4071834660471)
14.5, -15.5, 251.8924189574584, 0.9998246883606644, 981.1557727874155, 645.6092882558046, 0.658008958579187, 0.0
14.5, -14.5, 251.93741659132232, 0.9998242856507986, 984.2895986467634, 578.5388674525642, 0.5877730174614871, 0.0
14.5, -13.5, 251.97941899984247, 0.999823881881124, 989.0027818186194, 570.0734936188566, 0.5764124268392671, 0.0
14.5, -12.5, 252.0184272876481, 0.9998234770512611, 999.6068051802256, 583.689282393824, 0.5839188762711423, 0.0
14.5, -11.5, 252.05444248015135, 0.9998230711608294, 978.4083257237291, 574.7540645353353, 0.587437830836312, 0.0
14.5, -10.5, 252.08746552367913, 0.9998226642094474, 970.8730013496062, 563.9547096269332, 0.5808738206160665, 0.0
14.5, -9.5, 252.11749728559556, 0.9998222561967328, 982.153154396485, 589.6167574781717, 0.6003307680058111, 0.0
14.5, -8.5, 252.14453855441366, 0.9998218471223017, 999.9105705751385, 583.9617160306652, 0.5840139440617937, 0.0
14.5, -7.5, 252.1685900398968, 0.9998214369857695, 992.4406422780228, 592.1325183876806, 0.5966427544004193, 0.0
14.5, -6.5, 252.18965237315027, 0.9998210257867505, 993.9387872786818, 576.1537082424235, 0.5796671944153445, 0.0
14.5, -5.5, 252.2077261067025, 0.9998206135248577, 997.5128987600904, 594.2602263123871, 0.5957418967223914, 0.0
14.5, -4.5, 252.22281171457598, 0.9998202001997034, 970.9345739693259, 597.0040107494506, 0.6148756329778317, 0.0
14.5, -3.5, 252.23490959234837, 0.9998197858108985, 968.5098320735941, 564.4066486549443, 0.5827577893004361, 0.0, (-912.4663641881251, 840.6993467800957, 3490.0000000000005), (-44.49999999999999, 41.00000000000122, 262.25369876246646)
14.5, -2.5, 252.2440200572033, 0.9998193703580529, 990.8729473266085, 610.5235776764555, 0.6161471854930122, 0.0
14.5, -1.5, 252.25014334797117, 0.21029437251755406, 976.325270006481, 577.2393801701245, 0.5912367506028935, 0.0, (750.7371560340049, 3500.0, -656.7752642553495)
14.5, -0.5, 252.25327962515973, 0.9998185362586741, 982.1033038475687, 566.3236497607734, 0.5766436662437621, 0.0
14.5, 0.5, 252.25333189615597, 0.9998181176113554, 1069.311766729154, 642.5078766133773, 0.6008611301255027, 0.0
14.5, 1.5, 252.25014334797117, 0.9998176978984251, 964.6875608039704, 588.3741898557095, 0.6099116582008776, 0.0
14.5, 2.5, 252.2440200572033, 0.9998172771194878, 998.0909066745558, 581.6648413146692, 0.5827774177931978, 0.0
14.5, 3.5, 252.23490959234837, 0.9998168552741469, 980.7098566135842, 573.3764365794278, 0.5846545058283712, 0.0
14.5, 4.5, 252.22281171457598, 0.9998164323620047, 989.7983952893546, 578.1119919602305, 0.5840704477917718, 0.0
14.5, 5.5, 252.2077261067025, 0.9451429442475356, 984.6297464868913, 588.1141664720599, 0.5972947380174336, 0.0, (493.2685805895994, -1005.2011212092902, 3500.0)
14.5, 6.5, 252.18965237315027, 0.999815583335721, 978.5114524661539, 570.7113098827726, 0.5832443845643321, 0.0
14.5, 7.5, 252.16859003989677, 0.9998151572207787, 982.6847303147964, 583.6539977946251, 0.5939381978670366, 0.0
14.5, 8.5, 252.14453855441363, 0.999814730037434, 990.2564614208816, 581.460305117645, 0.5871815310180654, 0.0
14.5, 9.5, 252.11749728559553, 0.999814301785284, 985.7545637794783, 599.3188166446557, 0.6079797534457354, 0.0
14.5, 10.5, 252.0874655236791, 0.9998138724639243, 982.3850602945491, 565.9947656025604, 0.576143498591945, 0.0
14.5, 11.5, 252.0544424801513, 0.9998134420729499, 976.5159440889314, 546.7836054271442, 0.5599331057899742, 0.0
14.5, 12.5, 252.01842728764808, 0.9998130106119545, 990.8890347390093, 562.624640245065, 0.5677978265177341, 0.0
14.5, 13.5, 251.97941899984238, 0.9998125780805307, 996.708182182511, 557.5771603519389, 0.5594186646797676, 0.0
14.5, 14.5, 251.93741659132226, 0.9998121444782699, 969.2454039358953, 571.462985527026, 0.5895957651245379, 0.0
14.5, 15.5, 251.89241895745832, 0.9998117098047629, 996.9338835584447, 646.8083207323956, 0.6487976097508946, 0.0
14.5, 16.5, 251.84442491426117, 0.9998112740595987, 980.8816473265612, 697.1933442689207, 0.7107823315576897, 0.0
14.5, 17.5, 251.7934331982283, 0.9998108372423656, 968.4208510462317, 707.9257857581534, 0.7310104744165175, 0.0
14.5, 18.5, 251.73944246618055, 0.9998103993526511, 981.1659469146509, 656.2995469267939, 0.6688975998306673, 0.0
14.5, 19.5, 251.6824512950883, 0.999809960390041, 985.1974640660386, 667.3940006012241, 0.6774215575492876, 0.0
14.5, 20.5, 251.62245818188677, 0.9998095203541202, 987.1840096036582, 672.2885126077679, 0.6810164124089522, 0.0
14.5, 21.5, 251.55620654322647, 0.9998090792444728, 1070.1027337329642, 744.3725339215334, 0.69560847800552, 0.0
14.5, 22.5, 251.48669418090543, 0.9998086370606815, 989.9402988351022, 686.4632653164078, 0.6934390549856324, 0.0
14.5, 23.5, 251.4173846272429, 0.9998081938023279, 976.0005379762243, 658.0564830589008, 0.6742378282120693, 0.0
14.5, 24.5, 251.34506612781698, 0.9998077494689926, 996.2296797342788, 691.3610162154517, 0.6939775337749988, 0.0, (-915.3335312441357, 900.9350262582989, 3489.9999999999995), (-44.49999999999999, 43.80000000000126, 261.9060660697899)
14.5, 25.5, 251.26973676812295, 0.9998073040602552, 969.9842092348591, 600.9381087246833, 0.6195339089063254, 0.0
14.5, 26.5, 251.1913945522644, 0.999806857575694, 992.1590589856357, 529.624651498933, 0.5338102259938149, 0.15491933384829668, (-915.546495019537, 905.2594557496807, 3490.0), (-44.49999999999999, 44.000000000001265, 261.8803426502044)
14.5, 27.5, 251.11003740269214, 0.9998064100148862, 999.8077381567359, 520.902888518682, 0.5210030575268683, 0.15491933384829668
14.5, 28.5, 251.02566315993235, 0.9998059613774081, 994.6955338628621, 510.34703869749285, 0.5130685936786904, 0.14491376746189438
14.5, 29.5, 250.93826958230318, 0.9998055116628347, 973.8402380680712, 483.7081431675863, 0.4967017425026293, 0.14491376746189438
14.5, 30.5, 250.84785434562062, 0.9999890952861724, 988.5466264905392, 442.54256962837826, 0.44766990020436187, 0.15491933384829668
14.5, 31.5, 250.75441504289253, 0.9998046090006968, 961.452587814999, 424.04486811726184, 0.44104605207933123, 0.15811388300841897
14.5, 32.5, 250.65794918400158, 0.9998041560522769, 972.5912414109182, 396.1430430943233, 0.4073068173219889, 0.15491933384829668
14.5, 33.5, 250.5584541953765, 0.9998037020250509, 993.1971627922428, 388.7385660196463, 0.3914012046981277, 0.09486832980505137
14.5, 34.5, 250.4559274196519, 0.9998032469185882, 988.8046657592084, 497.82752099422066, 0.5034639683986387, 0.15811388300841897
14.5, 35.5, 250.3503661153162, 0.9998027907324574, 988.4450776596227, 475.5998629350326, 0.4811596250356445, 0.15491933384829668
14.5, 36.5, 250.24176745634782, 0.9998023334662257, 999.9255954764416, 457.96589437754585, 0.45799997164722606, 0.15811388300841897
14.5, 37.5, 250.13012853183932, 0.9998018751194594, 991.1344818604928, 505.8241448928163, 0.5103486501078203, 0.15811388300841897
14.5, 38.5, 250.01544634560977, 0.9998014156917234, 970.8320870414823, 470.3403312948047, 0.4844713494463515, 0.15491933384829668
14.5, 39.5, 249.89771781580458, 0.9998009551825818, 998.1116701994185, 483.01198875238236, 0.4839258002622879, 0.15491933384829668
14.5, 40.5, 249.7769397744831, 0.9998004935915973, 985.1076574169742, 451.0573167545174, 0.45787616547131843, 0.15491933384829668
14.5, 41.5, 249.65310896719416, 0.9998000309183317, 985.7357799769328, 470.5748707452342, 0.47738438667230493, 0.14491376746189438
14.5, 42.5, 249.51977065047004, 0.9997995671623456, 1086.493925962853, 319.7384362866371, 0.2942846054139551, 0.14491376746189438
14.5, 43.5, 249.3831125475203, 0.9997991023231985, 999.896891576632, 0.0, 0.0, 0.12649110640673517
14.5, 44.5, 249.2497965417837, 0.9997986364004486, 975.1124460667987, 0.0, 0.0, 0.15491933384829668
14.5, 45.5, 249.13413187527829, 0.9997981693936534, 699.1035186416741, 0.0, 0.0, 0.15491933384829668
15.5, -44.5, 249.21795945231534, 0.9998027856464167, 781.2123056971197, 0.0, 0.0, 0.15491933384829668
15.5, -43.5, 249.3377759226339, 0.9998032428503159, 964.5548699604299, 0.0, 0.0, 0.15811388300841897
15.5, -42.5, 249.47445228724632, 0.9998036989742658, 1075.4906683000781, 163.9638165893962, 0.15245489470267334, 0.15811388300841897
15.5, -41.5, 249.60780840847963, 0.9998041540186989, 983.4134575589211, 439.44428701233113, 0.4468560844216451, 0.15491933384829668
15.5, -40.5, 249.73165573850085, 0.9998046079840469, 979.2733311031421, 480.0297813861397, 0.49018978270897123, 0.15811388300841897
15.5, -39.5, 249.85244988396656, 0.9998050608707401, 975.7867771318497, 471.86638224018594, 0.483575298721666, 0.15491933384829668
15.5, -38.5, 249.97019410061515, 0.9998055126792076, 980.6190977003541, 482.5902766182968, 0.4921281644932444, 0.14491376746189438
15.5, -37.5, 250.08489155763874, 0.9998059634098779, 993.9179377190175, 491.1598449694701, 0.49416538964640555, 0.15811388300841897
15.5, -36.5, 250.19654533810822, 0.9998064130631779, 973.4924044253906, 464.723220062232, 0.4773773456779434, 0.14491376746189438
15.5, -35.5, 250.30515843938588, 0.9998068616395335, 987.318585239968, 468.95005503889485, 0.47497338959229296, 0.15811388300841897
15.5, -34.5, 250.41073377352546, 0.9998073091393695, 977.5984280032823, 478.37432769827114, 0.4893362284505075, 0.15491933384829668
15.5, -33.5, 250.51327416766054, 0.9998077555631099, 967.4431932801369, 401.97833123200587, 0.4155058757187486, 0.0
15.5, -32.5, 250.61278236438025, 0.9998082009111771, 975.867029813066, 378.1004369655638, 0.38745077496674063, 0.0
15.5, -31.5, 250.70926102209367, 0.9998086451839926, 994.5580757853307, 435.8102501862691, 0.4381948734789984, 0.0
15.5, -30.5, 250.80271271538174, 0.999809088381977, 992.0633576441285, 444.93049621602756, 0.4484900009537822, 0.0
15.5, -29.5, 250.89313993533804, 0.9998095305055497, 988.4282341437429, 500.41462228993873, 0.5062730960163625, 0.0
15.5, -28.5, 250.98054508989745, 0.9998099715551287, 981.4821615775978, 509.35784074715673, 0.5189680064367486, 0.0
15.5, -27.5, 251.06493050415366, 0.9998104115311313, 997.5189656232803, 532.6755112962402, 0.5340003846076332, 0.0
15.5, -26.5, 251.14629842066503, 0.9998108504339734, 979.4266649984804, 552.2655471198501, 0.5638661544105571, 0.0
15.5, -25.5, 251.22465099974926, 0.9998112882640702, 977.639815242368, 526.8361467970226, 0.53888573131242, 0.0
15.5, -24.5, 251.29999031976672, 0.9670088723743165, 981.6747382413766, 632.2502391870363, 0.6440526730062163, 0.0, (-870.4327096076944, 297.67071746774684, 3500.0)
15.5, -23.5, 251.37231837739262, 0.9998121607076812, 976.3548364128387, 642.8320056107966, 0.6583999808641124, 0.0
15.5, -22.5, 251.44163708787823, 0.9998125953220202, 988.7356900781492, 622.5481512473623, 0.6296406183114077, 0.0
15.5, -21.5, 251.5111586301633, 0.9998130288652622, 1077.6575328604306, 710.0543349765269, 0.658886810814403, 0.0
15.5, -20.5, 251.57741901484505, 0.9998134613378172, 979.7335886957816, 690.333868147621, 0.7046138624956111, 0.0
15.5, -19.5, 251.63742004499926, 0.9998138927400934, 982.0278182730816, 677.9001374754574, 0.6903064504502127, 0.0
15.5, -18.5, 251.69441873439393, 0.9998143230724978, 985.6398925064697, 661.3819595561822, 0.6710178479832998, 0.0
15.5, -17.5, 251.74841658667813, 0.999814752335437, 971.2329440327752, 664.3310031187482, 0.6840078965611464, 0.0
15.5, -16.5, 251.7994150254344, 0.9998151805293161, 987.7505525398866, 680.0932036645369, 0.6885272824355863, 0.0
15.5, -15.5, 251.84741539436348, 0.9998156076545387, 982.5082185518625, 689.5196003051482, 0.7017952494295103, 0.0
15.5, -14.5, 251.8924189574584, 0.9998160337115082, 999.5468628494483, 617.7708702232985, 0.6180509320615487, 0.0
15.5, -13.5, 251.93442689916793, 0.9998164587006261, 975.1779284424833, 600.8809558490481, 0.6161757135015884, 0.0
15.5, -12.5, 251.97344032454984, 0.9998168826222934, 987.0159128653556, 590.1251694502339, 0.5978882019612749, 0.0
15.5, -11.5, 252.00946025941374, 0.9998173054769097, 978.3236261397578, 568.1252044006824, 0.580712955530242, 0.0
15.5, -10.5, 252.0424876504534, 0.9998177272648736, 981.5657317917036, 573.2361519257871, 0.5840017976986921, 0.0
15.5, -9.5, 252.07252336536897, 0.9998181479865826, 965.7421729008305, 563.5812413835331, 0.583573190855574, 0.0
15.5, -8.5, 252.09956819297886, 0.9998185676424332, 999.9848784624064, 590.9910717796544, 0.5910000086085023, 0.0
15.5, -7.5, 252.12362284332133, 0.9998189862328207, 989.7397197827269, 586.8931376478964, 0.592977250399463, 0.0
15.5, -6.5, 252.14468794774598, 0.9998194037581395, 975.0904252208549, 607.1951865067285, 0.6227065416719693, 0.0
15.5, -5.5, 252.1627640589951, 0.9998198202187826, 985.0764875983068, 589.0519092072742, 0.5979758086028717, 0.0
15.5, -4.5, 252.1778516512746, 0.9998202356151422, 982.5226978850369, 566.9988327841735, 0.5770847167242918, 0.0
15.5, -3.5, 252.18995112031527, 0.9998206499476096, 985.2362800942893, 588.6569720321871, 0.5974779694225748, 0.0
15.5, -2.5, 252.19906278342344, 0.9998210632165743, 986.0587161531365, 578.6057754653102, 0.5867863302528242, 0.0
15.5, -1.5, 252.2051868795218, 0.9998214754224256, 996.963509642262, 590.480677020098, 0.5922791268779524, 0.0
15.5, -0.5, 252.2083235691803, 0.9998218865655512, 980.535165474304, 607.3180475718084, 0.6193740611822288, 0.0
15.5, 0.5, 252.20837584705095, 0.9998222966463378, 1078.9950025793678, 628.687002938776, 0.582659791227839, 0.0
15.5, 1.5, 252.2051868795218, 0.9998227056651712, 978.8242284973692, 579.5615560038746, 0.5920997244761522, 0.0
15.5, 2.5, 252.1990627834234, 0.9998231136224359, 992.4371504220561, 608.2172628162564, 0.6128521716036107, 0.0
15.5, 3.5, 252.18995112031527, 0.9998235205185155, 958.1359825882984, 590.2426081449956, 0.6160321904940054, 0.0
15.5, 4.5, 252.1778516512746, 0.9998239263537925, 991.2384879625309, 598.2171506555812, 0.6035047649180809, 0.0
15.5, 5.5, 252.1627640589951, 0.9998243311286483, 964.4938257123517, 560.3143468651971, 0.5809413517513837, 0.0
15.5, 6.5, 252.14468794774595, 0.9998247348434632, 994.1667217355449, 619.9177456704383, 0.6235551161763194, 0.0
15.5, 7.5, 252.12362284332133, 0.9998251374986167, 999.7072738242363, 591.880150431496, 0.5920534599766826, 0.0
15.5, 8.5, 252.09956819297884, 0.9998255390944867, 986.7972178892798, 620.0952488752225, 0.6283917684745624, 0.0
15.5, 9.5, 252.07252336536894, 0.9998259396314505, 984.3850216929984, 597.6533798350055, 0.6071337603320386, 0.0
15.5, 10.5, 252.04248765045338, 0.9998263391098842, 999.9832225476608, 590.9900347529292, 0.5909999502264266, 0.0
15.5, 11.5, 252.00946025941371, 0.9998267375301628, 977.662709702127, 565.5908973103252, 0.578513317218214, 0.0
15.5, 12.5, 251.97344032454978, 0.8652044384401762, 992.1692440673985, 586.4840645392834, 0.5911129255881704, 0.0, (-971.0810256799239, -1774.7653626310807, 3500.0)
15.5, 13.5, 251.93442689916785, 0.9998275311977495, 965.8796154563196, 567.9849091741243, 0.58804938015571, 0.0
15.5, 14.5, 251.89241895745832, 0.9998279264458024, 992.3870811659826, 608.0249107328788, 0.6126892643730244, 0.0
15.5, 15.5, 251.84741539436342, 0.9998283206371897, 991.532160890235, 682.0009760055491, 0.6878253705792285, 0.0
15.5, 16.5, 251.7994150254343, 0.9998287137722811, 983.5745900342471, 680.8559309765055, 0.6922260272632692, 0.0
15.5, 17.5, 251.74841658667808, 0.9998291058514455, 981.7206965409204, 670.9907298757144, 0.6834843476764227, 0.0
15.5, 18.5, 251.69441873439388, 0.9998294968750502, 992.5445512310251, 664.538875571233, 0.6695305261078952, 0.0
15.5, 19.5, 251.6374200449992, 0.9998298868434619, 984.2846395236294, 680.9526247287648, 0.691824902457413, 0.0
15.5, 20.5, 251.57741901484496, 0.9998302757570461, 978.3069993338205, 687.0786139558564, 0.7023139100749801, 0.0
15.5, 21.5, 251.51115863016318, 0.9998306636161673, 1073.5339411376392, 715.8296396655597, 0.6667973989783545, 0.0
15.5, 22.5, 251.44163708787815, 0.9998310504211889, 989.8896739596953, 651.7649978906628, 0.6584218575424804, 0.0
15.5, 23.5, 251.3723183773925, 0.9998314361724733, 987.5511061744062, 646.3530794132188, 0.6545008915205142, 0.0
15.5, 24.5, 251.2999903197666, 0.9998318208703817, 984.8377853372804, 634.4429789054717, 0.6442106389004887, 0.0
15.5, 25.5, 251.22465099974917, 0.9998322045152743, 967.4882545346387, 526.5006447804503, 0.5441933194669085, 0.0
15.5, 26.5, 251.14629842066495, 0.9998325871075106, 999.3892295707333, 533.6365752751399, 0.5339627039050163, 0.0
15.5, 27.5, 251.06493050415355, 0.9998329686474484, 981.3921530723862, 504.0651660054486, 0.5136225762834985, 0.0
15.5, 28.5, 250.98054508989736, 0.999833349135445, 998.7394649782575, 499.5182513919793, 0.5001487063524157, 0.0
15.5, 29.5, 250.89313993533793, 0.9998337285718564, 999.7790148575721, 495.9231690502973, 0.49603278492592306, 0.0
15.5, 30.5, 250.80271271538163, 0.9998341069570377, 984.0737498142514, 469.09087218481545, 0.47668263915520415, 0.0
15.5, 31.5, 250.70926102209356, 0.9998344842913428, 981.3557457895134, 420.07532678935036, 0.42805611379122693, 0.0
15.5, 32.5, 250.61278236438014, 0.9998348605751247, 968.6409314103526, 391.27379673780985, 0.4039410105952374, 0.0
15.5, 33.5, 250.51327416766037, 0.9998352358087352, 991.8649126216131, 437.48621184254097, 0.4410743905500342, 0.0
15.5, 34.5, 250.41073377352532, 0.9998356099925253, 994.8127683637176, 505.0052064807982, 0.5076384446808399, 0.0
15.5, 35.5, 250.30515843938574, 0.9998359831268446, 992.6478919712879, 456.8709797928593, 0.46025482297208586, 0.0
15.5, 36.5, 250.1965453381081, 0.9998363552120421, 979.824331141056, 482.0804006824974, 0.4920069703934479, 0.0
15.5, 37.5, 250.08489155763857, 0.9998367262484652, 982.7635601304436, 491.3179370593529, 0.4999350372679056, 0.0
15.5, 38.5, 249.970194100615, 0.9998370962364609, 990.2556824559352, 481.0614393856446, 0.48579518189944954, 0.0
15.5, 39.5, 249.85244988396641, 0.7656905789609072, 994.4021980729352, 470.93197287798955, 0.47358299668948306, 0.09486832980505139, (638.3794172277767, -2989.5625497844276, 3500.0); (-82.24419935438694, 129.5469897587178, 214.98037535557492), (-82.24419935438694, 129.5469897587178, 214.98037535557492)
15.5, 40.5, 249.7316557385007, 0.9998378330685512, 982.2629319226794, 477.39226890188064, 0.48601270941522146, 0.0
15.5, 41.5, 249.60780840847943, 0.999838199913334, 972.2526692834267, 442.87867747629934, 0.4555180885260119, 0.0
15.5, 42.5, 249.47445228724615, 0.9998385657110658, 1071.2723510831433, 153.934367634668, 0.14369302771515371, 0.0
15.5, 43.5, 249.33777592263374, 0.9998389304620878, 977.9418675293723, 0.9998974093894709, 0.0010224507637816612, 0.0
15.5, 44.5, 249.20444208797247, 0.9998392941667408, 987.8919259980694, 0.0, 0.0, 0.0
15.5, 45.5, 249.08876194241856, 0.14463499823559775, 664.07998398248, 0.0, 0.0, 0.0, (-2242.0153088669526, -3500.0, -491.37313685023656)
16.5, -44.5, 249.16958665595172, 0.9998400184382958, 774.7700265115664, 0.0, 0.0, 0.0
16.5, -43.5, 249.28942021830707, 0.9998403790058737, 998.2073607246006, 0.0, 0.0, 0.0
16.5, -42.5, 249.42611606588807, 0.9998407385284341, 1072.306119414273, 11.998807531072687, 0.011189722145413857, 0.0, (-905.4660576186627, -728.0436544366249, 3490.0), (-44.39999999999999, -35.69999999999987, 262.8610311416296)
16.5, -41.5, 249.55949118235722, 0.9998410970063122, 956.9508721207753, 409.4526158948717, 0.4278721382921686, 0.0
16.5, -40.5, 249.68335614010982, 0.9998414544398423, 985.1159732352816, 460.58816117525197, 0.4675471454011707, 0.0
16.5, -39.5, 249.81308304631455, 0.9998418108293576, 992.2092464057125, 435.48563169566665, 0.43890503265638525, 0.0
16.5, -38.5, 249.92192841929966, 0.9998421661751905, 992.6042719466351, 467.0660075613077, 0.47054603809565143, 0.0
16.5, -37.5, 250.03664216837672, 0.9998425204776721, 982.4960754542054, 479.8690550142639, 0.48841829194322395, 0.0
16.5, -36.5, 250.14831179831995, 0.9998428737371325, 968.125264236221, 442.90414241753444, 0.4574864005506074, 0.0
16.5, -35.5, 250.2569403077522, 0.999843225953901, 949.7778621646098, 477.6417143576386, 0.5028983443234399, 0.0
16.5, -34.5, 250.3625306099507, 0.9998435771283056, 979.1047440584085, 476.4853112184168, 0.48665407262084726, 0.0
16.5, -33.5, 250.46508553323554, 0.9998439272606736, 983.561690712872, 450.2064728584747, 0.4577307932074614, 0.0
16.5, -32.5, 250.56460782134596, 0.999844276351331, 990.3169299534854, 409.0878351881299, 0.4130877932252905, 0.0
16.5, -31.5, 250.6611001338046, 0.6588024777852964, 960.4674261342386, 410.84710936143676, 0.42775746285852195, 0.0, (-3500.0, -331.5540762684842, 3153.746047439885)
16.5, -30.5, 250.7545650462701, 0.9998449714088129, 980.4512567142291, 470.890429335675, 0.4802792857992377, 0.0
16.5, -29.5, 250.8450050508777, 0.9998453173762847, 976.87626644474, 488.7817744371263, 0.5003517755795285, 0.0
16.5, -28.5, 250.93242255656835, 0.9998456623033398, 989.8313174823916, 518.1812161818003, 0.5235045679295941, 0.0
16.5, -27.5, 251.01681988940643, 0.9998460061902995, 987.5833632400766, 505.26454041760496, 0.5116171041601252, 0.0
16.5, -26.5, 251.09819929288585, 0.9998463490374837, 985.0855973924847, 534.0657590687683, 0.5421516267037474, 0.0
16.5, -25.5, 251.17656292822474, 0.9998466908452112, 979.712481009225, 521.8720947024539, 0.5326788265112853, 0.0
16.5, -24.5, 251.25191287464912, 0.9998470316138001, 991.5330372933803, 564.5696109979853, 0.5693906201442457, 0.0
16.5, -23.5, 251.3242511296654, 0.9998473713435672, 992.4861627336558, 669.1918226936517, 0.6742580882442353, 0.0
16.5, -22.5, 251.39357960932145, 0.9998477100348283, 997.282134000213, 629.6372346343719, 0.631353167943383, 0.0
16.5, -21.5, 251.46311094546394, 0.9998480476878986, 1084.3884944865924, 734.3877187317426, 0.6772367306234109, 0.0
16.5, -20.5, 251.52938066103997, 0.9998483843030916, 992.0046678293509, 725.1984409978613, 0.7310433756170724, 0.0
16.5, -19.5, 251.5893901375762, 0.9998487198807205, 957.1892336662853, 670.3449099492702, 0.7003264207033272, 0.0
16.5, -18.5, 251.64639684804268, 0.9998490544210971, 987.2672889648424, 696.7231848077164, 0.7057087706595001, 0.0
16.5, -17.5, 251.70040229671199, 0.9998493879245319, 978.5672913571918, 692.0170754885122, 0.7071737238721129, 0.0
16.5, -16.5, 251.75140790775677, 0.9998497203913351, 994.5497058867628, 731.1254238567993, 0.7351321100687587, 0.0
16.5, -15.5, 251.7994150254344, 0.9998500518218154, 987.6032192638246, 703.3641116459736, 0.7121930122608071, 0.0
16.5, -14.5, 251.84442491426125, 0.9998503822162805, 983.0188303628524, 703.661920465439, 0.7158173360786009, 0.0
16.5, -13.5, 251.88643875917637, 0.9998507115750374, 994.2556808493347, 675.9793866576257, 0.679884862292339, 0.0
16.5, -12.5, 251.92545766569478, 0.9998510398983916, 970.0547647189286, 588.1151084224648, 0.6062700064082155, 0.0
16.5, -11.5, 251.9614826600503, 0.9998513671866482, 994.9918967558642, 612.2851257440032, 0.6153669469473441, 0.0
16.5, -10.5, 251.9945146893281, 0.9998516934401108, 986.694817030089, 584.0012930203288, 0.5918763156962239, 0.0
16.5, -9.5, 252.02842232161606, 0.9998520186590822, 970.1405255673067, 575.4907195159514, 0.5932034631574875, 0.0
16.5, -8.5, 252.05160324597125, 0.9998523428438642, 985.8888329141427, 580.0925179064624, 0.5883954646202798, 0.0
16.5, -7.5, 252.07566127281243, 0.9998526659947575, 992.170009440665, 604.7390576197796, 0.6095115271229582, 0.0
16.5, -6.5, 252.096729333721, 0.9998529881120619, 973.5265201407295, 587.9652809626206, 0.6039540462417258, 0.0
16.5, -5.5, 252.11480798166733, 0.9998533091960762, 992.6809545022672, 611.8322204673425, 0.6163432648651114, 0.0
16.5, -4.5, 252.12989769105315, 0.999853629247098, 988.0472401643398, 591.309950709348, 0.5984632380644034, 0.0
16.5, -3.5, 252.14199885777256, 0.9998539482654242, 981.6046040083911, 598.3704714205016, 0.6095840106872467, 0.0
16.5, -2.5, 252.15111179926288, 0.9998542662513505, 981.7386628858856, 602.2601584735569, 0.6134628096475018, 0.0
16.5, -1.5, 252.15723675454538, 0.9998545832051717, 974.619845917916, 597.3647611297212, 0.6129207850955584, 0.0
16.5, -0.5, 252.1603738842563, 0.9999846668443755, 997.7407162582954, 598.4924098552647, 0.5998476358664777, 0.0
16.5, 0.5, 252.16042616946103, 0.9998552140176727, 1099.985598374275, 660.9913447824712, 0.6009090898638892, 0.0
16.5, 1.5, 252.15723675454538, 0.999855527876937, 979.6726480050206, 601.822969073339, 0.6143102701691991, 0.0
16.5, 2.5, 252.15111179926282, 0.9998558407052652, 974.1365924738578, 576.6443091110173, 0.5919542634638194, 0.0
16.5, 3.5, 252.14199885777256, 0.9998561525029471, 990.1932367854279, 568.6196193022673, 0.5742511644981935, 0.0
16.5, 4.5, 252.12989769105312, 0.9998564632702713, 977.9348430681144, 583.8162204967298, 0.5969888736810927, 0.0
16.5, 5.5, 252.1148079816673, 0.9998567730075258, 978.1541562122486, 574.7635638921338, 0.5876001857598983, 0.0
16.5, 6.5, 252.096729333721, 0.9998570817149972, 983.7400317852719, 567.2693453804942, 0.5766455842515884, 0.0
16.5, 7.5, 252.07566127281243, 0.9998573893929714, 999.2203337577438, 605.4916620624348, 0.6059641118244431, 0.0
16.5, 8.5, 252.0516032459712, 0.9998576960417331, 983.8503912699357, 581.1524806553618, 0.590691924109743, 0.0
16.5, 9.5, 252.02455462158693, 0.9998580016615662, 992.3327799730856, 584.1648292594556, 0.5886783557379809, 0.0
16.5, 10.5, 251.99451468932807, 0.9998583062527535, 996.5196797967349, 598.5655803362973, 0.6006560557423108, 0.0
16.5, 11.5, 251.96148266005025, 0.9998586098155767, 987.719006208187, 611.6601109522913, 0.6192653043100077, 0.0, (-901.2740846457473, -615.0586658731072, 3490.0), (-44.39999999999999, -30.29999999999979, 263.3812454398194)
16.5, 12.5, 251.92545766569475, 0.9998589123503167, 997.1212216456679, 593.1303962328049, 0.5948428168582062, 0.0
16.5, 13.5, 251.88643875917631, 0.9998592138572533, 987.4700544496199, 627.0292415334559, 0.6349855762288805, 0.0
16.5, 14.5, 251.84442491426117, 0.9998595143366654, 993.5627827534547, 696.8623499584866, 0.7013772678031236, 0.0
16.5, 15.5, 251.7994150254343, 0.9998598137888308, 991.0552728945214, 708.4144534615641, 0.714808217903464, 0.0
16.5, 16.5, 251.7514079077567, 0.9998601122140265, 993.3622317577478, 705.3533950648084, 0.7100666529435997, 0.0
16.5, 17.5, 251.7004022967119, 0.9998604096125282, 999.6603296084478, 672.8566243541113, 0.6730852514850313, 0.0
16.5, 18.5, 251.6463968480426, 0.9998607059846109, 982.2912098549579, 679.1920825592927, 0.6914365879946947, 0.0
16.5, 19.5, 251.58939013757612, 0.9998610013305484, 994.7490249656256, 692.8463585134157, 0.6965036819587308, 0.0
16.5, 20.5, 251.5293806610399, 0.9998612956506139, 975.0134714844282, 667.8773251266329, 0.684992920261717, 0.0
16.5, 21.5, 251.46311094546385, 0.999861588945079, 1078.5619492747164, 715.5347815080141, 0.6634155617942749, 0.0
16.5, 22.5, 251.3935796093214, 0.9998618812142149, 999.9620908361109, 659.9749782649105, 0.6599999983130134, 0.0
16.5, 23.5, 251.32425112966536, 0.9998621724582915, 994.3044247971883, 654.5802290424042, 0.6583297959032227, 0.0
16.5, 24.5, 251.25191287464907, 0.9998624626775777, 973.0099160849908, 569.31998500724, 0.5851122127284784, 0.0
16.5, 25.5, 251.17656292822463, 0.9998627518723417, 993.3481549988167, 536.6723140358808, 0.5402660802611751, 0.0
16.5, 26.5, 251.09819929288574, 0.9571669988899592, 987.9367265433007, 514.0966514863075, 0.5203740661460012, 0.0, (11.092780825666757, -53.73046885311109, 248.00546987212394), (11.092780825666757, -53.73046885311109, 248.00546987212394)
16.5, 27.5, 251.01681988940632, 0.9998633271893698, 961.7042503574721, 481.2383426462093, 0.5004015969226814, 0.0
16.5, 28.5, 250.93242255656824, 0.999863613312165, 979.3764365975543, 479.48994604091064, 0.48958697404105794, 0.0
16.5, 29.5, 250.8450050508776, 0.9998638984115001, 969.7359030899046, 473.9690510154191, 0.4887609600770626, 0.0
16.5, 30.5, 250.75456504627, 0.9998641824876383, 979.7183977191246, 477.9488298654508, 0.4878430689656947, 0.0
16.5, 31.5, 250.6611001338045, 0.9998644655408416, 984.4804965906051, 421.027303559191, 0.4276644433457727, 0.0
16.5, 32.5, 250.56460782134582, 0.9998647475713712, 991.0358901885949, 419.69031818646744, 0.42348649765509505, 0.0
16.5, 33.5, 250.4650855332354, 0.9999040054286513, 984.2162032505222, 446.17587839670296, 0.4533311653711247, 0.0
16.5, 34.5, 250.36253060995057, 0.9998653085654491, 979.8934422418098, 471.31887371956367, 0.48098992543645946, 0.0
16.5, 35.5, 250.25694030775205, 0.9998655875295147, 969.3409326193919, 470.3233587664606, 0.4851991110037353, 0.0
16.5, 36.5, 250.1483117983198, 0.9998658654719416, 991.310100095919, 486.467362066863, 0.4907317720456924, 0.0
16.5, 37.5, 250.03664216837657, 0.9998661423929858, 990.5429118838518, 457.25690680470154, 0.46162251157304546, 0.0
16.5, 38.5, 249.92192841929952, 0.9998664182929027, 968.9486116465719, 430.797304330008, 0.4446028397707671, 0.0
16.5, 39.5, 249.8041674667198, 0.9998666931719465, 983.7927759162401, 464.5602758872294, 0.47221354665322524, 0.0
16.5, 40.5, 249.68335614010968, 0.9998669670303709, 971.1361663730962, 453.55726422467717, 0.46703776455837104, 0.0
16.5, 41.5, 249.55949118235708, 0.999867239868428, 999.738197944201, 415.9267607366882, 0.416035679732928, 0.0
16.5, 42.5, 249.42611606588795, 0.9998675116863692, 1062.5194506216988, 16.998309186423974, 0.01599811577705986, 0.0
16.5, 43.5, 249.28942021830687, 0.9998677824844451, 970.9822276885388, 0.0, 0.0, 0.0
16.5, 44.5, 249.15606736234986, 0.999868052262905, 984.2795960824312, 0.0, 0.0, 0.0
16.5, 45.5, 249.040370702528, 0.9998683210219975, 690.1835238338202, 0.0, 0.0, 0.0
17.5, -44.5, 249.1181924156289, 0.99986858876197, 793.9452931764757, 0.0, 0.0, 0.0
17.5, -43.5, 249.23804414279854, 0.7865752421651381, 983.6186143852037, 0.9868037952485789, 0.0010032382275170402, 0.0, (-2063.9096977902727, -1772.6300634192005, 3500.0)
17.5, -42.5, 249.3747606961857, 0.9998691211855407, 1059.428393885895, 0.9998984910117154, 0.0009438094134367789, 0.0
17.5, -41.5, 249.5081560001094, 0.999869385869629, 980.2282833115638, 219.32112739181122, 0.2237449491366088, 0.0
17.5, -40.5, 249.63203969197605, 0.9998696495355778, 982.9933143429135, 447.4083547694327, 0.45514892954130104, 0.0
17.5, -39.5, 249.75286927807846, 0.9998699121836297, 988.2783364566578, 496.4458283361951, 0.5023340186896501, 0.0
17.5, -38.5, 249.87064801698892, 0.9998701738140267, 963.8862982957218, 449.00565209336634, 0.465828441474132, 0.0
17.5, -37.5, 249.98537908065504, 0.9998704344270093, 975.5877007085896, 474.9029896321683, 0.48678656904677703, 0.0
17.5, -36.5, 250.09706555482552, 0.9998706940228173, 981.6261173634683, 442.04471920809283, 0.4503188244373251, 0.0
17.5, -35.5, 250.20571043946322, 0.9998709526016896, 982.2098158152702, 463.69260965426463, 0.47209119903712504, 0.0
17.5, -34.5, 250.311316649146, 0.9998712101638642, 960.0872431959383, 431.8550434310364, 0.4498081257631102, 0.0
17.5, -33.5, 250.41388701345534, 0.9998714667095776, 994.0231369039224, 484.192566442066, 0.4871039198847801, 0.0
17.5, -32.5, 250.51342427735304, 0.9998717222390661, 980.2965805464564, 421.16020642329454, 0.4296252937947851, 0.0, (-898.2156964629728, -517.8901312939608, 3490.0), (-44.39999999999999, -25.599999999999724, 263.7642307207393)
17.5, -31.5, 250.6099311015456, 0.5265762324146775, 994.7756861535639, 419.41850452571276, 0.4216211859252931, 0.0, (3500.0, 890.4356896628481, 2380.3073419276266)
17.5, -30.5, 250.70341006283724, 0.9998722302503069, 989.9895936178725, 452.2259149660954, 0.45679865513884454, 0.0
17.5, -29.5, 250.79386365447053, 0.9998724827325264, 990.5087898831869, 469.9210438321986, 0.4744239007587379, 0.0
17.5, -28.5, 250.88129428645598, 0.999872734199455, 990.9309597443028, 539.6599132954036, 0.5445989026668983, 0.0
17.5, -27.5, 250.96570428588998, 0.9998729846513238, 986.5151716939148, 507.08287331436077, 0.5140142674579088, 0.0
17.5, -26.5, 251.04709589726076, 0.9998732340883629, 986.752889914834, 550.061733207023, 0.5574462855178448, 0.0
17.5, -25.5, 251.12547128274386, 0.9998734825108018, 989.6771222333614, 542.8362870904725, 0.5484983687058235, 0.0
17.5, -24.5, 251.2008325224855, 0.9998737299188686, 991.9383853049393, 522.3884910917214, 0.5266340115783805, 0.0
17.5, -23.5, 251.27318161487554, 0.9998739763127904, 981.3034232732334, 615.0982567119846, 0.6268176000652931, 0.0
17.5, -22.5, 251.34252047680877, 0.9998742216927938, 983.8994559756854, 649.9612586332141, 0.660597233473088, 0.0
17.5, -21.5, 251.412062221463, 0.9998744660591041, 1070.313756316621, 727.0774092288643, 0.6793124024968429, 0.0
17.5, -20.5, 251.47834185353094, 0.9998747094119458, 990.9221755254257, 683.8217784414732, 0.6900862603855688, 0.0
17.5, -19.5, 251.53836030653432, 0.9998749517515422, 983.5933498733111, 689.6736076891126, 0.7011775829695718, 0.0
17.5, -18.5, 251.5953755414646, 0.999875193078116, 991.8721367042914, 720.3471458616133, 0.7262500066340423, 0.0
17.5, -17.5, 251.6493890632572, 0.9998754333918886, 974.7518794354976, 665.1108088373028, 0.6823385754562326, 0.0
17.5, -16.5, 251.70040229671199, 0.9998756726930806, 984.2091021838388, 665.0109883657884, 0.6756805915432106, 0.0
17.5, -15.5, 251.7484165866781, 0.9998759109819119, 990.5020977683027, 662.2466751180069, 0.6685969435199712, 0.0
17.5, -14.5, 251.79343319822834, 0.9998761482586009, 983.4859074793145, 684.9866874944285, 0.6964885640812659, 0.0
17.5, -13.5, 251.8354533168229, 0.006645394080637526, 973.7055954198503, 689.1477428207398, 0.7077578131032384, 0.0, (3500.0, 2224.8675919009065, 139.53814609898626)
17.5, -12.5, 251.8744780484628, 0.9998766197764225, 980.8923499736821, 664.456938587682, 0.6774004696901854, 0.0
17.5, -11.5, 251.91050841983287, 0.9998768540179878, 988.1352409475835, 600.1241621604657, 0.60732998611098, 0.0
17.5, -10.5, 251.94354537843438, 0.9998770872482761, 965.0107010355518, 593.0635783236942, 0.6145668412664008, 0.0
17.5, -9.5, 251.97358979270734, 0.9998773194675014, 988.4660606668142, 583.616608362255, 0.5904265523983192, 0.0
17.5, -8.5, 252.0006424521426, 0.9998775506758768, 982.806535986687, 606.4609702963538, 0.6170705506018012, 0.0
17.5, -7.5, 252.02470406738342, 0.9998777808736142, 979.869575727136, 598.8885569471015, 0.6111921135041689, 0.0
17.5, -6.5, 252.04577527031742, 0.9998780100609249, 987.1134123948012, 598.4857759194118, 0.6062988998067066, 0.0
17.5, -5.5, 252.06385661415766, 0.9998782382380188, 993.7508509150606, 585.250608470957, 0.5889309256259248, 0.0
17.5, -4.5, 252.078948573514, 0.9998784654051053, 997.1828046386629, 608.5896716475177, 0.6103090314198157, 0.0
17.5, -3.5, 252.09105154445405, 0.9998786915623925, 969.0908770096498, 547.0070483140751, 0.5644538208862203, 0.0
17.5, -2.5, 252.1001658445544, 0.9998789167100878, 974.8106706055611, 610.0738071551904, 0.6258382530591372, 0.0
17.5, -1.5, 252.1062917129412, 0.9998791408483975, 988.9188407536102, 584.3638018269852, 0.5909117894666341, 0.0
17.5, -0.5, 252.10942931032102, 0.9998793639775269, 990.6480016631784, 617.1184676440361, 0.6229442411512148, 0.0
17.5, 0.5, 252.1094816033201, 0.9998795860976807, 1099.5008567268703, 640.700092907016, 0.5827190483637558, 0.0
17.5, 1.5, 252.1062917129412, 0.9998798072090622, 992.823964047429, 608.7872190869278, 0.6131874744492418, 0.0
17.5, 2.5, 252.1001658445544, 0.9998800273118741, 976.6890801083728, 575.6838971727955, 0.5894239107382239, 0.0
17.5, 3.5, 252.09105154445405, 0.999880246406318, 979.4848950872558, 569.1946731622809, 0.581116335756842, 0.0
17.5, 4.5, 252.07894857351394, 0.9998804644925946, 981.3260620512298, 575.1467138460755, 0.5860913472978263, 0.0
17.5, 5.5, 252.06385661415766, 0.9998806815709035, 985.6836915467899, 608.0045776792955, 0.6168353832913486, 0.0
17.5, 6.5, 252.04577527031742, 0.9998808976414437, 983.3860624639078, 594.6863397610856, 0.6047333417265224, 0.0
17.5, 7.5, 252.02470406738342, 0.9998811127044129, 986.9232940618139, 605.1900757174426, 0.6132088272298271, 0.0
17.5, 8.5, 252.00064245214256, 0.9998813267600082, 981.347722531014, 597.0864859780899, 0.6084351879251646, 0.0
17.5, 9.5, 251.97358979270734, 0.9998815398084253, 982.589005944199, 613.0819248792553, 0.6239454351416508, 0.0
17.5, 10.5, 251.94354537843435, 0.9998817518498595, 994.4330723869207, 578.1054903368306, 0.5813417779330426, 0.0
17.5, 11.5, 251.91050841983284, 0.9998819628845046, 987.3168798941433, 623.0057945884084, 0.631008956977627, 0.0
17.5, 12.5, 251.87447804846278, 0.999882172912554, 995.8852703160169, 703.7102963655467, 0.7066178377578007, 0.0
17.5, 13.5, 251.83545331682285, 0.9998823819341998, 990.2138221445375, 656.1268225386948, 0.6626112541205496, 0.0, (-895.7401060616619, -423.6608609751036, 3490.0), (-44.39999999999999, -20.99999999999966, 264.0763900424562)
17.5, 14.5, 251.7934331982283, 0.9998825899496333, 981.442752823774, 714.3409723365754, 0.7278478243191441, 0.0
17.5, 15.5, 251.74841658667808, 0.9998827969590447, 986.6398946410545, 682.2073488068796, 0.6914451285745654, 0.0
17.5, 16.5, 251.7004022967119, 0.9998830029626236, 984.0186891859531, 689.4920982082665, 0.7006900435790108, 0.0
17.5, 17.5, 251.64938906325716, 0.9998832079605583, 997.0818894480889, 684.9577200510124, 0.6869623521395566, 0.0
17.5, 18.5, 251.59537554146453, 0.9999918007485966, 988.403954051395, 680.7435997638138, 0.6887301461851665, 0.0
17.5, 19.5, 251.53836030653423, 0.9998836149402445, 978.2209878891081, 656.2476697237761, 0.6708583007811818, 0.0
17.5, 20.5, 251.47834185353088, 0.999883816922368, 986.5897268007943, 679.6539791461145, 0.6888922119126685, 0.0
17.5, 21.5, 251.41206222146295, 0.999884017899592, 1087.3185033729342, 736.9162407677985, 0.6777372393478409, 0.0
17.5, 22.5, 251.3425204768087, 0.9998842178720999, 988.6545389465563, 639.6317188165842, 0.6469719134634558, 0.0
17.5, 23.5, 251.27318161487545, 0.9998844168400748, 975.5670463169733, 579.4206983014473, 0.5939322166415065, 0.0, (-895.2686094147107, -403.2741483849978, 3490.0), (-44.39999999999999, -19.999999999999645, 264.1360635161745)
17.5, 24.5, 251.2008325224854, 0.9998846148036984, 970.2440069724704, 515.1564811340976, 0.5309555920284232, 0.0
17.5, 25.5, 251.12547128274375, 0.9998848117631518, 985.4810107592086, 530.1645295501378, 0.5379753884265129, 0.0
17.5, 26.5, 251.04709589726065, 0.999885007718615, 991.0320774873679, 537.7300436084199, 0.5425960025146351, 0.0
17.5, 27.5, 250.96570428588987, 0.999885202670267, 992.4463869642142, 525.2226014558623, 0.5292201254945985, 0.0
17.5, 28.5, 250.88129428645593, 0.9998853966182861, 986.4906078762774, 490.4404824947171, 0.49715676822361254, 0.0
17.5, 29.5, 250.7938636544704, 0.9998855895628495, 984.4829053216472, 450.76054420542624, 0.4578652831540586, 0.0
17.5, 30.5, 250.70341006283715, 0.9998857815041334, 999.9406194067304, 451.9731734704728, 0.4520000134994322, 0.0
17.5, 31.5, 250.60993110154553, 0.9998859724423133, 993.2045935830155, 421.95358082580907, 0.4248405449914391, 0.0
17.5, 32.5, 250.51342427735293, 0.9998861623775634, 980.3619519659516, 456.1306245498877, 0.46526757146704256, 0.0
17.5, 33.5, 250.4138870134552, 0.9998863513100575, 993.8352823964027, 489.5277009108144, 0.4925642202301695, 0.0
17.5, 34.5, 250.31131664914588, 0.999988033579997, 964.29808655887, 485.63084278565447, 0.5036107087162689, 0.0
17.5, 35.5, 250.2057104394631, 0.9998867261674665, 977.6463401989754, 473.8790078743945, 0.48471414292611, 0.0
17.5, 36.5, 250.09706555482538, 0.9998869120927238, 996.3177353508296, 500.51896313617556, 0.5023688180758217, 0.0
17.5, 37.5, 249.9853790806549, 0.9998870970159097, 995.6774022349357, 460.2900814362923, 0.4622883681030699, 0.0, (-894.6481308100919, -374.7850277717877, 3490.0), (-44.39999999999999, -18.599999999999625, 264.21470023557777)
17.5, 38.5, 249.88519620579024, 0.9998872809371929, 974.4914347388763, 456.7386510789187, 0.46869437205603137, 0.0
17.5, 39.5, 249.75286927807832, 0.9998874638567415, 999.3659093376447, 455.68702910535035, 0.4559761593302383, 0.0, (-894.5632515325352, -370.71990604050256, 3490.0), (-44.39999999999999, -18.399999999999622, 264.2254670014723)
17.5, 40.5, 249.6320396919759, 0.9998876457747224, 995.3024212824952, 454.57644471111956, 0.45672193193841115, 0.0
17.5, 41.5, 249.50815600010924, 0.9998878266913017, 979.4861957971782, 233.88819189823934, 0.2387866137387305, 0.0
17.5, 42.5, 249.37476069618552, 0.9998880066066446, 1082.4091381565268, 1.9997958930670512, 0.0018475415834653286, 0.0
17.5, 43.5, 249.2380441427984, 0.9998881855209151, 999.3823557693574, 0.0, 0.0, 0.0
17.5, 44.5, 249.1046710716782, 0.9998883634342766, 990.5643703091131, 0.0, 0.0, 0.0
17.5, 45.5, 248.98895686106874, 0.9998885403468915, 682.3442934566241, 0.9796864538999951, 0.0014357655853426915, 0.0
18.5, -44.5, 249.0637753567042, 0.9998887162589211, 798.804843300799, 0.0, 0.0, 0.0
18.5, -43.5, 249.18364632289573, 0.999888891170526, 966.9358088039469, 0.9936865329542396, 0.001027665460216415, 0.0
18.5, -42.5, 249.3203848065553, 0.9998890650818658, 1075.1449289678064, 0.0, 0.0, 0.0
18.5, -41.5, 249.45380149173917, 0.9998892379930991, 956.7966990723796, 59.54522638691477, 0.06223393793545091, 0.0
18.5, -40.5, 249.57770502557418, 0.9998894099043837, 982.3711813616158, 441.9337857627032, 0.4498643630304391, 0.0
18.5, -39.5, 249.69855395095004, 0.9998895808158762, 992.1484764974675, 476.4193400255896, 0.48018955963876403, 0.0
18.5, -38.5, 249.8163515279861, 0.9998897507277328, 988.298223253606, 480.90900230165704, 0.48660312341596873, 0.0
18.5, -37.5, 249.9311009301343, 0.9998899196401081, 995.3405585969892, 467.21543950069514, 0.4694025933789657, 0.0
18.5, -36.5, 250.04280524460523, 0.9998900875531563, 993.7582368665518, 502.8359490785928, 0.5059942453046725, 0.0
18.5, -35.5, 250.15146747278138, 0.9998902544670306, 993.1964767617073, 480.2720829493694, 0.4835620083100624, 0.0
18.5, -34.5, 250.25709053061854, 0.999890420381883, 977.7421592996996, 487.641548070591, 0.49874247871224103, 0.0
18.5, -33.5, 250.35967724903466, 0.999890585297865, 994.4075844187198, 496.1264510324065, 0.49891660000000587, 0.0
18.5, -32.5, 250.4592303742867, 0.9998907492151267, 985.6022728558751, 465.22958858546286, 0.4720256856119218, 0.0
18.5, -31.5, 250.5557525683355, 0.9998909121338175, 983.3154803431721, 453.6382689000522, 0.4613354289324671, 0.0
18.5, -30.5, 250.64924640919878, 0.9998910740540861, 992.462713632405, 448.21952036609156, 0.45162353628945107, 0.0
18.5, -29.5, 250.73971439129247, 0.99989123497608, 985.2237394605546, 467.3984643949599, 0.4744084472130943, 0.0
18.5, -28.5, 250.82715892576024, 0.9998913948999458, 974.1166882984081, 493.8875231304413, 0.5070106374967936, 0.0
18.5, -27.5, 250.91158234079157, 0.9998915538258293, 988.7162914628163, 517.3570111863484, 0.5232613396315268, 0.0
18.5, -26.5, 250.99298688192837, 0.9998917117538751, 984.1827066591309, 516.6668330547857, 0.5249704445718654, 0.0
18.5, -25.5, 251.0713747123603, 0.9998918686842275, 963.1974263169349, 518.8889926498647, 0.5387150946135596, 0.0
18.5, -24.5, 251.14674791320869, 0.9998920246170291, 984.444648267311, 559.3212927535931, 0.5681592090911727, 0.0
18.5, -23.5, 251.2191084837993, 0.9998921795524222, 995.6646571098937, 550.2661934672282, 0.5526621734917061, 0.0
18.5, -22.5, 251.28845834192413, 0.9998923334905477, 997.0285877207178, 639.9224090148575, 0.6418295492186118, 0.0
18.5, -21.5, 251.35801111055386, 0.999892486431546, 1078.9539852994767, 726.2078828935133, 0.6730665930039135, 0.0
18.5, -20.5, 251.42430124548216, 0.9998926383755565, 992.6282217430406, 668.5096458502344, 0.6734743494158782, 0.0
18.5, -19.5, 251.48432920573538, 0.9998927893227173, 972.9858355472791, 655.7631170845158, 0.6739698494332821, 0.0
18.5, -18.5, 251.54135346918363, 0.999892939273166, 989.08346365827, 699.3151512709182, 0.7070335082586445, 0.0
18.5, -17.5, 251.5953755414646, 0.9998930882270393, 979.0693484375402, 676.4393632140168, 0.6909003578689507, 0.0
18.5, -16.5, 251.64639684804268, 0.9998932361844726, 987.3652415933801, 669.9219829319526, 0.6784945982611792, 0.0
18.5, -15.5, 251.6944187343939, 0.9998933831456006, 985.7856952304913, 685.2257664907582, 0.6951062181223296, 0.0
18.5, -14.5, 251.73944246618063, 0.9998935291105573, 994.1540627613899, 678.9083683113447, 0.6829005621378139, 0.0
18.5, -13.5, 251.78146922941505, 0.9998936740794754, 983.8333904516387, 700.4104339331172, 0.7119197627675421, 0.0
18.5, -12.5, 251.82050013061323, 0.999893818052487, 973.8573236579629, 682.7156704877907, 0.701042805658022, 0.0
18.5, -11.5, 251.85653619693775, 0.999893961029723, 994.867220785275, 697.1554003157255, 0.700752206676829, 0.0
18.5, -10.5, 251.8895783763307, 0.9998941030113138, 990.9069785901083, 636.2807127874573, 0.6421195193243833, 0.0
18.5, -9.5, 251.91962753763596, 0.9998942439973884, 998.7291719141282, 610.3622474694351, 0.6111388999478576, 0.0
18.5, -8.5, 251.9466844707115, 0.9998943839880751, 968.557348668748, 587.4027939426165, 0.6064718777364948, 0.0
18.5, -7.5, 251.97074988653085, 0.9998945229835013, 979.5737207340262, 600.8171358600196, 0.6133455023781241, 0.0
18.5, -6.5, 251.99182441727538, 0.9998946609837936, 991.0166355051673, 608.599888703018, 0.6141167230687166, 0.0, (-892.9002630518848, -279.53409136082894, 3490.0000000000005), (-44.39999999999999, -13.899999999999558, 264.4368783119422)
18.5, -5.5, 252.00990861641506, 0.9998947979890777, 981.6831577164847, 566.9047403715502, 0.5774823943096264, 0.0
18.5, -4.5, 252.02500295878028, 0.9998949339994778, 977.0187288378065, 599.5077757667298, 0.6136092974183438, 0.0
18.5, -3.5, 252.03710784062267, 0.9998950690151179, 977.5001622133691, 587.9888454356096, 0.6015230157141019, 0.0
18.5, -2.5, 252.0462235796662, 0.9998952030361209, 962.7205840856155, 582.7260757970892, 0.6052909696021072, 0.0
18.5, -1.5, 252.05235041514806, 0.9998953360626086, 999.9834288398091, 610.9898663273354, 0.610999991306068, 0.0
18.5, -0.5, 252.0554885078495, 0.9998954680947021, 982.388088977375, 607.9427671054694, 0.618841752996326, 0.0
18.5, 0.5, 252.05554080910383, 0.9998955991325214, 1084.1182843018507, 676.122516646734, 0.6236612060114295, 0.0
18.5, 1.5, 252.05235041514806, 0.9998957291761856, 971.408743013681, 603.339709346204, 0.6210976725146757, 0.0, (-892.653811961852, -263.3730841599068, 3490.0), (-44.39999999999999, -13.099999999999547, 264.46828438071634)
18.5, 2.5, 252.04622357966616, 0.9998958582258132, 983.1171631449535, 610.1144813664631, 0.6205918320200318, 0.0
18.5, 3.5, 252.03710784062264, 0.9998959862815213, 980.4652675226331, 570.9308859555468, 0.5823060794372988, 0.0
18.5, 4.5, 252.02500295878025, 0.9998961133434267, 987.0252080133379, 615.2644749991194, 0.6233523419705865, 0.0
18.5, 5.5, 252.00990861641506, 0.9998962394116445, 995.0457874119239, 605.032712506444, 0.6080450971810162, 0.0
18.5, 6.5, 251.99182441727535, 0.9998963644862896, 982.7635145010713, 577.6129388180514, 0.587743572380476, 0.0
18.5, 7.5, 251.97074988653085, 0.9998964885674757, 987.3858887454983, 569.7061036884578, 0.5769842471744108, 0.0
18.5, 8.5, 251.94668447071143, 0.9998966116553155, 970.0415875947335, 597.3199141600918, 0.6157673256475285, 0.0
18.5, 9.5, 251.91962753763593, 0.9998967337499209, 981.663440999585, 605.2361569008424, 0.6165414047451506, 0.0
18.5, 10.5, 251.88957837633063, 0.999896854851403, 986.0141439285699, 645.7657589799649, 0.6549254520904177, 0.0
18.5, 11.5, 251.8565361969377, 0.9998969749598718, 983.0748407646897, 687.9606840571362, 0.6998049950317135, 0.0
18.5, 12.5, 251.82050013061317, 0.9998970940754366, 976.6432282064131, 702.3183728421438, 0.7191145676931977, 0.0
18.5, 13.5, 251.78146922941502, 0.9998972121982055, 977.6053461336746, 689.2952936118155, 0.7050854379406836, 0.0
18.5, 14.5, 251.73944246618055, 0.9998973293282858, 986.3496655762256, 682.0030718672895, 0.6914414792941236, 0.0
18.5, 15.5, 251.69441873439388, 0.9998974454657841, 999.6638929303608, 686.7958536510432, 0.6870267682048682, 0.0
18.5, 16.5, 251.6463968480426, 0.9998975606108059, 984.8119900175926, 668.6730829450082, 0.6789855218284487, 0.0
18.5, 17.5, 251.59537554146453, 0.9998976747634558, 992.0049875014454, 699.7518560011096, 0.7053914696170719, 0.0, (-892.2051743834942, -231.08917804976943, 3490.0), (-44.39999999999999, -11.499999999999524, 264.52550584341583)
18.5, 18.5, 251.54135346918355, 0.9998977879238375, 982.7439006682458, 715.0552359569124, 0.7276109630094773, 0.0
18.5, 19.5, 251.4843292057353, 0.9998979000920539, 988.7397117411468, 687.5199326924328, 0.6953497715609367, 0.0
18.5, 20.5, 251.4243012454821, 0.9998980112682069, 999.9630848222238, 649.9760059079553, 0.6500000007735384, 0.0
18.5, 21.5, 251.3580111105538, 0.9998981214523973, 1066.5393661416904, 729.389252682797, 0.6838840420128451, 0.0
18.5, 22.5, 251.288458341924, 0.9998982306447255, 996.5810314622715, 644.2534482789838, 0.6464636872866006, 0.0
18.5, 23.5, 251.2191084837992, 0.9998983388452904, 995.6089903157875, 580.2356582143877, 0.5827947154538534, 0.09486832980505139
18.5, 24.5, 251.1467479132086, 0.9998984460541906, 991.5014535848945, 556.4554795788652, 0.5612250769446, 0.0
18.5, 25.5, 251.07137471236018, 0.9998985522715232, 977.3339124780839, 525.9881095722691, 0.5381866963345181, 0.0
18.5, 26.5, 250.99298688192826, 0.9999632734229728, 969.2017548164736, 535.4760485263956, 0.552491827285014, 0.0
18.5, 27.5, 250.91613901524036, 0.9998987617318711, 977.3018554975996, 511.29117578460676, 0.5231660749526353, 0.0
18.5, 28.5, 250.82715892576013, 0.9998988649750764, 988.6286736281394, 500.48608080065156, 0.5062427321310967, 0.0
18.5, 29.5, 250.73971439129235, 0.9998989672270948, 990.6085955824977, 480.29485735431774, 0.4848482634777611, 0.0
18.5, 30.5, 250.65214834810246, 0.9998990684880189, 961.5474510800613, 418.14545346338986, 0.43486720597481343, 0.0
18.5, 31.5, 250.55575256833538, 0.9998991687579408, 972.7748581438386, 436.9998172986434, 0.4492301724702128, 0.0
18.5, 32.5, 250.45923037428656, 0.9998992680369516, 977.4845218563846, 484.45253502589134, 0.49561146411387247, 0.0
18.5, 33.5, 250.35967724903455, 0.9998993663251413, 969.7357680231213, 472.65499274677705, 0.4874059597804869, 0.0
18.5, 34.5, 250.2570905306184, 0.9998994636225992, 990.2205971203102, 479.9971469117377, 0.4847375911060945, 0.0, (-891.7929550689493, -196.83718377646977, 3490.0), (-44.39999999999999, -9.7999999999995, 264.57813943858946)
18.5, 35.5, 250.15146747278123, 0.9998995599294136, 984.4851563012844, 474.4726856057858, 0.48195006554327546, 0.0
18.5, 36.5, 250.0428052446051, 0.999899655245672, 960.9366647252272, 481.71221495476453, 0.5012944480503371, 0.0
18.5, 37.5, 249.9311009301342, 0.9998997495714609, 993.126753410682, 454.4315006875971, 0.45757653706029877, 0.0
18.5, 38.5, 249.81635152798594, 0.9998998429068658, 994.5740123673991, 465.3573019647009, 0.46789610041891616, 0.0
18.5, 39.5, 249.6985539509499, 0.9998999352519717, 983.5744174554177, 467.4228310241357, 0.475228739919237, 0.0
18.5, 40.5, 249.57770502557403, 0.9999000266068622, 983.4103449197735, 463.57784834432135, 0.4713981815822163, 0.0
18.5, 41.5, 249.45380149173903, 0.9999001169716202, 985.435120028756, 61.99384920596205, 0.06291012766436922, 0.0
18.5, 42.5, 249.32038480655515, 0.9999002063463278, 1063.3949332489608, 0.9930860895833962, 0.0009338826606491795, 0.0
18.5, 43.5, 249.18364632289558, 0.9999002947310661, 977.8361078991318, 0.999890267839584, 0.0010225540453684364, 0.0
18.5, 44.5, 249.05025184115325, 0.9999003821259154, 993.1814457850991, 0.0, 0.0, 0.0
18.5, 45.5, 248.93451904185406, 0.006354682694339056, 690.1536228137703, 0.0, 0.0, 0.15491933384829668, (-3500.0, -448.3809885844277, 89.46940439192065)
19.5, -44.5, 249.00633402279755, 0.9999005539462629, 766.107005433186, 0.0, 0.0, 0.12649110640673517
19.5, -43.5, 249.1262253037342, 0.9999006383719171, 992.2412884470466, 0.0, 0.0, 0.15811388300841897
19.5, -42.5, 249.26298694385906, 0.999900721807994, 1072.4491602725964, 0.0, 0.0, 0.15811388300841897
19.5, -41.5, 249.39642620579085, 0.9999701420979301, 991.1137644868093, 0.9998968439771675, 0.0010088618277790805, 0.15491933384829668
19.5, -40.5, 249.5203506910083, 0.9999008857117181, 986.575016691493, 286.46762797859367, 0.29036578377919087, 0.1264911064067352
19.5, -39.5, 249.6412200369581, 0.999900966179514, 999.905935847726, 453.95726577839133, 0.45399997090078653, 0.15491933384829668
19.5, -38.5, 249.75903750539356, 0.9999010456580298, 972.5239386159619, 453.07771243414635, 0.4658782107502048, 0.15491933384829668
19.5, -37.5, 249.87380627135565, 0.9999011241473381, 971.5825922680655, 474.43757613082744, 0.4883141998492366, 0.14491376746189438
19.5, -36.5, 249.98552942359893, 0.9999012016475098, 984.924558324614, 473.8057730452562, 0.48105793386979195, 0.09486832980505137
19.5, -35.5, 250.0942099650055, 0.9999012781586153, 980.0697633178805, 480.9361478588123, 0.49071623863863983, 0.15811388300841897
19.5, -34.5, 250.1998508129866, 0.9999013536807239, 990.428279120416, 520.2482922833167, 0.5252760883860678, 0.14491376746189438
19.5, -33.5, 250.3024547998717, 0.9999014282139043, 991.3735691687236, 492.5423455692478, 0.49682819966871755, 0.14491376746189438
19.5, -32.5, 250.4020246732859, 0.9999015017582238, 967.2330667078191, 474.711966048931, 0.49079377286460324, 0.15491933384829668
19.5, -31.5, 250.49856309651474, 0.9999015743137494, 993.9950271585393, 458.0581051095772, 0.46082534881386106, 0.15491933384829668
19.5, -30.5, 250.59207264885796, 0.9999016458805468, 991.4940603292741, 490.5762964929815, 0.4947849070624403, 0.12649110640673517
19.5, -29.5, 250.68255582597064, 0.9999017164586809, 992.7607722594537, 478.0991958988382, 0.4815855030318312, 0.15491933384829668
19.5, -28.5, 250.77001504019324, 0.9999017860482157, 993.7479338111124, 496.3244565865849, 0.4994470324915657, 0.1264911064067352
19.5, -27.5, 250.85445262087006, 0.9999018546492143, 987.1339093659412, 514.8189989912414, 0.5215290388736837, 0.15491933384829668
19.5, -26.5, 250.9358708146559, 0.9999019222617389, 998.203734712776, 521.1007548177565, 0.5220384744079308, 0.15491933384829668
19.5, -25.5, 251.0142717858115, 0.9999019888858509, 970.6142754484258, 535.1370305895078, 0.5513385122450145, 0.15811388300841897
19.5, -24.5, 251.08965761648804, 0.9999020545216107, 980.3638239762236, 558.711838077823, 0.5699025447631911, 0.15811388300841897
19.5, -23.5, 251.17129554451805, 0.9999021191690778, 982.2378241065039, 547.1994749023079, 0.5570946887532761, 0.15491933384829668
19.5, -22.5, 251.2313917760869, 0.9999021828283108, 984.4533359402781, 550.3790426865313, 0.5590707274721655, 0.12649110640673517
19.5, -21.5, 251.30095618501386, 0.9999022454993673, 1090.1186768902166, 706.1822778403631, 0.647803117964083, 0.15491933384829668
19.5, -20.5, 251.367257409988, 0.9999023071823044, 993.974530351555, 661.184819890825, 0.665192919638467, 0.15491933384829668
19.5, -19.5, 251.42729540901306, 0.9999023678771778, 999.4623116018105, 678.7245713526131, 0.6790897100110159, 0.14491376746189438
19.5, -18.5, 251.48432920573538, 0.9999024275840426, 976.9872053976452, 671.6314803088729, 0.6874516642574773, 0.15811388300841897
19.5, -17.5, 251.53836030653432, 0.999902486302953, 992.471444463981, 708.9798795347089, 0.7143579631327511, 0.14491376746189438
19.5, -16.5, 251.5893901375762, 0.9999025440339621, 984.625111075035, 691.1136179865769, 0.7019053345409849, 0.15811388300841897
19.5, -15.5, 251.63742004499923, 0.9999026007771223, 999.7041473053056, 711.8191270507804, 0.7120297829807779, 0.15811388300841897
19.5, -14.5, 251.68245129508833, 0.9999026565324851, 996.4720601277072, 676.528863601144, 0.6789240668869738, 0.15491933384829668
19.5, -13.5, 251.724485074439, 0.999902711300101, 995.9657453496402, 653.5779992504897, 0.6562253795395814, 0.12649110640673517
19.5, -12.5, 251.76352249011106, 0.9999027650800195, 995.5960053750327, 711.4789502505354, 0.7146261600181162, 0.15491933384829668
19.5, -11.5, 251.79956456977183, 0.9999028178722896, 996.0237738687354, 704.5864078301196, 0.7073991869625554, 0.15491933384829668
19.5, -10.5, 251.83261226182898, 0.9999028696769591, 981.0390441840605, 691.5504244681271, 0.704916311504499, 0.15491933384829668
19.5, -9.5, 251.86266643555302, 0.9999029204940748, 990.7287993542814, 722.7192463182396, 0.7294824242409023, 0.09486832980505137
19.5, -8.5, 251.88972788118957, 0.9999029703236829, 987.8307683352009, 666.9229931840407, 0.6751389150471708, 0.15811388300841897
19.5, -7.5, 251.91379731006117, 0.9999030191658286, 973.5387991351658, 611.306320344398, 0.627921887537966, 0.15491933384829668
19.5, -6.5, 251.93487535465923, 0.999903067020556, 992.7670329259129, 590.1028698655609, 0.5944021611257497, 0.15811388300841897
19.5, -5.5, 251.9529625687253, 0.9999031138879086, 986.3314167008249, 579.1381465507992, 0.5871638444691902, 0.14491376746189438
19.5, -4.5, 251.9680594273226, 0.9999031597679289, 987.2934701171599, 609.2507455660228, 0.6170918414903771, 0.15811388300841897
19.5, -3.5, 251.980166326897, 0.9999032046606584, 993.2582465849874, 601.2994387318813, 0.6053807665823709, 0.15811388300841897
19.5, -2.5, 251.98928358532837, 0.9999032485661378, 994.5861335790389, 589.8541772823579, 0.5930649517098688, 0.14491376746189438
19.5, -1.5, 251.99541144197119, 0.9999032914844069, 984.6227793244905, 605.0706251533051, 0.6145202384698223, 0.15491933384829668
19.5, -0.5, 251.99855005768543, 0.9999033334155046, 982.2322769409096, 598.9903816773835, 0.6098255939449426, 0.15491933384829668
19.5, 0.5, 251.99860236765647, 0.999903374359469, 1081.871801417568, 692.1767025039994, 0.6397954929567864, 0.15811388300841897
19.5, 1.5, 252.00966090635436, 0.999903414316337, 978.1780364195658, 577.4633167558345, 0.5903458217785474, 0.1264911064067352
19.5, 2.5, 251.98928358532837, 0.9999034532861449, 997.6761794442491, 579.2621316951906, 0.5806113683278135, 0.14491376746189438
19.5, 3.5, 251.980166326897, 0.9999034912689281, 999.9812046197563, 628.9881251574174, 0.628999947450603, 0.15811388300841897
19.5, 4.5, 251.96805942732254, 0.999903528264721, 981.6052864836304, 595.8008371673762, 0.6069657991571056, 0.15811388300841897
19.5, 5.5, 251.95296256872527, 0.999903564273557, 979.006839900468, 581.6318374530647, 0.5941039569368045, 0.15811388300841897
19.5, 6.5, 251.9348753546592, 0.9999035992954688, 997.5638149480892, 606.4142363720104, 0.6078951815263735, 0.12649110640673517
19.5, 7.5, 251.91379731006117, 0.9999036333304882, 981.6760878087329, 620.17514902155, 0.6317513044510292, 0.15491933384829668, (-890.8331322569436, -68.21695156921356, 3490.0), (-44.39999999999999, -3.399999999999409, 264.7009053252846)
19.5, 8.5, 251.88972788118954, 0.9999036663786458, 987.7231575818384, 632.798464051774, 0.6406637924750115, 0.15811388300841897
19.5, 9.5, 251.862666435553, 0.9999036984399718, 981.6881829140501, 696.9474475419975, 0.7099478833219462, 0.12649110640673517
19.5, 10.5, 251.83261226182896, 0.9999037295144954, 988.6055427738364, 698.3375283941, 0.7063864182216697, 0.15491933384829668
19.5, 11.5, 251.7995645697718, 0.9999037596022443, 973.5679961767513, 667.5217658447517, 0.685644729968674, 0.15811388300841897
19.5, 12.5, 251.76352249011103, 0.999903788703246, 989.0161120420187, 689.183346832906, 0.69683732999046, 0.15491933384829668
19.5, 13.5, 251.72448507443897, 0.9999038168175269, 985.0458348013191, 691.6806554960995, 0.7021811889957481, 0.14491376746189438
19.5, 14.5, 251.6824512950883, 0.9999038439451124, 999.2937440450658, 690.5058030032027, 0.690993821504463, 0.15811388300841897
19.5, 15.5, 251.6374200449992, 0.9999038700860272, 969.645260538546, 681.7228081473967, 0.7030641368460505, 0.15491933384829668
19.5, 16.5, 251.58939013757612, 0.9999038952402949, 991.8861428824789, 689.3204665463944, 0.6949592667392136, 0.15491933384829668
19.5, 17.5, 251.53836030653423, 0.999991733974856, 987.568056272329, 678.5742011839976, 0.6871163935226312, 0.12649110640673517
19.5, 18.5, 251.4843292057353, 0.9999039425889791, 991.3919967925704, 673.4598226199362, 0.6793073020548548, 0.12649110640673517
19.5, 19.5, 251.42729540901303, 0.9999039647834386, 990.1136407784629, 685.6563221532008, 0.6925026521340653, 0.14491376746189438
19.5, 20.5, 251.36725740998793, 0.14959800006008506, 982.6005354604264, 668.3322159892112, 0.6801667532941498, 0.15491933384829668, (-3500.0, -641.172297561491, 644.9272558419714); (-890.7520196154677, -42.13016308990855, 3490.0), (-44.39999999999999, -2.0999999999993904, 264.7112936571257)
19.5, 21.5, 251.3009561850138, 0.9999040062126927, 1084.9311728675855, 751.9322049580503, 0.6930690386290732, 0.15491933384829668, (-890.7473689790636, -40.12375535940503, 3489.9999999999995), (-44.39999999999999, -1.999999999999389, 264.7118893421724)
19.5, 22.5, 251.2313917760868, 0.999904025447525, 999.5588484217963, 577.843016037154, 0.5780980449020191, 0.15491933384829668
19.5, 23.5, 251.16203030699987, 0.999904043695851, 981.4166902594376, 579.504703989221, 0.5904777346266944, 0.14491376746189438
19.5, 24.5, 251.08965761648795, 0.9999040609576871, 989.7268042685832, 526.5879050895588, 0.5320537978949776, 0.15811388300841897
19.5, 25.5, 251.0142717858114, 0.999904077233049, 968.6483786009954, 512.3981004767697, 0.528982561470674, 0.15811388300841897
19.5, 26.5, 250.9358708146558, 0.9999040925219516, 981.040869022207, 541.9581460639143, 0.5524317723930078, 0.12649110640673517
19.5, 27.5, 250.85445262087, 0.9999041068244084, 987.0781418587549, 488.3699319518612, 0.4947631917288916, 0.15811388300841897
19.5, 28.5, 250.77001504019313, 0.9999041201404327, 990.968068099985, 510.95003971648214, 0.5156069667271349, 0.15811388300841897
19.5, 29.5, 250.68255582597052, 0.9999041324700364, 981.9267358480461, 428.24535367345936, 0.4361276030472916, 0.15491933384829668
19.5, 30.5, 250.59207264885782, 0.9999041438132307, 958.0573796894774, 458.3942759785211, 0.4784622358705638, 0.15491933384829668
19.5, 31.5, 250.49856309651463, 0.9999041541700259, 981.6423289407404, 497.21012174461737, 0.5065084370201735, 0.12649110640673517
19.5, 32.5, 250.40202467328575, 0.9999041635404313, 955.1329570342302, 439.5795308104294, 0.4602286284575098, 0.15491933384829668
19.5, 33.5, 250.30245479987158, 0.9999041719244555, 995.4672325045475, 478.2890836201193, 0.480466928496247, 0.15811388300841897
19.5, 34.5, 250.19985081298645, 0.9999041793221061, 977.9646957201933, 464.66882290502423, 0.4751386475795351, 0.15811388300841897
19.5, 35.5, 250.09420996500535, 0.9999041857333897, 978.5386069149658, 449.12632988750005, 0.4589766072730217, 0.15491933384829668
19.5, 36.5, 249.9855294235988, 0.9999041911583121, 987.6521995285976, 495.82570929123773, 0.5020246089948398, 0.15491933384829668
19.5, 37.5, 249.8738062713555, 0.9999041955968783, 960.5856996086187, 456.72293881850743, 0.4754629795182197, 0.15491933384829668
19.5, 38.5, 249.75903750539342, 0.9999041990490922, 967.7244629410889, 438.9238126725588, 0.4535627954868376, 0.1264911064067352
19.5, 39.5, 249.64122003695792, 0.9999042015149572, 972.8296315773969, 491.51786262495585, 0.5052455709310407, 0.15491933384829668
19.5, 40.5, 249.52035069100816, 0.9999042029944751, 991.0821826333811, 303.3242973891446, 0.30605362774577255, 0.15811388300841897
19.5, 41.5, 249.3964262057907, 0.9999042034876477, 977.3291558329447, 0.9998980819248637, 0.0010230924514604133, 0.14491376746189438
19.5, 42.5, 249.26298694385892, 0.9999042029944751, 1079.746142810747, 0.0, 0.0, 0.15491933384829668
19.5, 43.5, 249.12622530373403, 0.9999042015149572, 973.6144618541183, 0.0, 0.0, 0.15491933384829668
19.5, 44.5, 248.99280821422377, 0.9999041990490922, 997.610159661834, 0.0, 0.0, 0.12649110640673517
19.5, 45.5, 248.877055786867, 0.9999041955968783, 679.8395158800467, 0.0, 0.0, 0.15491933384829668
20.5, -44.5, 248.9458668755995, 0.9999041911583121, 793.8843861804821, 0.0, 0.0, 0.15491933384829668
20.5, -43.5, 249.06577954860649, 0.9999041857333897, 975.0509217312815, 0.0, 0.0, 0.12649110640673517
20.5, -42.5, 249.20256557321417, 0.9999041793221061, 1095.7037974982618, 0.0, 0.0, 0.15811388300841897
20.5, -41.5, 249.33602860915917, 0.9999041719244555, 982.4922939560765, 0.0, 0.0, 0.14491376746189438
20.5, -40.5, 249.4599751568217, 0.9999041635404313, 959.4522752309013, 69.65685995776107, 0.07260065117985935, 0.09486832980505139
20.5, -39.5, 249.58086600625145, 0.9999041541700259, 983.3045148109308, 470.72055893338927, 0.47871290311719883, 0.15811388300841897
20.5, -38.5, 249.6987044209231, 0.9999041438132307, 992.7734144718064, 497.19696135135376, 0.5008161521084664, 0.15491933384829668, (-890.7157236300536, 22.06728144129826, 3489.9999999999995); (-890.7157236300536, 22.06728144129826, 3489.9999999999995), (-44.39999999999999, 1.1000000000006551, 264.7159428788898); (-44.39999999999999, 1.1000000000006551, 264.7159428788898)
20.5, -37.5, 249.8134935775513, 0.9999041324700364, 994.7298288393185, 481.92068226243015, 0.48447394286421475, 0.14491376746189438
20.5, -36.5, 249.92523656651713, 0.9999041201404327, 975.9321468239482, 450.4062443436455, 0.4615138929580684, 0.15491933384829668
20.5, -35.5, 250.03393639228233, 0.9999041068244084, 975.0301294429356, 474.55486093144674, 0.486707894044848, 0.15811388300841897
20.5, -34.5, 250.13959597379122, 0.9999040925219516, 998.2511514869116, 506.125085478231, 0.5070117722622701, 0.14491376746189438
20.5, -33.5, 250.24221814486023, 0.999904077233049, 986.0885440547611, 496.89052270430847, 0.5039005124845202, 0.15811388300841897
20.5, -32.5, 250.34180565455551, 0.9999040609576871, 994.113958295218, 470.0589364110701, 0.47284210475946115, 0.15491933384829668
20.5, -31.5, 250.43836116755813, 0.999904043695851, 978.9222263025613, 455.980522927779, 0.4657985186934007, 0.15491933384829668
20.5, -30.5, 250.53188726451816, 0.999904025447525, 992.4789497564362, 479.2285586693396, 0.4828601743008724, 0.14491376746189438
20.5, -29.5, 250.62238644239602, 0.9999040062126927, 988.5348995929628, 452.96820112367925, 0.4582217596062542, 0.14491376746189438
20.5, -28.5, 250.70986111479303, 0.9999039859913367, 983.3585427571481, 479.8666934090988, 0.4879875168050556, 0.12649110640673517
20.5, -27.5, 250.79431361226966, 0.9999039647834386, 952.3825234743522, 490.7594119022201, 0.515296532439401, 0.15811388300841897
20.5, -26.5, 250.875746182653, 0.9999039425889791, 973.8626475215609, 523.5229705203257, 0.5375737244391388, 0.15491933384829668
20.5, -25.5, 250.9541609913322, 0.9999039194079382, 989.6706372177497, 524.8058962955485, 0.5302833857645101, 0.14491376746189438
20.5, -24.5, 251.02956012154328, 0.9999038952402949, 982.6128816666227, 539.4856994063211, 0.5490317799327975, 0.15811388300841897
20.5, -23.5, 251.101945574642, 0.9999038700860272, 970.203968213935, 540.0110482831626, 0.5565953819765117, 0.15491933384829668
20.5, -22.5, 251.1713192703663, 0.9999038439451124, 989.0172198873341, 547.0812911898234, 0.5531564872572646, 0.15811388300841897
20.5, -21.5, 251.24089593681876, 0.9999038168175269, 1091.0579569372321, 639.8143198087287, 0.5864164371293218, 0.15811388300841897
20.5, -20.5, 251.30720883988778, 0.999903788703246, 985.3163424751664, 673.9784551404582, 0.6840224058878278, 0.14491376746189438
20.5, -19.5, 251.367257409988, 0.9999037596022443, 986.9169667405026, 674.8733446296059, 0.6838197815754599, 0.14491376746189438
20.5, -18.5, 251.42430124548216, 0.9999037295144954, 993.2724504213936, 698.6287661208667, 0.7033606598315245, 0.15811388300841897
20.5, -17.5, 251.47834185353094, 0.9999036984399718, 964.2300792921695, 658.3505147524361, 0.6827732601286653, 0.14491376746189438
20.5, -16.5, 251.52938066103994, 0.9999036663786458, 978.9660700302504, 690.6374942059745, 0.7054764361594611, 0.14491376746189438
20.5, -15.5, 251.5849763945316, 0.9999036333304882, 977.4055837884182, 714.3677859072386, 0.7308816296489257, 0.15491933384829668
20.5, -14.5, 251.6224581818868, 0.9999035992954688, 993.8834170479497, 697.8829796145305, 0.7021779090422849, 0.1264911064067352
20.5, -13.5, 251.66449934937515, 0.999903564273557, 981.0567573397745, 676.6242694393161, 0.6896892196880076, 0.14491376746189438
20.5, -12.5, 251.7035436249428, 0.999903528264721, 985.9370302170454, 679.7445538765182, 0.6894401295860431, 0.15491933384829668
20.5, -11.5, 251.73959203678862, 0.9999034912689281, 983.4860804849291, 691.7730138892013, 0.7033887185755671, 0.15811388300841897
20.5, -10.5, 251.77264553381082, 0.9999034532861449, 977.0194952156284, 685.3400500088547, 0.7014599538339816, 0.15811388300841897
20.5, -9.5, 251.8027049857292, 0.999903414316337, 985.7347553332232, 707.2100718257124, 0.7174445945011274, 0.14491376746189438
20.5, -8.5, 251.82977118319783, 0.999903374359469, 997.3487082395494, 745.4057092508247, 0.7473872509110309, 0.14491376746189438
20.5, -7.5, 251.8538448379068, 0.9999033334155046, 997.8872693998617, 689.7303084860696, 0.6911906080341916, 0.15491933384829668, (-890.9021213666014, 84.27452499415202, 3490.0), (-44.39999999999999, 4.200000000000699, 264.6920713642181)
20.5, -6.5, 251.87492658267416, 0.013119835614186337, 971.8055136041165, 655.7457589618288, 0.6747705685779422, 0.14491376746189438, (-3500.0, -60.30956501444857, 157.25717352946955), (-3500.0, -60.30956501444857, 157.25717352946955)
20.5, -5.5, 251.89301697152746, 0.9999032485661378, 981.5245733953591, 644.863709339353, 0.6570021034813168, 0.12649110640673517
20.5, -4.5, 251.9081164797752, 0.9999032046606584, 982.4533910072423, 630.0220472015528, 0.6412742354684473, 0.14491376746189438
20.5, -3.5, 251.92022550406801, 0.9999031597679289, 976.318555258495, 648.9159319071152, 0.6646559449393082, 0.15491933384829668
20.5, -2.5, 251.92934436244977, 0.9999031138879086, 985.5746173608345, 632.1654839193639, 0.6414181866941466, 0.14491376746189438
20.5, -1.5, 251.93547329439846, 0.999903067020556, 969.0451014783486, 598.9737763099037, 0.6181072226629346, 0.12649110640673517
20.5, -0.5, 251.93861246085717, 0.9999030191658286, 996.3209288282184, 634.0475329218494, 0.6363888528042447, 0.1264911064067352
20.5, 0.5, 251.93866478000717, 0.9999029703236829, 1094.5450952540482, 656.1421413048313, 0.5994656082694685, 0.12649110640673517
20.5, 1.5, 251.93547329439846, 0.9999029204940748, 981.7250132010131, 619.9545404841311, 0.6314951051951982, 0.14491376746189438
20.5, 2.5, 251.92934436244977, 0.9999028696769591, 994.2996302216769, 585.6885898815995, 0.5890463720186856, 0.15491933384829668
20.5, 3.5, 251.92022550406801, 0.3464865001917166, 970.8782619324886, 605.6295748875142, 0.6237955865671936, 0.14491376746189438, (-3500.0, -157.97881225198307, 1392.422652553613)
20.5, 4.5, 251.9081164797752, 0.9999027650800195, 987.3369874798148, 662.7709852896335, 0.6712713021937541, 0.15491933384829668
20.5, 5.5, 251.89301697152743, 0.999902711300101, 970.6435959030213, 647.9384224810638, 0.6675348451439229, 0.15491933384829668
20.5, 6.5, 251.87492658267414, 0.9999026565324851, 976.7443929717193, 685.2917503682079, 0.7016080719779979, 0.15491933384829668
20.5, 7.5, 251.85384483790676, 0.9999026007771223, 989.4583295261704, 689.0929574836757, 0.696434540920654, 0.15491933384829668
20.5, 8.5, 251.8297711831978, 0.9999025440339621, 989.3410664338252, 714.0842621940494, 0.7217776421310749, 0.15811388300841897
20.5, 9.5, 251.80270498572918, 0.999902486302953, 976.1265136967196, 708.011857460071, 0.7253279646904959, 0.15811388300841897
20.5, 10.5, 251.7726455338108, 0.9999024275840426, 991.4740483961504, 717.7364653128377, 0.7239084739271573, 0.09486832980505137
20.5, 11.5, 251.7395920367886, 0.9999023678771778, 999.9735031012309, 708.9811862290891, 0.7089999725295885, 0.15491933384829668
20.5, 12.5, 251.7035436249427, 0.9999023071823044, 987.6521962631394, 698.3563367258785, 0.7070873120802699, 0.15811388300841897
20.5, 13.5, 251.66449934937512, 0.9999022454993673, 973.7715661987023, 673.481482186234, 0.6916216344407073, 0.14491376746189438
20.5, 14.5, 251.62245818188677, 0.9999021828283108, 998.3250898439536, 711.6627268496344, 0.7128566977725393, 0.15811388300841897
20.5, 15.5, 251.57741901484496, 0.9999021191690778, 999.9685378848824, 712.9775338353099, 0.7129999663223292, 0.12649110640673517
20.5, 16.5, 251.5293806610399, 0.9999020545216107, 994.1830387259471, 731.5053578022919, 0.735785392939032, 0.1264911064067352
20.5, 17.5, 251.47834185353088, 0.9999019888858509, 988.7118679905058, 676.6167973793098, 0.684341737248983, 0.15811388300841897
20.5, 18.5, 251.4243012454821, 0.9999019222617389, 978.9937761564353, 662.2786756895493, 0.6764891583781862, 0.12649110640673517
20.5, 19.5, 251.36725740998793, 0.9999018546492143, 980.0406608053338, 668.0160647562959, 0.6816207648031294, 0.15491933384829668
20.5, 20.5, 251.30720883988772, 0.9999017860482157, 978.2873341465131, 677.1660130822451, 0.6921954209629267, 0.15491933384829668
20.5, 21.5, 251.2408959368187, 0.015389480716088741, 1066.862553793019, 645.1261514776738, 0.6046947183440409, 0.15491933384829668, (-3500.0, 338.3361197606189, 57.94749540816084)
20.5, 22.5, 251.17131927036618, 0.9999016458805468, 970.6177904654367, 556.3277859755912, 0.5731687502954355, 0.09486832980505137
20.5, 23.5, 251.10194557464192, 0.9999015743137494, 990.2124558955074, 547.1037679739075, 0.5525114986350371, 0.15491933384829668
20.5, 24.5, 251.02956012154317, 0.9999015017582238, 983.6222264341951, 585.0704069160012, 0.5948121048839909, 0.15491933384829668
20.5, 25.5, 250.9541609913321, 0.9999014282139043, 974.9779075292839, 531.6064286860737, 0.5452497175379399, 0.15811388300841897
20.5, 26.5, 250.87574618265288, 0.9999013536807239, 982.2360328640408, 511.66760371874756, 0.5209212313529243, 0.15811388300841897
20.5, 27.5, 250.79431361226955, 0.9999012781586153, 983.6208930079041, 498.5717745708098, 0.5068739166836744, 0.14491376746189438
20.5, 28.5, 250.7098611147929, 0.9380084764109059, 962.6102283474023, 463.9849325441954, 0.4820070667031651, 0.14491376746189438, (-100.41519299091094, 18.837119067373823, 236.45914505224724), (-100.41519299091094, 18.837119067373823, 236.45914505224724)
20.5, 29.5, 250.6223864423959, 0.9999011241473381, 977.0887630913293, 472.3029129759507, 0.4833776938357894, 0.15491933384829668
20.5, 30.5, 250.53188726451805, 0.9999010456580298, 966.969466719613, 477.9737174543574, 0.4943007343094866, 0.12649110640673517
20.5, 31.5, 250.43836116755804, 0.48749605435888665, 994.580379997773, 512.7540121877041, 0.5155480869116403, 0.15491933384829668, (-32.404734054610465, -183.328398949934, 195.4602169035919), (-32.404734054610465, -183.328398949934, 195.4602169035919)
20.5, 32.5, 250.34180565455534, 0.9999008857117181, 953.3341547352794, 457.0602967961296, 0.47943346467330283, 0.15491933384829668
20.5, 33.5, 250.24221814486012, 0.9999008042545695, 977.178472473732, 454.9648845144004, 0.46559036791166164, 0.15491933384829668
20.5, 34.5, 250.13959597379107, 0.999900721807994, 988.7398813532315, 470.8198709110835, 0.47618173373031075, 0.14491376746189438
20.5, 35.5, 250.0339363922822, 0.9999006383719171, 975.4036777684406, 474.85766954475986, 0.4868319449349978, 0.15491933384829668
20.5, 36.5, 249.925236566517, 0.9999005539462629, 979.9676773301358, 491.8346197687613, 0.5018886144375044, 0.15491933384829668
20.5, 37.5, 249.81349357755116, 0.9999004685309548, 981.1363214646988, 477.7619475550046, 0.48694756997862754, 0.14491376746189438
20.5, 38.5, 249.69870442092295, 0.9999003821259154, 986.2191664975336, 473.0713664987377, 0.4796817812604545, 0.0
20.5, 39.5, 249.5808660062513, 0.9999002947310661, 991.6582317435443, 465.4676899745716, 0.4693831756493175, 0.0
20.5, 40.5, 249.45997515682157, 0.9999002063463278, 990.7859250999754, 86.92688145521784, 0.08773528090484982, 0.0
20.5, 41.5, 249.33602860915903, 0.9999001169716202, 991.881792700262, 0.9998971810616554, 0.001008080991525787, 0.0
20.5, 42.5, 249.20256557321403, 0.9999000266068622, 1087.1484259474353, 0.0, 0.0, 0.0
20.5, 43.5, 249.06577954860634, 0.9998999352519717, 981.8427841040005, 0.0, 0.0, 0.0
20.5, 44.5, 248.9323386523994, 0.9998998429068658, 987.5989077998698, 0.0, 0.0, 0.0
20.5, 45.5, 248.8165655560685, 0.9998997495714609, 694.1808844711545, 0.0, 0.0, 0.0
21.5, -44.5, 248.87909155965656, 0.999899655245672, 862.6089981022288, 0.0, 0.0, 0.0
21.5, -43.5, 248.9990278651147, 0.9998995599294136, 1078.335073502211, 0.0, 0.0, 0.0
21.5, -42.5, 249.1358408279693, 0.9998994636225992, 1203.5213125976147, 0.0, 0.0, 0.0
21.5, -41.5, 249.26933012774685, 0.9998993663251413, 1089.5728156096432, 0.0, 0.0, 0.0
21.5, -40.5, 249.39330104841386, 0.9998992680369516, 1088.625410097127, 5.304569428228868, 0.004872722406650047, 0.0
21.5, -39.5, 249.5142156533345, 0.9998991687579408, 1080.3088894297143, 314.99833149320574, 0.29158172683323064, 0.0
21.5, -38.5, 249.63207720788586, 0.9998990684880189, 1082.5895590035109, 528.3176531423439, 0.48801288424455475, 0.0
21.5, -37.5, 249.74688889063225, 0.9998989672270948, 1090.138967488339, 520.8824072583027, 0.47781285028128717, 0.0
21.5, -36.5, 249.85865379375218, 0.9998988649750764, 1080.0573585601699, 538.2219223064579, 0.4983271657201284, 0.0
21.5, -35.5, 249.96737492345318, 0.4991216695974184, 1093.9492042619656, 536.1293323031111, 0.4900861303380275, 0.0, (2156.7184360647307, -3500.0, 2502.8275909765725)
21.5, -34.5, 250.07305520037377, 0.9998986574973849, 1083.157328157258, 525.9497411533041, 0.4855709576817304, 0.0
21.5, -33.5, 250.1756974599737, 0.9998985522715232, 1089.3500097009598, 531.2983139614457, 0.48772048398594475, 0.0
21.5, -32.5, 250.27530445291154, 0.9998984460541906, 1081.1328143815983, 533.987559354018, 0.4939148569451717, 0.0
21.5, -31.5, 250.3718788454108, 0.9998983388452904, 1081.2649987764737, 522.2041026458436, 0.4829566324968937, 0.0
21.5, -30.5, 250.46542321961368, 0.9998982306447255, 1077.9000870221555, 543.500001744397, 0.5042211317060833, 0.0
21.5, -29.5, 250.55594007392324, 0.9998981214523973, 1070.6871981806428, 540.2903432773097, 0.5046201581520673, 0.0
21.5, -28.5, 250.64343182333397, 0.9998980112682069, 1076.0409084831076, 546.7638578223008, 0.5081255308342064, 0.0
21.5, -27.5, 250.7279007997507, 0.9998979000920539, 1084.6477465958692, 588.849875323284, 0.5428950340526403, 0.0
21.5, -26.5, 250.80934925229587, 0.9998977879238375, 1079.9741439747895, 597.2446404925107, 0.5530175364146982, 0.0
21.5, -25.5, 250.88777934760577, 0.9998976747634558, 1082.1841366635576, 606.5907149575219, 0.5605244933895257, 0.0
21.5, -24.5, 250.96319317011506, 0.9998975606108059, 1089.4272175234191, 625.174833294016, 0.5738564479004095, 0.0
21.5, -23.5, 251.0355927223305, 0.9998974454657841, 1086.391563937608, 627.8191261100178, 0.5778939628677693, 0.0
21.5, -22.5, 251.1049799250931, 0.9998973293282858, 1057.688957645957, 604.4574492466679, 0.5714888530102245, 0.0
21.5, -21.5, 251.1745701327039, 0.9998972121982055, 1208.3125311651474, 708.9874898006552, 0.5867583688112505, 0.0
21.5, -20.5, 251.24089593681876, 0.9998970940754366, 1084.2700386898032, 666.7147341691111, 0.6148973137492092, 0.0
21.5, -19.5, 251.30095618501386, 0.9998969749598718, 1094.5289688948262, 762.4790432863671, 0.6966275584795728, 0.0
21.5, -18.5, 251.35801111055386, 0.999896854851403, 1088.524849817867, 728.1666914061968, 0.6689481563310514, 0.0
21.5, -17.5, 251.412062221463, 0.9998967337499209, 1096.243658295568, 761.4885106604895, 0.6946343587925029, 0.0
21.5, -16.5, 251.46311094546394, 0.9998966116553155, 1050.0262421924115, 715.8395274019996, 0.6817348925559766, 0.0
21.5, -15.5, 251.51115863016324, 0.9998964885674757, 1086.4995106779988, 781.2178136220438, 0.719022701753954, 0.0
21.5, -14.5, 251.5562065432265, 0.9998963644862896, 1084.24760592053, 762.660628278647, 0.7034007952741989, 0.0
21.5, -13.5, 251.59825587254232, 0.9998962394116445, 1095.9982387367943, 784.3885615702383, 0.7156841442321062, 0.0
21.5, -12.5, 251.63730772637658, 0.9998961133434267, 1092.3141051287012, 776.8528932765445, 0.7111991776257548, 0.0
21.5, -11.5, 251.67336313351575, 0.9998959862815213, 1099.9685130988687, 759.9782226441911, 0.6909090702088868, 0.0
21.5, -10.5, 251.70642304339987, 0.9998958582258132, 1078.6823999063733, 745.5596449206934, 0.6911762396284633, 0.0
21.5, -9.5, 251.74215522362138, 0.9998957291761856, 1099.970490611591, 780.9790732300555, 0.7100000226331762, 0.0
21.5, -8.5, 251.76355977315785, 0.9998955991325214, 1067.9990188613558, 750.4674069280187, 0.7026854834830536, 0.0
21.5, -7.5, 251.78763809623334, 0.9998954680947021, 1093.5134534422498, 784.5615959471651, 0.7174686269084837, 0.0
21.5, -6.5, 251.80872392865098, 0.9998953360626086, 1083.95947363069, 782.0990568578163, 0.7215205696188981, 0.0
21.5, -5.5, 251.8268178247544, 0.9998952030361209, 1085.8087967007446, 782.3284617792056, 0.7205029689907918, 0.0
21.5, -4.5, 251.84192026012315, 0.9998950690151179, 1067.5579028113548, 760.7475334955841, 0.7126054066877285, 0.0
21.5, -3.5, 251.8540316316341, 0.9998949339994778, 1071.322147287619, 756.6905827603299, 0.7063147015826421, 0.0
21.5, -2.5, 251.86315225751235, 0.9998947979890777, 1091.643778318299, 781.5009531473656, 0.7158937454407379, 0.0
21.5, -1.5, 251.86928237737257, 0.9998946609837936, 1083.9269033001528, 747.9084596125914, 0.6899989817906441, 0.0
21.5, -0.5, 251.8724221522495, 0.9998945229835013, 1077.4213595433835, 725.6464365995815, 0.6735029245263099, 0.0
21.5, 0.5, 251.8724744815396, 0.9998943839880751, 1162.1889617786271, 824.504794146397, 0.7094412537566744, 0.0
21.5, 1.5, 251.86928237737257, 0.9998942439973884, 1078.190376297541, 753.2543566957754, 0.6986283436162899, 0.0
21.5, 2.5, 251.86315225751235, 0.9998941030113138, 1072.1605114367292, 756.1380721019475, 0.7052470819772111, 0.0
21.5, 3.5, 251.8540316316341, 0.999893961029723, 1098.2363334043628, 793.2758823601872, 0.7223180095500525, 0.0
21.5, 4.5, 251.84192026012315, 0.999893818052487, 1087.7253273377519, 776.5688911965739, 0.713938410441591, 0.0
21.5, 5.5, 251.8268178247544, 0.9998936740794754, 1073.727281344225, 757.6611871545865, 0.7056365245801077, 0.0
21.5, 6.5, 251.80872392865095, 0.9998935291105573, 1072.4646223138425, 766.6394749940057, 0.7148389411111585, 0.0
21.5, 7.5, 251.78763809623328, 0.7735188086686617, 1074.3432992850323, 741.8850838547967, 0.6905475040878607, 0.09486832980505139, (45.54535678649041, 96.85609055433387, 234.84459044237403), (45.54535678649041, 96.85609055433387, 234.84459044237403)
21.5, 8.5, 251.76355977315782, 0.9998932361844726, 1092.8935464415263, 783.3171119568393, 0.7167368811970102, 0.0
21.5, 9.5, 251.7364883262454, 0.9998930882270393, 1074.9047511234946, 757.3623803016325, 0.7045855732892001, 0.0
21.5, 10.5, 251.70642304339984, 0.999892939273166, 1084.4810814469888, 767.8943182455741, 0.7080753471706459, 0.0
21.5, 11.5, 251.6733631335157, 0.9998927893227173, 1088.331254451858, 774.429628597551, 0.7115752905466224, 0.0
21.5, 12.5, 251.63730772637655, 0.9998926383755565, 1056.9855620362307, 767.2724638586059, 0.7259062861563532, 0.0
21.5, 13.5, 251.5982558725423, 0.999892486431546, 1077.700590900709, 773.5796804278963, 0.7178057495369491, 0.0
21.5, 14.5, 251.55620654322647, 0.9998923334905477, 1081.2342425480192, 788.0009513464092, 0.7287976280601499, 0.0
21.5, 15.5, 251.51115863016318, 0.9998921795524222, 1094.6585125366844, 791.6869034824647, 0.7232272845052521, 0.0
21.5, 16.5, 251.46311094546385, 0.56171953349655, 1050.4432534659156, 722.4794141011298, 0.6877852865610056, 0.0, (3500.0, 935.829347046185, 2602.1300608356405)
21.5, 17.5, 251.41206222146295, 0.9998918686842274, 1084.1227017936196, 735.3666165420225, 0.6783057077629682, 0.0
21.5, 18.5, 251.3580111105538, 0.9998917117538751, 1091.667369544572, 752.6830838042006, 0.6894802435271187, 0.0
21.5, 19.5, 251.3009561850138, 0.9998915538258293, 1069.8466728982487, 719.4017634294194, 0.6724344540704483, 0.0
21.5, 20.5, 251.2408959368187, 0.9998913948999458, 1075.986778749015, 642.791627226197, 0.5973973285931377, 0.0
21.5, 21.5, 251.17457013270382, 0.99989123497608, 1180.066198280817, 684.1370479261761, 0.5797446354474548, 0.0
21.5, 22.5, 251.10497992509303, 0.9998910740540861, 1084.4334450266522, 602.1872845954442, 0.5553012841471744, 0.0
21.5, 23.5, 251.0355927223304, 0.9998909121338175, 1065.8060782530094, 610.6482800063334, 0.5729450154828005, 0.0
21.5, 24.5, 250.96319317011498, 0.9998907492151267, 1064.2832023931103, 601.450609470946, 0.565122711810677, 0.0
21.5, 25.5, 250.88777934760566, 0.999890585297865, 1078.4968262678701, 573.4463760840807, 0.5317089138486272, 0.0
21.5, 26.5, 250.8093492522958, 0.999890420381883, 1073.918965096891, 608.1626392831321, 0.5663021690172522, 0.0
21.5, 27.5, 250.72790079975056, 0.9998902544670306, 1066.483064507361, 567.8914146264403, 0.5324898571068877, 0.0
21.5, 28.5, 250.64343182333386, 0.9998900875531563, 1077.5736262767678, 555.023302091023, 0.5150676376599337, 0.0
21.5, 29.5, 250.5559400739231, 0.9998899196401081, 1088.0756565145198, 531.2332545648035, 0.4882319086767607, 0.0
21.5, 30.5, 250.46542321961354, 0.9998897507277328, 1067.7930223851824, 532.8179650364716, 0.49898992957107885, 0.0
21.5, 31.5, 250.3718788454107, 0.9998895808158762, 1057.4273126755234, 500.90570564304556, 0.47370225796007115, 0.0
21.5, 32.5, 250.27530445291143, 0.9998894099043837, 1081.35443544707, 550.2257003815722, 0.5088301137398021, 0.0
21.5, 33.5, 250.17569745997355, 0.9998892379930991, 1082.7092765336174, 532.0355963612103, 0.4913928493016758, 0.0
21.5, 34.5, 250.07305520037363, 0.9998890650818658, 1095.9322338965335, 524.9012403688926, 0.4789541033049387, 0.0
21.5, 35.5, 249.96737492345304, 0.999888891170526, 1071.8732540530914, 527.8806876082156, 0.492484242527866, 0.0
21.5, 36.5, 249.85865379375207, 0.9998887162589211, 1063.586408470733, 492.88741864383303, 0.4634201929606512, 0.0
21.5, 37.5, 249.74688889063208, 0.9998885403468915, 1094.0066868547328, 513.7096348020347, 0.4695671799584232, 0.0
21.5, 38.5, 249.6320772078857, 0.9998883634342766, 1087.767869884062, 540.3099533363992, 0.4967143894349327, 0.0
21.5, 39.5, 249.51421565333433, 0.9998881855209151, 1091.0713247331946, 303.730844559701, 0.2783785419655987, 0.0
21.5, 40.5, 249.3933010484137, 0.9998880066066446, 1078.9705836987234, 7.999180931854918, 0.00741371549206989, 0.0
21.5, 41.5, 249.26933012774674, 0.9998878266913017, 1064.0564996982548, 0.0, 0.0, 0.0
21.5, 42.5, 249.13584082796913, 0.9998876457747224, 1205.2374412279248, 0.9704567425255889, 0.0008051996306527486, 0.0
21.5, 43.5, 248.99902786511456, 0.9998874638567415, 1082.8135606856047, 0.0, 0.0, 0.0
21.5, 44.5, 248.86556066894684, 0.9998872809371929, 1087.883047884839, 0.0, 0.0, 0.0
21.5, 45.5, 248.74976473898107, 0.9998870970159097, 753.1259558837663, 0.0, 0.0, 0.0
22.5, -44.5, 248.8090295349462, 0.9998869120927238, 788.1060455640833, 0.9501135766602054, 0.001205565649455418, 0.0
22.5, -43.5, 248.9289906456109, 0.9998867261674665, 981.3569934687862, 0.0, 0.0, 0.0
22.5, -42.5, 249.06583188350544, 0.999886539239968, 1080.3662228603632, 0.825363573671225, 0.0007639664737814585, 0.0
22.5, -41.5, 249.1993487504293, 0.9998863513100575, 980.3858123152137, 0.0, 0.0, 0.0
22.5, -40.5, 249.3233452535734, 0.9998861623775634, 984.0036092251662, 0.0, 0.0, 0.0
22.5, -39.5, 249.44428479280452, 0.9998859724423133, 992.003341864993, 42.99571999209431, 0.043342313657191114, 0.0
22.5, -38.5, 249.56217063549732, 0.9998857815041334, 994.3409230186893, 423.28810994362476, 0.42569716295953836, 0.0
22.5, -37.5, 249.67700596215815, 0.9998855895628495, 989.4268203299048, 451.9183382528881, 0.4567476128271971, 0.0
22.5, -36.5, 249.78879386685304, 0.9998853966182861, 983.7072895385551, 465.97766997752666, 0.47369545283751124, 0.0
22.5, -35.5, 249.8975373576225, 0.999885202670267, 988.9983705334943, 474.22584166235487, 0.4795011354837155, 0.0
22.5, -34.5, 250.0032393568841, 0.999885007718615, 985.4834100040002, 486.9224883293244, 0.4940950637894025, 0.0
22.5, -33.5, 250.10590270182297, 0.9998848117631518, 991.9897034117587, 478.39312360347213, 0.4822561383027773, 0.0
22.5, -32.5, 250.20553014477, 0.9998846148036984, 991.6331080628794, 499.7116723792982, 0.5039279833601638, 0.0
22.5, -31.5, 250.30212435356796, 0.9998844168400748, 992.2830212881835, 505.82169575796667, 0.5097554678516096, 0.0
22.5, -30.5, 250.39568791192605, 0.9998842178720999, 991.0099170187623, 480.62122489924803, 0.48498124655007735, 0.0
22.5, -29.5, 250.48622331976202, 0.999884017899592, 996.7582960252554, 548.5081218446671, 0.550292005626577, 0.0
22.5, -28.5, 250.57373299353338, 0.999883816922368, 983.1427487629833, 527.0836062538983, 0.5361211349186974, 0.0
22.5, -27.5, 250.65821926655633, 0.9998836149402445, 991.6154757362762, 539.1189241850944, 0.5436774005415735, 0.0
22.5, -26.5, 250.73968438931362, 0.9998834119530364, 999.9408830787148, 543.9678511428081, 0.5440000107486226, 0.0
22.5, -25.5, 250.81813052975085, 0.9998832079605583, 987.8706314912663, 516.0254777549251, 0.5223613915679881, 0.0
22.5, -24.5, 250.89355977356155, 0.9998830029626236, 967.0452566347865, 545.5736770651956, 0.5641656099568012, 0.0
22.5, -23.5, 250.97602111877504, 0.9998827969590447, 988.4240527228529, 563.303688762979, 0.5699008307327436, 0.0
22.5, -22.5, 251.03537550444798, 0.9998825899496333, 987.1448824186632, 567.001331222449, 0.5743851194702088, 0.0
22.5, -21.5, 251.1049799250931, 0.9998823819341998, 1088.4180309805367, 619.0522122400264, 0.5687632826905055, 0.0
22.5, -20.5, 251.17131927036627, 0.999882172912554, 986.1654529951029, 602.5137288228343, 0.6109661690063546, 0.0
22.5, -19.5, 251.2313917760869, 0.9998819628845046, 970.216256701558, 582.9766319424958, 0.6008728754189712, 0.0
22.5, -18.5, 251.2884583419241, 0.9998817518498594, 989.9653249617243, 688.0748382351597, 0.6950494334352199, 0.0
22.5, -17.5, 251.34252047680874, 0.9998815398084253, 997.0878048394778, 708.2483965572212, 0.7103169782236408, 0.0
22.5, -16.5, 251.39357960932145, 0.9998813267600082, 977.8377523864962, 670.6994588159246, 0.6859005567938296, 0.0
22.5, -15.5, 251.44163708787818, 0.9998811127044129, 972.6702207797995, 664.6566716884447, 0.6833319839437284, 0.0
22.5, -14.5, 251.48669418090546, 0.9998808976414437, 991.6745959627019, 694.7853991191737, 0.7006183297906176, 0.0
22.5, -13.5, 251.52875207700484, 0.9998806815709035, 990.8967659899248, 742.5293612549851, 0.7493508776498873, 0.0
22.5, -12.5, 251.5678118851069, 0.9998804644925946, 999.9677251958719, 706.9771966113811, 0.7070000148983805, 0.0
22.5, -11.5, 251.60387463461498, 0.999880246406318, 991.5863638353303, 712.45801405154, 0.7185032388866691, 0.0
22.5, -10.5, 251.63694127553822, 0.9998800273118741, 991.7235094842553, 711.5771963660468, 0.7175157083208623, 0.0
22.5, -9.5, 251.66701267861464, 0.9998798072090622, 982.6075792105546, 671.9600057846916, 0.6838538802281139, 0.0
22.5, -8.5, 251.6940896354234, 0.9998795860976807, 986.0240902707183, 698.1319318411837, 0.7080272568690567, 0.0
22.5, -7.5, 251.71817285848726, 0.9998793639775269, 992.1527865456288, 686.4486025356339, 0.6918779162286456, 0.0
22.5, -6.5, 251.73926298136445, 0.9998791408483975, 993.2399565737552, 705.946275341558, 0.7107509828508761, 0.0
22.5, -5.5, 251.7573605587304, 0.9998789167100878, 986.1960331221825, 705.6339825006327, 0.7155108708627403, 0.0
22.5, -4.5, 251.77246606644928, 0.9998786915623925, 984.4348223113262, 704.2458316254987, 0.7153808618553539, 0.0
22.5, -3.5, 251.7845799016354, 0.9998784654051053, 975.6089794041804, 710.7133607940889, 0.7284817747660877, 0.0
22.5, -2.5, 251.79370238270442, 0.9998782382380188, 994.4733797776295, 717.6809919808659, 0.7216693845956378, 0.0
22.5, -1.5, 251.7998337494142, 0.9998780100609249, 956.9607700255633, 698.4362374396127, 0.7298483483507431, 0.0
22.5, -0.5, 251.80297416289588, 0.2821053536110291, 977.3171011394068, 701.3752572631935, 0.717653724103972, 0.0, (2410.5266318607582, -3500.0, -1153.2521829415168)
22.5, 0.5, 251.80302650282925, 0.9998775506758768, 1076.5356785699694, 821.1570280089045, 0.7627773462182874, 0.0
22.5, 1.5, 251.79983374941418, 0.9998773194675014, 983.0329045869445, 714.5380661531142, 0.7268709549995707, 0.0
22.5, 2.5, 251.7937023827044, 0.9998770872482761, 988.783320295644, 729.182992538942, 0.7374547866775483, 0.0
22.5, 3.5, 251.7845799016354, 0.9998768540179878, 993.9356603285162, 706.3690286911593, 0.7106788264923404, 0.0
22.5, 4.5, 251.77246606644923, 0.9998766197764225, 985.4115381532594, 696.7156470781342, 0.7070301291416128, 0.0
22.5, 5.5, 251.75736055873037, 0.9998763845233656, 988.3051635088628, 708.6752955758371, 0.7170612091712318, 0.0
22.5, 6.5, 251.73926298136445, 0.9998761482586009, 985.2507944453506, 726.8845010342853, 0.7377659628719069, 0.0
22.5, 7.5, 251.71817285848724, 0.9998759109819119, 993.0273673617693, 694.2028796233622, 0.699077288743501, 0.0
22.5, 8.5, 251.69408963542338, 0.9998756726930806, 997.9751169391614, 690.9821462316189, 0.6923841431546861, 0.0
22.5, 9.5, 251.66701267861458, 0.9998754333918886, 967.0679562944576, 657.499405429648, 0.6798895580709836, 0.0
22.5, 10.5, 251.6369412755382, 0.999875193078116, 984.377376301161, 714.8051285034092, 0.7261494887147033, 0.0
22.5, 11.5, 251.60387463461493, 0.9998749517515422, 988.9483624235427, 695.9577431969792, 0.7037351692371956, 0.0
22.5, 12.5, 251.56781188510686, 0.9998747094119458, 988.2659739329832, 701.1391301481765, 0.709463999208499, 0.0
22.5, 13.5, 251.52875207700478, 0.9998744660591041, 980.492337360315, 710.8360036103431, 0.7249786423870057, 0.0
22.5, 14.5, 251.48669418090543, 0.9998742216927938, 999.3261429608116, 723.7159065114171, 0.7242039164183034, 0.0
22.5, 15.5, 251.44163708787815, 0.9998739763127904, 989.7408469108574, 707.8846170058251, 0.7152221909555905, 0.0
22.5, 16.5, 251.3935796093214, 0.9998737299188686, 995.3810385179266, 686.3089445299415, 0.6894936893230574, 0.0
22.5, 17.5, 251.3425204768087, 0.9998734825108018, 992.7450952189431, 691.9216752228546, 0.6969781855938114, 0.0
22.5, 18.5, 251.288458341924, 0.9998732340883629, 983.3269982661237, 656.4452793123701, 0.6675757713048293, 0.0
22.5, 19.5, 251.2313917760868, 0.9999927752839171, 978.6293000040125, 576.1030908350673, 0.588683673003358, 0.0
22.5, 20.5, 251.17131927036618, 0.999872734199455, 971.9474474036956, 564.1859557214842, 0.5804696099861778, 0.0
22.5, 21.5, 251.10497992509303, 0.9998724827325264, 1085.0728179402877, 635.1575235813192, 0.5853593538422528, 0.0
22.5, 22.5, 251.0353755044479, 0.999872230250307, 989.5917930207659, 602.3847472523491, 0.6087204355379173, 0.0
22.5, 23.5, 250.96597412446067, 0.9998719767525646, 966.2600624293314, 529.5448362037331, 0.5480355204502328, 0.0, (-898.1564769831826, 515.8331117809022, 3490.0), (-44.39999999999999, 25.500000000001002, 263.7716754038359)
22.5, 24.5, 250.89355977356144, 0.7870184727632901, 990.9204710843188, 529.8776889008141, 0.5347328109197231, 0.0, (-898.2156964629735, 517.8901312939871, 3490.0); (-639.0730222177428, 2796.005050674166, -3500.0), (-44.39999999999999, 25.600000000001003, 263.7642307207392)
22.5, 25.5, 250.81813052975073, 0.9998714667095776, 980.1363387624197, 551.573737471623, 0.5627520536255944, 0.0
22.5, 26.5, 250.7396843893135, 0.999871210163864, 983.7637326647979, 554.3795442607797, 0.5635291542605341, 0.0
22.5, 27.5, 250.65821926655622, 0.9998709526016896, 984.8087625334672, 458.52936968567593, 0.46560244702340725, 0.0
22.5, 28.5, 250.57373299353327, 0.9999910152872743, 980.1036500348771, 499.30475246863716, 0.5094407641996531, 0.0
22.5, 29.5, 250.48622331976193, 0.9998704344270093, 971.600876260173, 488.48588805622273, 0.502763943499591, 0.0
22.5, 30.5, 250.39568791192593, 0.9998701738140267, 980.0891236941576, 468.9578050749113, 0.47848485789467066, 0.0
22.5, 31.5, 250.30212435356785, 0.9998699121836297, 984.4795634047493, 515.0597223031482, 0.5231796996596378, 0.0
22.5, 32.5, 250.20553014476982, 0.9998696495355778, 990.3434602498419, 485.34662704804936, 0.4900790953126576, 0.0
22.5, 33.5, 250.10590270182283, 0.999869385869629, 971.0647172479935, 506.15892316499026, 0.5212411842121598, 0.0
22.5, 34.5, 250.00323935688397, 0.9998691211855407, 972.7641202671633, 472.44178907469643, 0.48566942307138483, 0.0
22.5, 35.5, 249.89753735762238, 0.9998688554830693, 963.472726877873, 489.3165638065087, 0.5078675816721204, 0.0
22.5, 36.5, 249.7887938668529, 0.99986858876197, 977.9883307507363, 495.5291946004544, 0.5066821137017757, 0.0
22.5, 37.5, 249.677005962158, 0.9998683210219975, 989.9111499725509, 474.7772662591322, 0.4796160405631326, 0.0
22.5, 38.5, 249.56217063549718, 0.999868052262905, 988.0849221678131, 434.4246127632721, 0.4396632344213535, 0.0
22.5, 39.5, 249.44428479280438, 0.9998677824844451, 995.1601641495489, 45.9958752399887, 0.04621957037367566, 0.0
22.5, 40.5, 249.32334525357325, 0.9998675116863692, 981.093734263671, 0.0, 0.0, 0.0
22.5, 41.5, 249.19934875042915, 0.999867239868428, 980.4963613459324, 0.0, 0.0, 0.0
22.5, 42.5, 249.06583188350527, 0.9998669670303709, 1085.570142171464, 0.0, 0.0, 0.0
22.5, 43.5, 248.92899064561072, 0.9998666931719465, 977.3783297280501, 0.0, 0.0, 0.0
22.5, 44.5, 248.79549584435142, 0.9998664182929027, 995.4849632894659, 0.0, 0.0, 0.0
22.5, 45.5, 248.6796759476264, 0.9998661423929858, 697.7510224696136, 0.0, 0.0, 0.0
23.5, -44.5, 248.73917170205246, 0.9998658654719416, 793.8345035633924, 0.0, 0.0, 0.0
23.5, -43.5, 248.85915755561126, 0.8975082581592134, 986.3828870934085, 0.0, 0.0, 0.0, (-701.0120434653678, -1507.4416543929378, 3500.0)
23.5, -42.5, 248.99602699750474, 0.9998653085654491, 1082.162836557796, 0.0, 0.0, 0.0
23.5, -41.5, 249.12957136229994, 0.9998650285794873, 985.5215946649832, 0.0, 0.0, 0.0
23.5, -40.5, 249.25359338362225, 0.9998647475713712, 965.8740686125432, 0.0, 0.0, 0.0
23.5, -39.5, 249.37455779448374, 0.9998644655408416, 996.234124190363, 0.9998970026385643, 0.0010036767245361908, 0.0
23.5, -38.5, 249.49246786425226, 0.9998641824876383, 973.6348890860395, 187.59613325642047, 0.1926760589203195, 0.0
23.5, -37.5, 249.60732677537234, 0.9998638984115001, 991.6835468443369, 457.46211937507945, 0.4612984866299154, 0.0
23.5, -36.5, 249.71913762379336, 0.999863613312165, 989.6600561807153, 472.3985303019328, 0.47733413847680967, 0.0
23.5, -35.5, 249.82790341938497, 0.9998633271893698, 987.2760973291686, 477.5014885708804, 0.483655473745027, 0.0
23.5, -34.5, 249.93362708633998, 0.9998630400428503, 992.9267756158142, 480.2756071623737, 0.48369690389757725, 0.0
23.5, -33.5, 250.0363114635654, 0.9998627518723417, 991.5880793599313, 499.4472334191154, 0.5036841848093897, 0.0
23.5, -32.5, 250.13595930506068, 0.9998624626775777, 987.332203213601, 486.59102300690984, 0.4928341458154991, 0.0
23.5, -31.5, 250.23257328028464, 0.9998621724582915, 981.4403905031232, 469.1893972541461, 0.47806204207024944, 0.0, (-900.4416767726821, 590.1543422091441, 3490.0), (-44.39999999999999, 29.100000000001053, 263.4851935974841)
23.5, -30.5, 250.32615597450996, 0.9998618812142149, 982.4831599991686, 478.942575411406, 0.4874817146095525, 0.0
23.5, -29.5, 250.41670988916604, 0.999861588945079, 987.4623971159655, 477.6435953814595, 0.4837081359011649, 0.0
23.5, -28.5, 250.50423744217014, 0.9998612956506139, 994.35968672929, 515.3695649550666, 0.5182928992729505, 0.0
23.5, -27.5, 250.5887409682469, 0.9998610013305484, 984.9443979654831, 555.2047545583059, 0.5636914689856054, 0.0
23.5, -26.5, 250.6702227192365, 0.9998607059846109, 982.3584052459236, 532.9251430238239, 0.5424956311036108, 0.0
23.5, -25.5, 250.74868486439115, 0.9998604096125282, 986.5092692170215, 548.4116230371019, 0.5559112723516206, 0.0
23.5, -24.5, 250.8241294906603, 0.9998601122140265, 953.1799265619431, 551.1946277251429, 0.5782692358128706, 0.0
23.5, -23.5, 250.8965586029651, 0.9998598137888308, 990.9536543308375, 574.5732553687673, 0.5798184938898682, 0.0
23.5, -22.5, 250.96597412446073, 0.9998595143366654, 969.89693149818, 568.4541860532121, 0.5860975198417552, 0.0
23.5, -21.5, 251.03559272233045, 0.9998592138572533, 1079.2906209648622, 628.7079268467968, 0.5825195870642753, 0.0
23.5, -20.5, 251.10194557464197, 0.9998589123503167, 998.9905127469586, 589.2022725914973, 0.5897976658170131, 0.0
23.5, -19.5, 251.16203030699995, 0.9998586098155767, 977.4852171585997, 552.1839776942708, 0.5649026379134258, 0.0
23.5, -18.5, 251.2191084837993, 0.9998583062527535, 999.6932277810711, 596.8159518873996, 0.5969990946243561, 0.0
23.5, -17.5, 251.27318161487554, 0.9998580016615662, 978.1239608137904, 655.7819795731536, 0.6704487425372433, 0.0
23.5, -16.5, 251.3242511296654, 0.9998576960417331, 981.7341819032795, 692.0827318844558, 0.704959391902522, 0.0
23.5, -15.5, 251.3723183773926, 0.9998573893929714, 986.292584746266, 684.501357549111, 0.6940145025273673, 0.0
23.5, -14.5, 251.41738462724294, 0.9998570817149972, 987.1405989654228, 712.7837185833484, 0.7220690946460764, 0.0
23.5, -13.5, 251.45945106852935, 0.9998567730075258, 999.9642218160714, 711.9745161337304, 0.711999990200337, 0.0
23.5, -12.5, 251.4985188108457, 0.9998564632702713, 980.4478371621743, 685.4378366785032, 0.6991068884015765, 0.0
23.5, -11.5, 251.53458888421096, 0.999856152502947, 984.3241582043614, 700.2121168797635, 0.7113633359940235, 0.0
23.5, -10.5, 251.56766223920215, 0.9998558407052652, 970.8754171035442, 687.7313992574936, 0.7083621514583542, 0.0
23.5, -9.5, 251.59773974707758, 0.999855527876937, 991.1961156098032, 682.3542083115899, 0.6884149338012612, 0.0
23.5, -8.5, 251.6248221998893, 0.9998552140176727, 976.0256992144143, 706.8471872067702, 0.7242096061360873, 0.0
23.5, -7.5, 251.64891031058568, 0.9998548991271815, 973.1980779205003, 684.978732299206, 0.7038430796769014, 0.0
23.5, -6.5, 251.67000471310314, 0.9998545832051717, 978.3391528506725, 679.67892540745, 0.6947273074240258, 0.0
23.5, -5.5, 251.6881059624483, 0.9998542662513505, 987.1197544713109, 726.9828160916192, 0.7364687139515126, 0.0
23.5, -4.5, 251.7032145347694, 0.9998539482654242, 979.1133951948441, 697.1630029676435, 0.7120349965479817, 0.0
23.5, -3.5, 251.71533082741772, 0.999853629247098, 987.7372989147173, 687.2950321719003, 0.6958277599996174, 0.0
23.5, -2.5, 251.72445515899884, 0.9998533091960762, 997.8745383640667, 710.3020374621378, 0.7118149728788749, 0.0
23.5, -1.5, 251.73058776941377, 0.9998529881120619, 986.4991875228396, 712.9897872272528, 0.7227474652235794, 0.0
23.5, -0.5, 251.7337288198897, 0.9998526659947575, 976.0531898805771, 695.1855246635668, 0.7122414350683335, 0.0
23.5, 0.5, 251.73378117043947, 0.9998523428438642, 1084.256763582263, 773.7596520988113, 0.7136313815026581, 0.0
23.5, 1.5, 251.73058776941372, 0.9998520186590822, 947.7330612767616, 673.0778054113828, 0.710197663152776, 0.0
23.5, 2.5, 251.72445515899884, 0.9998516934401108, 999.8467315649453, 705.8799555537105, 0.705988161254353, 0.0
23.5, 3.5, 251.71533082741772, 0.9998513671866482, 987.0539069679195, 686.5750618081468, 0.6955801065791853, 0.0
23.5, 4.5, 251.7032145347694, 0.9998510398983916, 975.182239536976, 662.9406536101204, 0.6798120666398618, 0.0
23.5, 5.5, 251.6881059624483, 0.9998507115750374, 988.5490566967075, 713.5649898107447, 0.7218306314460129, 0.0
23.5, 6.5, 251.6700047131031, 0.9998503822162805, 967.5781927742238, 688.4452974044325, 0.7115138626993378, 0.0
23.5, 7.5, 251.64891031058562, 0.9998500518218154, 978.8627373360827, 702.3324748361684, 0.7174984275604616, 0.0
23.5, 8.5, 251.62482219988928, 0.9998497203913351, 999.9698592249744, 726.9780444372966, 0.7269999567794375, 0.0
23.5, 9.5, 251.60593657442413, 0.9998493879245319, 990.3181412032125, 723.2120990241191, 0.7302825919612398, 0.0
23.5, 10.5, 251.56766223920212, 0.9998490544210971, 979.8186073715017, 706.9022945580083, 0.7214624107357698, 0.0
23.5, 11.5, 251.5345888842109, 0.9999219686839821, 984.8162917558498, 702.8323056332987, 0.7136684389940423, 0.0
23.5, 12.5, 251.49851881084567, 0.9998483843030916, 995.3842062329381, 708.8920877904925, 0.7121793608453124, 0.0
23.5, 13.5, 251.45945106852926, 0.9998480476878986, 976.8203106037049, 687.5790793668292, 0.7038951503187769, 0.0
23.5, 14.5, 251.4173846272429, 0.9998477100348283, 994.0104158389674, 682.2385933158398, 0.6863495416594955, 0.0
23.5, 15.5, 251.3723183773925, 0.9998473713435672, 983.4907924410908, 691.7917370399574, 0.7034043860470554, 0.0
23.5, 16.5, 251.32425112966536, 0.9998470316138001, 964.632004577603, 669.6978024995977, 0.6942521078728336, 0.0
23.5, 17.5, 251.27318161487545, 0.9998466908452112, 981.8230638297895, 646.4531736655852, 0.6584212547869576, 0.0
23.5, 18.5, 251.2191084837992, 0.9998463490374837, 964.087219386003, 586.487694719406, 0.6083346847943091, 0.0
23.5, 19.5, 251.16203030699987, 0.9998460061902995, 980.1276809135445, 604.5950130753102, 0.6168533190612342, 0.0
23.5, 20.5, 251.10194557464192, 0.9998456623033398, 986.877176637207, 591.7611685671417, 0.5996300072351185, 0.0
23.5, 21.5, 251.0355927223304, 0.9998453173762847, 1092.4162612034527, 647.2031073654817, 0.5924510009147017, 0.0
23.5, 22.5, 250.96597412446067, 0.9998449714088129, 985.2309487261274, 569.5255152492067, 0.578062956696179, 0.0
23.5, 23.5, 250.89655860296497, 0.9998446244006027, 991.6611214370538, 551.224223604594, 0.5558594682080448, 0.0
23.5, 24.5, 250.82412949066023, 0.999844276351331, 980.0590031209875, 557.0239090810122, 0.568357524707365, 0.0
23.5, 25.5, 250.74868486439104, 0.9998439272606736, 982.3827095430331, 543.5219349084509, 0.5532690362203917, 0.0
23.5, 26.5, 250.67022271923642, 0.9998435771283056, 983.2395675659795, 530.8019391205692, 0.5398500595684684, 0.0
23.5, 27.5, 250.5887409682468, 0.999843225953901, 967.2552856420737, 504.7560889692754, 0.5218437122669362, 0.0
23.5, 28.5, 250.50423744217002, 0.9998428737371325, 998.2878684829433, 547.4760797172671, 0.5484150383889207, 0.0, (-904.9637719849677, 715.4105494746264, 3490.0), (-44.39999999999999, 35.10000000000114, 262.923077976524)
23.5, 29.5, 250.4167098891659, 0.06629898193386119, 986.3479530024991, 497.3286127966613, 0.504212140637353, 0.0, (3500.0, 316.59228039260074, -126.75004605706233)
23.5, 30.5, 250.32615597450985, 0.9998421661751905, 977.0977417065676, 465.4837355713885, 0.4763942394937783, 0.0
23.5, 31.5, 250.23257328028453, 0.9998418108293576, 974.9027335776685, 503.9345274889028, 0.5169074925450041, 0.0
23.5, 32.5, 250.13595930506054, 0.9998414544398423, 992.8357729845316, 484.3625561629098, 0.48785767932886137, 0.0
23.5, 33.5, 250.03631146356526, 0.9998410970063122, 979.7772260263569, 478.9920082818172, 0.48887848743376683, 0.0
23.5, 34.5, 249.93362708633987, 0.9998407385284341, 983.6149489897541, 486.4416242161648, 0.49454476542449527, 0.0
23.5, 35.5, 249.82790341938482, 0.9998403790058737, 977.0057525501301, 487.9361279272651, 0.4994199129879014, 0.0
23.5, 36.5, 249.71913762379322, 0.07183132328008468, 989.287827475925, 462.70982176599927, 0.46772012038858285, 0.0, (3500.0, 2724.4449059239514, -212.9134743519849)
23.5, 37.5, 249.6073267753722, 0.9998396568253639, 960.240546220193, 450.15072351308396, 0.4687895395430009, 0.0
23.5, 38.5, 249.4924678642521, 0.9998392941667408, 983.9138112289867, 204.86166036637613, 0.20821098151929346, 0.0
23.5, 39.5, 249.3745577944836, 0.9998389304620878, 989.3019297575671, 5.999480880361781, 0.00606435780614719, 0.0
23.5, 40.5, 249.2535933836221, 0.9998385657110658, 970.6663557081454, 0.9257307186318436, 0.0009537064030168027, 0.0
23.5, 41.5, 249.1295713622998, 0.999838199913334, 969.564728557528, 0.9462810983737312, 0.0009759854814248069, 0.0
23.5, 42.5, 248.99602699750457, 0.9998378330685512, 1080.2449682994745, 0.0, 0.0, 0.0, (-906.150167603638, 744.9207458904019, 3490.0), (-44.39999999999999, 36.50000000000116, 262.7766480943933)
23.5, 43.5, 248.85915755561112, 0.9998374651763746, 985.1978656277104, 0.0, 0.0, 0.0
23.5, 44.5, 248.7256352186052, 0.9998370962364609, 985.2298227704667, 0.0, 0.0, 0.0
23.5, 45.5, 248.60979141531644, 0.9998367262484652, 683.3792786919504, 0.0, 0.0, 0.0
24.5, -44.5, 248.6662808877392, 0.999836355212042, 792.2779708862847, 0.9533404709486056, 0.0012032903929944535, 0.0
24.5, -43.5, 248.7862925689929, 0.9998359831268446, 980.2812147586238, 0.0, 0.0, 0.0
24.5, -42.5, 248.9231914514179, 0.9998356099925253, 1083.3098691407451, 0.0, 0.0, 0.0
24.5, -41.5, 249.05676451964553, 0.9620654160042024, 985.1874179544996, 0.0, 0.0, 0.0, (-754.6633225658372, 683.014481042257, 3500.0)
24.5, -40.5, 249.1808131779015, 0.9998348605751247, 982.8805727840382, 0.7728574062934235, 0.0007863187326047986, 0.0
24.5, -39.5, 249.30180355079227, 0.9998344842913428, 989.9982052233329, 0.0, 0.0, 0.0
24.5, -38.5, 249.41973890976703, 0.9998341069570377, 969.2398507898217, 7.999195141066012, 0.008253060513914657, 0.0
24.5, -37.5, 249.53462243929425, 0.9998337285718564, 988.3329082704274, 371.0472955752022, 0.3754274419785649, 0.0
24.5, -36.5, 249.64645723729012, 0.999833349135445, 973.1896634452845, 498.37024484179085, 0.5120998131828295, 0.0
24.5, -35.5, 249.75524631553432, 0.9998329686474483, 987.5396054630455, 479.00819762091044, 0.48505213863935026, 0.0
24.5, -34.5, 249.8609926000736, 0.9998325871075106, 974.8351195554321, 503.3032748114069, 0.5162957968122193, 0.0
24.5, -33.5, 249.96369893161278, 0.9998322045152743, 982.5716285090093, 482.25701459301297, 0.4908110519380736, 0.0, (-907.4775214467829, 776.6699507878114, 3490.0), (-44.39999999999999, 38.00000000000118, 262.6133305883919)
24.5, -32.5, 250.06336806589402, 0.9998318208703817, 972.3210828087252, 492.7552757828155, 0.5067824656844865, 0.0
24.5, -31.5, 250.16000267406355, 0.9998314361724733, 993.1472401588061, 498.27436608157103, 0.5017124812247337, 0.0
24.5, -30.5, 250.25360534302683, 0.9998310504211889, 962.5136521403301, 466.35656000025125, 0.4845194236603499, 0.0
24.5, -29.5, 250.34417857579166, 0.9998306636161673, 987.7756765031343, 500.81133438030145, 0.5070091785953309, 0.0
24.5, -28.5, 250.43172479179975, 0.9998302757570461, 973.5942259988901, 487.47455216584456, 0.5006958126376566, 0.0
24.5, -27.5, 250.5162463272466, 0.9998298868434619, 984.2235395340149, 557.2094273305142, 0.5661411304939197, 0.0
24.5, -26.5, 250.5977454353897, 0.9998294968750502, 988.7637769280533, 542.9220545519826, 0.5490917721912945, 0.0
24.5, -25.5, 250.67622428684572, 0.9998291058514455, 995.2080988660441, 576.9098264446226, 0.5796876322670231, 0.0
24.5, -24.5, 250.75168496987587, 0.9998287137722811, 986.6787334757388, 557.457776438355, 0.5649840799493245, 0.0
24.5, -23.5, 250.8241294906603, 0.9998283206371897, 993.2299767306145, 579.6103118077922, 0.5835610335842644, 0.0
24.5, -22.5, 250.89355977356155, 0.9998279264458024, 981.5381489190094, 574.9997148207786, 0.5858149430605821, 0.0
24.5, -21.5, 250.96319317011506, 0.9998275311977495, 1089.3493007433653, 631.7698146325184, 0.5799515492426557, 0.0
24.5, -20.5, 251.02956012154326, 0.9998271348926603, 994.9173491514429, 592.9573560153462, 0.5959865475469645, 0.0
24.5, -19.5, 251.08965761648804, 0.9998267375301628, 983.4271536676927, 597.1609045786082, 0.6072243402589566, 0.0
24.5, -18.5, 251.14674791320869, 0.9998263391098842, 990.8584608574591, 616.3333185091992, 0.6220195344306217, 0.0
24.5, -17.5, 251.20083252248548, 0.9998259396314505, 989.8204045580704, 620.3903534195199, 0.6267706248150222, 0.0
24.5, -16.5, 251.25191287464912, 0.9998255390944867, 990.7022484659664, 636.2502119971746, 0.6422214272576486, 0.0, (-909.052942482611, 812.824365237855, 3490.0), (-44.39999999999999, 39.700000000001204, 262.42018648524964)
24.5, -15.5, 251.29999031976666, 0.9998251374986167, 986.7284683348872, 689.1342959692972, 0.6984031758323719, 0.0
24.5, -14.5, 251.34506612781703, 0.9998247348434632, 996.4974305180359, 726.1475095282431, 0.7286998313189331, 0.0
24.5, -13.5, 251.3871414888558, 0.9998243311286483, 974.1982603160917, 696.4970508516222, 0.7149438458508789, 0.0
24.5, -12.5, 251.4262175131697, 0.9998239263537925, 996.8171336231431, 689.1461198572281, 0.6913465836530923, 0.0
24.5, -11.5, 251.4622952314203, 0.9998235205185155, 994.444738848178, 719.1105319120552, 0.7231276951044757, 0.0
24.5, -10.5, 251.49537559477778, 0.9998231136224359, 982.5432616990656, 703.361641367412, 0.7158581904588323, 0.0
24.5, -9.5, 251.52545947504376, 0.9998227056651712, 978.9459170846358, 696.5060960554935, 0.7114857765888984, 0.0
24.5, -8.5, 251.55254766476412, 0.9998222966463378, 973.6245942314218, 720.9766775314177, 0.7405078731608623, 0.0
24.5, -7.5, 251.57664087733156, 0.9998218865655512, 968.207550776909, 714.1330579005988, 0.7375826157599827, 0.0
24.5, -6.5, 251.59773974707753, 0.9998214754224256, 963.0837148011454, 695.0287473833125, 0.7216701276345638, 0.0
24.5, -5.5, 251.6158448293545, 0.9998210632165743, 989.4166987564648, 681.6959718796696, 0.6889877366497352, 0.0
24.5, -4.5, 251.63095660060725, 0.9998206499476094, 983.7093650100965, 696.4325337199261, 0.7079657452613336, 0.0
24.5, -3.5, 251.6430754584345, 0.9998202356151422, 999.9701569423091, 728.9782522049502, 0.7290000077942395, 0.0, (-910.3092167959996, 840.6008533476827, 3490.0), (-44.39999999999999, 41.00000000000122, 262.2667076224176)
24.5, -2.5, 251.6522017216403, 0.9998198202187826, 977.5351083122515, 727.0700424466223, 0.7437789561358407, 0.0
24.5, -1.5, 251.658335630275, 0.9998194037581395, 983.8850758063649, 687.6217242622132, 0.6988841900042619, 0.0
24.5, -0.5, 251.66147734566624, 0.9998189862328207, 980.8533619681443, 692.4147991038313, 0.7059310045228955, 0.0
24.5, 0.5, 251.66152970729772, 0.9998185676424332, 1086.3201870030416, 797.8151142219401, 0.7344198549996257, 0.0
24.5, 1.5, 251.658335630275, 0.9998181479865826, 988.9466987759369, 696.8857692973454, 0.7046747515916801, 0.0
24.5, 2.5, 251.6522017216403, 0.9998177272648736, 978.9227401953984, 734.7935442757231, 0.7506144398372585, 0.0
24.5, 3.5, 251.64307545843448, 0.9998173054769097, 988.2645293049358, 719.0394098105419, 0.7275778786842175, 0.0
24.5, 4.5, 251.6309566006072, 0.9998168826222934, 985.8054436124419, 703.2214752437893, 0.7133471211792707, 0.0
24.5, 5.5, 251.6158448293545, 0.9998164587006261, 989.3133726043799, 677.9323093362643, 0.685255378234299, 0.0
24.5, 6.5, 251.59773974707753, 0.9998160337115082, 996.3678122890348, 695.5655726692642, 0.6981012072954126, 0.0
24.5, 7.5, 251.57664087733153, 0.9998156076545387, 974.2603059797166, 712.8741804124896, 0.7317081236267992, 0.0
24.5, 8.5, 251.5525476647641, 0.9998151805293161, 985.4098460768162, 709.6528205053801, 0.7201600667282759, 0.0
24.5, 9.5, 251.52545947504376, 0.999814752335437, 977.6115539916705, 699.7963330556283, 0.715822486138079, 0.0
24.5, 10.5, 251.49537559477776, 0.9998143230724978, 982.0004990266657, 722.4524288511662, 0.7356945638696141, 0.0
24.5, 11.5, 251.46229523142028, 0.9998138927400934, 986.015161293861, 665.116246678969, 0.674549715651629, 0.0
24.5, 12.5, 251.42621751316966, 0.9998134613378172, 986.4683907517742, 689.0576094857119, 0.6985095680162547, 0.0
24.5, 13.5, 251.38714148885578, 0.9998130288652622, 987.3980856273372, 710.7555847425884, 0.7198267801896885, 0.0
24.5, 14.5, 251.34506612781698, 0.99981259532202, 976.3026642278181, 672.4502306626289, 0.6887722991051001, 0.0
24.5, 15.5, 251.2999903197666, 0.9998121607076812, 982.2588657158091, 681.2370716500249, 0.6935412806415158, 0.0
24.5, 16.5, 251.25191287464907, 0.9998117250218351, 988.8586239841899, 636.0746628832528, 0.6432412555805577, 0.0
24.5, 17.5, 251.2008325224854, 0.9998112882640701, 981.9835110632799, 585.7456589688643, 0.5964923569181176, 0.0
24.5, 18.5, 251.1467479132086, 0.9998108504339734, 970.0657933706483, 609.8688747590494, 0.6286881559239016, 0.0
24.5, 19.5, 251.08965761648795, 0.9998104115311313, 997.1926847452568, 612.0390349261202, 0.6137620585157741, 0.0
24.5, 20.5, 251.02956012154317, 0.9998099715551287, 988.7425105850818, 575.7494426560992, 0.5823047320129922, 0.0
24.5, 21.5, 250.96319317011498, 0.9998095305055497, 1086.211631774697, 655.4126050048976, 0.6033931011529103, 0.0, (-912.8524958487036, 894.3487290409857, 3490.0), (-44.39999999999999, 43.50000000000126, 261.957448509754)
24.5, 22.5, 250.89355977356144, 0.999809088381977, 985.8877735936509, 594.8050053884888, 0.6033191822841765, 0.0
24.5, 23.5, 250.82412949066023, 0.9998086451839926, 991.298790916878, 555.7813987838847, 0.5606598170767746, 0.0
24.5, 24.5, 250.75168496987575, 0.9998082009111771, 996.7449480078259, 559.6884868755263, 0.561516251468507, 0.0
24.5, 25.5, 250.6762242868456, 0.9998077555631099, 976.3202906347324, 544.3206622824074, 0.557522636273932, 0.0
24.5, 26.5, 250.59774543538958, 0.9998073091393695, 977.9222011787687, 543.3412738789605, 0.5556078727162829, 0.12649110640673517
24.5, 27.5, 250.51624632724648, 0.9998068616395334, 981.943128659741, 589.1326774679354, 0.5999661897650279, 0.15491933384829668
24.5, 28.5, 250.43172479179964, 0.9998064130631779, 998.32760779339, 505.1633967454268, 0.5060096433294003, 0.15811388300841897, (-913.5950142118404, 909.4797213550567, 3490.0), (-44.39999999999999, 44.20000000000127, 261.8675241633023)
24.5, 29.5, 250.34417857579152, 0.9998059634098779, 982.2552515015153, 459.9123473710096, 0.4682208078480302, 0.14491376746189438
24.5, 30.5, 250.25360534302672, 0.9998055126792076, 968.3937530367654, 501.244866241114, 0.5176043986955419, 0.15811388300841897
24.5, 31.5, 250.16000267406343, 0.9998050608707401, 968.8771956856912, 488.23868087401786, 0.5039221513810973, 0.14491376746189438
24.5, 32.5, 250.06336806589388, 0.9998046079840468, 959.8527857319231, 483.1868230049137, 0.5033968022882447, 0.15811388300841897
24.5, 33.5, 249.96369893161267, 0.9998041540186989, 981.3306048318826, 492.699552489887, 0.5020729508118156, 0.15811388300841897
24.5, 34.5, 249.86099260007344, 0.9998036989742657, 977.5288357654047, 491.2612780133251, 0.5025542572651248, 0.15811388300841897
24.5, 35.5, 249.7552463155342, 0.9998032428503159, 999.908769306982, 498.9544686700243, 0.4989999927851821, 0.14491376746189438
24.5, 36.5, 249.64645723728998, 0.9998027856464167, 989.2911380992557, 463.17679161124175, 0.46819057987434554, 0.15811388300841897
24.5, 37.5, 249.53968357967335, 0.9998023273621345, 976.7607281184698, 350.0148985658331, 0.3583425177628357, 0.15811388300841897
24.5, 38.5, 249.4197389097669, 0.9998018679970343, 987.1069258257764, 11.998782536119117, 0.012155504355398366, 0.15811388300841897
24.5, 39.5, 249.30180355079213, 0.9998014075506804, 999.1448427902812, 0.0, 0.0, 0.14491376746189438
24.5, 40.5, 249.18081317790137, 0.9998009460226356, 998.8414790635956, 0.0, 0.0, 0.14491376746189438
24.5, 41.5, 249.05676451964536, 0.9998004834124616, 959.1339691178663, 0.0, 0.0, 0.15811388300841897
24.5, 42.5, 248.92319145141772, 0.9998000197197192, 1084.107997202899, 0.0, 0.0, 0.15811388300841897
24.5, 43.5, 248.78629256899274, 0.999799554943968, 992.799987861073, 1.8929247778429825, 0.0019066527004308023, 0.15811388300841897
24.5, 44.5, 248.65274148899186, 0.9997990890847664, 997.7498208208292, 0.7876004380760435, 0.0007893766770392403, 0.1264911064067352
24.5, 45.5, 248.53687273099453, 0.9997986221416718, 675.9921153038905, 0.0, 0.0, 0.15491933384829668
25.5, -44.5, 248.59035513247017, 0.999803236747898, 790.6084142041365, 0.0, 0.0, 0.14491376746189438
25.5, -43.5, 248.7103937282662, 0.9998036938896177, 980.305849228636, 0.0, 0.0, 0.15811388300841897
25.5, -42.5, 248.8473232900868, 0.9998041499515392, 1088.526409286757, 0.9045551226091522, 0.0008309905160701158, 0.15491933384829668
25.5, -41.5, 248.9809262695793, 0.9998046049340952, 996.057917974081, 0.0, 0.0, 0.14491376746189438
25.5, -40.5, 249.10500268563078, 0.9998050588377169, 978.5803441465777, 0.0, 0.0, 0.14491376746189438
25.5, -39.5, 249.22602011300117, 0.9998055116628347, 997.3957232787378, 0.0, 0.0, 0.1264911064067352
25.5, -38.5, 249.34398182530967, 0.9998059634098779, 986.6456253892399, 0.9998975082277365, 0.0010134312487660082, 0.1264911064067352
25.5, -37.5, 249.4588910091347, 0.9998064140792744, 968.9363533350851, 82.99178021455839, 0.0856524579028335, 0.15491933384829668
25.5, -36.5, 249.5707507644429, 0.9998068636714512, 973.9631532505099, 441.9253412431258, 0.4537392813765508, 0.15491933384829668
25.5, -35.5, 249.6795641050052, 0.9998073121868344, 989.516453513958, 522.0886851198304, 0.527620014064239, 0.15491933384829668
25.5, -34.5, 249.78533395880098, 0.9998077596258484, 989.4339041112056, 495.1069439916423, 0.500394156632817, 0.15491933384829668
25.5, -33.5, 249.88806316840962, 0.9998082059889171, 988.0125279662141, 498.6587007519492, 0.5047088843887628, 0.0
25.5, -32.5, 249.98775449138972, 0.9998086512764629, 986.0384564554364, 467.91067984323433, 0.47453593394851673, 0.0
25.5, -31.5, 250.08441060064683, 0.9998090954889074, 981.739438578919, 476.708046032878, 0.48557491662239755, 0.0
25.5, -30.5, 250.1780340847886, 0.9998095386266709, 985.9000204634162, 493.45550530272334, 0.5005127244756294, 0.0
25.5, -29.5, 250.26862744846832, 0.9998099806901726, 984.5543953308427, 476.6415894851159, 0.48411910174343253, 0.0, (-910.6896077967398, -894.2437458049247, 3489.9999999999995), (-44.29999999999999, -43.49999999999998, 261.9704393670284)
25.5, -28.5, 250.35619311271697, 0.9998104216798306, 993.469561049267, 493.38126336211354, 0.49662443894206676, 0.0
25.5, -27.5, 250.4407334152633, 0.999810861596062, 989.1481981670947, 503.0869890366561, 0.5086062836376625, 0.0
25.5, -26.5, 250.5222506108426, 0.9998113004392829, 979.993568932048, 579.7491485126636, 0.5915846459527766, 0.0
25.5, -25.5, 250.60074687149387, 0.9998117382099079, 993.5324926933789, 570.7556745519634, 0.5744710703971997, 0.0
25.5, -24.5, 250.67622428684572, 0.9998121749083508, 972.7895276856826, 561.2120046349654, 0.5769099981679677, 0.0
25.5, -23.5, 250.74868486439115, 0.9998126105350245, 983.0005419485816, 561.7971870499111, 0.5715125913728106, 0.0
25.5, -22.5, 250.81813052975085, 0.9998130450903403, 993.0476705370872, 576.8985113001233, 0.5809373793587465, 0.0
25.5, -21.5, 250.88777934760577, 0.9998134785747087, 1081.4545669298013, 641.1203048942207, 0.5928314739234317, 0.0
25.5, -20.5, 250.95416099133217, 0.9998139109885393, 991.8409788882344, 623.8243667543996, 0.6289560323003102, 0.0
25.5, -19.5, 251.01427178581147, 0.9998143423322402, 970.5168188778573, 599.9632533435753, 0.6181894447097497, 0.0
25.5, -18.5, 251.07137471236027, 0.9998147726062185, 974.5895945101787, 599.2232278678042, 0.6148467326587549, 0.0
25.5, -17.5, 251.12547128274383, 0.9998152018108807, 968.9650472876334, 588.22561720884, 0.6070658780266897, 0.0
25.5, -16.5, 251.1765629282247, 0.9998156299466314, 990.6924005363148, 631.7613704660765, 0.6376967968302475, 0.0
25.5, -15.5, 251.2246509997492, 0.9998160570138749, 971.5615766216683, 623.1512513261648, 0.6413914118475103, 0.0
25.5, -14.5, 251.26973676812304, 0.9998164830130137, 986.032733957303, 669.9150433739809, 0.6794044663054659, 0.0
25.5, -13.5, 251.31182142417606, 0.9998169079444499, 985.4001524312345, 708.8960470726869, 0.7193991652260849, 0.0
25.5, -12.5, 251.35090607891715, 0.9998173318085839, 959.0750844276818, 668.9290014950917, 0.6974730262065647, 0.0
25.5, -11.5, 251.38699176367805, 0.9998177546058155, 999.9621951137474, 706.9733152127558, 0.7070000432689721, 0.0
25.5, -10.5, 251.42007943024706, 0.999818176336543, 973.9267500464439, 703.0023170432403, 0.7218225775292814, 0.0
25.5, -9.5, 251.4501699509923, 0.9998185970011642, 969.468432667777, 682.5855606265933, 0.7040822966749507, 0.0
25.5, -8.5, 251.4772641189744, 0.9998190166000751, 978.5041334535214, 719.6792758481309, 0.7354892547138284, 0.0
25.5, -7.5, 251.50136264804937, 0.9998194351336712, 990.255670051268, 724.3004428935724, 0.7314277158908603, 0.0
25.5, -6.5, 251.52246617296052, 0.9998198526023466, 979.7078857270358, 730.685672475812, 0.7458199358409514, 0.0
25.5, -5.5, 251.5405752494207, 0.9998202690064945, 980.343851888757, 711.7121897923498, 0.7259822035106824, 0.0
25.5, -4.5, 251.5556903541839, 0.9998206843465067, 983.4499235800884, 720.0659919963016, 0.7321836879858806, 0.0
25.5, -3.5, 251.5678118851069, 0.38381684109145253, 993.9635699559525, 708.6347219771422, 0.7129383242974845, 0.0, (3500.0, 628.4493841108446, -1391.9752890034642)
25.5, -2.5, 251.57694016120055, 0.9998215118356877, 992.6253744101156, 736.867384476483, 0.7423418778855809, 0.0
25.5, -1.5, 251.58307542267093, 0.999821923985635, 991.5360670526616, 744.073666675146, 0.7504252153801153, 0.0
25.5, -0.5, 251.5862178309503, 0.9998223350730042, 980.0759910435023, 732.4837824577012, 0.7473744782563383, 0.0
25.5, 0.5, 251.58627020412973, 0.9998227450981821, 1086.999210959706, 790.6078499693314, 0.7273306567272554, 0.0
25.5, 1.5, 251.58307542267087, 0.9998231540615542, 968.7639906004429, 689.0520261678043, 0.7112692387964666, 0.0, (-907.568911557728, -827.6700683280399, 3490.0), (-44.29999999999999, -40.399999999999935, 262.35114342368274)
25.5, 2.5, 251.5769401612005, 0.999823561963505, 977.8293031825882, 719.8989276378949, 0.736221470654239, 0.0
25.5, 3.5, 251.5678118851069, 0.999823968804418, 976.9381911313619, 730.8350464479694, 0.748087292607132, 0.0
25.5, 4.5, 251.55569035418387, 0.9998243745846758, 994.848108211765, 724.8808139170277, 0.7286346608428473, 0.0, (-907.2805414207988, -821.2629731596836, 3490.0), (-44.29999999999999, -40.09999999999993, 262.38647122395963)
25.5, 5.5, 251.54057524942064, 0.9998247793046593, 998.3157810419781, 715.9857345590152, 0.7171936456936653, 0.0
25.5, 6.5, 251.5224661729605, 0.9998251829647492, 979.4960270713927, 717.8666381173632, 0.7328938742750407, 0.0
25.5, 7.5, 251.50136264804934, 0.9998255855653245, 978.4113881572325, 709.9971356639484, 0.7256631967471034, 0.0
25.5, 8.5, 251.47726411897438, 0.9998259871067633, 978.8605534041058, 707.837642489749, 0.7231240854768927, 0.0
25.5, 9.5, 251.45016995099223, 0.9998263875894428, 997.120293674026, 687.2689331028314, 0.6892537815778426, 0.0
25.5, 10.5, 251.42007943024703, 0.999826787013739, 997.7856828052259, 697.450025159883, 0.6989978280696875, 0.0
25.5, 11.5, 251.38699176367803, 0.6519845458430914, 981.5183886974305, 681.8236575640672, 0.6946621330945342, 0.0, (2297.167207184896, 3490.0, 3267.1971207530514), (2129.845851221453, 3237.788911189845, 3490.0000000000005)
25.5, 12.5, 251.3509060789171, 0.9998275826886799, 987.4252387933327, 702.3271638309449, 0.7112712296975643, 0.0
25.5, 13.5, 251.311821424176, 0.9999678589114851, 996.8782548663596, 724.044127658064, 0.7263114870081387, 0.0
25.5, 14.5, 251.26973676812295, 0.999828374134573, 991.6715153534086, 676.822303698298, 0.6825065490129505, 0.0
25.5, 15.5, 251.22465099974917, 0.9998287682725555, 999.5272983773865, 666.7993194359186, 0.6671146656208269, 0.0
25.5, 16.5, 251.17656292822463, 0.9998291613543884, 985.6549744120556, 602.8144216208979, 0.6115876622856568, 0.0
25.5, 17.5, 251.12547128274375, 0.9998295533804403, 986.0988846353974, 604.8446028951452, 0.6133711459564036, 0.0, (-906.0583964933569, -793.5680763869566, 3489.9999999999995), (-44.29999999999999, -38.79999999999991, 262.53647496501776)
25.5, 18.5, 251.07137471236018, 0.999829944351079, 993.0260495674801, 606.9023742871995, 0.6111646059552419, 0.0
25.5, 19.5, 251.0142717858114, 0.9998303342666706, 971.8865563567571, 589.4247467439324, 0.6064748430654988, 0.0
25.5, 20.5, 250.9541609913321, 0.9998307231275808, 997.2110980831965, 566.8756689193755, 0.568461051034233, 0.0
25.5, 21.5, 250.88777934760566, 0.9998311109341739, 1075.1762424338535, 641.9100312135982, 0.5970277298543355, 0.0
25.5, 22.5, 250.81813052975073, 0.9998314976868132, 985.5017828419253, 594.7197753396167, 0.6034689999490441, 0.0
25.5, 23.5, 250.74868486439104, 0.999831883385861, 984.3225346842005, 554.7917038070104, 0.5636279616264235, 0.0
25.5, 24.5, 250.6762242868456, 0.9998322680316787, 997.9462658734315, 582.6944183980747, 0.5838935805707772, 0.0
25.5, 25.5, 250.60074687149375, 0.9998326516246263, 982.3390079519125, 578.6191917307605, 0.5890219028735597, 0.0, (1642.4063120846945, -779.444283377071, 3490.0), (-44.29999999999999, -37.9999999999999, 262.6262965361112)
25.5, 26.5, 250.5222506108425, 0.9998330341650629, 999.866118069384, 543.9301671606544, 0.5440029993324659, 0.0
25.5, 27.5, 250.4407334152632, 0.9998334156533466, 980.3132838050944, 530.8639913603197, 0.5415248371416191, 0.0
25.5, 28.5, 250.35619311271685, 0.9998337960898346, 985.0135387113227, 483.30677290491604, 0.4906600304572651, 0.0
25.5, 29.5, 250.2686274484682, 0.9998341754748827, 958.1891312185619, 497.8660601542385, 0.5195905943131344, 0.0
25.5, 30.5, 250.1780340847885, 0.999834553808846, 985.6560781174946, 487.12046765047074, 0.49420936822184725, 0.0
25.5, 31.5, 250.08441060064672, 0.9998349310920782, 986.5202820910699, 477.0118723944376, 0.48352971657444604, 0.0
25.5, 32.5, 249.9877544913896, 0.9998353073249324, 980.7261846381741, 481.04111754677984, 0.49049482422482027, 0.0
25.5, 33.5, 249.88806316840947, 0.9998356825077603, 992.4470604906717, 487.65478519617926, 0.49136604319738714, 0.0
25.5, 34.5, 249.78533395880086, 0.9998360566409127, 979.9744829275951, 499.46274903129176, 0.5096691370362899, 0.0
25.5, 35.5, 249.67956410500506, 0.9998364297247392, 995.3365988581804, 485.12647800347645, 0.48739941700124223, 0.0
25.5, 36.5, 249.57075076444275, 0.9998368017595887, 995.4220782382162, 472.094969249433, 0.47426612245228417, 0.0
25.5, 37.5, 249.45889100913456, 0.9998371727458086, 998.2372009730708, 72.99277419411882, 0.07312167300814501, 0.0
25.5, 38.5, 249.34398182530953, 0.9998375426837459, 989.0811306175777, 0.9998973841852352, 0.0010109356585954721, 0.0
25.5, 39.5, 249.226020113001, 0.9998379115737458, 992.5676017895933, 0.0, 0.0, 0.0
25.5, 40.5, 249.1050026856306, 0.9998382794161531, 982.6542472114073, 0.0, 0.0, 0.0
25.5, 41.5, 248.98092626957913, 0.9998386462113111, 992.744311723178, 0.0, 0.0, 0.0
25.5, 42.5, 248.84732329008665, 0.9998390119595625, 1071.2513375921615, 0.0, 0.0, 0.0
25.5, 43.5, 248.710393728266, 0.9998393766612484, 987.0711384521961, 0.0, 0.0, 0.0
25.5, 44.5, 248.57681269574385, 0.9998397403167096, 980.4587497382984, 0.0, 0.0, 0.0
25.5, 45.5, 248.46091793291416, 0.9998401029262852, 679.3469371705696, 0.0, 0.0, 0.0
26.5, -44.5, 248.51139239337027, 0.9998404644903137, 792.7931686044716, 0.0, 0.0, 0.0
26.5, -43.5, 248.6314589926914, 0.9998408250091323, 990.2183429234813, 0.0, 0.0, 0.0
26.5, -42.5, 248.76842047520398, 0.4017547488250759, 1099.863987286562, 0.0, 0.0, 0.0, (-3500.0, -2055.131811517897, -1651.7764595738095)
26.5, -41.5, 248.90205457616335, 0.999841542912484, 985.772035810941, 0.0, 0.0, 0.0
26.5, -40.5, 249.02615987306945, 0.9998419002976864, 974.088298859225, 0.0, 0.0, 0.0
26.5, -39.5, 249.14720544951007, 0.9998422566390179, 993.1923922751433, 0.0, 0.0, 0.0
26.5, -38.5, 249.2651945813632, 0.9998426119368108, 985.5078304772318, 0.0, 0.0, 0.0
26.5, -37.5, 249.38013045740354, 0.9998429661913959, 993.8929511168535, 0.0, 0.0, 0.0
26.5, -36.5, 249.49201617973193, 0.9998433194031036, 989.3122096748207, 193.87972637757716, 0.19597425815790137, 0.0, (-902.8210125026063, -715.3277096803919, 3490.0), (-44.29999999999999, -35.09999999999986, 262.9360321936159)
26.5, -35.5, 249.60085476419223, 0.9998436715722627, 966.3996673725762, 450.07208895291546, 0.46572045101853193, 0.0
26.5, -34.5, 249.70664914077545, 0.9998440226992016, 985.8001339783949, 502.3565912361409, 0.509592739867847, 0.0
26.5, -33.5, 249.80940215401205, 0.9998443727842471, 988.6314918868795, 507.392212641463, 0.5132268360914397, 0.0
26.5, -32.5, 249.90911656335172, 0.9998447218277253, 989.1661910323646, 497.69380964947936, 0.5031447841237381, 0.0
26.5, -31.5, 250.00579504353104, 0.9998450698299611, 959.0245907739404, 468.9663968064766, 0.489003515987027, 0.0
26.5, -30.5, 250.0994401849295, 0.9998454167912787, 977.928472197918, 495.09410250445166, 0.5062682154981291, 0.0
26.5, -29.5, 250.19005449391335, 0.9998457627120009, 986.3207181302513, 494.1185087010797, 0.50097143821309, 0.0
26.5, -28.5, 250.2776403931677, 0.9998461075924495, 970.7714156944669, 496.46503812739337, 0.5114129135871126, 0.0
26.5, -27.5, 250.3622002220174, 0.9998464514329457, 999.4509868447975, 484.9176227485467, 0.4851839951445748, 0.0
26.5, -26.5, 250.44373623673584, 0.9998467942338093, 983.1153347451741, 493.0405531294965, 0.5015083538060098, 0.0
26.5, -25.5, 250.5222506108426, 0.999847135995359, 999.9340121695112, 600.9603499842942, 0.6010000086709901, 0.0
26.5, -24.5, 250.5977454353897, 0.999847476717913, 977.1997474744021, 589.0745013697228, 0.6028189250889606, 0.0
26.5, -23.5, 250.6702227192365, 0.9998478164017878, 982.9284933828263, 619.3078229398241, 0.630063964071717, 0.0
26.5, -22.5, 250.7396843893136, 0.9998481550472994, 987.2948421264285, 609.6016073126331, 0.6174463608051244, 0.0
26.5, -21.5, 250.80934925229585, 0.9998484926547627, 1076.655813004655, 667.5426227115944, 0.6200148781518798, 0.0
26.5, -20.5, 250.87574618265296, 0.9998488292244914, 984.3004658258087, 639.5013089373267, 0.6497013169660524, 0.0
26.5, -19.5, 250.93587081465586, 0.9998491647567983, 987.9234740321785, 617.447041530392, 0.6249948075535662, 0.0
26.5, -18.5, 250.99298688192835, 0.9998494992519953, 980.0179394521124, 594.0998313139695, 0.6062132205927845, 0.0
26.5, -17.5, 251.04709589726073, 0.999849832710393, 978.8815936674741, 599.4066557822872, 0.6123382640555661, 0.0
26.5, -16.5, 251.0981992928858, 0.9998501651323013, 986.7445317179124, 616.8640989720353, 0.6251507651104801, 0.0
26.5, -15.5, 251.14629842066498, 0.9998504965180288, 990.9628251698372, 637.8692163388819, 0.6436863221680995, 0.0
26.5, -14.5, 251.19139455226446, 0.9998508268678835, 978.4333159282547, 604.2113141683681, 0.6175293751063081, 0.0
26.5, -13.5, 251.23348887932016, 0.9998511561821718, 986.164090071795, 655.1770298052356, 0.6643691819659923, 0.0
26.5, -12.5, 251.27258251359265, 0.9998514844611998, 983.5422487609715, 685.2442227632203, 0.6967105110395252, 0.0
26.5, -11.5, 251.30867648711114, 0.9998518117052718, 974.8401753764355, 669.2570200273749, 0.6865299942823352, 0.0
26.5, -10.5, 251.34177175230747, 0.999852137914692, 983.875925164188, 704.7680336368342, 0.7163179986533601, 0.0
26.5, -9.5, 251.37186918213933, 0.9998524630897626, 977.0723068318836, 692.3592175354512, 0.7086059165676256, 0.0
26.5, -8.5, 251.39896957020323, 0.9998527872307856, 986.4450163024649, 675.9291747651173, 0.685217283877344, 0.0
26.5, -7.5, 251.42307363083737, 0.9998531103380618, 999.6509528282696, 707.7553154350574, 0.7080024416849057, 0.0
26.5, -6.5, 251.4441819992137, 0.9998534324118906, 980.6935369870804, 708.1309219172832, 0.7220715699756999, 0.0
26.5, -5.5, 251.4622952314203, 0.999853753452571, 991.7833319745191, 711.4295868678769, 0.7173235967290433, 0.0
26.5, -4.5, 251.47741380453306, 0.9998540734604004, 983.0828118042253, 698.4145877938954, 0.7104331185611047, 0.0
26.5, -3.5, 251.48953811667724, 0.9998543924356758, 982.0434353349526, 693.4142761874068, 0.7060932859358701, 0.0
26.5, -2.5, 251.498668487079, 0.9998547103786926, 990.6877975600755, 721.248514357606, 0.728028059025194, 0.0
26.5, -1.5, 251.50480515610644, 0.9998550272897456, 976.9027810896945, 709.5686330719045, 0.7263451868571918, 0.0
26.5, -0.5, 251.50794828530087, 0.9998553431691286, 999.9661351569598, 735.9750250225442, 0.7359999495453131, 0.0, (-900.0066658048543, -639.9595930666533, 3489.9999999999995), (-44.29999999999999, -31.499999999999808, 263.2860048786751)
26.5, 0.5, 251.5080006704954, 0.9998556580171342, 1079.2754717693256, 805.4905161409193, 0.7463252313335974, 0.0
26.5, 1.5, 251.50480515610644, 0.9998559718340541, 974.1800203291667, 725.1183123174147, 0.7443370806069332, 0.0
26.5, 2.5, 251.51161521167552, 0.999856284620179, 986.8568812800108, 713.0473523037817, 0.722543831663734, 0.0
26.5, 3.5, 251.4895381166772, 0.9998565963757986, 995.6371957233478, 716.7017923811433, 0.7198423235488374, 0.0
26.5, 4.5, 251.47741380453303, 0.6165483797580292, 995.7853944175308, 729.4666075729743, 0.732554033893683, 0.0, (820.6710431837674, -3500.0, -2705.7046125872716)
26.5, 5.5, 251.46229523142028, 0.9998572167966757, 981.738785149594, 705.0527797104806, 0.7181673886939763, 0.0
26.5, 6.5, 251.4441819992137, 0.9998575254625077, 985.9922438173238, 692.5929229300768, 0.7024324250753381, 0.0
26.5, 7.5, 251.4230736308373, 0.9998578330989834, 983.4680124330957, 701.9060914927201, 0.7137050545814981, 0.0
26.5, 8.5, 251.39896957020323, 0.9998581397063873, 995.4526514766347, 708.2540251923549, 0.7114894155354802, 0.0
26.5, 9.5, 251.3718691821393, 0.9998584452850032, 946.1664533813107, 671.3321882945876, 0.709528630924771, 0.0
26.5, 10.5, 251.34177175230744, 0.999858749835114, 983.5497019544904, 730.3273629188284, 0.7425424068224884, 0.0
26.5, 11.5, 251.30867648711111, 0.9998590533570013, 995.2983342201405, 712.1743359302762, 0.7155385590877089, 0.0
26.5, 12.5, 251.2725825135926, 0.999859355850946, 983.4922334822487, 683.6345481208168, 0.6951092493128019, 0.0
26.5, 13.5, 251.23348887932013, 0.9998596573172277, 989.4459231942229, 641.3530485319108, 0.6481941392627443, 0.0
26.5, 14.5, 251.1913945522644, 0.9998599577561254, 986.3945491911102, 626.9561435873532, 0.6356038200956063, 0.0
26.5, 15.5, 251.14629842066495, 0.9998602571679167, 979.9807836542072, 613.1626245437377, 0.6256884163150043, 0.0
26.5, 16.5, 251.09819929288574, 0.9998605555528787, 981.1861396940342, 633.4963924865859, 0.6456434379353654, 0.0
26.5, 17.5, 251.04709589726065, 0.9998608529112869, 976.335627137044, 645.5007186029276, 0.6611463319184208, 0.0
26.5, 18.5, 250.99298688192826, 0.9998611492434162, 994.5117102221602, 625.2493378548958, 0.6286998246759947, 0.0
26.5, 19.5, 250.9358708146558, 0.2778230111212453, 991.8425240152951, 650.1026183113775, 0.6554494313064483, 0.0
26.5, 20.5, 250.87574618265288, 0.999861738829933, 972.7323754935796, 618.8584934652316, 0.6362063287460882, 0.0
26.5, 21.5, 250.8093492522958, 0.9998620320848651, 1095.9510999232207, 668.5706663413472, 0.6100369499954746, 0.0
26.5, 22.5, 250.7396843893135, 0.9998623243146079, 985.5190419646216, 600.6223033303467, 0.6094476897503802, 0.0
26.5, 23.5, 250.67022271923642, 0.9998626155194313, 977.3173766847565, 616.49497928344, 0.6308032518307475, 0.0
26.5, 24.5, 250.59774543538958, 0.9998629056996043, 989.1993674001403, 589.7592662593081, 0.5961985881666512, 0.0
26.5, 25.5, 250.5222506108425, 0.9998631948553948, 982.9642066342677, 592.7524165477876, 0.6030254332224464, 0.0
26.5, 26.5, 250.44373623673576, 0.9998634829870696, 999.6088279828195, 511.84729012882195, 0.5120475888170319, 0.0
26.5, 27.5, 250.36220022201732, 0.999863770094895, 994.4229713611072, 502.83371986410407, 0.5056537653950763, 0.0
26.5, 28.5, 250.27764039316762, 0.9998640561791359, 991.4908702062065, 503.2464006092815, 0.5075653399658822, 0.0
26.5, 29.5, 250.19005449391324, 0.9998643412400563, 986.3371691832505, 510.38302905512944, 0.5174529004901629, 0.0
26.5, 30.5, 250.09944018492942, 0.9998646252779192, 980.6111025999344, 457.28155473115896, 0.4663230443942044, 0.0
26.5, 31.5, 250.00579504353092, 0.9998649082929868, 971.94278625613, 494.62457129211055, 0.5089029707163907, 0.0
26.5, 32.5, 249.90911656335157, 0.9998651902855201, 964.4282348375191, 487.3082877927247, 0.5052820626667192, 0.0
26.5, 33.5, 249.8094021540119, 0.9998654712557793, 998.9962738708659, 515.5897756065697, 0.5161078064974012, 0.0
26.5, 34.5, 249.7066491407753, 0.9998657512040234, 989.3157197853308, 462.4545087401999, 0.4674488633826083, 0.0
26.5, 35.5, 249.6008547641921, 0.9998660301305108, 984.0206784500749, 479.55961188413784, 0.4873470877049955, 0.0
26.5, 36.5, 249.4920161797318, 0.9998663080354984, 999.9001443709692, 196.9805700160403, 0.19700024159908439, 0.0
26.5, 37.5, 249.3801304574034, 0.9998665849192427, 985.2675575746152, 0.0, 0.0, 0.0
26.5, 38.5, 249.26519458136306, 0.9998668607819988, 971.9998719831856, 0.0, 0.0, 0.0
26.5, 39.5, 249.14720544950993, 0.999867135624021, 980.319680223938, 0.0, 0.0, 0.0
26.5, 40.5, 249.0261598730693, 0.9998674094455626, 972.540507585823, 0.0, 0.0, 0.0
26.5, 41.5, 248.9020545761632, 0.9998676822468759, 975.8462099042338, 0.0, 0.0, 0.0
26.5, 42.5, 248.76842047520384, 0.9998679540282123, 1082.2094295412019, 0.0, 0.0, 0.0
26.5, 43.5, 248.63145899269125, 0.9998682247898222, 985.067114143347, 0.0, 0.0, 0.0
26.5, 44.5, 248.49784679574503, 0.9998684945319549, 986.7058804291592, 0.0, 0.0, 0.0
26.5, 45.5, 248.38192497589444, 0.999868763254859, 678.6790325871103, 0.0, 0.0, 0.0
27.5, -44.5, 248.42939054395453, 0.9998690309587819, 786.8666170897521, 0.0, 0.0, 0.0
27.5, -43.5, 248.5494862380079, 0.99986929764397, 981.3215940075241, 0.0, 0.0, 0.0
27.5, -42.5, 248.68648088504239, 0.999869563310669, 1091.9063884134348, 0.8402126970053491, 0.000769491511288067, 0.0
27.5, -41.5, 248.820147320139, 0.9998698279591235, 981.7503958889208, 0.0, 0.0, 0.0
27.5, -40.5, 248.94428262324783, 0.9998700915895768, 982.0816792138929, 0.0, 0.0, 0.0
27.5, -39.5, 249.06535744557866, 0.999870354202272, 982.3484743949305, 0.6857421998830356, 0.0006980640961502108, 0.0
27.5, -38.5, 249.18337506535744, 0.9998706157974504, 982.4528538084703, 0.0, 0.0, 0.0
27.5, -37.5, 249.2983386736417, 0.5228938532099807, 983.6328777067249, 0.7274992386253532, 0.0007396044348593446, 0.0, (3500.0, 841.2497617248682, 2350.9051285744026)
27.5, -36.5, 249.4102513747508, 0.9998711359362191, 988.1422706287764, 1.9997976306079224, 0.0020237952469490126, 0.0
27.5, -35.5, 249.51911618668305, 0.999871394480288, 997.7463555665956, 316.1069902650995, 0.3168209921303998, 0.0
27.5, -34.5, 249.62493604152064, 0.999871652007797, 986.9620666961722, 486.87523434907376, 0.4933069372958527, 0.0
27.5, -33.5, 249.72771378582198, 0.9998719085189834, 994.3133059565259, 504.5961183128237, 0.5074820132547698, 0.0
27.5, -32.5, 249.8274521810023, 0.999872164014083, 993.5686727310982, 498.1680994234154, 0.5013927200966015, 0.0
27.5, -31.5, 249.92415390370158, 0.9998724184933304, 988.6594990204459, 499.593535606849, 0.5053241647926727, 0.0
27.5, -30.5, 250.01782154614102, 0.99987267195696, 979.6611277797256, 493.8049253689092, 0.5040568737151527, 0.0
27.5, -29.5, 250.10845761646718, 0.9998729244052045, 984.8806171303308, 482.9931737896059, 0.49040783764931245, 0.0
27.5, -28.5, 250.1960645390847, 0.999873175838296, 979.0699241138851, 507.31753031857994, 0.5181627152705478, 0.0
27.5, -27.5, 250.2806446549774, 0.9998734262564657, 985.7755051246593, 497.9503031735719, 0.505135601954932, 0.0
27.5, -26.5, 250.3622002220174, 0.9998736756599437, 975.6129075312658, 488.9058085013558, 0.5011268349641916, 0.0
27.5, -25.5, 250.4407334152633, 0.999873924048959, 972.9778481641611, 492.94726020693605, 0.5066377010915935, 0.0
27.5, -24.5, 250.51624632724656, 0.9998741714237399, 956.5676172422932, 576.6321721231299, 0.6028138123528722, 0.0
27.5, -23.5, 250.5887409682469, 0.9998744177845138, 992.510092169938, 631.4601047098818, 0.6362253741211962, 0.0
27.5, -22.5, 250.6582192665563, 0.9998746631315069, 987.2988421849909, 591.5964837328723, 0.5992071077725669, 0.0
27.5, -21.5, 250.72790079975067, 0.9998749074649445, 1087.3244277725946, 679.7515302697186, 0.6251598077881897, 0.0
27.5, -20.5, 250.7943136122696, 0.9998751507850508, 977.2725972751899, 598.4169401551289, 0.612333694635071, 0.0
27.5, -19.5, 250.85445262087006, 0.9998753930920495, 965.3120854020427, 619.5942203945548, 0.641858969512953, 0.0
27.5, -18.5, 250.9115823407915, 0.9998756343861631, 999.8271935811572, 639.9181581151718, 0.6400287591930043, 0.0
27.5, -17.5, 250.96570428588996, 0.9998758746676129, 995.5318934069923, 631.3437685375394, 0.6341773404937355, 0.0
27.5, -16.5, 251.0168198894064, 0.9998761139366196, 975.2811735110953, 608.247307113556, 0.6236635378942196, 0.0
27.5, -15.5, 251.0649305041536, 0.9998763521934028, 991.8044049583337, 653.3407811759328, 0.6587395437141459, 0.0
27.5, -14.5, 251.11003740269223, 0.999876589438181, 967.0620768187084, 628.7045755991437, 0.6501181161682599, 0.0
27.5, -13.5, 251.1521417774959, 0.9998768256711721, 997.798761995996, 634.6637580588633, 0.6360638860578283, 0.0
27.5, -12.5, 251.1912447411065, 0.9998770608925928, 978.4749096290093, 617.2905642568181, 0.6308701001754506, 0.0
27.5, -11.5, 251.22734732627836, 0.9998772951026588, 990.447995760263, 651.998273387934, 0.6582862262116683, 0.0
27.5, -10.5, 251.26045048611206, 0.999877528301585, 994.5762906799823, 663.2047960741363, 0.6668214417425028, 0.0
27.5, -9.5, 251.29055509417813, 0.9998777604895854, 962.5961640359567, 675.6009061469131, 0.7018528967685319, 0.0
27.5, -8.5, 251.31766194463017, 0.9998779916668729, 988.6403856177535, 723.0470209712507, 0.7313549309635512, 0.0
27.5, -7.5, 251.34177175230747, 0.9998782218336594, 984.8322931170213, 712.9367970565137, 0.7239169572720336, 0.0
27.5, -6.5, 251.36288515282766, 0.999878450990156, 969.494960836842, 694.036667692999, 0.7158744456948236, 0.0
27.5, -5.5, 251.38100270266875, 0.9998786791365729, 962.2879119955247, 714.5413566107711, 0.7425442507419694, 0.0
27.5, -4.5, 251.3961248792411, 0.3978624113379756, 970.6643547511688, 692.4077308540434, 0.7133338393079687, 0.0, (-3500.0, 413.20420291231625, -1402.2419634574032)
27.5, -3.5, 251.40825208094918, 0.9998791324000028, 980.2600222966394, 683.1105302494909, 0.6968666626320632, 0.0
27.5, -2.5, 251.4173846272429, 0.9998793575174315, 987.3752631319002, 685.9118306815697, 0.694682008242636, 0.0
27.5, -1.5, 251.42352275865895, 0.9998795816256112, 980.2806512962151, 714.4174900066848, 0.7287887290869384, 0.0
27.5, -0.5, 251.4266666368517, 0.9998798047247475, 986.9087887768148, 713.1199311363705, 0.7225793702984639, 0.0
27.5, 0.5, 251.42671903452927, 0.9998800268150446, 1063.8277268053948, 758.5843761004295, 0.7130706946118135, 0.0
27.5, 1.5, 251.42352275865895, 0.9998802478967063, 985.5404574140209, 694.0616607608832, 0.7042447172407771, 0.0, (-894.2163983547173, -448.11747276465996, 3490.0), (-44.29999999999999, -22.199999999999676, 264.0138382035702)
27.5, 2.5, 251.4173846272429, 0.9998804679699348, 997.0878583202774, 724.2960358505168, 0.726411448907508, 0.0
27.5, 3.5, 251.40825208094918, 0.9998806870349318, 999.962565584897, 715.9731845271453, 0.7159999875678937, 0.0
27.5, 4.5, 251.39612487924106, 0.999880905091898, 987.491125469171, 724.8827037730475, 0.7340650311451108, 0.0
27.5, 5.5, 251.3810027026687, 0.9998811221410331, 963.215640440914, 666.2318617289501, 0.6916746715449731, 0.0
27.5, 6.5, 251.36288515282763, 0.9998813381825357, 994.0345816635321, 698.0443868809548, 0.7022335034992111, 0.0
27.5, 7.5, 251.34177175230747, 0.9998815532166038, 995.7337127878083, 711.2811933121856, 0.71432872481617, 0.0
27.5, 8.5, 251.31766194463012, 0.9998817672434341, 976.3902938251788, 739.9445071356578, 0.7578368115856585, 0.0
27.5, 9.5, 251.2905550941781, 0.9998819802632227, 974.656653422258, 674.3358926641146, 0.6918701989016914, 0.0
27.5, 10.5, 251.26045048611203, 0.9998821922761646, 972.696048445852, 640.0308691103853, 0.6579967813511833, 0.0
27.5, 11.5, 251.22734732627828, 0.9193422293751597, 993.3258619956681, 645.8039152153756, 0.6501430597184954, 0.0, (-713.8213961519814, -1309.0785954540063, 3500.0)
27.5, 12.5, 251.19124474110646, 0.9998826132822831, 998.487203264085, 648.0901084114694, 0.6490720224484031, 0.0
27.5, 13.5, 251.1521417774958, 0.9998828222758451, 993.3245386257115, 639.6558076212308, 0.6439545010195863, 0.0
27.5, 14.5, 251.11003740269214, 0.9998830302633309, 988.8477347532918, 620.8274816119215, 0.6278291993729571, 0.0
27.5, 15.5, 251.06493050415355, 0.9998832372449308, 989.0519013587792, 642.5333852990344, 0.6496457712849136, 0.0
27.5, 16.5, 251.01681988940632, 0.999883443220834, 993.7731225080731, 674.6421248374152, 0.6788693611825214, 0.0
27.5, 17.5, 250.96570428588987, 0.38368562102167175, 996.2654940807394, 624.0932007911088, 0.6264326171077155, 0.0, (-3500.0, 739.3607693169995, 1584.9690048123255)
27.5, 18.5, 250.91158234079145, 0.63814189497896, 991.1688261237523, 651.2167675766478, 0.6570190167536002, 0.0, (-3490.0, -3063.176858895942, -3265.0951211384486), (-3300.9986390694635, -2896.2818688494544, -3490.0)
27.5, 19.5, 250.85445262087, 0.9998840551162437, 969.5129235603722, 596.8872528894484, 0.6156568297176287, 0.0
27.5, 20.5, 250.79431361226955, 0.9998842570712353, 989.1989869709502, 645.9049394132336, 0.6529575423354148, 0.0
27.5, 21.5, 250.72790079975056, 0.9998844580214631, 1072.6844335217033, 669.4207993818968, 0.6240612602013234, 0.0
27.5, 22.5, 250.65821926655622, 0.9998846579671107, 970.4193377236446, 617.7801070884192, 0.6366114967757889, 0.0
27.5, 23.5, 250.5887409682468, 0.9998848569083609, 985.1165104774346, 616.68976173976, 0.626006929313247, 0.0
27.5, 24.5, 250.51624632724648, 0.9998850548453957, 991.5390003465272, 621.5193757925113, 0.6268229243381249, 0.0
27.5, 25.5, 250.4407334152632, 0.9998852517783959, 986.3478999947741, 497.38926211237606, 0.5042736565009276, 0.0
27.5, 26.5, 250.36220022201732, 0.9998854477075415, 998.6214411560342, 497.5723063357159, 0.49825918594308494, 0.0
27.5, 27.5, 250.2806446549773, 0.9998856426330116, 988.232840300815, 487.00818937102554, 0.4928071295655199, 0.0
27.5, 28.5, 250.19606453908457, 0.9998858365549843, 995.9907948274355, 532.3522104994486, 0.5344951110634345, 0.0
27.5, 29.5, 250.10845761646704, 0.9998860294736368, 991.0577155102121, 496.53082941199926, 0.5010110124175536, 0.0
27.5, 30.5, 250.0178215461409, 0.9998862213891453, 999.4575313141421, 515.5432498048934, 0.5158230676665457, 0.0
27.5, 31.5, 249.9241539037015, 0.9998864123016853, 989.3229299027541, 500.25511545097913, 0.5056540188552507, 0.0
27.5, 32.5, 249.82745218100214, 0.999886602211431, 959.4172716146875, 491.09751568753114, 0.5118706221131709, 0.0
27.5, 33.5, 249.72771378582183, 0.153071494522457, 968.1552033393093, 479.90843721409703, 0.4956937023721222, 0.0, (-892.7037849637303, -382.87521251265343, 3490.0); (-3500.0, 59.48107215435018, 642.5423203583657), (-44.29999999999999, -18.99999999999963, 264.2057228228754)
27.5, 34.5, 249.6249360415205, 0.9998869790232326, 972.8046671467316, 485.37736793803583, 0.4989463808409388, 0.0
27.5, 35.5, 249.5191161866829, 0.9998871659256329, 983.2557111117185, 321.5452392015298, 0.32702097284334564, 0.0
27.5, 36.5, 249.41025137475066, 0.999887351825927, 987.4228772051164, 0.9998986792337605, 0.0010126347103319672, 0.0
27.5, 37.5, 249.29833867364155, 0.999887536724285, 994.3518755826713, 0.0, 0.0, 0.0
27.5, 38.5, 249.1833750653573, 0.9998877206208756, 992.1376906088307, 0.0, 0.0, 0.0
27.5, 39.5, 249.0653574455785, 0.9998879035158668, 984.8215270966693, 0.0, 0.0, 0.0
27.5, 40.5, 248.94428262324763, 0.9998880854094253, 984.8250511772551, 0.0, 0.0, 0.0
27.5, 41.5, 248.82014732013886, 0.9998882663017175, 970.267241099895, 0.0, 0.0, 0.0
27.5, 42.5, 248.68648088504224, 0.9998884461929081, 1090.8656343894374, 0.0, 0.0, 0.0
27.5, 43.5, 248.54948623800772, 0.9998886250831616, 983.2439138188662, 0.0, 0.0, 0.0
27.5, 44.5, 248.41584166225914, 0.999888802972641, 991.052415146583, 0.8560642104729406, 0.0008637930722829863, 0.0
27.5, 45.5, 248.29989173104846, 0.9998889798615088, 689.0546238081067, 0.9902367599698377, 0.001437094717538107, 0.0
28.5, -44.5, 248.34434737384535, 0.9998891557499263, 785.6485416317731, 0.0, 0.0, 0.0
28.5, -43.5, 248.4644732561518, 0.9998893306380541, 974.429220673119, 0.3172691241987524, 0.000325594837949942, 0.0
28.5, -42.5, 248.60150231417373, 0.28436118064076005, 1099.8591115722415, 0.0, 0.0, 0.0, (3500.0, -2780.248239175911, -1224.373920085907)
28.5, -41.5, 248.73520229864556, 0.9998896774140774, 990.3443155294826, 0.0, 0.0, 0.0
28.5, -40.5, 248.8593687356862, 0.9998898493022894, 985.0011579668187, 0.0, 0.0, 0.0
28.5, -39.5, 248.98047390304637, 0.9998900201908442, 988.7608572296735, 0.0, 0.0, 0.0
28.5, -38.5, 249.09852108138926, 0.9998901900798975, 958.1040420634658, 0.538582369177536, 0.0005621334902393197, 0.0
28.5, -37.5, 249.21351346414224, 0.9998903589696045, 977.554021397253, 0.0, 0.0, 0.0
28.5, -36.5, 249.3254541579276, 0.9998905268601191, 976.5610289175703, 0.0, 0.0, 0.0
28.5, -35.5, 249.4343461829802, 0.9998906937515945, 973.0675213289735, 21.495733822320602, 0.02209069088336507, 0.0
28.5, -34.5, 249.54019247355285, 0.9998908596441825, 989.6871919718993, 384.6559547299325, 0.3886641737411251, 0.0
28.5, -33.5, 249.64299587830934, 0.9998910245380347, 992.7706290745525, 521.2599385538348, 0.5250557614096081, 0.0
28.5, -32.5, 249.74275916070516, 0.9998911884333012, 988.3295897088616, 512.1648895817418, 0.5182126437523877, 0.0
28.5, -31.5, 249.83948499935622, 0.9998913513301314, 991.1868296526418, 515.5902588163566, 0.5201746465871057, 0.0
28.5, -30.5, 249.93317598839533, 0.9998915132286739, 981.7241813252282, 507.73007108348605, 0.5171819954542649, 0.0
28.5, -29.5, 250.02383463781734, 0.9998916741290761, 961.2344851509317, 495.78328627034017, 0.5157776733244157, 0.0
28.5, -28.5, 250.11146337381186, 0.9998918340314847, 978.0812341203317, 514.3816726099082, 0.5259089477087592, 0.0
28.5, -27.5, 250.1960645390847, 0.9998919929360455, 985.1344848074618, 492.0556264356598, 0.499480663832237, 0.0
28.5, -26.5, 250.2776403931677, 0.9998921508429031, 977.3250006477032, 499.611424196857, 0.5112029507745625, 0.0
28.5, -25.5, 250.35619311271697, 0.9998923077522013, 984.1498547053617, 495.6064150796066, 0.5035883638147597, 0.0, (-891.4312711449253, -317.9371125076627, 3490.0), (-44.29999999999999, -15.799999999999585, 264.3677166881712)
28.5, -24.5, 250.43172479179972, 0.9998924636640834, 976.4128260142909, 511.76275057806663, 0.5241253872781229, 0.0
28.5, -23.5, 250.50423744217008, 0.999892618578691, 964.8973144994534, 592.4135035867026, 0.613965335673072, 0.0
28.5, -22.5, 250.58067378786615, 0.9998927724961656, 971.4660814740583, 630.9212226417143, 0.6494526516915373, 0.0
28.5, -21.5, 250.6434318233339, 0.9998929254166471, 1086.6018581610222, 701.960754180935, 0.6460146822948948, 0.0
28.5, -20.5, 250.70986111479297, 0.9998930773402749, 975.3615681154528, 615.7577535534409, 0.6313122986208887, 0.0
28.5, -19.5, 250.77001504019321, 0.9998932282671873, 991.4694618962036, 627.712188631632, 0.6331129830576132, 0.0
28.5, -18.5, 250.8271589257602, 0.9998933781975219, 987.1024304477885, 645.3877856522707, 0.6538204807777623, 0.0
28.5, -17.5, 250.88129428645595, 0.999893527131415, 970.5756749862339, 623.7555384715803, 0.6426655381409876, 0.0
28.5, -16.5, 250.93242255656827, 0.9998936750690023, 974.2265019070155, 627.1712243514378, 0.6437632553864746, 0.0
28.5, -15.5, 250.98054508989742, 0.9998938220104184, 984.7982809300408, 636.1031259327093, 0.6459222545879906, 0.0
28.5, -14.5, 251.02566315993238, 0.9998939679557973, 975.0975847567281, 645.2274923731591, 0.6617055589714473, 0.0
28.5, -13.5, 251.06777796001657, 0.9998941129052716, 975.3630949944489, 620.4054563260491, 0.6360764104259861, 0.0
28.5, -12.5, 251.10689060350293, 0.9998942568589735, 998.3957307222302, 623.8804223442561, 0.6248829027874016, 0.0
28.5, -11.5, 251.14300212389827, 0.9998943998170338, 994.536361312349, 656.7190588353826, 0.6603268461384392, 0.0
28.5, -10.5, 251.17611347499758, 0.9998945417795826, 995.2299544108099, 656.6015836675684, 0.6597486146367909, 0.0
28.5, -9.5, 251.21609898812457, 0.9998946827467492, 988.5152849768014, 653.2275849000696, 0.6608168784313736, 0.0
28.5, -8.5, 251.23333908665987, 0.9998948227186619, 981.2169487368635, 662.0182853467917, 0.6746910417711584, 0.0
28.5, -7.5, 251.25745485731423, 0.999894961695448, 983.3317510628655, 682.7061370521866, 0.6942785446663976, 0.0
28.5, -6.5, 251.27857347905064, 0.999895099677234, 971.0853480936828, 672.4255045749213, 0.6924473795170998, 0.0
28.5, -5.5, 251.296695508752, 0.9998952366641455, 987.3754848695194, 707.1726515993151, 0.7162145125496683, 0.0, (-890.7566940260107, -277.4817692451141, 3490.0), (-44.29999999999999, -13.799999999999557, 264.4538030498094)
28.5, -4.5, 251.31182142417606, 0.999895372656307, 975.1464090084753, 705.3805063219722, 0.7233585642172442, 0.0
28.5, -3.5, 251.32395162401684, 0.9998955076538423, 991.4362462203121, 707.3000405925956, 0.713409503928327, 0.0
28.5, -2.5, 251.3330864279567, 0.9998956416568741, 978.7026910903859, 711.6491317809699, 0.727135153769846, 0.0
28.5, -1.5, 251.33922607670706, 0.9998957746655244, 979.2921944271362, 707.4832032329413, 0.7224434211352037, 0.0
28.5, -0.5, 251.34237073203997, 0.999895906679914, 941.4262750552648, 672.1296755188641, 0.7139482860507669, 0.0
28.5, 0.5, 251.34242314266967, 0.9306242620601765, 1067.8417611277016, 811.9427204477196, 0.7603586505085378, 0.09486832980505139, (-97.12317632954768, -39.53614051297255, 235.57473363585837), (-97.12317632954768, -39.53614051297255, 235.57473363585837)
28.5, 1.5, 251.33922607670706, 0.9998961677263911, 991.2917963393309, 688.0229074037456, 0.6940669840550434, 0.0, (-890.5424043794536, -263.34323921829434, 3490.0), (-44.29999999999999, -13.099999999999547, 264.4811803940082)
28.5, 2.5, 251.33308642795666, 0.9998962967587159, 965.3883282355051, 697.2579943834376, 0.7222564992657985, 0.0
28.5, 3.5, 251.32395162401684, 0.9998964247972549, 992.7766965080968, 714.6612544706273, 0.7198610291562164, 0.0
28.5, 4.5, 251.311821424176, 0.9998965518421246, 977.1598456396578, 699.8869466655933, 0.7162461185738153, 0.0
28.5, 5.5, 251.29669550875198, 0.9998966778934404, 974.0926072306729, 725.7456449479358, 0.7450478933529915, 0.0
28.5, 6.5, 251.2785734790506, 0.999896802951317, 975.0216876107539, 677.5780600453033, 0.6949363984976349, 0.0
28.5, 7.5, 251.2574548573142, 0.9998969270158681, 974.120789926823, 665.1606135826827, 0.682831760148195, 0.0
28.5, 8.5, 251.23333908665984, 0.9998970500872063, 948.9952931620256, 643.9361257101646, 0.6785451206660756, 0.0
28.5, 9.5, 251.2062255310075, 0.9998971721654438, 984.6268090379627, 653.3580891555855, 0.66355911006928, 0.0
28.5, 10.5, 251.17611347499755, 0.9998972932506913, 999.4039558981699, 660.5844275656924, 0.6609783998423555, 0.0
28.5, 11.5, 251.1430021238982, 0.9998974133430589, 976.6504851971799, 665.9185009480468, 0.6818391134199886, 0.0
28.5, 12.5, 251.10689060350288, 0.9998975324426559, 985.0035294073617, 650.4783381233685, 0.6603817333677332, 0.0
28.5, 13.5, 251.06777796001654, 0.9998976505495903, 988.4278786053226, 655.935511725038, 0.6636149444212023, 0.0
28.5, 14.5, 251.02566315993235, 0.9998977676639696, 989.1446100413801, 648.9802837272238, 0.6561025325711214, 0.0
28.5, 15.5, 250.98054508989736, 0.9998978837859003, 982.4502592871056, 633.0275675582085, 0.6443354883101682, 0.0
28.5, 16.5, 250.93242255656824, 0.9998979989154877, 987.9426916699815, 646.963254290727, 0.6548590922790516, 0.0
28.5, 17.5, 250.88129428645593, 0.9998981130528365, 958.5362278616263, 615.7585007658257, 0.6423946042597737, 0.0
28.5, 18.5, 250.82715892576013, 0.9998982261980504, 977.2988614046088, 628.1896282398618, 0.6427815001615833, 0.0
28.5, 19.5, 250.77001504019313, 0.9998983383512321, 986.7489507349021, 621.5183417937984, 0.629864710097649, 0.0
28.5, 20.5, 250.7098611147929, 0.9998984495124837, 986.2060526740622, 613.5763129497849, 0.6221583322127204, 0.0
28.5, 21.5, 250.64343182333386, 0.9998985596819061, 1070.097016473841, 735.9809997232959, 0.6877703501580478, 0.0
28.5, 22.5, 250.57373299353327, 0.9998986688595992, 992.2522379527423, 636.3486733529694, 0.6413174483394579, 0.0
28.5, 23.5, 250.50423744217002, 0.9998987770456624, 981.8151732256631, 603.0506332785661, 0.6142201197576719, 0.0
28.5, 24.5, 250.43172479179964, 0.9998988842401939, 983.9977686094062, 492.22849184009686, 0.5002333415203962, 0.0
28.5, 25.5, 250.35619311271685, 0.9998989904432911, 994.0221798642148, 506.4197352792157, 0.5094652267702855, 0.0
28.5, 26.5, 250.27764039316762, 0.9998990956550503, 995.705655375959, 520.2731113819565, 0.5225169793632551, 0.0
28.5, 27.5, 250.19606453908457, 0.9998991998755672, 986.6918310745584, 515.6469263013811, 0.5226017993275721, 0.0
28.5, 28.5, 250.11146337381174, 0.9998993031049362, 983.5012271678804, 506.21776839871865, 0.5147098492763842, 0.0
28.5, 29.5, 250.02383463781723, 0.9998994053432514, 993.5953061128603, 488.5168805593831, 0.49166584982225503, 0.0
28.5, 30.5, 249.9331759883952, 0.9998995065906054, 980.5370734855472, 490.02403236832737, 0.4997506423968478, 0.0
28.5, 31.5, 249.83948499935607, 0.9998996068470902, 979.8550998819399, 509.05230152883377, 0.5195179385096512, 0.0
28.5, 32.5, 249.74275916070508, 0.9998997061127969, 985.4946258316348, 478.42361122101147, 0.48546546950195846, 0.0
28.5, 33.5, 249.64299587830922, 0.9998998043878153, 975.7820962989251, 472.1756710362515, 0.4838945834599565, 0.0
28.5, 34.5, 249.5401924735527, 0.9998999016722351, 963.3625501990092, 432.8733014690141, 0.4493358200187376, 0.0
28.5, 35.5, 249.43434618298005, 0.9998999979661443, 997.3882506004009, 25.49316229197612, 0.02555991839349413, 0.0
28.5, 36.5, 249.32545415792745, 0.9999000932696303, 988.5757698200537, 0.0, 0.0, 0.0
28.5, 37.5, 249.2135134641421, 0.9999001875827798, 987.6712490327532, 0.0, 0.0, 0.0
28.5, 38.5, 249.09852108138912, 0.9999002809056782, 998.5570503384345, 0.9320264733649973, 0.0009333732840293017, 0.0
28.5, 39.5, 248.98047390304623, 0.9999003732384103, 968.2435894500442, 0.0, 0.0, 0.0
28.5, 40.5, 248.85936873568605, 0.99990046458106, 991.1103706063985, 0.0, 0.0, 0.14491376746189438
28.5, 41.5, 248.73520229864542, 0.99990055493371, 992.3112455244648, 0.9458788081558773, 0.0009532077888081914, 0.15811388300841897
28.5, 42.5, 248.60150231417356, 0.9999006442964425, 1078.5749299063423, 0.9724276661154952, 0.0009015856378192804, 0.15491933384829668
28.5, 43.5, 248.46447325615162, 0.9999007326693385, 983.6228383865538, 0.9834565871065016, 0.0009998309806629492, 0.12649110640673517
28.5, 44.5, 248.33079508464735, 0.9999008200524782, 978.9869816338593, 0.0, 0.0, 0.14491376746189438
28.5, 45.5, 248.21481598550022, 0.9999009064459409, 684.9877514947949, 0.0, 0.0, 0.15491933384829668
29.5, -44.5, 248.25626058847834, 0.999900991849805, 789.2505111776862, 0.0, 0.0, 0.1264911064067352
29.5, -43.5, 248.37641775496246, 0.9999010762641478, 991.910512507199, 0.0, 0.0, 0.14491376746189438
29.5, -42.5, 248.51348247317537, 0.9999011596890462, 1087.9031260201536, 0.0, 0.0, 0.14491376746189438
29.5, -41.5, 248.64721722492789, 0.9999012421245759, 986.1829289362151, 0.0, 0.0, 0.15491933384829668
29.5, -40.5, 248.771415926103, 0.9999013235708113, 986.1273206128407, 0.0, 0.0, 0.15491933384829668
29.5, -39.5, 248.8925525400409, 0.9999014040278267, 975.7684908884023, 1.7249653286880258, 0.0017678018349593422, 0.15491933384829668
29.5, -38.5, 249.01063034993157, 0.9999014834956949, 981.0915762425669, 0.0, 0.0, 0.15811388300841897
29.5, -37.5, 249.12565255165958, 0.999901561974488, 983.3390123104078, 0.0, 0.0, 0.14491376746189438
29.5, -36.5, 249.23762225423485, 0.9999016394642771, 978.6439595370243, 0.0, 0.0, 0.12649110640673517
29.5, -35.5, 249.34654248021113, 0.9999017159651328, 993.2851850302643, 0.9998972161520319, 0.0010066567298308855, 0.14491376746189438
29.5, -34.5, 249.45241616609187, 0.9999017914771241, 969.5051924464059, 62.269082728486026, 0.06422769389337567, 0.14491376746189438
29.5, -33.5, 249.55524616272348, 0.9999018660003198, 973.2899257701087, 470.0896297921462, 0.48299033756071313, 0.15811388300841897
29.5, -32.5, 249.655035235677, 0.9999019395347873, 975.1606350273911, 470.53207683958834, 0.48251750525837384, 0.15491933384829668
29.5, -31.5, 249.75178606561676, 0.9999020120805934, 994.1883560391248, 493.58127069829993, 0.4964665575693745, 0.14491376746189438
29.5, -30.5, 249.84550124865788, 0.9999020836378039, 993.460343840765, 494.02083181889134, 0.49727282511245824, 0.14491376746189438
29.5, -29.5, 249.93618329671136, 0.9999021542064835, 981.8064684067834, 499.9226532338565, 0.5091865549074055, 0.12649110640673517
29.5, -28.5, 250.02383463781734, 0.9999022237866965, 991.8379491822599, 489.93142110562644, 0.493963173630894, 0.15491933384829668
29.5, -27.5, 250.10845761646712, 0.9999022923785057, 987.4231972285421, 517.9245800387918, 0.5245213820097407, 0.15491933384829668
29.5, -26.5, 250.19005449391335, 0.9999023599819735, 965.0327790205415, 485.22636805615394, 0.5028081725354797, 0.14491376746189438
29.5, -25.5, 250.2686274484683, 0.9999024265971611, 989.5918339638289, 493.5492730214775, 0.4987402442929996, 0.15491933384829668
29.5, -24.5, 250.34417857579163, 0.9999024922241291, 983.5916507228138, 490.676414768127, 0.49886191531571333, 0.15491933384829668
29.5, -23.5, 250.41670988916601, 0.9999025568629367, 993.3566992112231, 504.9926455278695, 0.5083698996834268, 0.14491376746189438
29.5, -22.5, 250.486223319762, 0.9999026205136426, 967.2044183883876, 570.4170221009614, 0.5897584949533455, 0.15811388300841897
29.5, -21.5, 250.55594007392318, 0.9999026831763047, 1092.709897364172, 783.8955168178823, 0.7173866720790121, 0.14491376746189438
29.5, -20.5, 250.622386442396, 0.9999027448509797, 983.0797069027785, 685.8414716307934, 0.6976458437857059, 0.15811388300841897
29.5, -19.5, 250.68255582597058, 0.45238544295858063, 972.50988345696, 642.8616522208674, 0.6610335413103473, 0.15491933384829668, (-97.2752372371175, -182.75984209793103, 180.10876075993318), (-97.2752372371175, -182.75984209793103, 180.10876075993318)
29.5, -18.5, 250.73971439129244, 0.7548692950006365, 979.4253282596611, 645.5019118661112, 0.6590618939915535, 0.15811388300841897, (-3490.0, -1141.1700228914078, 2802.6786938846294), (-2828.602574445188, -923.2756819135587, 3490.0)
29.5, -17.5, 250.79386365447047, 0.9999029239476366, 982.8583551807848, 645.8699734829556, 0.6571343368843374, 0.15491933384829668
29.5, -16.5, 250.84500505087763, 0.9999029816709132, 985.937699815443, 636.6625492698906, 0.6457431837620846, 0.14491376746189438
29.5, -15.5, 250.893139935338, 0.9999030384064733, 984.1479307661255, 674.4014158230042, 0.6852642725144031, 0.14491376746189438
29.5, -14.5, 250.9382695823032, 0.9999030941543684, 987.3011079587312, 679.9729159320113, 0.6887188826698186, 0.12649110640673517
29.5, -13.5, 250.9803951860184, 0.9999031489146489, 965.6696599249987, 638.8857455006546, 0.6615986522246907, 0.15491933384829668
29.5, -12.5, 251.0195178606772, 0.9999032026873645, 987.8270981629057, 660.9128975754863, 0.6690572659978732, 0.15491933384829668
29.5, -11.5, 251.05563864056694, 0.999903255472564, 987.1623037108677, 655.3163351088771, 0.6638384920549136, 0.1264911064067352
29.5, -10.5, 251.08875848020227, 0.01594018597163195, 991.4473926660353, 652.3527311652769, 0.6579801772548702, 0.15491933384829668, (3500.0, 1836.0352603656922, 47.099093250109405)
29.5, -9.5, 251.11887825444953, 0.9999033580806048, 975.0400555321976, 656.3743457143486, 0.6731768012915997, 0.14491376746189438
29.5, -8.5, 251.14599875863988, 0.9999034079035393, 990.3728577935772, 672.3824644549763, 0.6789185094924326, 0.14491376746189438
29.5, -7.5, 251.1701207086723, 0.9999034567391435, 995.7662204288036, 689.6834987742088, 0.6926158817450271, 0.15491933384829668
29.5, -6.5, 251.1912447411065, 0.9999035045874618, 975.2939830115824, 624.7423648395215, 0.6405682550305473, 0.15491933384829668
29.5, -5.5, 251.20937141324504, 0.9999035514485376, 983.1317118955815, 658.2703848200312, 0.6695647967156064, 0.15491933384829668
29.5, -4.5, 251.22450120320562, 0.9999035973224133, 979.6717413196635, 679.2815094889801, 0.6933766493804917, 0.12649110640673517
29.5, -3.5, 251.24616968325427, 0.9999036422091305, 994.7879182917029, 659.7523114171184, 0.6632090109719834, 0.15811388300841897
29.5, -2.5, 251.24577165349967, 0.9999036861087299, 989.1661782373494, 659.2483559429569, 0.6664687596958768, 0.15491933384829668
29.5, -1.5, 251.2519128746491, 0.9999037290212512, 985.1369645788542, 690.1230401276644, 0.7005351184062937, 0.15491933384829668
29.5, -0.5, 251.25505833532486, 0.9999037709467334, 984.2558033785597, 691.5492395745991, 0.7026112898707684, 0.15811388300841897
29.5, 0.5, 251.25511075937675, 0.9999038118852144, 1068.5285650676012, 751.9037796315946, 0.7036814964174822, 0.09486832980505139
29.5, 1.5, 251.2519128746491, 0.9999038518367314, 964.4967243911915, 664.2471440641708, 0.6886981855572979, 0.12649110640673517
29.5, 2.5, 251.24577165349965, 0.9999038908013205, 999.1257298394609, 666.389396467256, 0.6669725106312008, 0.14491376746189438
29.5, 3.5, 251.2366345099828, 0.999903928779017, 980.6662101326322, 638.7858328612076, 0.6513794665922198, 0.15491933384829668
29.5, 4.5, 251.22450120320562, 0.9999039657698554, 982.9210751876648, 660.3126744977158, 0.6717860580735286, 0.15491933384829668
29.5, 5.5, 251.20937141324504, 0.9999040017738692, 975.4233999601956, 637.3128777867989, 0.6533705033248187, 0.14491376746189438
29.5, 6.5, 251.19124474110646, 0.999904036791091, 988.0968934115369, 693.2082015241228, 0.7015589322730574, 0.15811388300841897
29.5, 7.5, 251.1701207086723, 0.9999040708215525, 995.4240284126319, 669.7042615017841, 0.672782896922569, 0.15811388300841897
29.5, 8.5, 251.14599875863985, 0.7464781126256139, 984.548388231296, 663.5893443853059, 0.6740037892677059, 0.14491376746189438, (-163.6771512799077, 3.499377036117989, 209.39788042232576), (-163.6771512799077, 3.499377036117989, 209.39788042232576)
29.5, 9.5, 251.11887825444947, 0.9999041359223171, 986.4142107603244, 651.8687935095238, 0.6608469204910032, 0.14491376746189438
29.5, 10.5, 251.08875848020224, 0.9999041669926791, 989.9521584264386, 652.3710636897647, 0.6589925160895955, 0.15491933384829668
29.5, 11.5, 251.05563864056685, 0.999904197076399, 996.5802926314242, 680.06745102871, 0.6824010629720796, 0.15491933384829668
29.5, 12.5, 251.01951786067718, 0.9999042261735037, 962.7687838760941, 650.0430988664124, 0.6751809050656459, 0.15491933384829668
29.5, 13.5, 250.9803951860183, 0.9999042542840197, 976.6836658759091, 658.1733750542141, 0.6738859244297398, 0.15811388300841897
29.5, 14.5, 250.93826958230318, 0.9999042814079726, 973.4002562132209, 637.2979125263261, 0.6547131136019831, 0.15491933384829668
29.5, 15.5, 250.89313993533793, 0.9999043075453867, 999.946366497021, 657.9647558139486, 0.6580000466614114, 0.15811388300841897
29.5, 16.5, 250.8450050508776, 0.5690743326623214, 987.4578461832918, 635.4723066699759, 0.6435437311336322, 0.14491376746189438, (3500.0, -1211.3896834488928, 2706.7048863834816)
29.5, 17.5, 250.7938636544704, 0.9999043568606929, 990.6601399812606, 676.5226091175714, 0.6829008070622167, 0.15811388300841897
29.5, 18.5, 250.73971439129235, 0.9999043800386297, 963.7922338502051, 620.834374611481, 0.6441578929634462, 0.14491376746189438
29.5, 19.5, 250.68255582597052, 0.9999044022301171, 984.0617153569076, 642.5040438019715, 0.6529103142366868, 0.15811388300841897
29.5, 20.5, 250.6223864423959, 0.9999044234351753, 987.5454914139557, 656.4671276933893, 0.664746215137358, 0.15811388300841897
29.5, 21.5, 250.5559400739231, 0.9999044436538236, 1089.5752007352924, 774.2149461659271, 0.7105658660764796, 0.12649110640673517
29.5, 22.5, 250.48622331976193, 0.9999044628860801, 967.3326974893977, 582.9874846161888, 0.6026752596384539, 0.14491376746189438
29.5, 23.5, 250.41670988916593, 0.9999044811319625, 974.364520906486, 479.9048931678456, 0.49253116556560683, 0.15491933384829668
29.5, 24.5, 250.34417857579152, 0.9999044983914871, 973.9508761409509, 504.7796583143813, 0.5182804088789887, 0.15491933384829668
29.5, 25.5, 250.2686274484682, 0.9999045146646697, 992.5471920836403, 479.5053801510802, 0.48310587544402933, 0.15811388300841897
29.5, 26.5, 250.19005449391324, 0.9999045299515249, 976.5493086193256, 499.4851882488591, 0.5114797418217889, 0.15491933384829668
29.5, 27.5, 250.10845761646706, 0.9999045442520665, 976.7431036907714, 517.7314394618077, 0.5300589658687952, 0.15811388300841897
29.5, 28.5, 250.02383463781723, 0.9999045575663078, 996.1462591234183, 511.03400500547315, 0.5130110165300116, 0.12649110640673517
29.5, 29.5, 249.93618329671125, 0.9999045698942605, 997.1104529272063, 498.83566719646245, 0.5002812534278785, 0.14491376746189438
29.5, 30.5, 249.84550124865783, 0.9999045812359358, 993.5725584270033, 492.1520584434646, 0.49533580035928754, 0.14491376746189438
29.5, 31.5, 249.75178606561664, 0.9999045915913441, 998.0592894187804, 491.77079070651837, 0.49272703126975653, 0.15811388300841897
29.5, 32.5, 249.65503523567688, 0.9999046009604949, 981.6231030563913, 504.4953169392645, 0.513939938219122, 0.14491376746189438
29.5, 33.5, 249.5552461627234, 0.9999046093433964, 981.3821411624469, 426.8626340799613, 0.43496067044214054, 0.14491376746189438, (-888.6027973262171, -16.047003111973265, 3490.0), (-44.29999999999999, -0.7999999999993719, 264.7296577171706)
29.5, 34.5, 249.45241616609172, 0.9999046167400564, 982.0763030303413, 53.99553570067307, 0.05498099845608929, 0.15491933384829668
29.5, 35.5, 249.34654248021099, 0.9999046231504815, 981.2887781542131, 0.999897975198136, 0.0010189640373539442, 0.14491376746189438
29.5, 36.5, 249.2376222542347, 0.9999046285746774, 992.6899776888396, 0.0, 0.0, 0.14491376746189438
29.5, 37.5, 249.12565255165944, 0.9999046330126493, 990.693064590852, 0.0, 0.0, 0.15491933384829668
29.5, 38.5, 249.0106303499314, 0.999904636464401, 989.5757376111665, 0.0, 0.0, 0.15491933384829668
29.5, 39.5, 248.89255254004075, 0.9999046389299358, 967.4813885461302, 0.9866365113711116, 0.0010197989574288002, 0.14491376746189438
29.5, 40.5, 248.77141592610286, 0.9999046404092556, 973.863453368729, 0.0, 0.0, 0.15491933384829668
29.5, 41.5, 248.64721722492774, 0.9999046409023621, 992.7250606028068, 0.0, 0.0, 0.15491933384829668
29.5, 42.5, 248.5134824731752, 0.2796195730942543, 1078.784382677915, 0.0, 0.0, 0.15811388300841897, (-3500.0, -2185.912130255288, 1304.8797471203825)
29.5, 43.5, 248.3764177549623, 0.9999046389299358, 973.6202972227003, 0.8203469791126023, 0.0008425738262161157, 0.15491933384829668
29.5, 44.5, 248.2427047680737, 0.999904636464401, 983.9063978456641, 0.9318686376778569, 0.0009471110663760824, 0.15491933384829668
29.5, 45.5, 248.1266954420894, 0.9999046330126493, 693.3208668482389, 0.0, 0.0, 0.15811388300841897
30.5, -44.5, 248.16512780879606, 0.9999046285746774, 790.9218082207283, 0.0, 0.0, 0.15491933384829668
30.5, -43.5, 248.2853173578768, 0.9999046231504815, 979.9879153086404, 0.0, 0.0, 0.09486832980505137
30.5, -42.5, 248.42241898832538, 0.9999046167400564, 1065.4992790215867, 0.7011340638504283, 0.0006580333536163975, 0.12649110640673517
30.5, -41.5, 248.55618972803194, 0.9999046093433964, 984.4950720267381, 0.0, 0.0, 0.14491376746189438
30.5, -40.5, 248.680421826111, 0.9999046009604949, 989.6621200328556, 0.0, 0.0, 0.14491376746189438
30.5, -39.5, 248.8015909906749, 0.9999045915913441, 989.5560442943117, 0.0, 0.0, 0.1264911064067352
30.5, -38.5, 248.91970050753062, 0.9999045812359358, 979.3720956469376, 0.0, 0.0, 0.14491376746189438
30.5, -37.5, 249.03475357510732, 0.9999045698942605, 973.7125947174397, 0.0, 0.0, 0.12649110640673517
30.5, -36.5, 249.1467533048878, 0.9999045575663078, 977.675134712984, 0.0, 0.0, 0.15811388300841897
30.5, -35.5, 249.25570272182725, 0.9999045442520665, 987.7447276374061, 0.0, 0.0, 0.1264911064067352
30.5, -34.5, 249.36160476475987, 0.9999045299515249, 990.9856961866112, 0.0, 0.0, 0.12649110640673517
30.5, -33.5, 249.4644622867927, 0.9999045146646697, 979.1548581647204, 115.98851473987577, 0.11845778404988862, 0.15491933384829668
30.5, -32.5, 249.56427805568742, 0.9999044983914871, 982.3827957971195, 474.1925025265345, 0.4826962611267718, 0.14491376746189438
30.5, -31.5, 249.66105475423007, 0.9999044811319625, 982.1353347779898, 491.42617542040546, 0.500365029155062, 0.14491376746189438
30.5, -30.5, 249.7547949805884, 0.9999044628860801, 976.7216787801392, 479.3696477345918, 0.4907945202294402, 0.14491376746189438
30.5, -29.5, 249.84550124865788, 0.9999044436538236, 981.7840467315083, 493.8001533817816, 0.5029620872591167, 0.12649110640673517
30.5, -28.5, 249.9331759883953, 0.9999044234351753, 999.0905447857426, 478.6539653795009, 0.4790896759834209, 0.15811388300841897
30.5, -27.5, 250.017821546141, 0.9999044022301171, 996.1698078512413, 490.46052524348227, 0.49234630619995967, 0.12649110640673517
30.5, -26.5, 250.0994401849295, 0.9999043800386297, 977.588404776549, 494.53399836196866, 0.5058713830336461, 0.15811388300841897
30.5, -25.5, 250.17803408478855, 0.9999043568606929, 988.597398973359, 474.9411817751668, 0.4804192103563947, 0.15491933384829668
30.5, -24.5, 250.2536053430268, 0.999904332696286, 994.6780066370158, 527.9526175489648, 0.5307774114097092, 0.15811388300841897
30.5, -23.5, 250.32615597450993, 0.9999043075453867, 991.6241140184364, 499.81175873476326, 0.5040334857422302, 0.14491376746189438
30.5, -22.5, 250.395687911926, 0.9999042814079726, 992.8358005727816, 516.9002430260938, 0.5206301411853667, 0.09486832980505139, (-888.6780359554502, 54.1632211530546, 3490.0000000000005), (-44.29999999999999, 2.700000000000678, 264.71999636786285)
30.5, -21.5, 250.46542321961365, 0.9999042542840197, 1076.3689230040172, 614.9820813957757, 0.571348789669098, 0.14491376746189438
30.5, -20.5, 250.5318872645181, 0.9999042261735037, 966.280656556374, 675.7114845851894, 0.6992911220983006, 0.15491933384829668
30.5, -19.5, 250.5920726488579, 0.999904197076399, 985.593734823392, 691.1152618252171, 0.7012171825027456, 0.12649110640673517
30.5, -18.5, 250.64924640919875, 0.9999041669926791, 993.7295652436591, 699.9834986499537, 0.7044003953714713, 0.15491933384829668
30.5, -17.5, 250.7034100628372, 0.5188753952108115, 979.0504047709082, 667.8478482928815, 0.6821383710567525, 0.15811388300841897, (-3500.0, 575.9414728943382, 2243.266910087577)
30.5, -16.5, 250.75456504627007, 0.9999041038652845, 983.1244925476581, 704.3460586236685, 0.7164362844815653, 0.15491933384829668
30.5, -15.5, 250.80271271538172, 0.9999040708215525, 985.5406046765756, 667.189441706496, 0.6769781362031727, 0.15811388300841897
30.5, -14.5, 250.8478543456207, 0.999904036791091, 971.7511311964906, 650.279902916544, 0.6691835821337013, 0.15811388300841897
30.5, -13.5, 250.88999113216585, 0.32409749565399654, 986.8006119264454, 680.4974280173873, 0.6895997223683425, 0.14491376746189438, (3490.0, -1635.284565456406, 1180.9759891105457), (3490.0, -1613.9631122538522, 1444.6179565993734)
30.5, -12.5, 250.92912419008175, 0.9999039657698554, 979.367376358153, 633.5050507958134, 0.6468512900149348, 0.14491376746189438
30.5, -11.5, 250.96525455446366, 0.999903928779017, 969.246763603328, 672.319854263464, 0.6936518949663641, 0.1264911064067352
30.5, -10.5, 250.99838318057184, 0.9999038908013205, 993.2163457401349, 657.0119945942307, 0.6614993776654289, 0.15811388300841897
30.5, -9.5, 251.02851094395564, 0.9999038518367314, 988.2753741173666, 660.4251706027011, 0.6682602722874987, 0.12649110640673517
30.5, -8.5, 251.0556386405669, 0.9999038118852144, 973.0898148265043, 701.2780531167718, 0.7206714554316913, 0.15491933384829668
30.5, -7.5, 251.07976698686343, 0.9999037709467334, 989.8599527743156, 675.6868223279874, 0.6826085048033472, 0.15491933384829668
30.5, -6.5, 251.1008966199014, 0.9999037290212512, 992.7758861546905, 683.9436192682172, 0.6889204590950829, 0.14491376746189438
30.5, -5.5, 251.1190280974181, 0.9999036861087299, 955.7748983892423, 661.880413075578, 0.6925065872634218, 0.14491376746189438
30.5, -4.5, 251.13416189790405, 0.9999036422091305, 988.4233914212167, 681.1072743663037, 0.6890845363209841, 0.15811388300841897
30.5, -3.5, 251.14629842066498, 0.9999035973224133, 983.3000783278376, 664.8581708946247, 0.6761498199260362, 0.15491933384829668
30.5, -2.5, 251.15543798587328, 0.9999035514485376, 982.0325729778741, 655.9585324484599, 0.6679600560084875, 0.15811388300841897
30.5, -1.5, 251.1615808346097, 0.9999035045874618, 980.5303959763934, 652.6966333144105, 0.665656705791836, 0.15811388300841897
30.5, -0.5, 251.16472712889424, 0.9999034567391435, 975.1183850074494, 651.8847311030509, 0.6685185523376946, 0.14491376746189438
30.5, 0.5, 251.16477956683934, 0.9999034079035393, 1092.140677593182, 763.1526803328655, 0.6987677466740569, 0.14491376746189438
30.5, 1.5, 251.1615808346097, 0.9999033580806048, 992.721890513597, 660.6225401086504, 0.665465873596148, 0.15491933384829668
30.5, 2.5, 251.15543798587328, 0.9999033072702951, 990.7552518317744, 672.3697042678957, 0.6786435933847171, 0.15811388300841897
30.5, 3.5, 251.14629842066495, 0.999903255472564, 969.8985256128879, 669.8809899060911, 0.690671211694839, 0.12649110640673517
30.5, 4.5, 251.13416189790402, 0.9999032026873645, 964.4882614933757, 646.2735993639641, 0.6700689113243322, 0.15491933384829668
30.5, 5.5, 251.11902809741804, 0.9999031489146489, 985.921657607478, 671.4719761485068, 0.6810601744746719, 0.15811388300841897
30.5, 6.5, 251.10089661990136, 0.9999030941543684, 982.643181327621, 672.9665261342894, 0.6848534024579132, 0.15491933384829668
30.5, 7.5, 251.0797669868634, 0.9999030384064733, 983.6172886036279, 665.3739183246738, 0.6764561034396398, 0.0
30.5, 8.5, 251.05563864056685, 0.9999029816709132, 990.0472184168696, 683.6867210878821, 0.6905597110621938, 0.14491376746189438
30.5, 9.5, 251.02851094395555, 0.9999029239476366, 974.7656165344026, 677.7696060602567, 0.6953154630853109, 0.15491933384829668
30.5, 10.5, 250.9983831805718, 0.999902865236591, 981.3334458173788, 669.1695128496648, 0.6818982025954446, 0.15811388300841897
30.5, 11.5, 250.9652545544636, 0.9999028055377235, 969.9525702479082, 664.6550516447247, 0.6852448996293158, 0.15491933384829668, (-889.0167567898128, 122.41539991915363, 3490.0), (-44.29999999999999, 6.100000000000726, 264.6765242043517)
30.5, 12.5, 250.92912419008172, 0.9999027448509797, 993.0464270255476, 684.7526664005397, 0.6895474851579356, 0.15811388300841897
30.5, 13.5, 250.8899911321658, 0.9999026831763047, 981.5165236469267, 670.131154871457, 0.682750762444136, 0.09486832980505137
30.5, 14.5, 250.84785434562062, 0.9999026205136426, 999.9443981190985, 678.9622497306434, 0.679000003407965, 0.15491933384829668
30.5, 15.5, 250.80271271538163, 0.9999025568629367, 973.166784637234, 665.1762967448446, 0.6835172626579128, 0.1264911064067352
30.5, 16.5, 250.75456504627, 0.9999024922241291, 987.7463418901293, 693.3025390836053, 0.7019034236633234, 0.15811388300841897
30.5, 17.5, 250.70341006283715, 0.9999024265971611, 982.2552228776278, 686.833344045497, 0.6992412237150962, 0.15811388300841897
30.5, 18.5, 250.64924640919867, 0.9999023599819735, 998.4817496840235, 685.0836948058194, 0.6861254049186366, 0.14491376746189438, (-889.1190498564316, 136.47877063260475, 3490.0), (-44.29999999999999, 6.800000000000736, 264.6634030172622)
30.5, 19.5, 250.59207264885782, 0.06550250775603761, 996.702069817956, 726.6598477611539, 0.7290642507583792, 0.15491933384829668, (3500.0, 2269.0591942574106, 388.92072604751667), (3500.0, 2269.0591942574106, 388.92072604751667)
30.5, 20.5, 250.53188726451805, 0.9999022237866965, 971.2103405557275, 693.9425817589051, 0.7145131726684772, 0.15491933384829668
30.5, 21.5, 250.46542321961354, 0.9999021542064835, 1078.9391928086743, 603.1702525484741, 0.559040079893949, 0.15491933384829668
30.5, 22.5, 250.39568791192593, 0.9999020836378039, 978.8438012573889, 526.4729649299188, 0.5378518658989615, 0.15491933384829668
30.5, 23.5, 250.32615597450985, 0.9999020120805934, 986.8691689125919, 522.3594778397436, 0.529309754823245, 0.15811388300841897
30.5, 24.5, 250.25360534302672, 0.9999019395347873, 986.1526577322516, 476.921111090965, 0.483617934151989, 0.14491376746189438
30.5, 25.5, 250.1780340847885, 0.9999018660003198, 985.479911728625, 487.9122711732873, 0.49510118406923487, 0.14491376746189438, (-889.2324800128858, 150.54725959587603, 3489.9999999999995), (-44.29999999999999, 7.500000000000746, 264.6488572406041)
30.5, 26.5, 250.09944018492942, 0.9999017914771241, 990.4151483307327, 527.1080126318938, 0.532209158472882, 0.15491933384829668
30.5, 27.5, 250.0178215461409, 0.9999017159651328, 971.8637891009408, 516.1976967485097, 0.5311420206591273, 0.14491376746189438
30.5, 28.5, 249.9331759883952, 0.9999016394642771, 978.0102309017216, 487.2026938737566, 0.49815705243140207, 0.12649110640673517
30.5, 29.5, 249.84550124865783, 0.999901561974488, 999.91333688892, 484.9578781031755, 0.484999909704224, 0.15491933384829668
30.5, 30.5, 249.75479498058831, 0.11521521780325396, 986.8953230170964, 519.3658322588831, 0.5262623301031552, 0.15491933384829668, (-3500.0, -1522.2253424186022, -107.6575293142026); (1433.2413859938338, 3500.0, 807.5551474403117)
30.5, 31.5, 249.66105475422995, 0.9999014040278267, 973.8042985375948, 492.40827530858246, 0.5056542428987568, 0.15811388300841897
30.5, 32.5, 249.5642780556873, 0.9999013235708113, 986.4648338053025, 465.3393293445097, 0.4717241947180787, 0.1264911064067352
30.5, 33.5, 249.46446228679258, 0.9999012421245759, 966.5193949221102, 93.14095006018516, 0.0963673885382209, 0.14491376746189438
30.5, 34.5, 249.36160476475976, 0.9999011596890462, 994.3625722665419, 0.0, 0.0, 0.15811388300841897
30.5, 35.5, 249.2557027218271, 0.9999010762641478, 999.8929111533179, 0.0, 0.0, 0.14491376746189438
30.5, 36.5, 249.14675330488765, 0.999900991849805, 994.1819404449668, 0.0, 0.0, 0.15811388300841897
30.5, 37.5, 249.03475357510717, 0.9999009064459409, 983.7074829273383, 0.0, 0.0, 0.09486832980505137
30.5, 38.5, 248.91970050753048, 0.9999008200524782, 997.8704170860518, 0.0, 0.0, 0.15811388300841897, (-889.4727216821799, 176.68984087593378, 3489.9999999999995), (-44.29999999999999, 8.800000000000765, 264.6180635027612)
30.5, 39.5, 248.80159099067475, 0.9999007326693385, 995.6772712144345, 0.0, 0.0, 0.15811388300841897
30.5, 40.5, 248.68042182611086, 0.9999006442964425, 999.8745626535498, 0.0, 0.0, 0.15491933384829668, (-889.5130996299526, 180.71372227246633, 3490.0), (-44.29999999999999, 9.000000000000767, 264.6128897681219)
30.5, 41.5, 248.55618972803174, 0.99990055493371, 986.8872228427512, 0.0, 0.0, 0.12649110640673517
30.5, 42.5, 248.42241898832523, 0.99990046458106, 1080.154493313605, 0.0, 0.0, 0.14491376746189438, (-889.5543898398167, 184.7381577094131, 3490.0), (-44.29999999999999, 9.20000000000077, 264.6075996893363)
30.5, 43.5, 248.28531735787664, 0.9999003732384103, 993.4176097309031, 0.0, 0.0, 0.09486832980505139
30.5, 44.5, 248.15156833319924, 0.9999002809056782, 990.1773118254234, 0.0, 0.0, 0.0
30.5, 45.5, 248.03552771906539, 0.9999001875827798, 691.0848986813313, 0.9614264093872622, 0.0013911842252981846, 0.0
31.5, -44.5, 248.07094657093066, 0.9999000932696303, 793.7125097234571, 0.0, 0.0, 0.0
31.5, -43.5, 248.19116960361234, 0.9998999979661443, 989.4873154944581, 0.0, 0.0, 0.0
31.5, -42.5, 248.3283094012861, 0.9900063414375884, 1083.8657913639263, 0.0, 0.0, 0.0, (-470.294622386808, -214.8435580495679, 3500.0)
31.5, -41.5, 248.46211735248897, 0.9998998043878153, 970.8053199413358, 0.0, 0.0, 0.0
31.5, -40.5, 248.58638398290185, 0.9998997061127969, 979.1507916630663, 0.0, 0.0, 0.0
31.5, -39.5, 248.70758680473125, 0.9998996068470902, 983.4017489707279, 1.6116436515347998, 0.001638845622576549, 0.0
31.5, -38.5, 248.8257291064916, 0.9998995065906054, 991.0015769247249, 0.0, 0.0, 0.0
31.5, -37.5, 248.94081408924455, 0.9998994053432514, 999.8820316020278, 0.0, 0.0, 0.0
31.5, -36.5, 249.05284486703113, 0.9998993031049362, 977.4840498812739, 0.0, 0.0, 0.0
31.5, -35.5, 249.16182446729093, 0.9998991998755672, 996.1745698080408, 0.0, 0.0, 0.09486832980505139, (-889.8450358769617, 210.9113516187088, 3490.0), (-44.29999999999999, 10.500000000000789, 264.57037790676924)
31.5, -34.5, 249.26775583126948, 0.9998990956550503, 979.3868406489624, 0.0, 0.0, 0.0
31.5, -33.5, 249.37064181441238, 0.9998989904432911, 988.8713503203998, 3.999592672823977, 0.0040446036499369575, 0.0
31.5, -32.5, 249.4704851867478, 0.9998988842401939, 976.8296040832898, 98.79564034097464, 0.1011390726980371, 0.0
31.5, -31.5, 249.5672886332565, 0.9998987770456624, 997.2943331406485, 465.6504604413146, 0.4669137735646231, 0.0
31.5, -30.5, 249.66105475423007, 0.9998986688595992, 986.662827265497, 479.71885860879644, 0.4862034378434234, 0.0
31.5, -29.5, 249.75178606561676, 0.9998985596819061, 985.2798240938882, 474.1465927812049, 0.4812303887550457, 0.0
31.5, -28.5, 249.83948499935616, 0.9998984495124837, 995.1430320592895, 498.99707440308566, 0.5014325160580092, 0.0
31.5, -27.5, 249.92415390370158, 0.9998983383512321, 996.6569156798023, 510.65316302780707, 0.5123660459221311, 0.0
31.5, -26.5, 250.00579504353104, 0.9998982261980504, 996.4769223084572, 493.2388779936824, 0.49498274064494735, 0.0
31.5, -25.5, 250.08441060064683, 0.9998981130528365, 987.8890266448695, 495.2557185347252, 0.5013272798633502, 0.0, (-890.0949080961882, 231.063012259749, 3490.0), (-44.29999999999999, 11.500000000000803, 264.5383997113689)
31.5, -24.5, 250.16000267406355, 0.9998979989154877, 988.3115814098423, 519.0272355427729, 0.5251655907971575, 0.0
31.5, -23.5, 250.23257328028458, 0.9998978837859003, 994.125437395547, 509.0616401535595, 0.5120698264066367, 0.0, (-890.1476315476519, 235.095424133369, 3489.9999999999995), (-44.29999999999999, 11.700000000000806, 264.53165483960566)
31.5, -22.5, 250.30212435356793, 0.9998977676639696, 962.9356517833384, 503.8830353729456, 0.5232779931242174, 0.0
31.5, -21.5, 250.37187884541078, 0.9998976505495903, 1061.5677921360318, 529.7948612247195, 0.49906832625233827, 0.0
31.5, -20.5, 250.4383611675581, 0.9998975324426559, 986.47828176611, 491.19186203400506, 0.49792465897436217, 0.0
31.5, -19.5, 250.4985630965147, 0.9998974133430589, 990.0918170772246, 634.0208711920656, 0.6403657320022205, 0.0
31.5, -18.5, 250.55575256833544, 0.9998972932506913, 991.0079544063101, 729.8661970000682, 0.7364887373051552, 0.0
31.5, -17.5, 250.60993110154558, 0.9998971721654438, 979.4633834695919, 729.4037919062596, 0.7446973559363329, 0.0
31.5, -16.5, 250.66110013380458, 0.03582072471909836, 985.308812520594, 706.35303574679, 0.7168849266046999, 0.0, (3500.0, 853.3454316016331, 241.6521011138), (3500.0, 853.3454316016331, 241.6521011138)
31.5, -15.5, 250.70926102209359, 0.9998969270158681, 991.7768699659733, 710.3042167926669, 0.7161935696453947, 0.0
31.5, -14.5, 250.75441504289262, 0.999896802951317, 983.3949832821221, 704.5430631248875, 0.7164395538946572, 0.0
31.5, -13.5, 250.7965633923464, 0.9998966778934404, 987.4268122987917, 710.0373954870007, 0.7190785044959322, 0.0
31.5, -12.5, 250.83570718642048, 0.9998965518421246, 985.6010748098744, 690.1322862995027, 0.7002146242917109, 0.0
31.5, -11.5, 250.87184746104597, 0.9998964247972549, 983.3023110703163, 703.613716150782, 0.7155619469508868, 0.0
31.5, -10.5, 250.9049851722544, 0.9998962967587159, 989.2668749998495, 687.0283600512752, 0.6944823256630115, 0.0
31.5, -9.5, 250.9351211963018, 0.9998961677263911, 967.2577390560944, 687.1470150001702, 0.7104073580954005, 0.0
31.5, -8.5, 250.96225632978224, 0.9998960377001632, 985.375201435432, 699.7362922435686, 0.7101216787516443, 0.0
31.5, -7.5, 250.98639128973133, 0.999895906679914, 976.6212738199672, 691.4673376143061, 0.7080199419675686, 0.0
31.5, -6.5, 251.00752671371905, 0.9998957746655244, 988.4387433147996, 682.6211262284786, 0.6906053924386454, 0.0
31.5, -5.5, 251.02566315993235, 0.9998956416568741, 997.3933218577445, 699.1752803543733, 0.7010025684271574, 0.0
31.5, -4.5, 251.0408011072475, 0.9998955076538423, 984.1239273997684, 691.6004883833726, 0.7027575177556195, 0.0
31.5, -3.5, 251.05294095529206, 0.999895372656307, 987.5595722777402, 680.9547859130724, 0.6895328697412103, 0.0
31.5, -2.5, 251.06208302449647, 0.9998952366641455, 994.5854018704092, 682.4096441578341, 0.6861247338584501, 0.0
31.5, -1.5, 251.06822755613567, 0.9998950996772341, 983.34492959031, 677.5464294083619, 0.6890221416920789, 0.0
31.5, -0.5, 251.07137471236024, 0.999894961695448, 987.8757169274447, 665.5060011843599, 0.6736738131940928, 0.0
31.5, 0.5, 251.07142716467078, 0.9998948227186619, 1087.5737081073692, 745.4852519699299, 0.6854572213475512, 0.0
31.5, 1.5, 251.06822755613564, 0.9998946827467492, 991.7152615172596, 667.1345927923024, 0.6727078009988775, 0.0
31.5, 2.5, 251.06208302449647, 0.9998945417795826, 995.6238141173094, 671.8034652994753, 0.6747563244005733, 0.0
31.5, 3.5, 251.05294095529203, 0.9998943998170338, 988.1777647666272, 700.4501871822171, 0.7088301438837158, 0.0
31.5, 4.5, 251.0408011072475, 0.9998942568589734, 994.0326480575428, 710.8073633768678, 0.7150744643708326, 0.0
31.5, 5.5, 251.02566315993235, 0.9998941129052716, 964.063603048586, 679.7852436598815, 0.7051248916671553, 0.0
31.5, 6.5, 251.00752671371902, 0.9998939679557973, 991.6664114001727, 670.2439078095662, 0.6758763835342799, 0.0
31.5, 7.5, 250.98639128973133, 0.9998938220104184, 970.690872991284, 681.8648105026792, 0.7024530975566325, 0.0
31.5, 8.5, 250.9622563297822, 0.9998936750690023, 973.6867490785547, 659.976756360508, 0.6778121988258287, 0.0
31.5, 9.5, 250.93512119630176, 0.999893527131415, 976.2038113046054, 689.2532742076932, 0.7060546847144249, 0.0
31.5, 10.5, 250.90498517225438, 0.903570696452616, 990.4457408271304, 681.1631439707384, 0.6877339322009631, 0.0, (13.375785921273923, -51.50743413312453, 248.27729711132477), (13.375785921273923, -51.50743413312453, 248.27729711132477)
31.5, 11.5, 250.87184746104592, 0.9998932282671873, 969.4227855071147, 719.0179188192093, 0.7416969454076571, 0.0
31.5, 12.5, 250.8357071864204, 0.9998930773402749, 987.9059256464611, 696.5247784732742, 0.7050517264763704, 0.0
31.5, 13.5, 250.79656339234637, 0.9998929254166471, 995.0864864169301, 728.0730447276511, 0.731668105904311, 0.0
31.5, 14.5, 250.75441504289253, 0.9998927724961656, 993.1844046921389, 701.1554721340169, 0.705967057901354, 0.0
31.5, 15.5, 250.70926102209356, 0.11556341705962629, 986.2205278019952, 696.4224690768401, 0.7061528830970164, 0.0, (-3120.2755671844484, 3500.0, -433.47290788452074)
31.5, 16.5, 250.6611001338045, 0.9998924636640834, 972.0136852325974, 695.9089066103191, 0.7159455851115842, 0.0
31.5, 17.5, 250.60993110154553, 0.9998923077522013, 994.477854920754, 748.131175180147, 0.7522854043238224, 0.0
31.5, 18.5, 250.55575256833538, 0.9998921508429031, 986.3712838808473, 740.516044300147, 0.750747772569584, 0.0
31.5, 19.5, 250.49856309651463, 0.9998919929360455, 982.052404375092, 651.1446507447416, 0.6630447090642617, 0.0
31.5, 20.5, 250.43836116755804, 0.9998918340314847, 978.5965577605549, 502.2106150577499, 0.5131947492304912, 0.0
31.5, 21.5, 250.37409065789527, 0.9998916741290761, 1072.9952037333487, 549.4316618272646, 0.5120541638169377, 0.0
31.5, 22.5, 250.30212435356785, 0.9998915132286739, 990.3534007690782, 501.54591166348433, 0.5064312509796999, 0.0
31.5, 23.5, 250.23257328028453, 0.9998913513301314, 982.8844976139297, 519.5366377414624, 0.5285836118106452, 0.0
31.5, 24.5, 250.16000267406343, 0.9998911884333012, 981.6699297624697, 516.8366199814734, 0.5264871667267328, 0.0
31.5, 25.5, 250.08441060064672, 0.9998910245380347, 999.8150769220557, 498.89707132978447, 0.49898934597550365, 0.0
31.5, 26.5, 250.00579504353092, 0.9998908596441825, 965.1731317382439, 496.25046019709134, 0.5141569360756667, 0.0
31.5, 27.5, 249.9241539037015, 0.9998906937515945, 982.2566507698834, 501.5911336340758, 0.5106518069803176, 0.0
31.5, 28.5, 249.83948499935607, 0.9998905268601191, 971.483592015306, 477.89775747903315, 0.4919257117741456, 0.0, (-891.8417894389178, 340.22858332998874, 3490.0), (-44.29999999999999, 16.90000000000088, 264.3153999692215)
31.5, 29.5, 249.75178606561664, 0.9998903589696045, 980.7595524398146, 502.75329643522787, 0.5126162627573081, 0.0
31.5, 30.5, 249.66105475422995, 0.9998901900798975, 999.9056848965679, 494.9533053192442, 0.494999991294622, 0.0
31.5, 31.5, 249.5672886332564, 0.9998900201908442, 976.0680430373529, 469.01831874083274, 0.48051805618113447, 0.0
31.5, 32.5, 249.47048518674765, 0.9998898493022894, 981.2789422267125, 104.98982111691399, 0.10699284026076387, 0.0
31.5, 33.5, 249.37064181441224, 0.9998896774140774, 973.025836852623, 0.0, 0.0, 0.0, (-892.0376906989206, 350.37146316392807, 3490.0), (-44.29999999999999, 17.400000000000887, 264.29045327562346)
31.5, 34.5, 249.26775583126934, 0.9998895045260516, 978.2959188004329, 0.0, 0.0, 0.0
31.5, 35.5, 249.1618244672908, 0.9998893306380541, 987.5158945865369, 0.808726547482126, 0.0008189504107381804, 0.0
31.5, 36.5, 249.05284486703098, 0.9998891557499263, 996.9980271276155, 0.0, 0.0, 0.0
31.5, 37.5, 248.9408140892444, 0.9998889798615088, 990.2425566520513, 0.0, 0.0, 0.0
31.5, 38.5, 248.82572910649142, 0.999888802972641, 981.3426119946876, 0.0, 0.0, 0.0
31.5, 39.5, 248.70758680473108, 0.9998886250831616, 999.1009119832001, 0.0, 0.0, 0.0
31.5, 40.5, 248.5863839829017, 0.9998884461929081, 999.8703473932163, 0.0, 0.0, 0.0
31.5, 41.5, 248.46211735248878, 0.9998882663017175, 971.9219662102817, 0.0, 0.0, 0.0
31.5, 42.5, 248.32830940128594, 0.9998880854094253, 1087.6207917143977, 0.0, 0.0, 0.0
31.5, 43.5, 248.19116960361214, 0.9998879035158668, 997.7573247508391, 0.9830785094272699, 0.0009852881908662162, 0.0
31.5, 44.5, 248.05738331586403, 0.9998877206208756, 978.6190936113734, 0.0, 0.0, 0.0
31.5, 45.5, 247.94131034976837, 0.999887536724285, 699.8943043896696, 0.0, 0.0, 0.0
32.5, -44.5, 247.97371432587397, 0.999887351825927, 790.6272252492639, 0.0, 0.0, 0.0
32.5, -43.5, 248.0939719458378, 0.9998871659256329, 983.9671435307531, 0.0, 0.0, 0.0
32.5, -42.5, 248.2309702781523, 0.9998869790232326, 1041.1046985081928, 0.0, 0.0, 0.0
32.5, -41.5, 248.3638675648067, 0.9998867911185559, 995.7614533915968, 0.0, 0.0, 0.0
32.5, -40.5, 248.48929985891897, 0.999886602211431, 979.5313021916224, 0.0, 0.0, 0.0
32.5, -39.5, 248.61053744733644, 0.9998864123016853, 999.8723466344543, 0.0, 0.0, 0.0
32.5, -38.5, 248.72871361455273, 0.9998862213891453, 976.877246495296, 0.0, 0.0, 0.0
32.5, -37.5, 248.8438315643502, 0.9998860294736368, 985.4527980673295, 0.0, 0.0, 0.0
32.5, -36.5, 248.95589441341392, 0.9998858365549843, 999.5883623003433, 0.0, 0.0, 0.0
32.5, -35.5, 249.06490519175117, 0.9998856426330116, 985.5464231405774, 0.0, 0.0, 0.0
32.5, -34.5, 249.1708668430995, 0.9998854477075415, 976.0306038193963, 0.9895364651753813, 0.0010138375388057852, 0.0
32.5, -33.5, 249.28842923093418, 0.9998852517783959, 960.0156085974813, 0.0, 0.0, 0.0
32.5, -32.5, 249.37365411078792, 0.9998850548453957, 985.2087976474621, 0.0, 0.0, 0.0
32.5, -31.5, 249.4704851867478, 0.9998848569083609, 971.2833403521533, 113.99155852405397, 0.11736179731315542, 0.0
32.5, -30.5, 249.56427805568742, 0.9998846579671107, 991.4812607624616, 477.89782480153616, 0.48200389025408985, 0.0
32.5, -29.5, 249.655035235677, 0.9998844580214631, 957.1024024144758, 484.7728586171125, 0.5065005138365333, 0.0
32.5, -28.5, 249.74275916070516, 0.9998842570712353, 990.410310998994, 500.39921680288086, 0.5052443530178364, 0.0
32.5, -27.5, 249.82745218100226, 0.9998840551162436, 987.5098044723419, 518.9654464617715, 0.5255294115677883, 0.0
32.5, -26.5, 249.90911656335166, 0.9998838521563034, 998.0135684687532, 503.19648199689664, 0.5041980368753386, 0.0
32.5, -25.5, 249.98775449138972, 0.999883648191229, 980.6552865865164, 499.197494426967, 0.5090448205960151, 0.0
32.5, -24.5, 250.063368065894, 0.999883443220834, 991.5570067857723, 520.5093388451036, 0.5249414156553488, 0.0
32.5, -23.5, 250.13595930506065, 0.9998832372449308, 987.6402049766467, 509.19352340964775, 0.5155658111565921, 0.0
32.5, -22.5, 250.20553014476994, 0.9998830302633309, 987.7947370306533, 514.3182482439385, 0.5206732015904415, 0.0
32.5, -21.5, 250.2753044529115, 0.9998828222758451, 1090.084309647579, 567.6370256962825, 0.5207276360851373, 0.0
32.5, -20.5, 250.34180565455543, 0.9998826132822831, 996.4019557403333, 509.2073511618345, 0.5110461177120934, 0.0
32.5, -19.5, 250.41486764133876, 0.9998824032824537, 984.3706856785594, 501.0913494407033, 0.5090474114385928, 0.0
32.5, -18.5, 250.45923037428665, 0.9998821922761646, 997.8026016951349, 562.2581371553757, 0.563496363108468, 0.0
32.5, -17.5, 250.51342427735298, 0.9998819802632227, 964.5408449751118, 659.5018450958537, 0.6837469336126154, 0.0
32.5, -16.5, 250.5646078213459, 0.9998817672434341, 978.841753123414, 748.6222813713249, 0.7648041973919939, 0.0, (-893.8648473820714, 433.81702525316894, 3490.0000000000005), (-44.29999999999999, 21.500000000000945, 264.05836952653874)
32.5, -15.5, 250.6127823643802, 0.9998815532166038, 977.5431142223644, 736.2215424334164, 0.7531346001235769, 0.0
32.5, -14.5, 250.66724919827743, 0.9998813381825357, 994.4045695895228, 736.7408742997452, 0.7408864528889506, 0.0
32.5, -13.5, 250.70010947735346, 0.9998811221410331, 986.4653145885645, 728.4680586654209, 0.7384629220027374, 0.0
32.5, -12.5, 250.73926436133218, 0.999880905091898, 978.408714018919, 692.5756167977482, 0.707859207378601, 0.0
32.5, -11.5, 250.77541487273294, 0.9998806870349318, 988.7313316948415, 696.0342216971991, 0.7039669922304238, 0.0
32.5, -10.5, 250.80856196838423, 0.9998804679699348, 991.9702119164665, 710.33128794204, 0.7160812687809388, 0.0
32.5, -9.5, 250.83870652527247, 0.9998802478967063, 988.092119357797, 722.6627362995458, 0.7313718246930611, 0.0
32.5, -8.5, 250.86584934065536, 0.9998800268150446, 991.2866850507404, 695.9005238215099, 0.7020174227255854, 0.0
32.5, -7.5, 250.88999113216582, 0.9998798047247475, 982.5475026139841, 712.2329659878321, 0.7248840021403514, 0.0
32.5, -6.5, 250.91113253790482, 0.9998795816256112, 992.7987451937407, 716.844323983675, 0.7220439464231855, 0.0
32.5, -5.5, 250.929274116524, 0.9998793575174315, 994.5992926355531, 724.5449340200895, 0.7284792372012892, 0.0
32.5, -4.5, 250.94441634729833, 0.9998791324000028, 981.4123502563739, 688.362060924612, 0.7013994278192969, 0.0
32.5, -3.5, 250.9565596301879, 0.9999877319208648, 990.9521307423461, 718.6494535310196, 0.7252110684626734, 0.0
32.5, -2.5, 250.96570428588993, 0.9998786791365729, 991.1476828707039, 691.9230837861155, 0.6981029121533824, 0.0
32.5, -1.5, 250.97185055588005, 0.999878450990156, 984.8942302513602, 715.9307981307724, 0.7269113536669372, 0.0
32.5, -0.5, 250.97499860244378, 0.9998782218336594, 978.1303405830242, 693.2861625909462, 0.708787094956799, 0.0
32.5, 0.5, 250.97505106959304, 0.9998779916668729, 1094.083940488659, 787.6331120509776, 0.7199019041438366, 0.0
32.5, 1.5, 250.97185055588, 0.9998777604895854, 990.3739564495602, 716.3822612010575, 0.7233452137304288, 0.0
32.5, 2.5, 250.96570428588993, 0.999877528301585, 965.8710551054019, 678.1055001739699, 0.7020662816114421, 0.0
32.5, 3.5, 250.9565596301879, 0.9998772951026588, 982.965398976912, 693.7182221974251, 0.7057402253624182, 0.0
32.5, 4.5, 250.94441634729833, 0.9998770608925928, 999.9475336830216, 740.9611108962712, 0.7409999884365455, 0.0
32.5, 5.5, 250.929274116524, 0.9998768256711721, 994.9222441234818, 678.4515293686879, 0.6819141228130828, 0.0
32.5, 6.5, 250.9111325379048, 0.999876589438181, 988.1509397919586, 722.6502462165098, 0.7313156493770615, 0.0
32.5, 7.5, 250.88999113216582, 0.9998763521934028, 980.0458203014579, 694.2298007857188, 0.7083646360250552, 0.0
32.5, 8.5, 250.86584934065533, 0.9998761139366196, 992.987957772439, 714.7862303736242, 0.7198337349197041, 0.0, (-895.1739072767226, 484.9700626330074, 3490.0), (-44.29999999999999, 24.00000000000098, 263.8927490277917)
32.5, 9.5, 250.8387065252724, 0.9998758746676129, 976.212202738097, 687.5335402067211, 0.7042869760061543, 0.0
32.5, 10.5, 250.8085619683842, 0.9998756343861631, 974.3568877901768, 722.4385254648219, 0.7414516534114096, 0.0
32.5, 11.5, 250.77541487273288, 0.9998753930920495, 994.3254775322995, 712.0080660928982, 0.7160714295081204, 0.0
32.5, 12.5, 250.73926436133215, 0.9998751507850508, 989.5173565042995, 706.7649118885068, 0.7142521626758711, 0.0
32.5, 13.5, 250.7001094773534, 0.9998749074649443, 977.0496747887272, 712.7883325620201, 0.7295313134576809, 0.0
32.5, 14.5, 250.65794918400158, 0.9998746631315069, 981.6789995327017, 763.1161654692859, 0.7773581443960236, 0.0
32.5, 15.5, 250.61278236438014, 0.9998744177845138, 992.0894375833293, 765.7510820347552, 0.7718569042525835, 0.0
32.5, 16.5, 250.56460782134582, 0.99987417142374, 987.6021936323982, 779.9999143641672, 0.7897915976627489, 0.0
32.5, 17.5, 250.51342427735293, 0.999873924048959, 986.7591545953095, 684.5342832335054, 0.6937197187841112, 0.0
32.5, 18.5, 250.45923037428656, 0.9998736756599437, 980.7217770407527, 538.9429553794605, 0.5495370532157209, 0.0
32.5, 19.5, 250.40202467328575, 0.9998734262564657, 999.930572084691, 516.9638190270097, 0.5169997132393153, 0.0
32.5, 20.5, 250.34180565455534, 0.999873175838296, 991.7515955303678, 512.748859730812, 0.517013395331726, 0.0
32.5, 21.5, 250.27530445291143, 0.9998729244052045, 1082.026182617296, 573.6036151809027, 0.5301199031925661, 0.0
32.5, 22.5, 250.20553014476982, 0.99987267195696, 982.7721777523878, 505.0736485279141, 0.5139275001486344, 0.0
32.5, 23.5, 250.13595930506054, 0.9998724184933304, 988.2095238150348, 522.9782639016727, 0.5292179960811222, 0.0
32.5, 24.5, 250.06336806589388, 0.999872164014083, 999.9195299128073, 508.9589795886827, 0.5089999388581437, 0.0
32.5, 25.5, 249.9877544913896, 0.9998719085189834, 969.0152856080945, 487.2973026760434, 0.5028788605437173, 0.0
32.5, 26.5, 249.9091165633516, 0.999871652007797, 971.3304431593855, 497.0681506641713, 0.5117394952096724, 0.0
32.5, 27.5, 249.82745218100214, 0.999871394480288, 973.0782873147685, 506.2473084167701, 0.520253421555393, 0.0
32.5, 28.5, 249.74275916070508, 0.9998711359362191, 983.8060515368463, 477.972987430247, 0.4858406661390063, 0.0
32.5, 29.5, 249.65503523567688, 0.9998708763753529, 970.1205245850559, 509.0662763019864, 0.524745393382669, 0.0
32.5, 30.5, 249.5642780556873, 0.9998706157974504, 993.8911467197288, 468.7459999650225, 0.47162710072635955, 0.0
32.5, 31.5, 249.47048518674765, 0.999870354202272, 983.137275462043, 103.84320392446138, 0.10562431769831776, 0.0
32.5, 32.5, 249.37365411078778, 0.9998700915895768, 978.6428760453958, 0.0, 0.0, 0.0
32.5, 33.5, 249.27378222532144, 0.9998698279591235, 992.5253714988962, 0.0, 0.0, 0.0
32.5, 34.5, 249.1708668430994, 0.5405835736939195, 976.5580344427807, 0.0, 0.0, 0.0, (138.50013853210527, -61.53924260765062, 215.95895247768553), (138.50013853210527, -61.53924260765062, 215.95895247768553)
32.5, 35.5, 249.06490519175102, 0.99986929764397, 999.8870098490889, 0.0, 0.0, 0.0
32.5, 36.5, 248.95589441341377, 0.9998690309587819, 983.9236954921885, 0.0, 0.0, 0.0
32.5, 37.5, 248.84383156435007, 0.999868763254859, 980.489012404358, 0.0, 0.0, 0.0
32.5, 38.5, 248.7287136145526, 0.9998684945319549, 992.5648156402336, 0.0, 0.0, 0.0
32.5, 39.5, 248.61053744733627, 0.9998682247898222, 990.5614145433183, 0.0, 0.0, 0.0
32.5, 40.5, 248.48929985891883, 0.9998679540282123, 977.9144956278298, 0.0, 0.0, 0.0
32.5, 41.5, 248.3638675648065, 0.9998676822468759, 986.4626749087196, 0.0, 0.0, 0.0
32.5, 42.5, 248.23097027815214, 0.9998674094455626, 1062.1590702895503, 0.8860957618797849, 0.0008342401686013286, 0.0
32.5, 43.5, 248.0939719458376, 0.999867135624021, 972.0181853998562, 0.0, 0.0, 0.0
32.5, 44.5, 247.9601471667576, 0.9998668607819988, 980.5810616485809, 0.0, 0.0, 0.0
32.5, 45.5, 247.8440407822995, 0.9998665849192427, 676.7356008003939, 0.0, 0.0, 0.0
33.5, -44.5, 247.87342843913598, 0.9998663080354984, 790.4957977909264, 0.0, 0.0, 0.0
33.5, -43.5, 247.99372175283247, 0.9998660301305107, 992.9239330240857, 0.0, 0.0, 0.0
33.5, -42.5, 248.12450983552375, 0.4765069342847543, 997.2772010652767, 0.0, 0.0, 0.0, (3500.0, -699.4406074913264, -1853.4662204426763)
33.5, -41.5, 248.25850337450964, 0.42100238320361977, 1096.2496709343006, 0.0, 0.0, 0.0, (-1611.566277587796, 3500.0, 1881.938195121174)
33.5, -40.5, 248.38916683151842, 0.9998651902855201, 981.5427134315489, 0.0, 0.0, 0.0
33.5, -39.5, 248.51044029862203, 0.9998649082929868, 987.6685721986285, 0.0, 0.0, 0.0
33.5, -38.5, 248.6286514145472, 0.9998646252779192, 999.8729044857278, 0.0, 0.0, 0.0
33.5, -37.5, 248.74380338588583, 0.9998643412400563, 999.8767073153626, 0.0, 0.0, 0.0
33.5, -36.5, 248.8558993320529, 0.9999540754818366, 980.9025231255212, 0.8936886100402309, 0.0009110880938430108, 0.0
33.5, -35.5, 248.96494228570714, 0.999863770094895, 972.1948185584267, 0.0, 0.0, 0.0
33.5, -34.5, 249.07093519315927, 0.9998634829870696, 993.5558679120645, 0.0, 0.0, 0.0
33.5, -33.5, 249.1738809147677, 0.9998631948553948, 966.2681043101916, 0.0, 0.0, 0.0
33.5, -32.5, 249.27378222532155, 0.9998629056996043, 996.5104087698422, 0.0, 0.0, 0.0
33.5, -31.5, 249.37064181441238, 0.9998626155194313, 990.9777530468934, 2.999696216994855, 0.0030270066182332433, 0.0
33.5, -30.5, 249.4644622867927, 0.9998623243146079, 992.1725993885381, 100.98999123508541, 0.10178671664317691, 0.0
33.5, -29.5, 249.55524616272348, 0.9998620320848651, 993.1965474951154, 475.9417217878883, 0.47920194949150186, 0.0
33.5, -28.5, 249.64299587830934, 0.999861738829933, 993.763908834459, 514.8802152928532, 0.5181112039948533, 0.0, (-898.5146860241683, 596.3054575420205, 3490.0), (-44.29999999999999, 29.400000000001057, 263.4725371734656)
33.5, -27.5, 249.72771378582195, 0.9998614445495406, 991.4427620313539, 531.0698555744764, 0.5356535706472599, 0.0
33.5, -26.5, 249.80940215401202, 0.9998611492434162, 972.8478147900568, 496.3262508104625, 0.5101787178476328, 0.0
33.5, -25.5, 249.88806316840956, 0.9998608529112868, 971.9596517114105, 504.170957908721, 0.518715933342485, 0.0
33.5, -24.5, 249.96369893161275, 0.9998605555528786, 984.390100062015, 494.63106827099847, 0.5024746472357224, 0.0
33.5, -23.5, 250.0363114635653, 0.9998602571679167, 983.9288122936053, 508.23321657802774, 0.5165345401292817, 0.0
33.5, -22.5, 250.1059027018229, 0.9998599577561254, 969.5925833196271, 492.5760096336544, 0.5080236978991786, 0.0
33.5, -21.5, 250.17569745997366, 0.9998596573172277, 1045.1131922361792, 541.450874793323, 0.5180786912035874, 0.0
33.5, -20.5, 250.2422181448602, 0.999859355850946, 995.5260205106094, 507.32221739970186, 0.5096021670428004, 0.0
33.5, -19.5, 250.30245479987167, 0.9998590533570013, 997.9822246061799, 543.3467978144367, 0.5444453662777914, 0.0
33.5, -18.5, 250.3596772490346, 0.999858749835114, 999.929188649494, 495.9647617102894, 0.4959998841319356, 0.0
33.5, -17.5, 250.41388701345528, 0.9998584452850032, 961.2406005326291, 484.2896339356323, 0.5038172895186539, 0.0
33.5, -16.5, 250.46508553323548, 0.9998581397063873, 976.044542916583, 554.5234603674726, 0.5681333545602996, 0.0
33.5, -15.5, 250.51327416766046, 0.9998578330989834, 998.8584561560448, 725.199325679501, 0.7260281186088373, 0.0
33.5, -14.5, 250.55845419537658, 0.9998575254625077, 981.780121201976, 802.3604316353366, 0.8172506392297095, 0.0
33.5, -13.5, 250.6006268145579, 0.9998572167966757, 987.5423944973245, 805.8611490559965, 0.8160268901328467, 0.0
33.5, -12.5, 250.63979314306226, 0.9998569071012016, 966.8443871328594, 762.6265115086965, 0.7887789613902985, 0.0
33.5, -11.5, 250.67595421857695, 0.9998565963757986, 983.1863357393067, 758.7869156083655, 0.7717630809400904, 0.0
33.5, -10.5, 250.7091109987535, 0.999856284620179, 978.6324060047151, 765.3205908667258, 0.7820307054731216, 0.0
33.5, -9.5, 250.73926436133218, 0.9998559718340541, 984.2986120266928, 760.4309946629032, 0.772561279038237, 0.0
33.5, -8.5, 250.7664151042562, 0.9998556580171342, 986.1752125912421, 740.4958430641109, 0.7508765517624479, 0.0
33.5, -7.5, 250.79056394577515, 0.9998553431691286, 999.9431130877275, 774.9558207824824, 0.7749999081342677, 0.0
33.5, -6.5, 250.8117115245381, 0.9998550272897456, 969.8855814391094, 724.4652911992812, 0.746959543541543, 0.0
33.5, -5.5, 250.82985839967677, 0.9998547103786926, 990.2571954192047, 729.5978910586921, 0.7367761571778654, 0.0
33.5, -4.5, 250.8450050508776, 0.9999872031570652, 986.67895333947, 731.9296818737556, 0.7418113859594336, 0.0
33.5, -3.5, 250.85715187844417, 0.9998540734604004, 959.6130055735858, 699.2156541988978, 0.7286433699186458, 0.0
33.5, -2.5, 250.86629920334897, 0.999853753452571, 984.0923983570234, 726.2495538908969, 0.7379891919736357, 0.0
33.5, -1.5, 250.87244726727502, 0.9998534324118906, 976.7922125150784, 724.1723236572383, 0.7413780683126192, 0.0
33.5, -0.5, 250.87559623264713, 0.9998531103380618, 990.6574690076278, 720.0701264977133, 0.7268608464831238, 0.0
33.5, 0.5, 250.87564871510963, 0.9998527872307856, 1093.8243998094938, 810.2861978637804, 0.7407827051626423, 0.0
33.5, 1.5, 250.87244726727502, 0.9998524630897626, 986.4688012260322, 742.8820722102961, 0.7530720396701909, 0.0
33.5, 2.5, 250.86629920334897, 0.999852137914692, 989.9391499257607, 710.4311944131942, 0.7176513773260429, 0.0
33.5, 3.5, 250.85715187844417, 0.9998518117052718, 988.7839190697865, 726.2377616092683, 0.7344757005074349, 0.0
33.5, 4.5, 250.8450050508776, 0.9998514844611998, 978.392584793955, 726.3487803922948, 0.7423899073655188, 0.0
33.5, 5.5, 250.82985839967677, 0.9998511561821718, 977.6158576212122, 746.1153228125459, 0.763198875096026, 0.0
33.5, 6.5, 250.8117115245381, 0.9998508268678834, 990.092122657732, 692.079287454938, 0.699004942688737, 0.0
33.5, 7.5, 250.7905639457751, 0.9998504965180288, 991.2707014193921, 757.7082514388991, 0.7643807593162423, 0.0
33.5, 8.5, 250.76641510425617, 0.9998501651323013, 997.6242707223186, 757.1839276225179, 0.7589870754390202, 0.0
33.5, 9.5, 250.73926436133215, 0.999849832710393, 980.2010243192257, 719.1611403029328, 0.7336873992785392, 0.0
33.5, 10.5, 250.70911099875343, 0.9998494992519953, 986.9805211591892, 763.0182462807043, 0.77308338910737, 0.0
33.5, 11.5, 250.67595421857692, 0.9998491647567983, 996.917283963861, 740.2432683053547, 0.7425322844860909, 0.0
33.5, 12.5, 250.63979314306224, 0.9998488292244914, 975.9861387265773, 753.8754110898608, 0.7724243011007138, 0.0
33.5, 13.5, 250.60062681455784, 0.9998484926547627, 984.1184921584561, 787.2404337720167, 0.7999447627951498, 0.0
33.5, 14.5, 250.5584541953765, 0.9998481550472994, 992.9821836725642, 783.9840338940071, 0.7895247737420894, 0.0
33.5, 15.5, 250.51327416766037, 0.9998478164017878, 957.6740996088594, 683.7735109984513, 0.7139939477090624, 0.0
33.5, 16.5, 250.4650855332354, 0.999847476717913, 998.0582322126962, 580.9495577125557, 0.5820798215596998, 0.0
33.5, 17.5, 250.4138870134552, 0.5878926208726136, 989.9989186528708, 514.2017448610077, 0.5193962692006792, 0.0, (-3500.0, -1366.40329293188, 2824.8437083579815)
33.5, 18.5, 250.35967724903455, 0.9998467942338093, 972.6269142666864, 501.48122023510297, 0.5155946364215055, 0.0
33.5, 19.5, 250.30245479987158, 0.9998464514329457, 989.2128792670364, 512.7194821340624, 0.5183105607298251, 0.0
33.5, 20.5, 250.24221814486012, 0.9998461075924495, 990.312130390645, 541.7641816745044, 0.5470640670237943, 0.0
33.5, 21.5, 250.17569745997355, 0.9998457627120009, 1081.8491035830396, 562.7757708512003, 0.5201980285303285, 0.0
33.5, 22.5, 250.10590270182283, 0.9998454167912787, 975.784167963897, 473.89143319257755, 0.4856518979821274, 0.0
33.5, 23.5, 250.03631146356526, 0.9998450698299611, 999.7600961343385, 515.87876987082, 0.5160025608798663, 0.0
33.5, 24.5, 249.96369893161264, 0.9998447218277253, 992.4484614611341, 495.07268300444673, 0.4988396901493253, 0.0
33.5, 25.5, 249.88806316840947, 0.9998443727842471, 995.5210445856851, 515.6375552493163, 0.5179574636354511, 0.0
33.5, 26.5, 249.8094021540119, 0.9998440226992016, 987.3595531087707, 526.4751774995524, 0.5332152566326102, 0.0
33.5, 27.5, 249.72771378582183, 0.9998436715722627, 976.6041412693803, 494.01579624007934, 0.5058506055462375, 0.0
33.5, 28.5, 249.64299587830922, 0.9998433194031036, 981.9833917285256, 490.87823465323106, 0.4998844570977601, 0.0
33.5, 29.5, 249.5552461627234, 0.9998429661913959, 995.3033535582578, 468.3821711358239, 0.470592377149474, 0.0
33.5, 30.5, 249.46446228679258, 0.9998426119368108, 990.2045142223918, 85.1131088051527, 0.08595508057443273, 0.0
33.5, 31.5, 249.37064181441224, 0.9998422566390179, 987.1101571657999, 2.8394138159921525, 0.0028764913372431545, 0.0
33.5, 32.5, 249.27378222532144, 0.9998419002976864, 991.0548325236936, 0.0, 0.0, 0.0
33.5, 33.5, 249.17388091476755, 0.999841542912484, 997.192805450293, 0.0, 0.0, 0.0
33.5, 34.5, 249.07093519315916, 0.9998411844830772, 968.3974966020692, 0.0, 0.0, 0.0
33.5, 35.5, 248.964942285707, 0.9998408250091323, 990.811152747312, 0.0, 0.0, 0.0
33.5, 36.5, 248.85589933205276, 0.9998404644903137, 999.8409483314454, 0.0, 0.0, 0.0
33.5, 37.5, 248.74380338588568, 0.9998401029262852, 994.6647732699156, 0.0, 0.0, 0.0
33.5, 38.5, 248.62865141454705, 0.9998397403167096, 974.8134563839669, 0.0, 0.0, 0.0
33.5, 39.5, 248.51044029862183, 0.9998393766612484, 986.2053979913493, 0.8445920027262837, 0.0008564057796139666, 0.0
33.5, 40.5, 248.38916683151828, 0.9998390119595625, 960.4447120852788, 0.0, 0.0, 0.0
33.5, 41.5, 248.25850337450947, 0.9998386462113111, 1071.998349505537, 0.0, 0.0, 0.0
33.5, 42.5, 248.1245098355236, 0.9998382794161531, 998.7953208252462, 0.0, 0.0, 0.0
33.5, 43.5, 247.99372175283227, 0.9998379115737458, 985.9892817666864, 0.0, 0.0, 0.0
33.5, 44.5, 247.85985725107722, 0.9998375426837459, 993.0771986615539, 0.0, 0.0, 0.0
33.5, 45.5, 247.74371637917835, 0.9998371727458086, 692.232006624146, 0.0, 0.0, 0.0
34.5, -44.5, 247.77008619039117, 0.9998368017595887, 794.6048720882708, 0.0, 0.0, 0.0
34.5, -43.5, 247.8904163071328, 0.9998364297247392, 973.9631925595395, 0.0, 0.0, 0.0
34.5, -42.5, 248.02124437537606, 0.9998360566409127, 986.9244493818474, 0.0, 0.0, 0.0
34.5, -41.5, 248.15527884855203, 0.9998356825077603, 1088.4893932887383, 0.6501853120212968, 0.0005973281099752759, 0.0
34.5, -40.5, 248.2859821926178, 0.9998353073249324, 983.7404791314677, 0.0, 0.0, 0.0
34.5, -39.5, 248.40729265337407, 0.9998349310920782, 992.8874713063424, 0.0, 0.0, 0.0
34.5, -38.5, 248.52553980405344, 0.999834553808846, 990.9184751764651, 0.0, 0.0, 0.0
34.5, -37.5, 248.64072685414615, 0.9998341754748827, 963.1467138451579, 0.0, 0.0, 0.0
34.5, -36.5, 248.75285692588372, 0.9998337960898346, 999.8326107500334, 0.9955519091621331, 0.0009957185817487098, 0.0
34.5, -35.5, 248.8619330546602, 0.9998334156533466, 987.4130859719237, 0.9905433160520789, 0.0010031701322623997, 0.0
34.5, -34.5, 248.96795818944102, 0.9998330341650629, 978.8240122628147, 0.0, 0.0, 0.0
34.5, -33.5, 249.07093519315927, 0.9998326516246263, 977.6230296048028, 0.9332208784409841, 0.0009545815208733699, 0.0
34.5, -32.5, 249.1708668430995, 0.9998322680316787, 958.6048919796423, 0.0, 0.0, 0.0
34.5, -31.5, 249.26775583126945, 0.999831883385861, 991.6047789062078, 0.0, 0.0, 0.0
34.5, -30.5, 249.36160476475987, 0.8242054667244696, 987.4574428844752, 0.9998973985170794, 0.0010125979663450262, 0.0, (-895.7098091534115, 2213.7230441821107, 3500.0)
34.5, -29.5, 249.45241616609184, 0.9998311109341739, 986.288930355058, 68.93884274689583, 0.06989720823702063, 0.0
34.5, -28.5, 249.54019247355285, 0.9998307231275808, 984.5705349959483, 421.32903615345543, 0.4279317948055284, 0.0
34.5, -27.5, 249.62493604152058, 0.9998303342666706, 966.8746089948285, 508.678135683679, 0.5261055890303142, 0.0
34.5, -26.5, 249.7066491407754, 0.999829944351079, 982.0850622055425, 516.0024850736992, 0.5254152668964066, 0.0
34.5, -25.5, 249.78533395880095, 0.9998295533804403, 996.3208269783581, 496.1898156172259, 0.49802212518438504, 0.0
34.5, -24.5, 249.86099260007356, 0.9998291613543884, 985.1840939735984, 506.54414002430894, 0.5141619146338793, 0.0
34.5, -23.5, 249.93362708633995, 0.9998287682725555, 972.4715082103481, 512.8691785985404, 0.5273873571292389, 0.0
34.5, -22.5, 250.00323935688405, 0.999828374134573, 992.883567467774, 521.9075918635857, 0.5256483327593446, 0.0
34.5, -21.5, 250.07305520037374, 0.9998279789400715, 1074.464433190175, 575.1491909171581, 0.5352891851519849, 0.0
34.5, -20.5, 250.1395959737912, 0.9998275826886799, 993.4997315282517, 527.7986099607837, 0.5312518898710693, 0.0
34.5, -19.5, 250.1998508129865, 0.9998271853800267, 984.279595656364, 520.4961092796356, 0.5288092037837524, 0.0
34.5, -18.5, 250.25709053061848, 0.999826787013739, 986.3028577141417, 507.7268385432808, 0.5147778236392724, 0.0
34.5, -17.5, 250.3113166491459, 0.9998263875894428, 984.8253816008596, 494.4662514653172, 0.502085202821996, 0.0
34.5, -16.5, 250.36253060995062, 0.9998259871067633, 990.1433909730505, 496.964340015865, 0.5019114852925289, 0.0
34.5, -15.5, 250.41073377352538, 0.9998255855653245, 957.3601139328722, 498.69627643170276, 0.520907722364826, 0.0
34.5, -14.5, 250.45592741965197, 0.9998251829647492, 974.1117574015451, 574.6372470788457, 0.5899089531694982, 0.0
34.5, -13.5, 250.49811274756792, 0.9998247793046593, 998.3381732046643, 647.999778458662, 0.6490784343932112, 0.0
34.5, -12.5, 250.53729087612282, 0.9998243745846758, 984.1610265034437, 802.6782012548784, 0.8155964111956935, 0.0
34.5, -11.5, 250.57346284392423, 0.999823968804418, 984.0333784026019, 835.5008169646686, 0.8490573951068117, 0.0
34.5, -10.5, 250.60662960947278, 0.999823561963505, 977.4782684980931, 817.1513102588493, 0.8359790049495545, 0.0
34.5, -9.5, 250.63679205128665, 0.9998231540615542, 958.0037598244277, 787.3404138820629, 0.8218552441029646, 0.0
34.5, -8.5, 250.66395096801608, 0.9998227450981821, 982.3963578354854, 779.3139620237009, 0.7932785538219664, 0.0
34.5, -7.5, 250.6881070785468, 0.9998223350730042, 985.6419539403846, 769.2736743128006, 0.7804798398012684, 0.0
34.5, -6.5, 250.70926102209359, 0.999821923985635, 994.4724582288765, 780.578817367005, 0.7849174815330641, 0.0
34.5, -5.5, 250.7274133582831, 0.9999882579734869, 975.3657218128808, 747.8657293460258, 0.7667541647413976, 0.0
34.5, -4.5, 250.74256456722637, 0.9998210986227746, 978.4512135866385, 732.8159404325507, 0.7489550120197817, 0.0, (-908.0548377329058, 838.3621413832271, 3490.0), (-44.29999999999999, 40.90000000000122, 262.2916703693226)
34.5, -3.5, 250.7547150495814, 0.9998206843465067, 961.5448582171889, 746.9902364323445, 0.7768646777617297, 0.0
34.5, -2.5, 250.7638651266047, 0.9998202690064945, 973.140083881541, 759.0930626158259, 0.7800450060468677, 0.0
34.5, -1.5, 250.7700150401932, 0.9998198526023466, 985.0114721520516, 744.261714055285, 0.7555868485767208, 0.0
34.5, -0.5, 250.77316495291532, 0.9998194351336712, 992.4046732831093, 785.431819658421, 0.791443088493353, 0.0
34.5, 0.5, 250.77321745116674, 0.9998190166000751, 1058.9140374944038, 823.4796833531838, 0.777664337420341, 0.0
34.5, 1.5, 250.7700150401932, 0.9998185970011642, 977.0910204565843, 751.499491632654, 0.7691192283002317, 0.0
34.5, 2.5, 250.7638651266047, 0.999818176336543, 987.3837580505863, 763.1656733593584, 0.7729169809984452, 0.0
34.5, 3.5, 250.7547150495814, 0.9998177546058155, 975.8079208760992, 758.0879333546599, 0.7768823322053319, 0.0, (-908.8461819249065, 855.5053224891587, 3490.0), (-44.29999999999999, 41.70000000000123, 262.1949698133904)
34.5, 4.5, 250.74256456722637, 0.9998173318085839, 981.6995101086559, 747.3675265227425, 0.761299683688365, 0.0
34.5, 5.5, 250.72741335828306, 0.9998169079444498, 989.3880040464803, 774.5476271607766, 0.7828552842696376, 0.0
34.5, 6.5, 250.70926102209356, 0.9998164830130137, 993.8956216376262, 751.3280346340075, 0.7559425942495411, 0.0
34.5, 7.5, 250.68810707854678, 0.9998160570138749, 991.0525307630528, 786.5437787880858, 0.7936448920447161, 0.0
34.5, 8.5, 250.66395096801602, 0.9998156299466314, 979.9706995734738, 754.0693166577289, 0.7694814926465995, 0.0
34.5, 9.5, 250.63679205128662, 0.9998152018108807, 978.9996490215167, 773.9504046323032, 0.790552279978696, 0.0
34.5, 10.5, 250.60662960947272, 0.9998147726062185, 971.4180391304552, 812.5023802052391, 0.8364085774364802, 0.0
34.5, 11.5, 250.5734628439242, 0.9998143423322402, 994.859220545557, 835.3924812556202, 0.8397092412708512, 0.0
34.5, 12.5, 250.53729087612274, 0.9998139109885393, 987.7994067279656, 815.8460359808474, 0.825922783941828, 0.0, (-909.7569577673208, 874.8452912164561, 3490.0), (-44.29999999999999, 42.600000000001245, 262.08390894076325)
34.5, 13.5, 250.49811274756783, 0.9998134785747087, 993.9134081573634, 693.990919870562, 0.6982408267911047, 0.0
34.5, 14.5, 250.4559274196519, 0.9998130450903403, 974.9712827276815, 541.674377189085, 0.5555798276167071, 0.0
34.5, 15.5, 250.41073377352532, 0.9998126105350245, 992.3737989294117, 532.1795348192649, 0.5362692318090103, 0.0
34.5, 16.5, 250.36253060995057, 0.9998121749083508, 963.2309446400068, 475.4035009486149, 0.4935509013638364, 0.0
34.5, 17.5, 250.31131664914588, 0.9998117382099079, 996.8088150600166, 510.09171683926616, 0.5117247250753437, 0.0
34.5, 18.5, 250.2570905306184, 0.9998113004392829, 970.2321619262091, 497.4477127844857, 0.5127099804616857, 0.0
34.5, 19.5, 250.19985081298645, 0.999810861596062, 977.1417933434604, 529.685599666659, 0.5420764962413978, 0.0
34.5, 20.5, 250.13959597379107, 0.9998104216798306, 978.4194025784653, 522.4769241503146, 0.534000984417737, 0.0
34.5, 21.5, 250.07305520037363, 0.9998099806901726, 1073.99214336721, 549.9562265919118, 0.5120672716167864, 0.0
34.5, 22.5, 250.00323935688397, 0.9998095386266709, 992.1780679208645, 502.85561402266643, 0.5068199250527818, 0.0
34.5, 23.5, 249.93362708633987, 0.9998090954889074, 974.9011722539894, 526.2286424703033, 0.5397763972871763, 0.0
34.5, 24.5, 249.86099260007344, 0.9998086512764629, 988.2215966079633, 496.3367459423538, 0.5022524782356635, 0.0
34.5, 25.5, 249.78533395880086, 0.9998082059889171, 996.5147858765051, 531.1186301932892, 0.5329761662554087, 0.0
34.5, 26.5, 249.7066491407753, 0.9998077596258484, 980.167199940645, 534.3464677369711, 0.5451584870105111, 0.15811388300841897
34.5, 27.5, 249.6249360415205, 0.9998073121868344, 990.4900799050755, 502.24438590307795, 0.5070665482598382, 0.14491376746189438
34.5, 28.5, 249.5401924735527, 0.9998068636714512, 982.7955749081723, 414.5258583268697, 0.42178238171819304, 0.14491376746189438
34.5, 29.5, 249.45241616609172, 0.9999441426787463, 978.72602798678, 69.17889795584232, 0.07068259755811536, 0.14491376746189438
34.5, 30.5, 249.36160476475976, 0.9998059634098779, 985.3725819645576, 0.9998971410285126, 0.0010147401696878932, 0.15811388300841897
34.5, 31.5, 249.26775583126934, 0.9998055116628347, 985.3059278973013, 0.0, 0.0, 0.15491933384829668
34.5, 32.5, 249.1708668430994, 0.605061350204186, 990.3654191919064, 0.0, 0.0, 0.14491376746189438, (-2987.96850932799, 2552.6184555963237, -3490.0), (-3489.9999999999995, 2233.6747161674803, -2994.8053990327585)
34.5, 33.5, 249.07093519315916, 0.9998046049340952, 991.2941914682959, 0.0, 0.0, 0.14491376746189438
34.5, 34.5, 248.9679581894409, 0.9998041499515392, 977.9198730326001, 0.0, 0.0, 0.15491933384829668
34.5, 35.5, 248.86193305466003, 0.9998036938896177, 990.2998383559292, 0.0, 0.0, 0.15491933384829668
34.5, 36.5, 248.75285692588358, 0.999803236747898, 994.7973613241552, 0.0, 0.0, 0.15811388300841897
34.5, 37.5, 248.640726854146, 0.9998027785259466, 990.0037093182, 0.0, 0.0, 0.15491933384829668
34.5, 38.5, 248.5255398040533, 0.9998023192233285, 983.0567064401542, 0.0, 0.0, 0.15811388300841897
34.5, 39.5, 248.40729265337393, 0.9998018588396083, 978.1470048035521, 0.0, 0.0, 0.15811388300841897
34.5, 40.5, 248.28598219261767, 0.9998013973743485, 967.9498549984816, 0.0, 0.0, 0.15491933384829668
34.5, 41.5, 248.15527884855186, 0.9998009348271114, 1073.5853654856703, 0.0, 0.0, 0.15491933384829668
34.5, 42.5, 248.0212443753759, 0.9998004711974575, 998.0920679960162, 0.0, 0.0, 0.09486832980505139
34.5, 43.5, 247.89041630713263, 0.9998000064849466, 987.6356656526856, 0.0, 0.0, 0.15491933384829668
34.5, 44.5, 247.75651084817412, 0.9997995406891373, 993.0691490279327, 0.35063765688334714, 0.0003530848352570104, 0.15491933384829668
34.5, 45.5, 247.64033441698885, 0.9997990738095869, 689.5237113893473, 0.0, 0.0, 0.14491376746189438
35.5, -44.5, 247.6636847731125, 0.9998036867710972, 789.6386759040934, 0.937026602955829, 0.0011866523658849212, 0.15491933384829668
35.5, -43.5, 247.78405280516733, 0.9998041438507903, 983.3827434411809, 0.0, 0.0, 0.1264911064067352
35.5, -42.5, 247.91492206738695, 0.999804599850836, 979.0399976651149, 0.0, 0.0, 0.12649110640673517
35.5, -41.5, 248.04899871181792, 0.9998050547716669, 1082.696078694559, 0.0, 0.0, 0.15491933384829668
35.5, -40.5, 248.17974314833324, 0.9998055086137142, 974.2537636284148, 0.7730719376613217, 0.0007935016178764028, 0.14491376746189438
35.5, -39.5, 248.3010917206708, 0.9998059613774081, 982.9355391984484, 0.7442071963237757, 0.0007571271631206378, 0.1264911064067352, (-909.5868906542432, -915.760557332892, 3490.0), (-44.19999999999999, -44.49999999999999, 261.85450008753696)
35.5, -38.5, 248.41937599503308, 0.9998064130631779, 980.5138572046943, 0.0, 0.0, 0.14491376746189438
35.5, -37.5, 248.53459918389788, 0.9998068636714512, 985.355934187364, 0.0, 0.0, 0.15491933384829668
35.5, -36.5, 248.6467644124001, 0.9998073132026554, 982.1814562053647, 0.0, 0.0, 0.12649110640673517
35.5, -35.5, 248.75587471875355, 0.9998077616572159, 982.070277274364, 0.0, 0.0, 0.15491933384829668
35.5, -34.5, 248.8619330546602, 0.9998082090355574, 973.5605961272137, 0.0, 0.0, 0.14491376746189438
35.5, -33.5, 248.96494228570714, 0.9998086553381036, 980.8969265791367, 0.8936929700585377, 0.0009110977370224601, 0.0
35.5, -32.5, 249.06490519175117, 0.9998091005652769, 999.8861154731086, 0.0, 0.0, 0.0
35.5, -31.5, 249.16182446729093, 0.9998095447174987, 971.6986633164955, 0.0, 0.0, 0.0
35.5, -30.5, 249.25570272182725, 0.9998099877951893, 992.7320807049656, 0.0, 0.0, 0.0
35.5, -29.5, 249.34654248021113, 0.9998104297987677, 976.0388471608969, 0.0, 0.0, 0.0
35.5, -28.5, 249.4343461829802, 0.999810870728652, 975.585127039447, 24.696989188268727, 0.025315052991034502, 0.0
35.5, -27.5, 249.51911618668302, 0.9998113105852593, 969.7110598265116, 341.66453088017136, 0.35233642786470604, 0.0
35.5, -26.5, 249.60085476419218, 0.9998117493690054, 975.8349594217726, 508.4874681419495, 0.5210793723185033, 0.0
35.5, -25.5, 249.67956410500517, 0.999812187080305, 987.6308692580865, 512.7491457166552, 0.5191708376853744, 0.0
35.5, -24.5, 249.75524631553427, 0.9998126237195718, 992.2294168399206, 548.8367749238461, 0.5531349560989599, 0.0
35.5, -23.5, 249.82790341938494, 0.9998130592872183, 988.853311655612, 536.297272870784, 0.5423425967728976, 0.0
35.5, -22.5, 249.89753735762247, 0.9998134937836562, 992.5003009246616, 507.9830972933663, 0.511821605313474, 0.0
35.5, -21.5, 249.96737492345312, 0.9998139272092957, 1075.638669272969, 585.8213493799469, 0.5446265238641033, 0.0, (-907.6994926584786, -876.8952112334168, 3490.0), (-44.19999999999999, -42.69999999999997, 262.0843774425902)
35.5, -20.5, 250.03393639228227, 0.44739919030525394, 976.9353724297829, 530.2833651288526, 0.5428029121414237, 0.0, (3500.0, -891.4669321223755, -1717.6250470201073)
35.5, -19.5, 250.09420996500543, 0.9998147908498158, 998.5674444079649, 511.2917784042035, 0.5120252830867528, 0.0
35.5, -18.5, 250.1514674727813, 0.9998152210655118, 980.3982663870505, 495.4150063400434, 0.5053201574557447, 0.0
35.5, -17.5, 250.2057104394632, 0.7326453049164435, 995.4242003820023, 538.4397262915476, 0.5409148442291406, 0.09486832980505139, (59.70903481576511, -116.38791797935282, 225.71370992992988), (59.70903481576511, -116.38791797935282, 225.71370992992988)
35.5, -16.5, 250.25694030775213, 0.9998160782898056, 978.8030585983494, 512.5733308101942, 0.5236736096270497, 0.0
35.5, -15.5, 250.30515843938582, 0.9998165052992122, 983.6180766297911, 507.384185602472, 0.5158345476335106, 0.0
35.5, -14.5, 250.3503661153163, 0.9998169312406626, 985.0298903877432, 516.7991057967023, 0.5246532220390506, 0.0
35.5, -13.5, 250.3925645358773, 0.9998173561145587, 968.7860960294267, 484.67059489837783, 0.5002864893342318, 0.0
35.5, -12.5, 250.43175482094088, 0.9998177799213009, 975.773068737229, 517.5521841871204, 0.5304022018735328, 0.0
35.5, -11.5, 250.4679380100632, 0.9998182026612888, 996.8286452397759, 609.4758165602533, 0.6114148298915013, 0.0
35.5, -10.5, 250.50111506262002, 0.999818624334921, 999.3182021758248, 721.7039096054123, 0.7221963014723835, 0.0
35.5, -9.5, 250.5312868579315, 0.9998190449425944, 988.9240099006619, 807.858540323156, 0.8169065896218922, 0.0
35.5, -8.5, 250.55845419537656, 0.9998194644847057, 985.4512476156455, 875.3553467965659, 0.8882786935574308, 0.0
35.5, -7.5, 250.58261779449683, 0.99981988296165, 973.2732229053631, 834.0647874599223, 0.8569688015972706, 0.0
35.5, -6.5, 250.60377829509005, 0.9998203003738213, 990.264821220906, 853.2404414691565, 0.8616285494391177, 0.0
35.5, -5.5, 250.62193625729316, 0.9998207167216127, 990.6926512284737, 846.0439507474496, 0.8539923554478197, 0.0
35.5, -4.5, 250.637092161655, 0.9998211320054162, 973.7460233791029, 852.9169182405091, 0.875913120836898, 0.0
35.5, -3.5, 250.64924640919872, 0.9998215462256227, 979.0228612636708, 815.8046935749991, 0.8332846206696354, 0.0
35.5, -2.5, 250.65839932147364, 0.999821959382622, 989.8048389394113, 829.8415155921684, 0.8383890267513284, 0.0
35.5, -1.5, 250.66455114059707, 0.9998223714768028, 983.9077096448575, 817.3307316019376, 0.8306985742564758, 0.0
35.5, -0.5, 250.66770202928575, 0.9998227825085527, 985.2151534886001, 841.7892220152787, 0.8544217159414804, 0.0
35.5, 0.5, 250.66775454380303, 0.9998231924782585, 1090.924585469873, 885.5029818902725, 0.8116995378822423, 0.0
35.5, 1.5, 250.66455114059707, 0.9998236013863057, 993.400025477298, 816.7918997438493, 0.8222185210347726, 0.0
35.5, 2.5, 250.65839932147358, 0.9998240092330785, 982.2122844025038, 834.5203677699851, 0.8496334051427975, 0.0
35.5, 3.5, 250.64924640919867, 0.9998244160189605, 980.147811612804, 821.7443621094653, 0.8383882026500773, 0.0
35.5, 4.5, 250.63709216165498, 0.9998248217443342, 988.257450109978, 834.6677785346009, 0.8445853643114101, 0.0
35.5, 5.5, 250.62193625729313, 0.9998252264095805, 973.1391244392488, 834.0244313273118, 0.8570454217508736, 0.0
35.5, 6.5, 250.60377829509002, 0.9998256300150797, 985.3422839569038, 856.963587074076, 0.8697115723408428, 0.0
35.5, 7.5, 250.5826177944968, 0.999826032561211, 981.4289259695795, 859.5289860252462, 0.8757934102829656, 0.0
35.5, 8.5, 250.55845419537656, 0.9998264340483526, 984.6943563678058, 850.4256760669506, 0.8636443080712622, 0.0
35.5, 9.5, 250.53128685793143, 0.9998268344768811, 960.5432306700245, 780.2219185567244, 0.812271528906078, 0.0
35.5, 10.5, 250.50111506262, 0.9998272338471728, 995.7592666548996, 699.8303509453867, 0.7028107840726999, 0.0
35.5, 11.5, 250.46793801006316, 0.9998276321596024, 981.0699920544026, 606.1219134294429, 0.6178171978945127, 0.0
35.5, 12.5, 250.43175482094085, 0.9998280294145436, 993.537186371852, 530.6150429486015, 0.5340666159525183, 0.0
35.5, 13.5, 250.39256453587726, 0.9998284256123695, 985.4130937311519, 498.64596238327806, 0.5060273356985883, 0.0
35.5, 14.5, 250.3503661153162, 0.9998288207534515, 965.1406307583542, 504.5730958885851, 0.5227974865094214, 0.0
35.5, 15.5, 250.30515843938574, 0.9998292148381603, 988.8002342235154, 492.96182616117045, 0.4985454180725223, 0.0
35.5, 16.5, 250.25694030775207, 0.9998296078668656, 964.167055743997, 487.0127353961136, 0.505112399863436, 0.0
35.5, 17.5, 250.2057104394631, 0.9998299998399358, 986.5145880456513, 509.75951137090885, 0.5167277986033386, 0.0
35.5, 18.5, 250.15146747278123, 0.9998303907577384, 980.2881427877054, 467.29488412068105, 0.4766913560657849, 0.0
35.5, 19.5, 250.09420996500535, 0.9998307806206399, 976.7836138952758, 505.3479280327993, 0.5173591375243722, 0.0
35.5, 20.5, 250.0339363922822, 0.9998311694290054, 980.3692111496814, 537.9815592292954, 0.5487540337975354, 0.0
35.5, 21.5, 249.96737492345304, 0.9998315571831995, 1089.0649349394726, 566.3373602883493, 0.5200216645666081, 0.0
35.5, 22.5, 249.89753735762238, 0.9998319438835854, 984.5380484504286, 488.5121046660129, 0.4961840788529052, 0.0
35.5, 23.5, 249.82790341938482, 0.9998323295305251, 990.6617661080716, 531.8135245576157, 0.5368265363131012, 0.0
35.5, 24.5, 249.7552463155342, 0.99983271412438, 984.8851479388782, 531.8762612445047, 0.5400388688544959, 0.0
35.5, 25.5, 249.67956410500506, 0.9998330976655101, 992.3388772116887, 504.92540205397216, 0.5088235618388052, 0.0
35.5, 26.5, 249.6008547641921, 0.9998334801542745, 999.9037125006986, 540.9478924510043, 0.5409999839865846, 0.0
35.5, 27.5, 249.5191161866829, 0.9998338615910312, 989.860255536716, 332.4312583881209, 0.33583655523968087, 0.0
35.5, 28.5, 249.43434618298005, 0.999834241976137, 981.5698994983127, 31.996820717722287, 0.032597597719811994, 0.0
35.5, 29.5, 249.34654248021099, 0.999834621309948, 995.6904351006606, 1.9997958911021398, 0.002008451442942673, 0.0, (-902.8220775055061, -768.0115410454058, 3490.0), (-44.19999999999999, -37.599999999999895, 262.68343148143134)
35.5, 30.5, 249.2557027218271, 0.9998349995928192, 977.8103665022562, 0.0, 0.0, 0.0
35.5, 31.5, 249.1618244672908, 0.9998353768251041, 993.3485350143618, 0.0, 0.0, 0.0
35.5, 32.5, 249.06490519175102, 0.9998357530071558, 984.6240520594408, 0.0, 0.0, 0.0
35.5, 33.5, 248.964942285707, 0.9998361281393258, 995.9595853084099, 1.8339692093787137, 0.0018414092664320357, 0.0
35.5, 34.5, 248.86193305466003, 0.999836502221965, 981.9435663137938, 0.999745048809164, 0.0010181288244111592, 0.0
35.5, 35.5, 248.7558747187534, 0.9998368752554228, 989.486770123411, 0.0, 0.0, 0.0
35.5, 36.5, 248.64676441239996, 0.9998372472400481, 964.5471854269973, 0.0, 0.0, 0.0
35.5, 37.5, 248.53459918389774, 0.9998376181761883, 982.1470457325704, 0.0, 0.0, 0.0
35.5, 38.5, 248.4193759950329, 0.9998379880641901, 994.1338400213773, 0.0, 0.0, 0.0
35.5, 39.5, 248.30109172067066, 0.9998383569043988, 986.563438234448, 0.0, 0.0, 0.0
35.5, 40.5, 248.1797431483331, 0.9998387246971592, 971.9353024960145, 0.0, 0.0, 0.0
35.5, 41.5, 248.04899871181777, 0.9998390914428144, 1083.5672039857868, 0.0, 0.0, 0.0
35.5, 42.5, 247.91492206738675, 0.9998394571417069, 974.0791534777279, 0.0, 0.0, 0.0
35.5, 43.5, 247.7840528051672, 0.9998398217941781, 980.9262407452144, 0.0, 0.0, 0.0
35.5, 44.5, 247.65010515118752, 0.9998401854005684, 982.4108028995653, 0.0, 0.0, 0.0
35.5, 45.5, 247.5338920860124, 0.999840547961217, 697.3778318400782, 0.0, 0.0, 0.0
36.5, -44.5, 247.55422129419327, 0.9998409094764622, 786.9593263378938, 0.0, 0.0, 0.0
36.5, -43.5, 247.67462835687908, 0.9998412699466412, 978.7152017573802, 0.0, 0.0, 0.0
36.5, -42.5, 247.80554002481048, 0.9998416293720903, 987.189602797282, 0.0, 0.0, 0.0
36.5, -41.5, 247.9396600809485, 0.9998419877531447, 1066.3206792966134, 0.0, 0.0, 0.0
36.5, -40.5, 248.0704468186037, 0.8028005162963849, 979.318228536523, 0.49957539979811655, 0.0005101257030053181, 0.0, (1949.3871278667448, 3490.0, 1818.624294041219), (1192.2486524030571, 2151.0609298508416, 3490.0)
36.5, -39.5, 248.19183462350782, 0.9998427013834046, 983.9997420719894, 0.0, 0.0, 0.0
36.5, -38.5, 248.31015711345685, 0.9998430566332753, 987.85815969156, 0.0, 0.0, 0.0
36.5, -37.5, 248.42541750400613, 0.9998434108400818, 989.4211278320735, 0.0, 0.0, 0.0
36.5, -36.5, 248.5376189232812, 0.9983443154934506, 994.1957201658468, 0.0, 0.0, 0.0, (-52.896751455987015, -39.65317582211633, 245.92143972729534), (-52.896751455987015, -39.65317582211633, 245.92143972729534)
36.5, -35.5, 248.65846309932138, 0.9998441161258209, 972.2406386955929, 0.0, 0.0, 0.0
36.5, -34.5, 248.7528569258837, 0.9998444672054105, 993.8152923780467, 0.0, 0.0, 0.0
36.5, -33.5, 248.85589933205287, 0.9998448172432499, 985.0364052578904, 0.0, 0.0, 0.0, (-900.4325678088038, -708.9378588177884, 3490.0), (-44.19999999999999, -34.799999999999855, 262.9795793052526)
36.5, -32.5, 248.9558944134139, 0.9998451662396649, 981.9886435986798, 0.0, 0.0, 0.0
36.5, -31.5, 249.0528448670311, 0.9998455141949805, 977.3677774216454, 0.0, 0.0, 0.0
36.5, -30.5, 249.14675330488774, 0.9998458611095206, 977.2872180001475, 0.0, 0.0, 0.0
36.5, -29.5, 249.23762225423482, 0.999846206983608, 992.0875131204167, 0.0, 0.0, 0.0
36.5, -28.5, 249.32545415792757, 0.9998465518175648, 979.6809740234161, 0.0, 0.0, 0.0
36.5, -27.5, 249.41025137475077, 0.9998468956117116, 955.8495873306322, 0.9999003090501563, 0.0010460854116624593, 0.0
36.5, -26.5, 249.4920161797319, 0.9998472383663684, 986.0033648080748, 210.77934942826832, 0.21377143015054156, 0.0
36.5, -25.5, 249.57075076444286, 0.9998475800818538, 987.1788000136249, 480.39739776141755, 0.48663666374803344, 0.0
36.5, -24.5, 249.6464572372901, 0.9998479207584859, 984.3951884183606, 517.7873691905238, 0.5259954287489549, 0.0
36.5, -23.5, 249.71913762379333, 0.9998482603965813, 965.1979234385357, 471.54486050053106, 0.48854732179763055, 0.0
36.5, -22.5, 249.788793866853, 0.9998485989964558, 999.9098673630143, 514.953607196235, 0.5150000255065816, 0.0, (-899.5485429402665, -685.8548845494762, 3490.0), (-44.19999999999999, -33.69999999999984, 263.0895906805917)
36.5, -21.5, 249.85865379375213, 0.9998489365584242, 1089.5899017775541, 596.3156360488, 0.5472844737969508, 0.0
36.5, -20.5, 249.92523656651704, 0.9998492730828002, 986.1131216898693, 531.502953299989, 0.5389878114482141, 0.0
36.5, -19.5, 249.98552942359885, 0.9998496085698966, 989.2311739113946, 522.7050712257544, 0.5283952679725933, 0.0
36.5, -18.5, 250.04280524460515, 0.9998499430200251, 985.9371689136751, 513.5592505790524, 0.5208843593399588, 0.0
36.5, -17.5, 250.09706555482546, 0.9998502764334962, 988.3460561421077, 510.0488453926235, 0.5160630147941694, 0.0
36.5, -16.5, 250.1483117983199, 0.9998506088106199, 966.5420655222906, 496.35599093159925, 0.5135379086303742, 0.0
36.5, -15.5, 250.19654533810817, 0.9998509401517047, 992.7110013134526, 519.2320003283653, 0.5230444707889519, 0.0
36.5, -14.5, 250.24176745634787, 0.8238785240435829, 984.6202301542778, 534.930305104236, 0.5432859174754302, 0.0, (1356.5715222292301, -1906.8642797170041, 3500.0)
36.5, -13.5, 250.2839793545019, 0.9998515997269877, 983.3051146157518, 523.2371625236768, 0.5321208592799228, 0.0
36.5, -12.5, 250.32318215349528, 0.9998519279617981, 980.8542339166441, 504.26783465405924, 0.51411088132889, 0.0
36.5, -11.5, 250.35937689386134, 0.9998522551617943, 988.1832719614758, 522.3998141768011, 0.5286466883211587, 0.0
36.5, -10.5, 250.39256453587728, 0.99985258132728, 987.653377613898, 526.2572780244162, 0.5328360029465168, 0.0
36.5, -9.5, 250.42274595968922, 0.999852906458558, 972.4837604280556, 507.24491034340616, 0.5215973067973223, 0.0
36.5, -8.5, 250.4499219654268, 0.9998532305559297, 982.9308304379756, 547.0645963203812, 0.5565646934450305, 0.0, (-898.4675290792505, -656.5724250963718, 3490.0), (-44.19999999999999, -32.29999999999982, 263.2244469286808)
36.5, -7.5, 250.47409327330703, 0.9998535536196957, 989.8442334545795, 634.2854212166242, 0.640793167024829, 0.0
36.5, -6.5, 250.49526052372823, 0.9998538756501559, 976.0853706475082, 704.0155096919223, 0.721264277554839, 0.0
36.5, -5.5, 250.51342427735298, 0.9998541966476088, 984.8182841676016, 757.3544086526084, 0.7690295974680724, 0.0
36.5, -4.5, 250.52858501518088, 0.999854516612352, 987.6806278671086, 829.2396808766263, 0.8395828139986559, 0.0
36.5, -3.5, 250.54074313861133, 0.9998548355446822, 972.5587040690292, 859.843681693782, 0.8841046592831201, 0.0
36.5, -2.5, 250.54989896949522, 0.999855153444895, 990.748111063682, 912.5906560619134, 0.9211126883523829, 0.0
36.5, -1.5, 250.55605275017697, 0.9998554703132849, 988.1678262578276, 911.5264556233266, 0.922440937057483, 0.0
36.5, -0.5, 250.55920464352585, 0.9998557861501458, 987.0767384351261, 889.7861596611068, 0.9014356483283558, 0.0
36.5, 0.5, 250.5592571747872, 0.9998561009557702, 1077.7184390230793, 970.3407287826172, 0.9003657111612594, 0.0
36.5, 1.5, 250.55605275017697, 0.9998564147304497, 992.8517758102862, 906.2741392610445, 0.9127990313774844, 0.0
36.5, 2.5, 250.5498989694952, 0.4488511211276476, 989.5665701014552, 902.4409720560603, 0.911955798955029, 0.0, (2448.6336769086283, -3500.0, 2259.8608628936245)
36.5, 3.5, 250.54074313861128, 0.9999676346764806, 973.3788963383865, 875.4779499528976, 0.8994215441142515, 0.0
36.5, 4.5, 250.52858501518088, 0.9998573498717205, 999.9357128827265, 831.946689006668, 0.8320001758995476, 0.0
36.5, 5.5, 250.51342427735293, 0.999857659525517, 983.7604983863964, 777.8005310429385, 0.7906401327545863, 0.0
36.5, 6.5, 250.4952605237282, 0.9998579681498119, 985.8931307743077, 696.058688155284, 0.7060183973577425, 0.0
36.5, 7.5, 250.474093273307, 0.9998582757448908, 987.8560534111521, 650.9380856145178, 0.6589402204569912, 0.0
36.5, 8.5, 250.44992196542677, 0.9998585823110385, 980.8182929096675, 518.5473488774574, 0.5286884967644206, 0.0
36.5, 9.5, 250.4227459596892, 0.9998588878485387, 996.3241915016647, 536.1595217840523, 0.5381376125936981, 0.0
36.5, 10.5, 250.39256453587726, 0.9998591923576738, 983.0568820650141, 504.61057081885446, 0.5133076020574384, 0.0
36.5, 11.5, 250.3593768938613, 0.9998594958387259, 969.7631560975057, 509.18149454548825, 0.5250575785891088, 0.0
36.5, 12.5, 250.32318215349525, 0.9998597982919755, 972.5980847941528, 514.1922892222486, 0.528679109347697, 0.0
36.5, 13.5, 250.28397935450187, 0.9998600997177023, 973.4894405140267, 474.3980649550588, 0.4873171143023029, 0.0
36.5, 14.5, 250.24176745634782, 0.999860400116185, 990.3344704254538, 505.02266139849, 0.5099516138032933, 0.0
36.5, 15.5, 250.1965453381081, 0.9998606994877015, 983.8820669127192, 536.968089977229, 0.545764688711278, 0.0
36.5, 16.5, 250.1483117983198, 0.9998609978325285, 999.086430137026, 560.7058343290809, 0.5612185466798697, 0.0
36.5, 17.5, 250.09706555482538, 0.9998612951509417, 965.0332747339787, 507.67370855472944, 0.5260686049345551, 0.0
36.5, 18.5, 250.0428052446051, 0.999861591443216, 967.8682172010136, 531.5976796783222, 0.5492459306243715, 0.0
36.5, 19.5, 249.9855294235988, 0.9998618867096251, 997.8287901378086, 540.3961349843313, 0.5415720014549771, 0.0
36.5, 20.5, 249.925236566517, 0.9998621809504418, 985.4819482673006, 503.8847718041165, 0.5113079673250834, 0.0
36.5, 21.5, 249.85865379375207, 0.999862474165938, 1085.2406728527696, 546.8294447800439, 0.5038785022151765, 0.0
36.5, 22.5, 249.7887938668529, 0.9998627663563845, 987.9683334613641, 517.7231777187878, 0.5240281091853782, 0.0
36.5, 23.5, 249.71913762379322, 0.9998630575220512, 993.3774548925998, 521.3396043857102, 0.5248152168322318, 0.0
36.5, 24.5, 249.64645723728998, 0.999863347663207, 989.7103323596732, 502.4045001911409, 0.5076278217620556, 0.0
36.5, 25.5, 249.57075076444275, 0.9998636367801197, 997.6645752933326, 511.94580050221197, 0.5131442101687234, 0.0
36.5, 26.5, 249.4920161797318, 0.9998639248730563, 988.628587817953, 206.47019806550728, 0.20884506134019148, 0.0
36.5, 27.5, 249.41025137475066, 0.9998642119422827, 982.1485286850321, 0.9998974103778684, 0.0010180714842760084, 0.0
36.5, 28.5, 249.32545415792745, 0.999864497988064, 979.3177583379122, 0.999896854851403, 0.001021013707081568, 0.0, (-895.8453026318117, -579.6646075852852, 3490.0), (-44.19999999999999, -28.599999999999767, 263.553089962173)
36.5, 29.5, 249.2376222542347, 0.999864783010664, 987.671414227108, 0.0, 0.0, 0.0, (-895.7791098558449, -577.5951273957326, 3490.0), (-44.19999999999999, -28.499999999999766, 263.56141388670363)
36.5, 30.5, 249.14675330488765, 0.9998650670103456, 977.4818111250765, 0.6415053497795767, 0.0006562836694027149, 0.0
36.5, 31.5, 249.05284486703098, 0.9998653499873712, 975.0177245995897, 0.0, 0.0, 0.0
36.5, 32.5, 248.95589441341377, 0.9998656319420015, 984.4199682250526, 0.0, 0.0, 0.0
36.5, 33.5, 248.85589933205276, 0.9998659128744968, 986.8084950779976, 0.0, 0.0, 0.0
36.5, 34.5, 248.75285692588358, 0.9998661927851159, 991.5226041921393, 0.8662785908303025, 0.0008736851657921792, 0.0
36.5, 35.5, 248.64676441239996, 0.9998664716741172, 988.8329971971759, 0.0, 0.0, 0.0
36.5, 36.5, 248.53761892328103, 0.9998667495417578, 991.0585217807466, 0.0, 0.0, 0.0
36.5, 37.5, 248.425417504006, 0.9998670263882938, 966.2150485512313, 0.9258041716776594, 0.0009581761048597151, 0.0
36.5, 38.5, 248.3101571134567, 0.9998673022139803, 990.740846389943, 0.0, 0.0, 0.0
36.5, 39.5, 248.19183462350767, 0.10824007842426883, 976.9079928048728, 0.0, 0.0, 0.0, (-3500.0, 1653.4307441108333, -308.9585411529561)
36.5, 40.5, 248.07044681860356, 0.9998678508038212, 993.3960415751973, 0.0, 0.0, 0.0
36.5, 41.5, 247.93966008094833, 0.9998681235684811, 1083.9763778860088, 0.0, 0.0, 0.0, (-895.0038203132339, -552.7964772522865, 3490.0), (-44.19999999999999, -27.29999999999975, 263.6590117739128)
36.5, 42.5, 247.80554002481028, 0.9998683953133026, 983.1712352451553, 0.9775332267230731, 0.0009942654867026533, 0.0
36.5, 43.5, 247.67462835687894, 0.9998686660385361, 999.8430464689908, 0.0, 0.0, 0.0
36.5, 44.5, 247.5406372666663, 0.9998689357444309, 986.303672883883, 0.0, 0.0, 0.0
36.5, 45.5, 247.42438648984913, 0.9998692044312354, 676.9724456349891, 25.739909273880283, 0.038022092981549155, 0.0
37.5, -44.5, 247.44169277355655, 0.9998694720991972, 797.0594170710978, 0.0, 0.0, 0.0
37.5, -43.5, 247.56213998533556, 0.9998697387485626, 992.6384968062681, 0.0, 0.0, 0.0
37.5, -42.5, 247.69309527412818, 0.999870004379577, 988.2467335110387, 0.0, 0.0, 0.0
37.5, -41.5, 247.82725998591758, 0.9998702689924851, 1093.603787982605, 0.0, 0.0, 0.0
37.5, -40.5, 247.9580902368035, 0.9998705325875304, 983.1197602645238, 0.0, 0.0, 0.0, (-894.4453099881646, -534.2388276852333, 3490.0000000000005), (-44.19999999999999, -26.399999999999736, 263.7294381624962)
37.5, -39.5, 248.07951839841087, 0.9998707951649555, 993.6064400766055, 0.0, 0.0, 0.0
37.5, -38.5, 248.19788019891828, 0.999871056725002, 992.370431915924, 0.0, 0.0, 0.0
37.5, -37.5, 248.3131788570488, 0.9998713172679105, 988.7318905676702, 0.0, 0.0, 0.0
37.5, -36.5, 248.42541750400613, 0.9998715767939208, 987.399932194937, 0.9970374315130156, 0.0010097604820537662, 0.0
37.5, -35.5, 248.53459918389788, 0.9998718353032715, 999.8230583007869, 0.0, 0.0, 0.0
37.5, -34.5, 248.64072685414615, 0.9998720927962005, 994.181732525865, 0.0, 0.0, 0.0
37.5, -33.5, 248.74380338588583, 0.9998723492729445, 989.0233171120639, 0.0, 0.0, 0.0
37.5, -32.5, 248.8438315643502, 0.9998726047337395, 991.4990491517518, 0.0, 0.0, 0.0, (-893.9652917006622, -517.7717526592015, 3490.0), (-44.19999999999999, -25.599999999999724, 263.7900460346103)
37.5, -31.5, 248.94081408924453, 0.9998728591788203, 993.4163013215997, 0.0, 0.0, 0.0
37.5, -30.5, 249.0347535751073, 0.9998731126084206, 991.9236895932964, 0.0, 0.0, 0.0
37.5, -29.5, 249.12565255165956, 0.9998733650227737, 984.8536975679908, 0.0, 0.0, 0.0
37.5, -28.5, 249.2135134641422, 0.7078324125024199, 986.9257143149918, 0.0, 0.0, 0.0, (-1207.262720991808, 3398.0915321649045, -3500.0)
37.5, -27.5, 249.29833867364167, 0.9998738668066647, 985.6838980394358, 0.9794850478507328, 0.0009937111175286186, 0.0
37.5, -26.5, 249.3801304574035, 0.9998741161766638, 999.8995788778706, 0.9998974331109272, 0.0009999978540175547, 0.0
37.5, -25.5, 249.45889100913467, 0.9998743645323378, 985.2183146868306, 86.99138141210861, 0.08829655327688501, 0.0
37.5, -24.5, 249.53665653572187, 0.9998746118739148, 973.11158180846, 416.2478549190439, 0.4277493585529794, 0.0
37.5, -23.5, 249.6073267753723, 0.999874858201622, 997.616276549004, 527.65667331663, 0.5289174662846541, 0.0
37.5, -22.5, 249.67700596215812, 0.9998751035156858, 990.2313467545455, 516.0494513730297, 0.5211402901598366, 0.0
37.5, -21.5, 249.7468888906322, 0.9998753478163314, 1082.035253071703, 552.811028097962, 0.5108992766442971, 0.0
37.5, -20.5, 249.81349357755124, 0.999875591103783, 989.1545340472583, 518.0698445330845, 0.5237501590508131, 0.0
37.5, -19.5, 249.87380627135556, 0.999875833378264, 990.3589559717302, 518.2220256252501, 0.5232668645044725, 0.0
37.5, -18.5, 249.93110093013428, 0.9998760746399971, 983.6583663292869, 517.6870231059811, 0.5262874193179805, 0.0, (-893.1622869060188, -489.0164557268189, 3490.0000000000005), (-44.19999999999999, -24.199999999999704, 263.8915985049586)
37.5, -17.5, 249.98537908065498, 0.9998763148892035, 984.0381891669505, 512.1654059575311, 0.5204730991092033, 0.0
37.5, -16.5, 250.03664216837663, 0.9998765541261039, 981.0524225302594, 515.1728741184565, 0.5251226767166631, 0.0
37.5, -15.5, 250.08489155763866, 0.9998767923509176, 993.3321600864277, 523.2002797203892, 0.5267123131046785, 0.0
37.5, -14.5, 250.1301285318394, 0.9998770295638635, 975.1091892110774, 494.7551346987392, 0.5073843423617269, 0.0, (-892.9414760676973, -480.8146409595234, 3489.9999999999995), (-44.19999999999999, -23.7999999999997, 263.91955948712103)
37.5, -13.5, 250.17235429360392, 0.9998772657651591, 955.4986517590883, 480.87036613893025, 0.5032663994382831, 0.0
37.5, -12.5, 250.2115699649412, 0.9998775009550211, 987.3480706770134, 493.4680472506941, 0.4997913723701598, 0.0
37.5, -11.5, 250.24777658739015, 0.9998777351336654, 966.7450290637714, 527.9181344877833, 0.5460779405289904, 0.0
37.5, -10.5, 250.2809751221559, 0.9998779683013067, 990.9815479227095, 508.78302962109956, 0.5134132221610059, 0.0
37.5, -9.5, 250.31116645023474, 0.9998782004581588, 987.0847139755296, 509.0429354307871, 0.5157033922454265, 0.0
37.5, -8.5, 250.33835137252885, 0.9998784316044347, 989.2838070449923, 498.66235264123895, 0.5040639997239538, 0.0
37.5, -7.5, 250.3625306099506, 0.9998786617403463, 983.0439960220498, 483.42002967298765, 0.4917582851115287, 0.0
37.5, -6.5, 250.38370480351634, 0.9998788908661046, 984.167230614335, 517.7752762453854, 0.5261049749870057, 0.0
37.5, -5.5, 250.4018745144296, 0.9999009736363675, 979.2259917063496, 517.4197369860489, 0.528396653447096, 0.0
37.5, -4.5, 250.4170402241542, 0.9998793460880007, 991.4208047459605, 508.2435944806313, 0.5126416472678951, 0.0
37.5, -3.5, 250.42920233447654, 0.9998795721845557, 971.5856653864253, 536.7682623118982, 0.5524662224183919, 0.0
37.5, -2.5, 250.43836116755807, 0.999879797271792, 980.4191353811502, 523.992962737664, 0.5344581147265707, 0.0
37.5, -1.5, 250.44451696597687, 0.9998800213499159, 986.9012918053578, 571.6720854510277, 0.5792596384236733, 0.0
37.5, -0.5, 250.44766989275925, 0.9998802444191326, 977.9913540771126, 505.28553442827496, 0.5166564431493269, 0.0
37.5, 0.5, 250.44772244124417, 0.9998804664796466, 1082.412366890581, 599.3542279565372, 0.5537207872802554, 0.0
37.5, 1.5, 250.44451696597687, 0.9998806875316611, 971.8910661901735, 551.8421889268863, 0.5678025121581941, 0.0
37.5, 2.5, 250.43836116755807, 0.999880907575379, 979.4830054050632, 526.455673286311, 0.537483213471985, 0.0
37.5, 3.5, 250.42920233447654, 0.9999911969958838, 986.476882520793, 497.8187725499051, 0.5046431207569753, 0.0
37.5, 4.5, 250.41704022415416, 0.9998813446387294, 988.9437191715692, 511.8587352418427, 0.5175812589927998, 0.0
37.5, 5.5, 250.40187451442958, 0.9998815616587621, 993.8138645796033, 523.4991206045821, 0.5267577151643273, 0.0
37.5, 6.5, 250.3837048035163, 0.9998817776712985, 981.6160380754609, 532.0167363596065, 0.5419804849589348, 0.0
37.5, 7.5, 250.36253060995057, 0.9998819926765364, 985.4360137576105, 492.8237768700576, 0.5001073331903602, 0.0
37.5, 8.5, 250.33835137252882, 0.9998822066746726, 977.7784925711901, 505.00154369479105, 0.5164784739402752, 0.0
37.5, 9.5, 250.3111664502347, 0.9998824196659031, 983.001066520248, 509.6412965122097, 0.5184544695524113, 0.0
37.5, 10.5, 250.28097512215587, 0.9998826316504226, 975.9888146034293, 517.3717299837314, 0.530100060822883, 0.0
37.5, 11.5, 250.24777658739012, 0.9998828426284252, 976.7166161130759, 530.2639541702017, 0.542904610633564, 0.0
37.5, 12.5, 250.2115699649411, 0.999883052600104, 995.0383009937796, 527.7405701657772, 0.5303721169714816, 0.0
37.5, 13.5, 250.1723542936039, 0.9998832615656512, 989.1795599031886, 550.342380346896, 0.556362467094203, 0.0
37.5, 14.5, 250.13012853183932, 0.999883469525258, 992.024514576731, 530.4015792626922, 0.5346657985453108, 0.0, (-891.4543331767178, -421.5247865021063, 3490.0), (-44.19999999999999, -20.899999999999658, 264.10828025418084)
37.5, 15.5, 250.08489155763857, 0.9998836764791145, 975.0077944600636, 521.0877473164895, 0.5344446990857706, 0.0
37.5, 16.5, 250.03664216837657, 0.9998838824274101, 993.0221455708943, 518.8635975224144, 0.5225095934029916, 0.0
37.5, 17.5, 249.9853790806549, 0.9998840873703331, 983.55190006365, 501.36562159051596, 0.5097500412109116, 0.0
37.5, 18.5, 249.9311009301342, 0.9998842913080711, 992.4077374412335, 531.8297247497123, 0.5358984061540585, 0.0
37.5, 19.5, 249.8738062713555, 0.9998844942408105, 978.6239500448424, 506.68839056010796, 0.5177559679965839, 0.0, (-891.2180214526328, -411.33139451659287, 3490.0), (-44.19999999999999, -20.39999999999965, 264.1383338143958)
37.5, 20.5, 249.81349357755116, 0.9998846961687368, 988.4566676148823, 522.2537780983599, 0.5283527292688949, 0.0
37.5, 21.5, 249.74688889063208, 0.9998848970920348, 1085.6539897812374, 542.2545941414891, 0.4994727595030116, 0.0
37.5, 22.5, 249.677005962158, 0.999885097010888, 980.4454162322127, 525.0557156315223, 0.535527737637121, 0.0
37.5, 23.5, 249.6073267753722, 0.9998852959254793, 967.2605368856761, 509.7278971119804, 0.5269809711798745, 0.0
37.5, 24.5, 249.5346224392941, 0.9998854938359905, 992.6471347708294, 422.5830188806941, 0.4257132308937305, 0.0
37.5, 25.5, 249.45889100913456, 0.9998856907426025, 987.472249089517, 95.59360693244892, 0.09680637306070067, 0.0
37.5, 26.5, 249.3801304574034, 0.9998858866454952, 986.1949599086496, 2.9827706433300767, 0.0030245243228644854, 0.0
37.5, 27.5, 249.29833867364155, 0.9998860815448476, 995.6378002609969, 0.0, 0.0, 0.0
37.5, 28.5, 249.2135134641421, 0.9998862754408379, 989.1251297646744, 0.0, 0.0, 0.0
37.5, 29.5, 249.12565255165944, 0.9998864683336431, 965.4817803814641, 0.0, 0.0, 0.0
37.5, 30.5, 249.03475357510717, 0.9998866602234396, 992.8694830646011, 0.4980251569529321, 0.0005016018373489761, 0.0
37.5, 31.5, 248.9408140892444, 0.9998868511104027, 973.9067101592943, 0.0, 0.0, 0.0
37.5, 32.5, 248.84383156435007, 0.9998870409947065, 983.715647271955, 0.0, 0.0, 0.0
37.5, 33.5, 248.74380338588568, 0.9998872298765247, 988.8855908284023, 0.0, 0.0, 0.0
37.5, 34.5, 248.640726854146, 0.9998874177560297, 999.2180824157663, 0.0, 0.0, 0.0
37.5, 35.5, 248.53459918389774, 0.9998876046333931, 980.5758047605854, 0.0, 0.0, 0.0
37.5, 36.5, 248.425417504006, 0.9998877905087855, 986.3167849721414, 0.0, 0.0, 0.0
37.5, 37.5, 248.31317885704865, 0.9998879753823766, 987.0578065779376, 0.0, 0.0, 0.0
37.5, 38.5, 248.19788019891814, 0.9998881592543352, 973.2249858560884, 0.0, 0.0, 0.0
37.5, 39.5, 248.07951839841073, 0.9998883421248291, 987.5902093928172, 0.0, 0.0, 0.0
37.5, 40.5, 247.95809023680332, 0.9998885239940255, 994.2063215139443, 0.0, 0.0, 0.0, (-2393.174999386515, -816.2621669148473, 3489.9999999999995), (-44.19999999999999, -18.29999999999962, 264.25658687821965)
37.5, 41.5, 247.8272599859174, 0.99988870486209, 1091.0175451264306, 0.0, 0.0, 0.0
37.5, 42.5, 247.69309527412804, 0.9998888847291879, 980.4706183346569, 0.7425406752421838, 0.000757330879025625, 0.0
37.5, 43.5, 247.5621399853354, 0.9998890635954832, 962.7241448177499, 0.7258575726900457, 0.0007539621568621356, 0.0
37.5, 44.5, 247.42810421417843, 0.9998892414611393, 973.7928968960736, 1.999665774636882, 0.002053481578075521, 0.0
37.5, 45.5, 247.3118146450264, 0.9998894183263184, 695.5511843802354, 162.75083189148043, 0.23398828949805914, 0.0
38.5, -44.5, 247.32609614375178, 0.9998895941911818, 773.121568380021, 0.0, 0.0, 0.0
38.5, -43.5, 247.44658462632623, 0.99988976905589, 980.6613037450304, 0.0, 0.0, 0.0
38.5, -42.5, 247.57758475464726, 0.9998899429206025, 972.8257466512235, 0.8666132595638482, 0.0008908206454722312, 0.0, (-889.9629616255692, -352.36090109608864, 3490.0), (-44.19999999999999, -17.49999999999961, 264.29825022101403)
38.5, -41.5, 247.71179536963072, 0.9998901157854779, 1086.2578611778197, 0.0, 0.0, 0.0
38.5, -40.5, 247.842670349342, 0.9998902876506739, 991.7490494300273, 0.0, 0.0, 0.0
38.5, -39.5, 247.96413999503653, 0.9998904585163472, 975.8094283467252, 0.0, 0.0, 0.0
38.5, -38.5, 248.08254220423484, 0.9998906283826534, 978.186990720956, 0.0, 0.0, 0.0
38.5, -37.5, 248.19788019891828, 0.9998907972497478, 997.2419821589216, 0.0, 0.0, 0.0
38.5, -36.5, 248.31015711345685, 0.9998909651177841, 967.9245853578892, 0.0, 0.0, 0.0
38.5, -35.5, 248.41937599503305, 0.9998911319869154, 976.5024284354495, 0.0, 0.0, 0.0
38.5, -34.5, 248.5255398040534, 0.9998912978572938, 990.9012547656955, 0.0, 0.0, 0.0
38.5, -33.5, 248.62865141454716, 0.9998914627290706, 993.7059222116877, 0.0, 0.0, 0.0
38.5, -32.5, 248.7287136145527, 0.9998916266023959, 999.8767835626551, 0.0, 0.0, 0.0
38.5, -31.5, 248.82572910649156, 0.9998917894774192, 996.2865774372074, 0.0, 0.0, 0.0
38.5, -30.5, 248.9197005075306, 0.999891951354289, 996.5642199596883, 0.9877973376625362, 0.0009912028927774401, 0.0
38.5, -29.5, 249.01063034993152, 0.9998921122331526, 982.958625311384, 0.0, 0.0, 0.0
38.5, -28.5, 249.09852108138924, 0.9998922721141567, 987.3795476680705, 0.0, 0.0, 0.0
38.5, -27.5, 249.18337506535738, 0.9998924309974471, 977.2998810259962, 0.0, 0.0, 0.0
38.5, -26.5, 249.26519458136315, 0.9998925888831682, 993.1549291177552, 0.7682517470131994, 0.0007735467292053386, 0.0
38.5, -25.5, 249.3439818253096, 0.9998927457714643, 995.7964014689046, 0.0, 0.0, 0.0
38.5, -24.5, 249.41973890976698, 0.999892901662478, 981.314818472485, 7.998065367110563, 0.008150356253215817, 0.0
38.5, -23.5, 249.4924678642522, 0.9998930565563514, 970.190048125365, 203.14330879961588, 0.20938506758767156, 0.0
38.5, -22.5, 249.56217063549724, 0.9998932104532257, 979.7296255112045, 483.8772336696215, 0.49388853931730753, 0.0
38.5, -21.5, 249.6320772078858, 0.9998933633532407, 1078.8735841614887, 560.6890153013652, 0.5196985295892088, 0.0
38.5, -20.5, 249.69870442092304, 0.999893515256536, 975.6470363703671, 513.6079130775485, 0.5264279948907433, 0.0
38.5, -19.5, 249.7590375053935, 0.9998936661632498, 989.8231193487724, 532.9081590814907, 0.5383872619909135, 0.0
38.5, -18.5, 249.816351527986, 0.9998938160735195, 984.7058777702326, 519.6780943264802, 0.5277495606132045, 0.0
38.5, -17.5, 249.8706480169888, 0.9998939649874815, 987.7561485014172, 553.6570784188336, 0.5605200020863644, 0.0
38.5, -16.5, 249.92192841929958, 0.9998941129052716, 981.840344233984, 541.6141815242224, 0.5516316218873457, 0.0
38.5, -15.5, 249.97019410061503, 0.9998942598270244, 992.0995312011237, 534.3449418862375, 0.5386001354514421, 0.0
38.5, -14.5, 250.01544634560986, 0.9998944057528735, 979.0665387977871, 543.1042904567954, 0.5547164252224192, 0.0
38.5, -13.5, 250.05768635810446, 0.9998945506829517, 979.4165942436562, 531.3928508311606, 0.5425605957202746, 0.0
38.5, -12.5, 250.0969152612226, 0.9998946946173912, 995.0441700884319, 513.0506364402626, 0.5156058915401379, 0.0
38.5, -11.5, 250.13313409753778, 0.9998948375563228, 983.8624990626931, 545.9635957880656, 0.5549185951372215, 0.0
38.5, -10.5, 250.1663438292094, 0.9998949794998765, 997.6383000583322, 517.046216790172, 0.5182702155279525, 0.0
38.5, -9.5, 250.19654533810817, 0.9998951204481816, 986.8127285159544, 522.6856259313397, 0.5296705350744664, 0.0
38.5, -8.5, 250.22373942593097, 0.9998952604013664, 995.4023290039031, 532.1100473092974, 0.5345678142442953, 0.0
38.5, -7.5, 250.24792681430543, 0.9998953993595582, 978.6158168011134, 525.2247365560502, 0.5367016632460508, 0.0
38.5, -6.5, 250.26910814488346, 0.9998955373228834, 993.7345461503767, 511.3791914473499, 0.5146034153973807, 0.0
38.5, -5.5, 250.28728397942518, 0.9998956742914674, 991.7558794927148, 525.1995742861064, 0.5295653750545417, 0.0
38.5, -4.5, 250.30245479987164, 0.9998958102654351, 996.40111104193, 543.232646758278, 0.5451947420956036, 0.0
38.5, -3.5, 250.31462100840756, 0.9998959452449099, 980.4270431822592, 524.367772212955, 0.5348360960250218, 0.0
38.5, -2.5, 250.3237829275136, 0.9998960792300147, 981.2528927622985, 513.2990595873148, 0.5231057797367001, 0.0
38.5, -1.5, 250.3299408000083, 0.9998962122208713, 999.9281423688458, 502.96375304655476, 0.5029998974276547, 0.0
38.5, -0.5, 250.33309478907952, 0.9998963442176008, 985.83269114676, 532.3402564892356, 0.5399904682304623, 0.0
38.5, 0.5, 250.33314735526895, 0.9998964752203231, 1086.4802165745873, 534.5849141581754, 0.4920337305759639, 0.0
38.5, 1.5, 250.3299408000083, 0.9998966052291574, 999.2760550285677, 519.660825186537, 0.5200373035774191, 0.0
38.5, 2.5, 250.32378292751358, 0.9998967342442218, 991.2571852058479, 537.0508955033889, 0.5417876445373387, 0.0
38.5, 3.5, 250.31462100840753, 0.9998968622656338, 972.2396385234857, 529.8898347260371, 0.5450197808544059, 0.0
38.5, 4.5, 250.30245479987164, 0.9998969892935097, 999.9266476388432, 514.9622057542755, 0.5149999822189669, 0.0, (-888.3435484997275, -257.257860199007, 3490.0), (-44.19999999999999, -12.799999999999542, 264.5053427608161)
38.5, 5.5, 250.28728397942515, 0.999897115327965, 989.0874997746198, 527.746254426851, 0.5335688243427471, 0.0
38.5, 6.5, 250.26910814488343, 0.9998972403691143, 981.1740451861012, 536.022846938101, 0.546307609305373, 0.0
38.5, 7.5, 250.2479268143054, 0.9998973644170712, 985.3914344573502, 510.5226216406785, 0.5180911907579353, 0.0
38.5, 8.5, 250.22373942593094, 0.9998974874719485, 994.1343762210614, 542.4847117428585, 0.545685497573246, 0.0
38.5, 9.5, 250.1965453381081, 0.9998976095338581, 952.7511381671414, 508.26077610742806, 0.533466459127193, 0.0
38.5, 10.5, 250.16634382920935, 0.9998977306029109, 983.0149836834161, 525.2103663629434, 0.5342852093616607, 0.0
38.5, 11.5, 250.13313409753772, 0.9998978506792169, 985.2450117845241, 553.0854516237143, 0.5613684362856493, 0.0
38.5, 12.5, 250.09691526122253, 0.9998979697628853, 981.5744952030535, 498.5509096784224, 0.5079093967038025, 0.0
38.5, 13.5, 250.0576863581044, 0.9998980878540242, 978.810448014755, 570.5229430460535, 0.5828737772499268, 0.0
38.5, 14.5, 250.01544634560977, 0.9998982049527411, 988.3500569987062, 530.9663952180488, 0.537225036269456, 0.0
38.5, 15.5, 249.970194100615, 0.9998983210591422, 991.0749378525286, 531.4881717803955, 0.5362744546159441, 0.0
38.5, 16.5, 249.92192841929952, 0.9998984361733331, 986.4913978199755, 539.6471850111944, 0.5470368887186936, 0.0
38.5, 17.5, 249.87064801698875, 0.9998985502954183, 998.8131212228258, 523.4044519868424, 0.5240264078089497, 0.0
38.5, 18.5, 249.81635152798594, 0.9998986634255017, 994.7084191718835, 522.3928537387319, 0.5251718429945886, 0.0
38.5, 19.5, 249.75903750539342, 0.9998987755636858, 976.1101161830228, 533.8599549648235, 0.5469259524247402, 0.0
38.5, 20.5, 249.69870442092295, 0.9998988867100727, 988.636173783335, 496.44503509911215, 0.5021513963011339, 0.0
38.5, 21.5, 249.6320772078857, 0.9998989968647631, 1094.0778342278754, 588.7566359689669, 0.5381304853730727, 0.0
38.5, 22.5, 249.56217063549718, 0.9998991060278573, 988.8381521397567, 488.9292358958721, 0.49444819138286006, 0.0
38.5, 23.5, 249.4924678642521, 0.9998992141994543, 974.8771856007708, 225.881678264384, 0.23170270224877998, 0.0
38.5, 24.5, 249.4197389097669, 0.9998993213796524, 987.0116373087811, 7.999200240723194, 0.008104463958027972, 0.0
38.5, 25.5, 249.34398182530953, 0.999899427568549, 976.3267536915732, 0.9998971291667464, 0.0010241418924412874, 0.0
38.5, 26.5, 249.26519458136306, 0.9998995327662404, 994.5464260887552, 0.7293545147620637, 0.0007333539145380979, 0.0
38.5, 27.5, 249.1833750653573, 0.9998996369728222, 972.4508619966658, 0.0, 0.0, 0.0
38.5, 28.5, 249.09852108138912, 0.9998997401883891, 972.0434615056331, 0.0, 0.0, 0.0
38.5, 29.5, 249.0106303499314, 0.9998998424130348, 988.1256538204972, 0.0, 0.0, 0.0
38.5, 30.5, 248.91970050753048, 0.999899943646852, 988.5701726361832, 0.0, 0.0, 0.0
38.5, 31.5, 248.82572910649142, 0.9999000438899326, 995.7043575723686, 0.0, 0.0, 0.0
38.5, 32.5, 248.7287136145526, 0.9999001431423677, 990.1543775056089, 0.0, 0.0, 0.0
38.5, 33.5, 248.62865141454705, 0.9999002414042475, 981.5397354987924, 0.8874044514255115, 0.0009040942707984778, 0.0
38.5, 34.5, 248.5255398040533, 0.999900338675661, 999.3576845571297, 0.0, 0.0, 0.0
38.5, 35.5, 248.4193759950329, 0.9999004349566966, 983.7575289553885, 0.0, 0.0, 0.0
38.5, 36.5, 248.3101571134567, 0.9999005302474416, 979.2129916950296, 0.0, 0.0, 0.15491933384829668
38.5, 37.5, 248.19788019891814, 0.9999006245479827, 987.7325946027872, 0.0, 0.0, 0.14491376746189438
38.5, 38.5, 248.08254220423467, 0.9999007178584053, 990.0061770586714, 0.0, 0.0, 0.14491376746189438
38.5, 39.5, 247.9641399950364, 0.9999008101787942, 992.5557996192133, 0.7514795852082933, 0.0007571157062369621, 0.14491376746189438
38.5, 40.5, 247.84267034934186, 0.999900901509233, 974.3336287927584, 0.0, 0.0, 0.14491376746189438
38.5, 41.5, 247.7117953696306, 0.999900991849805, 1079.7219904763426, 0.0, 0.0, 0.15811388300841897
38.5, 42.5, 247.5775847546471, 0.9999010812005916, 964.9049731197307, 0.0, 0.0, 0.15811388300841897
38.5, 43.5, 247.44658462632603, 0.9999011695616744, 999.8340605966687, 0.0, 0.0, 0.15491933384829668
38.5, 44.5, 247.31250292590747, 0.9999012569331333, 988.6142852112174, 15.997197541342672, 0.01618143474219055, 0.15811388300841897
38.5, 45.5, 247.19617348059504, 0.9999013433150477, 692.9927174007356, 312.94515521445135, 0.45158505617236544, 0.15811388300841897
39.5, -44.5, 247.20742824953913, 0.9999014287074958, 782.2351898790286, 39.95417125513631, 0.051076929000490455, 0.15811388300841897
39.5, -43.5, 247.3279591279475, 0.9999015131105552, 967.0277118820835, 0.6235127486160207, 0.0006447723689350177, 0.14491376746189438
39.5, -42.5, 247.45900531808627, 0.9999015965243025, 979.8197831324619, 0.0, 0.0, 0.14491376746189438
39.5, -41.5, 247.59326308751187, 0.9999016789488133, 1068.6820875211856, 0.0, 0.0, 0.14491376746189438
39.5, -40.5, 247.72418401525084, 0.9999017603841626, 968.6604261715195, 0.0, 0.0, 0.15491933384829668
39.5, -39.5, 247.8456962757601, 0.9999018408304239, 984.6104839983186, 0.0, 0.0, 0.15491933384829668
39.5, -38.5, 247.96413999503653, 0.9999019202876704, 994.1166265965244, 0.0, 0.0, 0.14491376746189438
39.5, -37.5, 248.07951839841087, 0.9999019987559743, 976.4879273987028, 0.0, 0.0, 0.15811388300841897
39.5, -36.5, 248.19183462350782, 0.9999020762354065, 991.4351804815157, 0.0, 0.0, 0.14491376746189438
39.5, -35.5, 248.3010917206708, 0.9999021527260373, 984.0023011095716, 0.0, 0.0, 0.15811388300841897
39.5, -34.5, 248.40729265337401, 0.9999022282279363, 986.6301493657348, 0.9976534688776763, 0.0010111726967993303, 0.14491376746189438
39.5, -33.5, 248.51044029862197, 0.9999023027411719, 976.6379525055398, 1.5115079209337785, 0.0015476645332654167, 0.15491933384829668
39.5, -32.5, 248.61053744733644, 0.9999023762658115, 976.7978228040396, 0.0, 0.0, 0.15491933384829668
39.5, -31.5, 248.70758680473122, 0.9999024488019219, 975.7606595116564, 0.0, 0.0, 0.15491933384829668
39.5, -30.5, 248.80159099067484, 0.999902520349569, 981.0975112119617, 0.0, 0.0, 0.14491376746189438
39.5, -29.5, 248.89255254004084, 0.9999025909088174, 999.8832200878943, 0.0, 0.0, 0.15491933384829668
39.5, -28.5, 248.98047390304635, 0.9999026604797313, 956.2896745664996, 0.0, 0.0, 0.15811388300841897
39.5, -27.5, 249.06535744557863, 0.9999027290623738, 974.6424368944239, 0.0, 0.0, 0.15811388300841897, (-887.0274637748964, -138.47261312321962, 3490.0000000000005), (-44.19999999999999, -6.899999999999459, 264.6742719874312)
39.5, -26.5, 249.14720544951004, 0.999902796656807, 969.1096349242171, 0.0, 0.0, 0.14491376746189438
39.5, -25.5, 249.2260201130011, 0.9999028632630922, 997.1430645782199, 1.8677746451717812, 0.0018731260453201152, 0.15491933384829668
39.5, -24.5, 249.30180355079221, 0.9999029288812898, 979.994143820586, 0.0, 0.0, 0.15811388300841897
39.5, -23.5, 249.3745577944837, 0.9999029935114593, 965.7233203964774, 2.4640993789564316, 0.002551558326193051, 0.12649110640673517
39.5, -22.5, 249.4442847928045, 0.9999030571536592, 998.8440419527373, 43.99563328084596, 0.0440465492438986, 0.12649110640673517
39.5, -21.5, 249.5142156533344, 0.9999031198079474, 1093.6102768936514, 386.2534183236133, 0.35319110151447003, 0.15491933384829668
39.5, -20.5, 249.58086600625137, 0.9999031814743806, 988.572327652227, 520.1560181406928, 0.5261689039749049, 0.1264911064067352, (-886.9238449930086, -124.41013210308067, 3490.0000000000005), (-44.19999999999999, -6.199999999999449, 264.68759617898075)
39.5, -19.5, 249.641220036958, 0.9999032421530146, 974.5403802968807, 508.0273163372054, 0.5212994008339005, 0.14491376746189438
39.5, -18.5, 249.69855395095, 0.9999033018439046, 977.8923054555273, 483.11583545211937, 0.4940378738608354, 0.14491376746189438
39.5, -17.5, 249.7528692780784, 0.9999033605471046, 991.7849803504996, 522.9676521036106, 0.5272994272597195, 0.15491933384829668
39.5, -16.5, 249.8041674667199, 0.9999034182626678, 996.7611717763991, 504.69472355192903, 0.5063346545215808, 0.15811388300841897
39.5, -15.5, 249.85244988396647, 0.9999034749906466, 987.2483025908579, 545.8857430135145, 0.5529366235231139, 0.15811388300841897
39.5, -14.5, 249.8977178158046, 0.9999035307310923, 980.3951199134729, 525.6242486359054, 0.5361351132411752, 0.15491933384829668
39.5, -13.5, 249.93997246728358, 0.9999035854840554, 994.7472732788221, 557.6364411784926, 0.5605810200820628, 0.15491933384829668, (-886.8313263869236, -110.35231436940235, 3490.0), (-44.19999999999999, -5.499999999999439, 264.6994959749891)
39.5, -12.5, 249.97921496267307, 0.9999036392495857, 979.4087524100283, 500.64888655004853, 0.5111746094958853, 0.15491933384829668
39.5, -11.5, 250.01544634560986, 0.9999036920277319, 993.7039724947788, 512.8472844270276, 0.5160966430872573, 0.15811388300841897
39.5, -10.5, 250.04866757923435, 0.22618435945600546, 993.1473909780269, 550.6714499496737, 0.5544710230848878, 0.15491933384829668, (3500.0, -2919.4221376481546, -955.1737819228802)
39.5, -9.5, 250.07887954631613, 0.9999037946220621, 993.2948718788303, 528.403987343368, 0.531970920522206, 0.14491376746189438
39.5, -8.5, 250.106083049369, 0.9999038444383392, 993.0485935862625, 561.8671159420862, 0.5658002232428305, 0.15811388300841897
39.5, -7.5, 250.13027881075553, 0.9999038932674181, 965.8245264959735, 513.1938199681604, 0.5313530624760955, 0.14491376746189438
39.5, -6.5, 250.15146747278126, 0.9999039411093431, 991.4235270794331, 559.3990125948549, 0.564238186118853, 0.15491933384829668
39.5, -5.5, 250.16964959777826, 0.9999039879641575, 978.6617710054036, 526.1162338943035, 0.5375873968733971, 0.15811388300841897
39.5, -4.5, 250.18482566817812, 0.9999040338319036, 982.5210749215345, 502.9424673356884, 0.5118897499230274, 0.15491933384829668
39.5, -3.5, 250.1969960865751, 0.9999040787126233, 974.0476695307948, 507.71202314536055, 0.5212394003159299, 0.15811388300841897
39.5, -2.5, 250.20616117577788, 0.9999041226063572, 984.5108516597893, 521.7056183765422, 0.5299135276132279, 0.15491933384829668
39.5, -1.5, 250.21232117885225, 0.9999041655131449, 994.0649482216344, 520.2640086799947, 0.5233702381426267, 0.15811388300841897
39.5, -0.5, 250.215476259152, 0.9999042074330253, 990.2667715841714, 525.3689575456752, 0.5305327540226564, 0.14491376746189438
39.5, 0.5, 250.2155288435283, 0.9999042483660364, 1093.1746644401883, 570.6181086632513, 0.5219825588946148, 0.14491376746189438
39.5, 1.5, 250.21232117885222, 0.9999042883122156, 977.6138227624372, 523.7535607959355, 0.5357468855298797, 0.15811388300841897
39.5, 2.5, 250.20616117577788, 0.9999043272715986, 991.6605037858739, 538.3151136020106, 0.5428421436034597, 0.15491933384829668
39.5, 3.5, 250.19699608657504, 0.999904365244221, 988.537867983034, 503.460980430847, 0.5092986285473161, 0.15491933384829668, (-886.6527986484745, -76.22806866207432, 3490.0), (-44.19999999999999, -3.7999999999994145, 264.72246621228805)
39.5, 4.5, 250.18482566817812, 0.9999044022301171, 983.7056848266639, 515.14996016859, 0.523683016286892, 0.15811388300841897
39.5, 5.5, 250.16964959777823, 0.9999044382293205, 994.7671326823214, 525.8971832594605, 0.5286636097851511, 0.15811388300841897
39.5, 6.5, 250.15146747278126, 0.9999044732418637, 992.2767496054449, 501.8996645092094, 0.5058061319171065, 0.15491933384829668
39.5, 7.5, 250.13027881075547, 0.9999045072677786, 994.8522737222925, 521.917313416504, 0.5246179027804025, 0.09486832980505137
39.5, 8.5, 250.10608304936898, 0.6129915403512682, 991.7106467640668, 539.13138042171, 0.5436377860627851, 0.15491933384829668, (-2912.6824497598004, 2171.542240891232, -3490.0), (-3490.0, 1859.452281055167, -2926.707124750565)
39.5, 9.5, 250.0788795463161, 0.9999045723598454, 980.5238862120219, 504.3705685777418, 0.5143888646366745, 0.14491376746189438
39.5, 10.5, 250.04866757923432, 0.9999046034260564, 979.863677135199, 529.6180314472643, 0.5405017491776961, 0.15811388300841897
39.5, 11.5, 250.01733218411647, 0.9999046335057569, 991.7196136313123, 519.0380322711652, 0.5233717525971266, 0.14491376746189438
39.5, 12.5, 249.97921496267298, 0.9999046625989741, 991.1527853959087, 554.2107972469873, 0.5591577861788602, 0.09486832980505139
39.5, 13.5, 249.93997246728355, 0.9999046907057346, 985.1541939338211, 520.8976644897507, 0.5287473450321043, 0.15811388300841897
39.5, 14.5, 249.89771781580458, 0.9999047178260636, 995.9252679681429, 517.3598102577488, 0.5194765379467186, 0.15811388300841897
39.5, 15.5, 249.85244988396641, 0.9999047439599859, 994.6554228519118, 551.6641276480764, 0.55462838182325, 0.12649110640673517
39.5, 16.5, 249.8041674667198, 0.9999047691075249, 973.9105740500731, 520.2868501118364, 0.5342244595909749, 0.15491933384829668
39.5, 17.5, 249.75286927807832, 0.9999047932687035, 969.3835804532299, 550.6251335827168, 0.5680157418441883, 0.12649110640673517
39.5, 18.5, 249.6985539509499, 0.9999048164435437, 979.7914110246921, 537.3407840974313, 0.548423652270503, 0.14491376746189438
39.5, 19.5, 249.64122003695792, 0.9999048386320664, 974.4300510739437, 495.3388009879988, 0.5083369508586826, 0.15491933384829668, (-886.5444399738807, -44.12664633352938, 3490.0), (-44.19999999999999, -2.1999999999993918, 264.7364132363878)
39.5, 20.5, 249.5808660062513, 0.9999048598342917, 991.2968620045021, 516.5407300482127, 0.5210757239801156, 0.14491376746189438
39.5, 21.5, 249.51421565333433, 0.9999048800502388, 1095.9057502166338, 354.96510044397786, 0.3239011204876057, 0.15491933384829668
39.5, 22.5, 249.44428479280438, 0.999904899279926, 976.0334726245657, 41.99583306893702, 0.04302704184520406, 0.15491933384829668
39.5, 23.5, 249.3745577944836, 0.9999049175233707, 977.8644836540732, 1.8034049434820252, 0.0018442278798623318, 0.15811388300841897
39.5, 24.5, 249.30180355079213, 0.9999049347805895, 988.1001445915678, 0.0, 0.0, 0.15491933384829668
39.5, 25.5, 249.226020113001, 0.999904951051598, 972.3769854718043, 0.0, 0.0, 0.15811388300841897
39.5, 26.5, 249.14720544950993, 0.9999049663364109, 991.5615168736846, 0.0, 0.0, 0.15491933384829668
39.5, 27.5, 249.0653574455785, 0.9999049806350422, 995.9518160144522, 0.0, 0.0, 0.15811388300841897
39.5, 28.5, 248.98047390304623, 0.9999049939475047, 997.1314682753288, 0.0, 0.0, 0.15491933384829668
39.5, 29.5, 248.89255254004075, 0.9999050062738104, 975.332166871664, 0.0, 0.0, 0.15491933384829668
39.5, 30.5, 248.80159099067475, 0.9999050176139705, 979.3526748002149, 0.0, 0.0, 0.15811388300841897
39.5, 31.5, 248.70758680473108, 0.04064953560826242, 987.2062265734096, 0.0, 0.0, 0.15491933384829668, (3500.0, -2079.4946661454815, 278.68327961151533), (3500.0, -2079.4946661454815, 278.68327961151533)
39.5, 32.5, 248.61053744733627, 0.9999050373358945, 987.130745593656, 0.0, 0.0, 0.15491933384829668
39.5, 33.5, 248.51044029862183, 0.9999050457176761, 976.9738806832798, 0.0, 0.0, 0.1264911064067352, (-886.497043803515, -16.04519536294696, 3490.0); (-886.497043803515, -16.04519536294696, 3490.0), (-44.19999999999999, -0.7999999999993719, 264.7425148817087); (-44.19999999999999, -0.7999999999993719, 264.7425148817087)
39.5, 34.5, 248.40729265337393, 0.999905053113348, 985.2404870950696, 0.0729664245978849, 7.40595068448949e-05, 0.15811388300841897
39.5, 35.5, 248.30109172067066, 0.9999050595229166, 989.3484907137627, 0.0, 0.0, 0.15491933384829668
39.5, 36.5, 248.19183462350767, 0.999905064946388, 997.1923515905223, 0.0, 0.0, 0.12649110640673517
39.5, 37.5, 248.07951839841073, 0.999905069383767, 984.7700811951206, 0.0, 0.0, 0.15811388300841897
39.5, 38.5, 247.9641399950364, 0.9999050728350576, 995.3405255283418, 0.0, 0.0, 0.14491376746189438
39.5, 39.5, 247.84569627575993, 0.9999050753002628, 984.9893150479621, 0.0, 0.0, 0.14491376746189438
39.5, 40.5, 247.72418401525067, 0.9999050767793851, 955.4132934259766, 0.0, 0.0, 0.15491933384829668
39.5, 41.5, 247.5932630875117, 0.9999050772724258, 1099.0423953927727, 0.0, 0.0, 0.15491933384829668, (-886.4898221043024, 1.2825792151116025e-11, 3490.0), (-44.19999999999999, 6.394884621840902e-13, 264.74344464673624)
39.5, 42.5, 247.4590053180861, 0.9999050767793851, 980.9395818114305, 0.0, 0.0, 0.15491933384829668
39.5, 43.5, 247.32795912794734, 0.9999050753002628, 983.7599266319085, 0.9945835635515736, 0.0010110023153278077, 0.15811388300841897
39.5, 44.5, 247.19383024623667, 0.9999050728350576, 991.890132465254, 131.97653176315606, 0.1330555950134721, 0.14491376746189438
39.5, 45.5, 247.07745983771233, 0.999905069383767, 696.5426365852738, 353.93668036109756, 0.5081335467075418, 0.1264911064067352, (-886.4916275148665, 8.022548665305854, 3490.0), (-44.19999999999999, 0.4000000000006452, 264.74321220571477)
40.5, -44.5, 247.08568584746058, 0.999905064946388, 779.3274872366409, 132.40676582752477, 0.16989874987858575, 0.15491933384829668
40.5, -43.5, 247.2062602501746, 0.9999050595229166, 971.4146409749518, 0.0, 0.0, 0.14491376746189438
40.5, -42.5, 247.33735372814797, 0.9999050531133479, 985.1160364861619, 0.0, 0.0, 0.15811388300841897
40.5, -41.5, 247.4716599070767, 0.9999050457176761, 1069.6398680719021, 0.0, 0.0, 0.12649110640673517
40.5, -40.5, 247.60262800575845, 0.9999050373358945, 964.1972762960522, 0.0, 0.0, 0.14491376746189438
40.5, -39.5, 247.72418401525084, 0.9999050279679955, 962.877759272834, 0.9924011959154955, 0.001030661666404007, 0.15491933384829668
40.5, -38.5, 247.842670349342, 0.9999050176139705, 976.9513189667229, 0.0, 0.0, 0.15491933384829668
40.5, -37.5, 247.9580902368035, 0.9999050062738104, 985.6596187888337, 0.0, 0.0, 0.14491376746189438
40.5, -36.5, 248.0704468186037, 0.9999049939475047, 980.1807924558425, 0.0, 0.0, 0.15491933384829668
40.5, -35.5, 248.17974314833322, 0.9999049806350422, 978.7999609961175, 0.0, 0.0, 0.14491376746189438
40.5, -34.5, 248.2859821926178, 0.9999049663364109, 998.0625415710263, 0.0, 0.0, 0.15491933384829668
40.5, -33.5, 248.38916683151842, 0.999904951051598, 979.195698203476, 0.0, 0.0, 0.15811388300841897
40.5, -32.5, 248.48929985891897, 0.9999049347805895, 971.202576135303, 0.9098644032542922, 0.0009368430702427776, 0.15811388300841897
40.5, -31.5, 248.58638398290182, 0.9999049175233707, 985.2139159130967, 0.0, 0.0, 0.14491376746189438
40.5, -30.5, 248.68042182611097, 0.999904899279926, 981.1593163382474, 0.0, 0.0, 0.15491933384829668
40.5, -29.5, 248.77141592610297, 0.9999048800502388, 970.6128828262943, 0.0, 0.0, 0.15811388300841897
40.5, -28.5, 248.85936873568616, 0.9999048598342917, 982.5887559653189, 0.0, 0.0, 0.14491376746189438
40.5, -27.5, 248.94428262324777, 0.9999048386320664, 988.3023684710578, 0.0, 0.0, 0.15491933384829668
40.5, -26.5, 249.02615987306942, 0.9999048164435437, 977.1826764156538, 0.0, 0.0, 0.14491376746189438
40.5, -25.5, 249.10500268563072, 0.9999047932687035, 976.5874377604356, 0.0, 0.0, 0.14491376746189438
40.5, -24.5, 249.18081317790148, 0.9999047691075249, 992.7677430841453, 0.0, 0.0, 0.14491376746189438
40.5, -23.5, 249.25359338362216, 0.9999047439599859, 975.934671567153, 0.7643368578992132, 0.0007831844488851322, 0.15811388300841897
40.5, -22.5, 249.3233452535733, 0.9999047178260636, 984.368567339976, 0.934710928863291, 0.0009495538153855592, 0.14491376746189438
40.5, -21.5, 249.3933010484138, 0.9999046907057346, 1074.1230734531862, 2.765785754611896, 0.002574924441125915, 0.14491376746189438
40.5, -20.5, 249.45997515682163, 0.9999046625989741, 989.1896936765127, 82.69973341902507, 0.08360351300432144, 0.14491376746189438
40.5, -19.5, 249.52035069100825, 0.9999046335057569, 989.9298202042824, 338.9669429385964, 0.3424151248102083, 0.15491933384829668
40.5, -18.5, 249.57770502557412, 0.9999046034260564, 979.5080404112208, 521.0500553702258, 0.531950769032459, 0.15491933384829668
40.5, -17.5, 249.63203969197596, 0.9999045723598454, 979.3092639411344, 550.2455377320812, 0.5618710636083148, 0.14491376746189438
40.5, -16.5, 249.68335614010977, 0.9999045403070959, 979.1962267602161, 522.4139391252845, 0.5335130230778681, 0.14491376746189438
40.5, -15.5, 249.73165573850073, 0.9999045072677786, 977.2905512253637, 492.5880479659191, 0.5040343911524506, 0.14491376746189438
40.5, -14.5, 249.77693977448314, 0.9999044732418637, 972.6660844475012, 520.2881533712671, 0.5349093195398129, 0.14491376746189438
40.5, -13.5, 249.8192094543685, 0.9999044382293205, 983.2671106036165, 490.0303708407563, 0.49836953311692916, 0.14491376746189438
40.5, -12.5, 249.85846590360364, 0.9999044022301171, 978.8875596290228, 489.3212555151113, 0.4998748331223593, 0.15811388300841897
40.5, -11.5, 249.8947101669178, 0.999904365244221, 982.9582902132773, 515.3867632426687, 0.5243221084496299, 0.12649110640673517
40.5, -10.5, 249.9279432084591, 0.9999043272715986, 969.1850808570387, 511.33656261591995, 0.5275943395287835, 0.15811388300841897
40.5, -9.5, 249.9581659119205, 0.9999042883122156, 991.3574596579235, 535.6664621109949, 0.5403363407340791, 0.14491376746189438
40.5, -8.5, 249.98537908065498, 0.9999042483660364, 983.4283518029144, 537.8946044387062, 0.5469586101037118, 0.14491376746189438
40.5, -7.5, 250.0095834377802, 0.9999042074330253, 989.6281672889688, 521.5008724385897, 0.5269664806199001, 0.14491376746189438
40.5, -6.5, 250.03077962627307, 0.9999041655131449, 967.7736221788955, 559.8026909260932, 0.5784438406842755, 0.15491933384829668
40.5, -5.5, 250.04896820905316, 0.9999041226063572, 998.5741920980897, 526.5017831036088, 0.5272535453749145, 0.15491933384829668
40.5, -4.5, 250.06414966905623, 0.9999040787126233, 978.1477954270348, 501.8949457328916, 0.5131074752499717, 0.15491933384829668
40.5, -3.5, 250.07632440929694, 0.9999040338319036, 988.8062464134591, 543.386553138875, 0.5495379454871117, 0.15491933384829668
40.5, -2.5, 250.08549275292123, 0.9999039879641575, 992.5189933620002, 528.5869136091233, 0.5325710814043156, 0.12649110640673517
40.5, -1.5, 250.0916549432486, 0.9999039411093431, 995.3794758572792, 526.1414977909981, 0.5285838321488939, 0.12649110640673517
40.5, -0.5, 250.0948111438036, 0.9999038932674181, 952.9077399624737, 494.6012112942987, 0.5190441745323388, 0.12649110640673517
40.5, 0.5, 250.09486374685048, 0.9999038444383392, 1080.5284262162531, 595.0627156668374, 0.550714540431483, 0.15491933384829668
40.5, 1.5, 250.0916549432486, 0.9999037946220621, 979.2988124981138, 515.0261585753652, 0.5259131860494901, 0.14491376746189438, (-886.7834388738016, 102.32116602391447, 3490.0), (-44.19999999999999, 5.100000000000712, 264.7056563914876)
40.5, 2.5, 250.08549275292123, 0.9999037438185416, 966.9009682909858, 508.57746218533754, 0.5259871267729279, 0.15491933384829668
40.5, 3.5, 250.07632440929692, 0.9999036920277319, 991.5203478791025, 536.983873518016, 0.5415762517296229, 0.12649110640673517
40.5, 4.5, 250.06414966905623, 0.9999036392495857, 989.0759783311305, 508.4692659219375, 0.5140851431655216, 0.14491376746189438
40.5, 5.5, 250.04896820905316, 0.9999648816874634, 977.4955953965305, 501.79676689103366, 0.5133493892496518, 0.09486832980505139
40.5, 6.5, 250.03077962627304, 0.9999035307310923, 979.6094868746309, 516.8430162991153, 0.5276010729010633, 0.12649110640673517
40.5, 7.5, 250.00958343778018, 0.9999034749906466, 975.9197291929529, 535.4068455703841, 0.5486177085621011, 0.15491933384829668
40.5, 8.5, 249.98537908065492, 0.9999034182626678, 996.1667969081744, 548.9399094754838, 0.5510522044894902, 0.15491933384829668
40.5, 9.5, 249.95816591192047, 0.9999033605471046, 983.517973056329, 504.940112020014, 0.5134020179121775, 0.14491376746189438
40.5, 10.5, 249.92794320845908, 0.9999033018439046, 980.3330390871361, 515.9940006544003, 0.5263456193773519, 0.15491933384829668
40.5, 11.5, 249.89471016691775, 0.9999032421530146, 979.7336839488325, 531.5083544912868, 0.5425028895087426, 0.15811388300841897
40.5, 12.5, 249.85846590360362, 0.9999031814743806, 981.3331351721503, 528.2133547860209, 0.538261000117314, 0.15811388300841897
40.5, 13.5, 249.81920945436846, 0.9999031198079474, 983.9934547280918, 509.5871471079072, 0.5178765617386368, 0.15811388300841897, (-886.9379678512049, 126.41876012360268, 3490.0), (-44.19999999999999, 6.300000000000729, 264.6857799346029)
40.5, 14.5, 249.7769397744831, 0.9999030571536592, 998.9827844708282, 557.3036876542027, 0.5578711628643455, 0.15491933384829668
40.5, 15.5, 249.7316557385007, 0.9999029935114593, 993.9804514402863, 526.4297885617701, 0.5296178489214439, 0.12649110640673517
40.5, 16.5, 249.68335614010968, 0.9999029288812898, 993.679455831259, 530.4592176983007, 0.5338333348700934, 0.15811388300841897
40.5, 17.5, 249.6320396919759, 0.525992759413733, 953.4712553273602, 496.4991177954274, 0.5207279349233888, 0.09486832980505137, (-3500.0, 156.96042350582852, -2033.4505744733751)
40.5, 18.5, 249.57770502557403, 0.999902796656807, 981.9857469532279, 537.1429976678511, 0.5469967352728138, 0.15811388300841897
40.5, 19.5, 249.52035069100816, 0.9999027290623738, 985.3791293619998, 349.9035904336519, 0.35509539425723663, 0.15491933384829668
40.5, 20.5, 249.45997515682157, 0.9999026604797313, 993.2315163563017, 92.99079502432954, 0.09362449085936071, 0.15491933384829668
40.5, 21.5, 249.394500204065, 0.9999025909088174, 1068.069291582623, 0.9998971390515545, 0.0009361725376168679, 0.15491933384829668
40.5, 22.5, 249.32334525357325, 0.999902520349569, 991.2167706413633, 0.0, 0.0, 0.15491933384829668
40.5, 23.5, 249.2535933836221, 0.9999024488019219, 973.4840885462793, 0.0, 0.0, 0.15491933384829668
40.5, 24.5, 249.18081317790137, 0.9999023762658115, 983.152545319901, 0.7820783814973861, 0.0007954801980835142, 0.15491933384829668
40.5, 25.5, 249.1050026856306, 0.9999023027411719, 981.8374140408738, 0.9618203898636616, 0.0009796126895441582, 0.14491376746189438
40.5, 26.5, 249.0261598730693, 0.9999022282279363, 999.8848407403258, 0.0, 0.0, 0.15491933384829668
40.5, 27.5, 248.94428262324763, 0.9999021527260373, 973.2669668076683, 0.0, 0.0, 0.12649110640673517
40.5, 28.5, 248.85936873568605, 0.9999020762354065, 975.9188643737551, 0.0, 0.0, 0.15811388300841897
40.5, 29.5, 248.77141592610286, 0.9999019987559743, 990.6109789884547, 0.0, 0.0, 0.15491933384829668
40.5, 30.5, 248.68042182611086, 0.9999019202876704, 977.5539407951754, 0.0, 0.0, 0.14491376746189438
40.5, 31.5, 248.5863839829017, 0.9999018408304239, 985.1723478436624, 0.0, 0.0, 0.15811388300841897
40.5, 32.5, 248.48929985891883, 0.9999017603841626, 971.9620173756932, 0.0, 0.0, 0.15811388300841897
40.5, 33.5, 248.38916683151828, 0.9999016789488133, 996.5599980541687, 0.0, 0.0, 0.15491933384829668, (-887.2680430827824, 166.6136822983658, 3490.0), (-44.19999999999999, 8.300000000000757, 264.6433497381045)
40.5, 34.5, 248.28598219261767, 0.9999015965243025, 993.3203900233633, 0.0, 0.0, 0.15491933384829668
40.5, 35.5, 248.1797431483331, 0.9999015131105552, 980.38850563624, 0.0, 0.0, 0.15811388300841897
40.5, 36.5, 248.07044681860356, 0.9999014287074958, 991.3324800115493, 0.0, 0.0, 0.14491376746189438
40.5, 37.5, 247.95809023680332, 0.9999013433150477, 993.6070666790506, 0.0, 0.0, 0.14491376746189438
40.5, 38.5, 247.84267034934186, 0.9999012569331333, 995.0082249478265, 0.0, 0.0, 0.15811388300841897
40.5, 39.5, 247.72418401525067, 0.9999011695616744, 999.8432618294149, 0.0, 0.0, 0.15811388300841897
40.5, 40.5, 247.6026280057583, 0.9999010812005916, 975.3680375614287, 0.0, 0.0, 0.12649110640673517
40.5, 41.5, 247.47165990707654, 0.999900991849805, 1079.2057301372415, 0.0, 0.0, 0.15491933384829668
40.5, 42.5, 247.3373537281478, 0.999900901509233, 994.8064144689652, 0.0, 0.0, 0.15491933384829668
40.5, 43.5, 247.20626025017447, 0.9999008101787942, 962.3694637751493, 0.0, 0.0, 0.15491933384829668
40.5, 44.5, 247.0720829313204, 0.9999007178584053, 987.5555876263796, 255.95362381684183, 0.25917895359392806, 0.14491376746189438
40.5, 45.5, 246.95567046921283, 0.9999006245479827, 698.6900494404325, 336.33456020255073, 0.4813787751405858, 0.15811388300841897
41.5, -44.5, 246.95451677653153, 0.9999005302474416, 867.316217291747, 310.684758906032, 0.3582139394051295, 0.15491933384829668
41.5, -43.5, 247.07513810808751, 0.9999004349566966, 1071.3760224575913, 0.0, 0.0, 0.0
41.5, -42.5, 247.20628257278133, 0.999900338675661, 1087.039443289355, 0.975419969620288, 0.0008973179176173137, 0.0
41.5, -41.5, 247.34064094779328, 0.9999002414042475, 1184.0532612107015, 0.0, 0.0, 0.0
41.5, -40.5, 247.47165990707666, 0.9999001431423677, 1071.5349785479655, 0.0, 0.0, 0.0
41.5, -39.5, 247.59326308751184, 0.9999000438899326, 1095.1226768471902, 0.0, 0.0, 0.0
41.5, -38.5, 247.71179536963072, 0.999899943646852, 1081.7403240583294, 0.0, 0.0, 0.0
41.5, -37.5, 247.82725998591758, 0.9998998424130348, 1049.3985948827767, 0.0, 0.0, 0.0
41.5, -36.5, 247.94971170526523, 0.9998997401883891, 1087.8658932827143, 0.8750350636757767, 0.0008043593140284, 0.0
41.5, -35.5, 248.04899871181792, 0.9998996369728222, 1081.9243880939716, 0.0, 0.0, 0.0
41.5, -34.5, 248.155278848552, 0.9998995327662404, 1092.5741097208115, 0.0, 0.0, 0.0
41.5, -33.5, 248.25850337450962, 0.999899427568549, 1097.0534333071103, 0.0, 0.0, 0.0
41.5, -32.5, 248.36386756480664, 0.9998993213796524, 994.1142225870856, 0.9941800118752193, 0.0010000661788018307, 0.0
41.5, -31.5, 248.46211735248892, 0.9998992141994543, 996.5756475047928, 0.0, 0.0, 0.0
41.5, -30.5, 248.55618972803188, 0.10511216807158653, 994.2743215893228, 0.0, 0.0, 0.0, (-3500.0, 1421.256393139255, 507.41936733780886)
41.5, -29.5, 248.64721722492786, 0.9998989968647631, 987.3468814186264, 0.990556643538335, 0.001003250896093475, 0.0
41.5, -28.5, 248.73520229864553, 0.9998988867100727, 986.1021409290862, 0.0, 0.0, 0.0
41.5, -27.5, 248.82014732013897, 0.9998987755636858, 988.8090008467223, 0.0, 0.0, 0.09486832980505139
41.5, -26.5, 248.90205457616332, 0.9998986634255017, 983.3514470040997, 0.0, 0.0, 0.0
41.5, -25.5, 248.98092626957924, 0.9998985502954183, 983.1695801189476, 0.0, 0.0, 0.0
41.5, -24.5, 249.05676451964544, 0.9998984361733331, 978.4032516627392, 0.9023721339192112, 0.0009222906121639339, 0.0
41.5, -23.5, 249.12957136229986, 0.9998983210591422, 999.8890668915475, 0.0, 0.0, 0.0
41.5, -22.5, 249.19934875042924, 0.9998982049527411, 966.0529587644006, 0.8849711766951851, 0.000916069009122522, 0.0
41.5, -21.5, 249.2693301277468, 0.9998980878540242, 1088.4914315158394, 0.0, 0.0, 0.0
41.5, -20.5, 249.33602860915911, 0.9998979697628853, 990.5293946971719, 0.0, 0.0, 0.0
41.5, -19.5, 249.3964262057908, 0.9998978506792169, 993.2611093026569, 1.9997959449610079, 0.002013363783431542, 0.0
41.5, -18.5, 249.4538014917391, 0.9998977306029109, 982.8797150716202, 59.99405569879007, 0.06103906182906465, 0.0
41.5, -17.5, 249.5081560001093, 0.9998976095338581, 977.3251565878701, 299.3268354437586, 0.3062714936028013, 0.0
41.5, -16.5, 249.55949118235714, 0.9998974874719485, 999.0856701094298, 497.37974465442744, 0.4978349300115069, 0.0
41.5, -15.5, 249.6078084084795, 0.73634506019402, 972.2241714149372, 509.4358885268603, 0.5239901490881955, 0.0, (-3045.6205266391303, -912.0260439057571, 3500.0)
41.5, -14.5, 249.65310896719424, 0.9998972403691143, 967.3024214804267, 535.0164037670785, 0.5531014829346258, 0.0
41.5, -13.5, 249.69539406610883, 0.999897115327965, 986.4006742713019, 513.599253451337, 0.5206801524449034, 0.0
41.5, -12.5, 249.7346648318788, 0.9998969892935097, 991.2751352035349, 545.2754939520267, 0.5500748224054539, 0.0
41.5, -11.5, 249.77092231035488, 0.9998968622656338, 976.4259954325278, 530.7912917411998, 0.543606268395256, 0.0
41.5, -10.5, 249.8041674667199, 0.9998967342442218, 993.4168572180229, 548.3532000089482, 0.5519870093049996, 0.0
41.5, -9.5, 249.8344011856147, 0.9998966052291574, 997.986301001197, 563.1799883473614, 0.5643163516196259, 0.0
41.5, -8.5, 249.86162427125385, 0.9998964752203231, 991.7654304362106, 547.8781444893237, 0.5524271442374727, 0.0
41.5, -7.5, 249.88583744753046, 0.9998963442176008, 988.3533112994894, 522.0287674538811, 0.5281803192094499, 0.0
41.5, -6.5, 249.90704135811055, 0.9998962122208713, 975.3540051329425, 513.6191611588351, 0.5265976850003583, 0.0
41.5, -5.5, 249.92523656651704, 0.9998960792300147, 965.2500169912339, 522.6410872381097, 0.5414566983041619, 0.0
41.5, -4.5, 249.94042355620306, 0.9998959452449099, 975.9680193110187, 515.2139240841999, 0.527900416704139, 0.0, (-888.5832339880418, 273.41022584249123, 3489.9999999999995), (-44.19999999999999, 13.600000000000833, 264.4746379448815)
41.5, -3.5, 249.95260273061504, 0.9998958102654351, 990.6681211315615, 541.4054447670674, 0.5465053666495929, 0.0
41.5, -2.5, 249.9617744132452, 0.9998956742914674, 976.6757410121772, 533.7905932658639, 0.5465381915933228, 0.0
41.5, -1.5, 249.9679388476735, 0.9998955373228834, 995.8564313864763, 551.5177369887891, 0.5538124970694231, 0.0
41.5, -0.5, 249.97109619759968, 0.9998953993595582, 984.4121154797584, 535.169346655738, 0.543643600317658, 0.0
41.5, 0.5, 249.97114881980247, 0.9998952604013664, 1072.4870746840102, 565.0230910982443, 0.5268344061533037, 0.0
41.5, 1.5, 249.9679388476735, 0.9998951204481816, 976.339574424036, 508.9751093060069, 0.5213095142704447, 0.0
41.5, 2.5, 249.96177441324514, 0.9998949794998765, 971.6700401922167, 521.5067980750698, 0.5367118224329577, 0.0
41.5, 3.5, 249.95260273061504, 0.9998948375563228, 979.2504443117489, 514.21633446142, 0.5251121788592387, 0.0
41.5, 4.5, 249.94042355620306, 0.9998946946173912, 972.1706543027569, 524.9547299612979, 0.5399820778768483, 0.0
41.5, 5.5, 249.92523656651701, 0.9998945506829517, 983.4955230984815, 521.7681804980447, 0.5305242049849147, 0.0
41.5, 6.5, 249.90704135811055, 0.9998944057528735, 984.3843408701097, 549.5669165155361, 0.5582849032622431, 0.0
41.5, 7.5, 249.88583744753043, 0.9998942598270244, 984.6008517981103, 543.7062558849199, 0.5522098166906779, 0.0
41.5, 8.5, 249.86162427125382, 0.9998941129052716, 990.1439886267023, 544.04463391836, 0.5494601191013969, 0.0
41.5, 9.5, 249.83440118561467, 0.9998939649874815, 992.5977841676989, 535.023205715724, 0.5390130969961263, 0.0
41.5, 10.5, 249.80416746671983, 0.5708822301045698, 955.8487809061716, 537.7471086978289, 0.5625859648929296, 0.0, (669.3218487522616, 3500.0, -2368.423149425108)
41.5, 11.5, 249.77092231035485, 0.9202787087181346, 976.2123754200734, 548.6072567916764, 0.5619753145985324, 0.09486832980505139, (27.30600267393437, 0.7982897949441656, 251.4442131858788), (27.30600267393437, 0.7982897949441656, 251.4442131858788)
41.5, 12.5, 249.73466483187877, 0.999893515256536, 978.7385008032419, 520.1448295213788, 0.5314441284311393, 0.0
41.5, 13.5, 249.69539406610878, 0.9998933633532407, 959.5800307140515, 511.6012085009742, 0.5331511620977323, 0.0
41.5, 14.5, 249.65310896719416, 0.9998932104532257, 984.4968124592724, 513.6745871813937, 0.5217635859056109, 0.0
41.5, 15.5, 249.60780840847943, 0.9998930565563514, 984.3082397943647, 538.3127768062086, 0.546894514383695, 0.0
41.5, 16.5, 249.55949118235708, 0.999892901662478, 972.0567489786515, 492.77141774095134, 0.5069368822948974, 0.0, (-889.2824747191901, 315.87635414235416, 3490.0000000000005), (-44.19999999999999, 15.700000000000863, 264.3851683681219)
41.5, 17.5, 249.50815600010924, 0.9998927457714643, 983.6238897969116, 300.6175125634601, 0.3056224189771646, 0.0
41.5, 18.5, 249.45380149173903, 0.9998925888831682, 987.7728525324312, 76.99235959836335, 0.0779454096161602, 0.0
41.5, 19.5, 249.3964262057907, 0.9998924309974471, 993.69020392871, 1.999797078428641, 0.0020124955147209156, 0.0
41.5, 20.5, 249.33602860915903, 0.9998922721141567, 999.895987771235, 0.9998973822084242, 0.0010000013945822427, 0.0
41.5, 21.5, 249.26933012774674, 0.9998921122331526, 1076.3259577314348, 0.0, 0.0, 0.0
41.5, 22.5, 249.19934875042915, 0.999891951354289, 988.2048745336625, 0.0, 0.0, 0.0
41.5, 23.5, 249.1295713622998, 0.9998917894774192, 975.09439718689, 0.0, 0.0, 0.0
41.5, 24.5, 249.05676451964536, 0.9998916266023959, 990.6992253887225, 0.9991834387934977, 0.0010085638639733933, 0.0
41.5, 25.5, 248.98092626957913, 0.9998914627290706, 982.1112139776626, 0.0, 0.0, 0.0
41.5, 26.5, 248.9020545761632, 0.9998912978572938, 982.2370990942687, 0.46070106335126043, 0.00046903244010644454, 0.0
41.5, 27.5, 248.82014732013886, 0.9998911319869154, 961.5973971590686, 0.0, 0.0, 0.0
41.5, 28.5, 248.73520229864542, 0.9998909651177841, 970.678507567169, 0.0, 0.0, 0.0
41.5, 29.5, 248.64721722492774, 0.9998907972497478, 992.5184475570438, 0.0, 0.0, 0.0
41.5, 30.5, 248.55618972803174, 0.9998906283826534, 978.0065397393033, 0.9616333489597036, 0.0009832586080825553, 0.0
41.5, 31.5, 248.46211735248878, 0.9998904585163471, 961.2659255811341, 0.0, 0.0, 0.0
41.5, 32.5, 248.3638675648065, 0.9998902876506739, 997.02251856115, 0.0, 0.0, 0.0
41.5, 33.5, 248.25850337450947, 0.9998901157854779, 1096.2771118898825, 0.0, 0.0, 0.0
41.5, 34.5, 248.15527884855186, 0.9998899429206025, 1088.9333862315937, 1.86273016210029, 0.0017106006534950025, 0.0
41.5, 35.5, 248.04899871181777, 0.7070136618523911, 1081.2827159456579, 0.0, 0.0, 0.0, (-3490.0, 1137.8716921400098, 3287.3065032598797), (-3254.335827291862, 1061.2543894711025, 3489.9999999999995)
41.5, 36.5, 247.93966008094833, 0.9998895941911818, 1081.1686211832139, 0.0, 0.0, 0.0
41.5, 37.5, 247.8272599859174, 0.9998894183263184, 1058.9732163059493, 0.0, 0.0, 0.0
41.5, 38.5, 247.7117953696306, 0.9998892414611393, 1073.2060471156221, 0.9543849226117781, 0.0008892839591957286, 0.0
41.5, 39.5, 247.5932630875117, 0.9998890635954832, 1093.7844067948345, 0.0, 0.0, 0.0
41.5, 40.5, 247.47165990707654, 0.9998888847291879, 1080.5630626643872, 0.0, 0.0, 0.0
41.5, 41.5, 247.34064094779308, 0.9998887048620899, 1191.2869710853638, 0.0, 0.0, 0.0
41.5, 42.5, 247.20628257278116, 0.9998885239940254, 1083.7778955701604, 0.0, 0.0, 0.0
41.5, 43.5, 247.07513810808734, 0.9998883421248291, 1090.1908809617398, 0.0, 0.0, 0.0
41.5, 44.5, 246.9409085632612, 0.2871828761607479, 1053.7592833880701, 416.813889596815, 0.39554943540489224, 0.0
41.5, 45.5, 246.8244507580392, 0.014665939431944799, 762.8605068932842, 377.43081055183757, 0.4947573077139724, 0.0, (3500.0, 333.33275735864737, 58.713157653947746)
42.5, -44.5, 246.82000434803768, 0.9998877905087855, 783.5560810553326, 352.61171842927433, 0.4500146536472019, 0.0
42.5, -43.5, 246.94067384079764, 0.9998876046333931, 970.3640073745387, 12.997560200814814, 0.013394520099711456, 0.0
42.5, -42.5, 247.07187063109336, 0.9998874177560297, 984.2539287792639, 0.9177102086793435, 0.0009323917150298274, 0.0
42.5, -41.5, 247.20628257278133, 0.9998872298765247, 1095.3733727042932, 0.689795770494531, 0.0006297357482695977, 0.0
42.5, -40.5, 247.33735372814797, 0.9998870409947065, 987.9964258342142, 0.0, 0.0, 0.0, (-890.6310890062217, 384.8654705886799, 3489.9999999999995), (-44.19999999999999, 19.10000000000091, 264.213056091637)
42.5, -39.5, 247.45900531808624, 0.9998868511104027, 987.4027778750124, 0.0, 0.0, 0.0
42.5, -38.5, 247.5775847546472, 0.9998866602234396, 977.2315682502982, 0.0, 0.0, 0.0
42.5, -37.5, 247.69309527412813, 0.9998864683336431, 974.9751775289008, 0.0, 0.0, 0.0
42.5, -36.5, 247.80554002481043, 0.9998862754408379, 973.7744202541244, 0.0, 0.0, 0.0
42.5, -35.5, 247.9149220673869, 0.9998860815448476, 995.7748824458481, 0.0, 0.0, 0.0
42.5, -34.5, 248.021244375376, 0.9998858866454952, 994.7492305218003, 0.0, 0.0, 0.0
42.5, -33.5, 248.12450983552372, 0.9998856907426025, 988.2869114741757, 0.0, 0.0, 0.0
42.5, -32.5, 248.23097027815223, 0.9998854938359905, 1080.2120120859474, 0.0, 0.0, 0.0
42.5, -31.5, 248.32830940128608, 0.9998852959254793, 1076.724752110187, 2.859653784294756, 0.0026558819036066076, 0.0
42.5, -30.5, 248.42241898832535, 0.999885097010888, 1083.3196080559262, 0.9748013289284618, 0.0008998280116777299, 0.0
42.5, -29.5, 248.51348247317534, 0.9998848970920348, 1091.81131443639, 0.0, 0.0, 0.0
42.5, -28.5, 248.60150231417364, 0.9998846961687368, 1073.3899932070221, 0.0, 0.0, 0.0
42.5, -27.5, 248.68648088504233, 0.9998844942408104, 1078.19628792964, 0.7557524005401518, 0.0007009413860915371, 0.0
42.5, -26.5, 248.76842047520395, 0.9998842913080711, 1096.3728553860078, 0.0, 0.0, 0.0
42.5, -25.5, 248.85071358178422, 0.9998840873703331, 1091.322094401326, 0.0, 0.0, 0.0
42.5, -24.5, 248.9231914514178, 0.9998838824274101, 1066.7783723628272, 0.0, 0.0, 0.0
42.5, -23.5, 248.99602699750463, 0.9998836764791145, 1061.642778245569, 0.0, 0.0, 0.0
42.5, -22.5, 249.06583188350535, 0.999883469525258, 1084.7005299258294, 0.0, 0.0, 0.0
42.5, -21.5, 249.13584082796922, 0.9998832615656512, 1187.7749511240868, 0.0, 0.0, 0.0
42.5, -20.5, 249.2025655732141, 0.999883052600104, 1076.0801581099274, 0.0, 0.0, 0.0
42.5, -19.5, 249.26298694385898, 0.9998828426284252, 1079.3819296611052, 0.0, 0.0, 0.0
42.5, -18.5, 249.3203848065552, 0.9998826316504226, 1086.852815329559, 0.0, 0.0, 0.0
42.5, -17.5, 249.3747606961856, 0.9998824196659031, 1094.0622897809646, 1.9997950771181057, 0.0018278621754877157, 0.0
42.5, -16.5, 249.42611606588798, 0.9998822066746726, 1060.6388012300547, 12.326141721889506, 0.011621432015870539, 0.0
42.5, -15.5, 249.47445228724618, 0.9998819926765364, 1070.308493688326, 186.77035328493324, 0.17450142121297674, 0.0
42.5, -14.5, 249.51977065047012, 0.9998817776712986, 1066.1605076532087, 393.37445329112194, 0.3689636320866945, 0.0
42.5, -13.5, 249.56207236456478, 0.9998815616587621, 1084.9365326672055, 557.415643919273, 0.5137771907716331, 0.0
42.5, -12.5, 249.60135855748905, 0.9998813446387294, 1085.5459682094274, 613.2366711471166, 0.5649108274600572, 0.0
42.5, -11.5, 249.6376302763031, 0.9998811266110015, 1077.6429404481426, 589.2949913301713, 0.5468369616796361, 0.0
42.5, -10.5, 249.67088848730535, 0.999880907575379, 1052.3733468663588, 556.1734570946428, 0.528494434746713, 0.0
42.5, -9.5, 249.7011340761591, 0.9998806875316611, 1088.5373266747965, 573.1983903725894, 0.5265766973040457, 0.0
42.5, -8.5, 249.72836784800788, 0.9998804664796466, 1092.620890125306, 610.3044994360855, 0.5585693125143282, 0.0
42.5, -7.5, 249.7525905275809, 0.9998802444191326, 1099.9001280946047, 596.9457322149328, 0.5427272140144603, 0.0
42.5, -6.5, 249.77380275928738, 0.9998800213499159, 1077.4010613613045, 617.7352056337497, 0.5733567821561606, 0.0
42.5, -5.5, 249.79200510730084, 0.999879797271792, 1085.0725491563994, 609.7875420406439, 0.5619785907538896, 0.0
42.5, -4.5, 249.80719805563237, 0.46767925481789085, 1089.879581640391, 586.9383709567278, 0.5385350646475271, 0.0, (3490.0, -3137.634851641176, -2706.033557738031), (3167.7987279571353, -3490.0000000000005, -2404.5941999616507)
42.5, -3.5, 249.819382008194, 0.9998793460880007, 1094.2693168838116, 589.5675479964292, 0.5387773730834023, 0.0
42.5, -2.5, 249.82855728885121, 0.9998791189819197, 1089.46202663015, 604.1093943816919, 0.5545024788521378, 0.0
42.5, -1.5, 249.8347241414651, 0.9998788908661046, 1082.671934877109, 555.9669763477917, 0.5135137971512099, 0.0
42.5, -0.5, 249.83788272992416, 0.9998786617403462, 1099.5197492990844, 620.7535971516752, 0.5645679375449051, 0.0
42.5, 0.5, 249.8379353727688, 0.9998784316044347, 1182.0314665024623, 645.8437257517717, 0.5463845456354662, 0.0
42.5, 1.5, 249.8347241414651, 0.9998782004581588, 1090.672982941426, 606.8421343256551, 0.5563923777492573, 0.0
42.5, 2.5, 249.82855728885121, 0.9998779683013067, 1090.2564890609035, 631.1912831021903, 0.5789383410557539, 0.0
42.5, 3.5, 249.819382008194, 0.9998777351336654, 1067.569969754032, 559.317400234153, 0.523916385886182, 0.0
42.5, 4.5, 249.81531273124097, 0.9998775009550211, 1074.464083798616, 585.0937824062464, 0.544544756058974, 0.0
42.5, 5.5, 249.79672219688464, 0.9998772657651591, 1079.809680670005, 600.0422832829582, 0.5556926317891884, 0.0
42.5, 6.5, 249.77380275928738, 0.9998770295638635, 1062.7795627860444, 569.5424999442598, 0.535898995320555, 0.0
42.5, 7.5, 249.75259052758088, 0.9998767923509176, 1089.7181446939114, 636.8324906839184, 0.5844011075568508, 0.0
42.5, 8.5, 249.72836784800788, 0.9998765541261039, 1069.6123887321394, 540.8249689869292, 0.5056270614329681, 0.0
42.5, 9.5, 249.70113407615906, 0.9998763148892035, 1089.4973881603576, 596.9860597339604, 0.5479462972756508, 0.0
42.5, 10.5, 249.67088848730532, 0.9998760746399971, 1082.5139996848059, 594.3934601488393, 0.549086164540974, 0.0
42.5, 11.5, 249.637630276303, 0.999875833378264, 1083.3414881582733, 570.6873524619284, 0.5267843599640232, 0.0
42.5, 12.5, 249.60135855748902, 0.9998755911037829, 1073.4717624532263, 581.9399488930312, 0.5421101599944392, 0.0
42.5, 13.5, 249.56207236456473, 0.9998753478163314, 1070.3156038460497, 539.4242615359483, 0.5039861696845234, 0.0
42.5, 14.5, 249.51977065047004, 0.9998751035156858, 1073.8235302815672, 343.7914042627775, 0.32015633348305567, 0.0
42.5, 15.5, 249.47445228724615, 0.999874858201622, 1085.9218668769222, 179.8293458200214, 0.16560063049214124, 0.0, (-893.4436796222006, 499.2773503771323, 3490.0), (-44.19999999999999, 24.70000000000099, 263.85598864503623)
42.5, 16.5, 249.42611606588795, 0.9998746118739148, 1082.178635542905, 13.998604833539753, 0.012935576783510387, 0.0
42.5, 17.5, 249.37476069618552, 0.9998743645323378, 1084.2640575392832, 0.9843946464150932, 0.0009078919840330761, 0.0
42.5, 18.5, 249.32038480655515, 0.9998741161766638, 1079.6072655249538, 0.0, 0.0, 0.0
42.5, 19.5, 249.26298694385892, 0.9998738668066647, 1091.1560969255777, 0.0, 0.0, 0.0
42.5, 20.5, 249.20256557321403, 0.9998736164221114, 1082.0546512037133, 0.7384166047659771, 0.0006824208037408629, 0.0
42.5, 21.5, 249.13584082796913, 0.9998733650227737, 1184.452235534064, 0.0, 0.0, 0.0
42.5, 22.5, 249.06583188350527, 0.9998731126084206, 1085.5505695836111, 0.0, 0.0, 0.0
42.5, 23.5, 248.99602699750457, 0.9998728591788203, 1071.237777549076, 0.0, 0.0, 0.0
42.5, 24.5, 248.92319145141772, 0.9998726047337395, 1074.0543210981814, 0.7778809941752511, 0.0007242473484766545, 0.0
42.5, 25.5, 248.84732329008665, 0.9998723492729445, 1089.6054903197935, 0.0, 0.0, 0.0
42.5, 26.5, 248.76842047520384, 0.9998720927962005, 1090.4222225409744, 0.0, 0.0, 0.0
42.5, 27.5, 248.68648088504224, 0.9998718353032715, 1055.5999027168195, 0.0, 0.0, 0.0
42.5, 28.5, 248.60150231417356, 0.9998715767939208, 1080.672432903616, 0.0, 0.0, 0.0, (-894.2033715835788, 526.0019832844787, 3490.0), (-44.19999999999999, 26.00000000000101, 263.7599765436048)
42.5, 29.5, 248.5134824731752, 0.9998713172679105, 1071.174203284603, 0.0, 0.0, 0.0
42.5, 30.5, 248.42241898832523, 0.999871056725002, 1068.1678544564254, 0.0, 0.0, 0.0
42.5, 31.5, 248.32830940128594, 0.9998707951649555, 1078.4699101235935, 0.0, 0.0, 0.0
42.5, 32.5, 248.23097027815214, 0.9998705325875304, 1088.4433830782502, 0.0, 0.0, 0.0
42.5, 33.5, 248.1245098355236, 0.9998702689924851, 990.7394519537442, 0.0, 0.0, 0.0
42.5, 34.5, 248.0212443753759, 0.999870004379577, 987.0849538602234, 0.0, 0.0, 0.0
42.5, 35.5, 247.91492206738675, 0.9998697387485626, 994.3371427275214, 0.0, 0.0, 0.0
42.5, 36.5, 247.80554002481028, 0.9998694720991972, 988.0602706357115, 0.0, 0.0, 0.0
42.5, 37.5, 247.69309527412804, 0.9998692044312354, 999.8407682859258, 0.0, 0.0, 0.0
42.5, 38.5, 247.5775847546471, 0.9998689357444309, 979.4298549051462, 0.0, 0.0, 0.0
42.5, 39.5, 247.4590053180861, 0.9998686660385361, 990.6510816591738, 0.0, 0.0, 0.0
42.5, 40.5, 247.3373537281478, 0.5801553851472272, 991.6604820842246, 0.9777039860189916, 0.00098592613468281, 0.0, (-2227.1063294235705, -1700.3488109721363, 3490.0), (-3490.0000000000005, -1237.0121380809758, 2727.695765972097)
42.5, 41.5, 247.20628257278116, 0.9998681235684811, 1085.1341020813356, 0.8590043905025009, 0.0007916112753759118, 0.0
42.5, 42.5, 247.07187063109322, 0.9998678508038212, 984.8372758999649, 0.0, 0.0, 0.0
42.5, 43.5, 246.94067384079747, 0.9998675770190718, 984.5192325238806, 19.952354284281856, 0.02026608889410181, 0.0
42.5, 44.5, 246.8063906985302, 0.9998673022139803, 967.8165900060293, 477.85955682843525, 0.4937501193541829, 0.0
42.5, 45.5, 246.68988635943435, 0.39250472037622824, 669.4691057854548, 330.0867974665147, 0.49305755054856537, 0.0, (-3500.0, -604.7874263588864, -1393.2233610901367)
43.5, -44.5, 246.68870939896775, 0.9998667495417578, 799.6041273445004, 393.8519133075362, 0.4925586297503559, 0.0
43.5, -43.5, 246.80942593717512, 0.9998664716741172, 982.4913901168685, 91.72075557830517, 0.09335527669855191, 0.0
43.5, -42.5, 246.94067384079764, 0.999866192785116, 989.7254385924896, 0.0, 0.0, 0.0
43.5, -41.5, 247.07513810808751, 0.9998659128744968, 1091.5088867943991, 0.0, 0.0, 0.0
43.5, -40.5, 247.2062602501746, 0.9998656319420015, 985.0091035029563, 0.0, 0.0, 0.0
43.5, -39.5, 247.32795912794748, 0.9998653499873712, 992.0315789068825, 0.0, 0.0, 0.0
43.5, -38.5, 247.44658462632623, 0.9999907309677398, 972.532334693002, 0.0, 0.0, 0.0
43.5, -37.5, 247.56213998533553, 0.999864783010664, 990.3494011701905, 0.0, 0.0, 0.0
43.5, -36.5, 247.67462835687908, 0.999864497988064, 986.1265915723039, 0.0, 0.0, 0.0
43.5, -35.5, 247.7840528051673, 0.9998642119422827, 999.845759090425, 0.0, 0.0, 0.0
43.5, -34.5, 247.89041630713277, 0.9998639248730563, 985.7596421260621, 0.0, 0.0, 0.0
43.5, -33.5, 247.9937217528324, 0.9998636367801197, 996.1567946073777, 0.0, 0.0, 0.0
43.5, -32.5, 248.09397194583778, 0.999863347663207, 989.9795479013086, 0.0, 0.0, 0.0
43.5, -31.5, 248.19116960361228, 0.9998630575220512, 994.9883255125734, 0.0, 0.0, 0.0
43.5, -30.5, 248.28531735787678, 0.9998627663563845, 981.2576060798326, 0.0, 0.0, 0.0
43.5, -29.5, 248.37641775496238, 0.999862474165938, 986.3826353661029, 0.0, 0.0, 0.0
43.5, -28.5, 248.46447325615173, 0.5121607540643033, 982.6032584427952, 0.0, 0.0, 0.0, (-3500.0, -379.26132772237156, 2189.515988502224)
43.5, -27.5, 248.5494862380078, 0.9998618867096251, 988.935368175459, 0.0, 0.0, 0.0
43.5, -26.5, 248.63145899269134, 0.999861591443216, 997.6018132674686, 0.0, 0.0, 0.0
43.5, -25.5, 248.7103937282661, 0.9998612951509417, 952.7151937390452, 0.0, 0.0, 0.0
43.5, -24.5, 248.78629256899282, 0.9998609978325285, 988.305241766763, 0.0, 0.0, 0.0
43.5, -23.5, 248.8591575556112, 0.9998606994877015, 983.0021464193175, 0.0, 0.0, 0.0
43.5, -22.5, 248.92899064561078, 0.999860400116185, 986.110326752947, 0.0, 0.0, 0.0
43.5, -21.5, 248.9990278651146, 0.9998600997177023, 1082.0686987774816, 0.8816332003648253, 0.0008147663834661258, 0.0
43.5, -20.5, 249.0657795486064, 0.9998597982919755, 982.451136603111, 0.9825167243834434, 0.0010000667593307074, 0.0
43.5, -19.5, 249.1262253037341, 0.9998594958387259, 964.8908485637111, 0.9932627965570118, 0.0010294043083065134, 0.0
43.5, -18.5, 249.18364632289567, 0.999859192357674, 965.48651563497, 0.0, 0.0, 0.0
43.5, -17.5, 249.23804414279843, 0.9998588878485387, 997.773819370026, 0.0, 0.0, 0.0
43.5, -16.5, 249.28942021830696, 0.9998585823110385, 981.9876390046106, 0.0, 0.0, 0.0
43.5, -15.5, 249.3377759226338, 0.9998582757448908, 976.4204487008691, 0.0, 0.0, 0.0
43.5, -14.5, 249.3831125475204, 0.9998579681498119, 993.6868224127794, 0.9998984435839791, 0.0010062510853833374, 0.0
43.5, -13.5, 249.42543130340633, 0.999857659525517, 996.0955483046636, 4.999502478431763, 0.005019099309238782, 0.0
43.5, -12.5, 249.4647333195882, 0.9998573498717205, 967.8098622298038, 134.58083963848975, 0.13905710707309768, 0.0
43.5, -11.5, 249.50101964436755, 0.9998570391881357, 980.7017640477789, 273.99279974643275, 0.27938442632706845, 0.0
43.5, -10.5, 249.53429124518806, 0.999856727474475, 992.4363069997258, 419.9588705807301, 0.4231595192746673, 0.0
43.5, -9.5, 249.56454900876233, 0.9998564147304497, 981.0706464451318, 516.0896141728495, 0.5260473504562372, 0.0
43.5, -8.5, 249.59179374118753, 0.9998561009557702, 975.4321082368922, 522.6325436396763, 0.5357959198045493, 0.0
43.5, -7.5, 249.616026168051, 0.9998557861501458, 972.1352037000534, 552.2276522561493, 0.5680564289353067, 0.0
43.5, -6.5, 249.63724693452488, 0.9998554703132849, 968.0381984493179, 509.87825655079445, 0.5267129513768762, 0.0
43.5, -5.5, 249.65545660545035, 0.999855153444895, 979.0829729023399, 569.1377852200249, 0.581296785841249, 0.0
43.5, -4.5, 249.6706556654114, 0.9998548355446822, 995.0846964788661, 568.5713361083202, 0.5713798414549286, 0.0
43.5, -3.5, 249.68284451879782, 0.999854516612352, 985.3667991399689, 512.716215267824, 0.520330313255251, 0.0
43.5, -2.5, 249.69202348985834, 0.9998541966476088, 987.6511436478288, 531.5751339399235, 0.5382215546033626, 0.0
43.5, -1.5, 249.69819282274247, 0.9999891291186415, 990.761948367809, 544.1770095131089, 0.5492510187836659, 0.0
43.5, -0.5, 249.7013526815325, 0.9998535536196957, 998.0813286020054, 519.221365451327, 0.5202194957184411, 0.0
43.5, 0.5, 249.701405345549, 0.9998532305559297, 1088.9861549599616, 581.5043244513869, 0.5339868847761126, 0.0
43.5, 1.5, 249.6981928227424, 0.999852906458558, 972.1832667573361, 542.6107212170822, 0.5581362483505095, 0.0
43.5, 2.5, 249.69202348985834, 0.99985258132728, 967.6953576834841, 509.1079400024678, 0.526103526239079, 0.0
43.5, 3.5, 249.68284451879782, 0.9998522551617943, 984.4700188618356, 534.0125522373656, 0.5424365821264396, 0.0
43.5, 4.5, 249.67065566541135, 0.9998519279617981, 972.2690968200559, 526.1710341442292, 0.5411783999565, 0.0
43.5, 5.5, 249.65545660545035, 0.9998515997269877, 968.6999821897896, 540.2495018646301, 0.5577057002141902, 0.0
43.5, 6.5, 249.63724693452485, 0.9998512704570585, 981.8093921682575, 537.5718467738507, 0.5475317827085161, 0.0
43.5, 7.5, 249.61602616805095, 0.9998509401517047, 982.1976249124866, 552.4049354064148, 0.5624172991210744, 0.0
43.5, 8.5, 249.5917937411875, 0.9998506088106199, 981.5596603091886, 535.5762046735384, 0.5456379538914969, 0.0
43.5, 9.5, 249.5645490087623, 0.9998502764334962, 988.0331101850235, 510.63889677630254, 0.5168236686730853, 0.0
43.5, 10.5, 249.53429124518803, 0.9998499430200251, 979.6266010988558, 403.83655649600763, 0.41223518843100077, 0.0
43.5, 11.5, 249.50101964436752, 0.9998496085698966, 991.3035310862497, 285.95342783789835, 0.2884620289050686, 0.0
43.5, 12.5, 249.46473331958816, 0.9998492730828002, 992.1621419153936, 129.9873588901308, 0.1310142298306071, 0.0
43.5, 13.5, 249.4254313034063, 0.9998489365584242, 981.6234194757698, 3.9995983987524673, 0.004074473285171241, 0.0, (-899.4696936224248, 683.7597670976129, 3490.0), (-44.19999999999999, 33.60000000000112, 263.0994147952843)
43.5, 14.5, 249.3831125475203, 0.9998485989964558, 978.2361212975723, 1.9997960175884326, 0.0020442876459477104, 0.0
43.5, 15.5, 249.33777592263374, 0.9998482603965813, 992.5295087382387, 0.9998971316379512, 0.0010074230769310615, 0.0
43.5, 16.5, 249.28942021830687, 0.9998479207584858, 987.3269313893658, 0.0, 0.0, 0.0
43.5, 17.5, 249.2380441427984, 0.4965209587254299, 964.9763230881364, 0.0, 0.0, 0.0, (-3500.0, 76.79506565154617, -1871.6124454031676)
43.5, 18.5, 249.18364632289556, 0.9998472383663684, 978.0850593522471, 0.0, 0.0, 0.0
43.5, 19.5, 249.12622530373403, 0.9998468956117116, 995.0185605132368, 0.0, 0.0, 0.0
43.5, 20.5, 249.0657795486063, 0.9998465518175648, 996.0639247288839, 0.0, 0.0, 0.0
43.5, 21.5, 248.99902786511456, 0.999846206983608, 1088.3825784605385, 0.0, 0.0, 0.0
43.5, 22.5, 248.92899064561072, 0.9998458611095206, 996.5635277741407, 0.0, 0.0, 0.0
43.5, 23.5, 248.85915755561112, 0.9998455141949805, 999.8804674161403, 0.0, 0.0, 0.0
43.5, 24.5, 248.78629256899274, 0.9998451662396649, 986.0254179428501, 0.0, 0.0, 0.0
43.5, 25.5, 248.710393728266, 0.9998448172432499, 990.3772047475368, 0.0, 0.0, 0.0
43.5, 26.5, 248.63145899269125, 0.9998444672054105, 971.1099280007743, 1.9689373600763198, 0.002027512337485597, 0.0, (-900.5144546655852, 711.0396938423066, 3490.0), (-44.19999999999999, 34.900000000001135, 262.9694012845233)
43.5, 27.5, 248.54948623800772, 0.7924654086289397, 996.2717976258303, 0.0, 0.0, 0.0, (3490.0, -2596.3957544470077, 1530.2318985080917), (2043.7038283374231, -1519.553016122672, 3490.0)
43.5, 28.5, 248.46447325615162, 0.999843764004154, 987.1142386045146, 0.0, 0.0, 0.0
43.5, 29.5, 248.3764177549623, 0.9998434108400818, 991.4818974618066, 0.0, 0.0, 0.0
43.5, 30.5, 248.28531735787664, 0.9998430566332753, 998.3508985410997, 0.0, 0.0, 0.0
43.5, 31.5, 248.19116960361214, 0.9998427013834046, 974.5558818991693, 0.0, 0.0, 0.0
43.5, 32.5, 248.0939719458376, 0.9998423450901384, 988.2346971593515, 0.0, 0.0, 0.0
43.5, 33.5, 247.99372175283227, 0.9998419877531447, 996.0374578689803, 0.998910768794471, 0.0010028847418365552, 0.0
43.5, 34.5, 247.89041630713263, 0.9998416293720903, 984.8769414579775, 0.0, 0.0, 0.0
43.5, 35.5, 247.7840528051672, 0.9998412699466412, 992.420112816013, 0.0, 0.0, 0.0
43.5, 36.5, 247.67462835687894, 0.9998409094764622, 971.2904409945086, 0.0, 0.0, 0.0
43.5, 37.5, 247.5621399853354, 0.999840547961217, 958.7413560236488, 0.0, 0.0, 0.0, (-901.4320276992624, 734.1980316102827, 3490.0), (-44.19999999999999, 36.00000000000115, 262.85549487233595)
43.5, 38.5, 247.4577781371844, 0.9998401854005684, 974.7362336023474, 0.0, 0.0, 0.0
43.5, 39.5, 247.32795912794734, 0.9998398217941781, 996.0716322989333, 0.0, 0.0, 0.0
43.5, 40.5, 247.20626025017447, 0.9998394571417069, 974.6584438352376, 0.57794646180162, 0.0005929733287154692, 0.0
43.5, 41.5, 247.07513810808734, 0.9998390914428144, 1072.9982307671958, 0.7343117322947846, 0.0006843550261678907, 0.0
43.5, 42.5, 246.94067384079747, 0.9998387246971592, 968.1297378218394, 0.9877141173360913, 0.0010202290857817405, 0.0
43.5, 43.5, 246.80942593717492, 0.9998383569043988, 978.3572143486887, 103.11740734776807, 0.10539852503302213, 0.0
43.5, 44.5, 246.675090439162, 0.9998379880641901, 983.459223346247, 502.1474321696809, 0.510593037565005, 0.0
43.5, 45.5, 246.55854064420927, 0.9998376181761883, 681.7724961910646, 325.91463165205124, 0.47804015778412196, 0.0
44.5, -44.5, 246.55432571192833, 0.9998372472400481, 782.3760536161175, 380.2475228481893, 0.4860163103033346, 0.0
44.5, -43.5, 246.6750904391622, 0.9998368752554229, 965.5078915711822, 194.55053180831467, 0.2015007163656843, 0.0
44.5, -42.5, 246.80639069853038, 0.999836502221965, 977.2681299615324, 0.0, 0.0, 0.0
44.5, -41.5, 246.94090856326133, 0.9998361281393258, 1091.7499447110324, 0.9495871090792402, 0.0008697844352358357, 0.0
44.5, -40.5, 247.07208293132058, 0.9998357530071558, 986.3631443693796, 0.0, 0.0, 0.0
44.5, -39.5, 247.19383024623684, 0.9998353768251041, 990.2298158364277, 0.0, 0.0, 0.0
44.5, -38.5, 247.3125029259076, 0.9998349995928192, 979.5858201737732, 0.9696984578570086, 0.0009899065889755216, 0.0
44.5, -37.5, 247.42810421417857, 0.999834621309948, 985.5699269204165, 0.0, 0.0, 0.0
44.5, -36.5, 247.54063726666647, 0.999834241976137, 972.143238096484, 0.0, 0.0, 0.0
44.5, -35.5, 247.65010515118766, 0.9998338615910312, 969.4871769414362, 0.038786334412408884, 4.000706284199966e-05, 0.0
44.5, -34.5, 247.75651084817426, 0.9998334801542745, 999.3839877762094, 0.0, 0.0, 0.0
44.5, -33.5, 247.8598572510774, 0.9998330976655101, 987.5554566473219, 0.9998289356694761, 0.0010124281415686992, 0.0
44.5, -32.5, 247.96014716675774, 0.99983271412438, 992.2524356373815, 0.0, 0.0, 0.0
44.5, -31.5, 248.05738331586414, 0.9998323295305251, 985.4645994316292, 0.0, 0.0, 0.0
44.5, -30.5, 248.15156833319935, 0.9998319438835853, 981.0850865841119, 0.0, 0.0, 0.0
44.5, -29.5, 248.24270476807382, 0.9998315571831995, 991.6754726701158, 0.0, 0.0, 0.0
44.5, -28.5, 248.33079508464746, 0.9998311694290054, 976.936155968455, 0.0, 0.0, 0.0
44.5, -27.5, 248.41584166225923, 0.9998307806206399, 972.5162402567289, 0.6700261511217984, 0.0006889614007319015, 0.0
44.5, -26.5, 248.49784679574515, 0.9998303907577384, 995.1986202651944, 0.0, 0.0, 0.0
44.5, -25.5, 248.57681269574397, 0.2258970251175102, 983.7729404408127, 0.0, 0.0, 0.0, (-3500.0, 2442.7003860176637, -868.7499374487946)
44.5, -24.5, 248.65274148899195, 0.9998296078668656, 995.7021167049702, 0.0, 0.0, 0.0
44.5, -23.5, 248.7256352186053, 0.9998292148381603, 994.4581601810892, 0.0, 0.0, 0.0
44.5, -22.5, 248.7954958443515, 0.9998288207534515, 994.8948281394964, 0.0, 0.0, 0.0
44.5, -21.5, 248.86556066894693, 0.9998284256123695, 1088.6468203159716, 0.0, 0.0, 0.0
44.5, -20.5, 248.93233865239952, 0.9998280294145436, 971.7517664940879, 0.0, 0.0, 0.0
44.5, -19.5, 248.99280821422383, 0.9998276321596024, 990.3819506826464, 0.8259719146889357, 0.00083399330341149, 0.0
44.5, -18.5, 249.05025184115337, 0.9998272338471728, 993.7889670369316, 0.0, 0.0, 0.0
44.5, -17.5, 249.10467107167827, 0.9998268344768811, 999.4045655300139, 0.0, 0.0, 0.0
44.5, -16.5, 249.15606736234994, 0.9998264340483525, 973.7718776920656, 0.9826332168958667, 0.001009100015523968, 0.0
44.5, -15.5, 249.20444208797252, 0.999826032561211, 987.5548781487216, 0.0, 0.0, 0.0
44.5, -14.5, 249.24979654178372, 0.9998256300150797, 970.3246026501058, 0.0, 0.0, 0.0
44.5, -13.5, 249.29213193562478, 0.9998252264095805, 971.8350268636475, 0.9833316606508893, 0.0010118298203598858, 0.0, (-905.0317761543238, 819.0332815876483, 3490.0), (-44.19999999999999, 40.00000000000121, 262.4111326917811)
44.5, -12.5, 249.33144940009933, 0.9998248217443342, 993.761013030079, 0.0, 0.0, 0.0
44.5, -11.5, 249.36774998472177, 0.9998244160189605, 979.392339642846, 0.9998972354268671, 0.001020936344868185, 0.0
44.5, -10.5, 249.4010346580548, 0.9998240092330785, 987.086442747504, 1.9997966756808325, 0.0020259590133914736, 0.0
44.5, -9.5, 249.43130430783614, 0.999988636413243, 945.4673966435171, 10.999279175390729, 0.01163369484176718, 0.0
44.5, -8.5, 249.4585597410948, 0.9998231924782586, 988.2609002825043, 106.18300728476035, 0.10744430671536927, 0.0
44.5, -7.5, 249.48280168425651, 0.9998227825085527, 979.6981220468052, 206.97955802816026, 0.2112687095854939, 0.0
44.5, -6.5, 249.50403078323882, 0.9998223714768028, 974.2479691669557, 269.32369880474084, 0.2764426586744952, 0.0
44.5, -5.5, 249.52224760353528, 0.999821959382622, 992.8139355723916, 362.96495109046043, 0.3655921196162487, 0.0
44.5, -4.5, 249.53745263028952, 0.9998215462256227, 991.237273695844, 402.6836091734169, 0.40624340897916866, 0.0
44.5, -3.5, 249.5496462683583, 0.9998211320054162, 989.3233222942422, 476.9113257225659, 0.4820581047423484, 0.0
44.5, -2.5, 249.55882884236456, 0.9998207167216128, 994.5185081663207, 509.1911783063503, 0.5119976894599879, 0.0
44.5, -1.5, 249.56500059673976, 0.9998203003738213, 983.32972012463, 541.9347568687817, 0.5511221168013669, 0.0
44.5, -0.5, 249.56816169575566, 0.99981988296165, 982.3059967474778, 547.6877622576036, 0.5575531087777713, 0.0
44.5, 0.5, 249.56821438044224, 0.9998194644847057, 1075.3930117856564, 569.5689566117956, 0.5296379559562546, 0.0
44.5, 1.5, 249.56500059673976, 0.9998190449425944, 978.1378266982771, 541.1070870027304, 0.5532012690167066, 0.0
44.5, 2.5, 249.55882884236456, 0.5447921654992584, 976.3338685554123, 478.41768847328495, 0.4900144344896626, 0.0, (1640.9082517210522, 1380.6937964816325, 3490.0), (3490.0, 920.7322329945094, 2475.306047704137)
44.5, 3.5, 249.54964626835826, 0.9998182026612888, 974.901683645382, 432.57622283823645, 0.44371266364084455, 0.0
44.5, 4.5, 249.5374526302895, 0.9998177799213009, 982.640388016519, 436.0575411562318, 0.44376106098836776, 0.0
44.5, 5.5, 249.52224760353528, 0.9998173561145587, 990.140539824264, 367.26949105239567, 0.37092662736300125, 0.0
44.5, 6.5, 249.5040307832388, 0.9998169312406626, 991.667616567417, 292.4612916276581, 0.2949186670428857, 0.0
44.5, 7.5, 249.4828016842565, 0.9998165052992122, 982.3664915997451, 194.62594130267087, 0.1981194828680793, 0.0
44.5, 8.5, 249.45855974109475, 0.9998160782898056, 994.4113186019069, 116.98858726629258, 0.1176460736898819, 0.0
44.5, 9.5, 249.43130430783611, 0.99981565021204, 993.5293049794501, 15.96615462065984, 0.01607013959290318, 0.0
44.5, 10.5, 249.40103465805478, 0.9998152210655118, 977.800203804757, 0.9998976465962891, 0.001022599139073144, 0.0
44.5, 11.5, 249.36774998472174, 0.9998147908498158, 995.2624058592796, 2.9530916443889894, 0.002967148791116428, 0.0
44.5, 12.5, 249.34181903103038, 0.9998143595645462, 982.4215608384392, 0.0, 0.0, 0.0
44.5, 13.5, 249.29213193562475, 0.9998139272092957, 979.7505205655781, 0.0, 0.0, 0.0
44.5, 14.5, 249.2497965417837, 0.9998134937836562, 990.8732400933094, 0.0, 0.0, 0.0
44.5, 15.5, 249.20444208797247, 0.9998130592872183, 993.3165246429888, 0.0, 0.0, 0.0
44.5, 16.5, 249.15606736234986, 0.9998126237195718, 992.5663852545131, 0.0, 0.0, 0.0
44.5, 17.5, 249.1046710716782, 0.999812187080305, 993.890876709143, 0.0, 0.0, 0.0
44.5, 18.5, 249.05025184115325, 0.9998117493690054, 999.8865144071459, 0.0, 0.0, 0.0
44.5, 19.5, 248.99280821422377, 0.9998113105852593, 992.8071915900844, 0.0, 0.0, 0.0
44.5, 20.5, 248.9323386523994, 0.999810870728652, 969.7165620701103, 0.0, 0.0, 0.0
44.5, 21.5, 248.86556066894684, 0.9998104297987677, 1075.345400940061, 0.0, 0.0, 0.0
44.5, 22.5, 248.79549584435142, 0.9998099877951893, 994.1413299130072, 0.0, 0.0, 0.0
44.5, 23.5, 248.7256352186052, 0.9998095447174987, 982.2344087335674, 0.0, 0.0, 0.0
44.5, 24.5, 248.65274148899186, 0.9998091005652769, 983.4330078267261, 0.0, 0.0, 0.0
44.5, 25.5, 248.57681269574385, 0.9998086553381036, 987.1673051595395, 0.9057198231394928, 0.0009174937403271438, 0.0
44.5, 26.5, 248.49784679574503, 0.9998082090355574, 979.0579967184995, 0.0, 0.0, 0.15491933384829668
44.5, 27.5, 248.41584166225914, 0.9998077616572159, 995.3665326758178, 0.0, 0.0, 0.15491933384829668
44.5, 28.5, 248.33079508464735, 0.9998073132026554, 991.9391103665346, 0.0, 0.0, 0.15491933384829668
44.5, 29.5, 248.2427047680737, 0.9998068636714512, 977.5637513108684, 0.0, 0.0, 0.14491376746189438
44.5, 30.5, 248.15156833319924, 0.9998064130631779, 983.6755591391757, 0.0, 0.0, 0.14491376746189438
44.5, 31.5, 248.05738331586403, 0.9998059613774082, 972.5106322887358, 0.0, 0.0, 0.12649110640673517
44.5, 32.5, 247.9601471667576, 0.9998055086137142, 989.3560606847533, 0.0, 0.0, 0.15491933384829668
44.5, 33.5, 247.85985725107722, 0.9998050547716668, 960.5114677923714, 0.0, 0.0, 0.15811388300841897
44.5, 34.5, 247.75651084817412, 0.999804599850836, 989.1879463933161, 0.0, 0.0, 0.15811388300841897, (-909.9100416006048, 922.261761622359, 3490.0), (-44.19999999999999, 44.800000000001276, 261.8152490511771)
44.5, 35.5, 247.65010515118752, 0.9998041438507903, 993.6565541482439, 0.0, 0.0, 0.15491933384829668
44.5, 36.5, 247.5406372666663, 0.9998036867710972, 998.3263714418952, 0.8489027994383389, 0.0008503259291971403, 0.15491933384829668
44.5, 37.5, 247.42810421417843, 0.9998032286113233, 989.622202543912, 0.9807830307919385, 0.0009910681351638518, 0.15491933384829668
44.5, 38.5, 247.31250292590747, 0.9998027693710339, 990.8491822076427, 0.0, 0.0, 0.15491933384829668
44.5, 39.5, 247.19383024623667, 0.28463320204390524, 981.5342641195257, 0.0, 0.0, 0.15811388300841897, (-3500.0, 3067.7867457969132, 1473.0952168798283)
44.5, 40.5, 247.0720829313204, 0.9998018476471642, 975.4265629958111, 0.0, 0.0, 0.15491933384829668
44.5, 41.5, 246.9409085632612, 0.9998013851627091, 1090.9942225410325, 0.0, 0.0, 0.15811388300841897
44.5, 42.5, 246.8063906985302, 0.9998009215959887, 994.3228513747812, 0.8806161835351624, 0.0008856441168153739, 0.15491933384829668
44.5, 43.5, 246.675090439162, 0.9998004569465626, 997.8917307758969, 190.93339349532297, 0.19133678294624745, 0.15491933384829668
44.5, 44.5, 246.5407013127386, 0.9997999912139897, 962.4701774713184, 454.3053153277186, 0.47202014770089523, 0.15811388300841897
44.5, 45.5, 246.42410495694978, 0.9997995243978273, 688.2086385885706, 345.27710039362813, 0.501704106914072, 0.1264911064067352
45.5, -44.5, 246.4377340786809, 0.9998041357164409, 550.8858857972516, 272.02030319205915, 0.493787025961623, 0.15811388300841897
45.5, -43.5, 246.55854064420944, 0.9998045927342601, 686.2043568327751, 162.93349983457483, 0.2374416574482359, 0.15811388300841897, (-907.853107281966, -924.322097890256, 3490.0), (-44.09999999999999, -44.9, 261.81504392005473)
45.5, -42.5, 246.68988635943455, 0.9998050486725825, 692.3790067231619, 0.0, 0.0, 0.14491376746189438
45.5, -41.5, 246.82445075803935, 0.9998055035318404, 755.3370162593018, 0.0, 0.0, 0.15491933384829668
45.5, -40.5, 246.955670469213, 0.9998059573124648, 684.2540978803394, 0.0, 0.0, 0.15491933384829668
45.5, -39.5, 247.07745983771247, 0.9998064100148862, 693.4781040133834, 0.0, 0.0, 0.15811388300841897, (-907.4227964839832, -915.6533887423415, 3490.0), (-44.09999999999999, -44.49999999999999, 261.8674362634445)
45.5, -38.5, 247.19617348059515, 0.9998068616395335, 695.4211707261094, 0.0, 0.0, 0.14491376746189438
45.5, -37.5, 247.31181464502654, 0.9998073121868344, 681.241604604985, 0.0, 0.0, 0.14491376746189438
45.5, -36.5, 247.42438648984924, 0.9998077616572159, 692.0896750136108, 0.0, 0.0, 0.15491933384829668
45.5, -35.5, 247.53389208601251, 0.9998082100511035, 696.8690368706431, 0.0, 0.0, 0.15811388300841897
45.5, -34.5, 247.64033441698894, 0.9998086573689221, 691.6700829679733, 0.0, 0.0, 0.15811388300841897
45.5, -33.5, 247.7437163791785, 0.9998091036110949, 691.7519806111064, 0.0, 0.0, 0.0
45.5, -32.5, 247.84404078229957, 0.9998095487780444, 690.0769674570768, 0.0, 0.0, 0.0
45.5, -31.5, 247.9413103497685, 0.9998099928701919, 691.9825886554418, 0.0, 0.0, 0.0
45.5, -30.5, 248.03552771906547, 0.9998104358879575, 693.8018568089716, 0.0, 0.0, 0.0
45.5, -29.5, 248.12669544208953, 0.9998108778317601, 694.3568380485967, 0.0, 0.0, 0.0
45.5, -28.5, 248.21481598550034, 0.9998113187020181, 694.6726581479758, 0.9985148243930505, 0.0014373889812435252, 0.0
45.5, -27.5, 248.29989173104858, 0.999811758499148, 695.8584962902136, 0.0, 0.0, 0.0
45.5, -26.5, 248.38192497589455, 0.9998121972235658, 698.8337324015273, 0.0, 0.0, 0.0
45.5, -25.5, 248.46091793291427, 0.9998126348756862, 692.5143385617085, 0.0, 0.0, 0.0
45.5, -24.5, 248.53687273099465, 0.9998130714559226, 690.5050509058365, 0.0, 0.0, 0.0
45.5, -23.5, 248.60979141531652, 0.9998135069646875, 692.6795373919189, 0.0, 0.0, 0.0
45.5, -22.5, 248.67967594762652, 0.275298370434907, 683.9878209902855, 0.0, 0.0, 0.0, (-101.72893191186444, 212.9139727399237, 155.57)
45.5, -21.5, 248.74976473898116, 0.9998143747694477, 734.9484327344214, 0.0, 0.0, 0.0
45.5, -20.5, 248.81656555606855, 0.9998148070662624, 688.0457733028657, 0.0, 0.0, 0.0
45.5, -19.5, 248.87705578686706, 0.9998152382932447, 694.3094549760349, 0.0, 0.0, 0.0
45.5, -18.5, 248.93451904185417, 0.9998156684508017, 698.9815318088615, 0.0, 0.0, 0.0
45.5, -17.5, 248.98895686106886, 0.9998160975393393, 686.3911676362217, 0.0, 0.0, 0.0
45.5, -16.5, 249.04037070252807, 0.9998165255592624, 686.3690434603799, 0.0, 0.0, 0.0
45.5, -15.5, 249.08876194241867, 0.9998169525109746, 692.7283401480416, 0.0, 0.0, 0.0
45.5, -14.5, 249.13413187527834, 0.9998173783948788, 693.0732580734486, 0.0, 0.0, 0.0
45.5, -13.5, 249.17648171416607, 0.9998178032113766, 679.9406353712629, 0.0, 0.0, 0.0
45.5, -12.5, 249.21581259082097, 0.9998182269608684, 676.2695839037178, 0.0, 0.0, 0.0
45.5, -11.5, 249.2521255558113, 0.9998186496437537, 677.1164181537924, 0.7917054784082693, 0.0011692309581960991, 0.0
45.5, -10.5, 249.2854215786717, 0.9998190712604308, 683.7463431119224, 0.0, 0.0, 0.0
45.5, -9.5, 249.3157015480307, 0.9998194918112969, 674.9718588676528, 0.0, 0.0, 0.0
45.5, -8.5, 249.34296627172677, 0.9998199112967484, 679.2510609079475, 0.8873642247331537, 0.0013063862182961094, 0.0
45.5, -7.5, 249.3672164769141, 0.9998203297171804, 696.3378777629723, 0.9998972141751192, 0.0014359368434578767, 0.0
45.5, -6.5, 249.38845281015784, 0.9998207470729867, 683.5847106842741, 0.7356559349205843, 0.0010761737695744928, 0.0
45.5, -5.5, 249.40667583751824, 0.9998211633645606, 680.0488293177702, 0.931838913958501, 0.001370252949179147, 0.0
45.5, -4.5, 249.42188604462515, 0.9998215785922937, 679.6072431015356, 1.9997954610069155, 0.0029425752613824623, 0.0
45.5, -3.5, 249.434083836741, 0.9998219927565769, 691.5991792393129, 1.9951599400584172, 0.0028848500691583895, 0.0
45.5, -2.5, 249.443269538814, 0.9998224058578, 681.6230253093595, 1.9997965943082634, 0.002933874766628726, 0.0
45.5, -1.5, 249.44944339552043, 0.9998228178963516, 696.4975302148027, 2.999693353823309, 0.004306825543082962, 0.0
45.5, -0.5, 249.4526055712966, 0.9998232288726193, 698.2483867400787, 3.831238110190056, 0.0054869272639167955, 0.0
45.5, 0.5, 249.45265827392885, 0.9998236387869897, 755.3274910392589, 5.999390877012717, 0.00794276780361605, 0.0
45.5, 1.5, 249.44944339552043, 0.999824047639848, 680.2978468141813, 2.6441670563033197, 0.0038867785172125584, 0.0
45.5, 2.5, 249.443269538814, 0.9998244554315789, 664.9214100408374, 1.216047568895993, 0.0018288590960265625, 0.0
45.5, 3.5, 249.434083836741, 0.9998248621625655, 699.7641117580912, 1.9997937853267609, 0.0028578112991568946, 0.0
45.5, 4.5, 249.4218860446251, 0.9998252678331901, 688.7751985510035, 0.9998981367691882, 0.0014517046183903006, 0.0
45.5, 5.5, 249.4066758375182, 0.999825672443834, 680.4360493921158, 2.9996936338509563, 0.004408487228933279, 0.0
45.5, 6.5, 249.3884528101578, 0.999826075994877, 695.3566588369567, 2.999691671589623, 0.0043138893307024095, 0.0
45.5, 7.5, 249.3672164769141, 0.9999780377014339, 698.947827345226, 0.0, 0.0, 0.0
45.5, 8.5, 249.3429662717267, 0.9998268799196763, 699.9285601462528, 0.0, 0.0, 0.0
45.5, 9.5, 249.31570154803063, 0.9998272802941874, 684.8056731065801, 0.0, 0.0, 0.0
45.5, 10.5, 249.28542157867165, 0.6716454545849132, 690.1920102010874, 0.0, 0.0, 0.0, (-3169.6635579855215, 1067.017978659728, -3490.0), (-3490.0, 972.90332660158, -3146.6394589083966)
45.5, 11.5, 249.25212555581123, 0.9998280778693116, 696.8701136440278, 0.0, 0.0, 0.0
45.5, 12.5, 249.21581259082092, 0.9998284750706733, 684.8289791761343, 0.0, 0.0, 0.0
45.5, 13.5, 249.17648171416602, 0.9998288712150654, 699.9232995740738, 0.0, 0.0, 0.0
45.5, 14.5, 249.13413187527829, 0.5164177198194352, 693.0424518583973, 0.0, 0.0, 0.0, (-3500.0, 381.145301629386, -1995.9830514246612)
45.5, 15.5, 249.08876194241856, 0.9998296603344258, 673.6142165075798, 0.0, 0.0, 0.0
45.5, 16.5, 249.040370702528, 0.9998300533101342, 683.6696133083307, 0.0, 0.0, 0.0
45.5, 17.5, 248.98895686106874, 0.9998304452303531, 665.3512314543214, 0.0, 0.0, 0.0
45.5, 18.5, 248.93451904185406, 0.9998308360954499, 684.9192785028457, 0.0, 0.0, 0.0
45.5, 19.5, 248.877055786867, 0.9998312259057909, 692.7072453110277, 0.0, 0.0, 0.0
45.5, 20.5, 248.8165655560685, 0.5539238510930713, 689.6918221300876, 0.0, 0.0, 0.0, (3500.0, 2481.1605905110655, 3015.765387468)
45.5, 21.5, 248.74976473898107, 0.9998320023636653, 754.7486701759955, 0.0, 0.0, 0.0
45.5, 22.5, 248.6796759476264, 0.9998323890119263, 675.8568595084442, 0.8411506459890283, 0.0012445692222474497, 0.0
45.5, 23.5, 248.60979141531644, 0.9998327746068864, 696.5698023161802, 0.0, 0.0, 0.0
45.5, 24.5, 248.53687273099453, 0.9998331591489065, 680.9976822083356, 0.0, 0.0, 0.0
45.5, 25.5, 248.46091793291416, 0.9998335426383467, 695.0487020716857, 0.0, 0.0, 0.0
45.5, 26.5, 248.38192497589444, 0.999833925075566, 696.4788264105871, 0.6572950682002784, 0.0009437402018202788, 0.0
45.5, 27.5, 248.29989173104846, 0.9998343064609224, 678.9953065444852, 0.9825560234403224, 0.001447073365559338, 0.0
45.5, 28.5, 248.21481598550022, 0.9998346867947728, 693.7802436087085, 0.0, 0.0, 0.0
45.5, 29.5, 248.1266954420894, 0.999835066077473, 685.6777688851689, 0.0, 0.0, 0.0
45.5, 30.5, 248.03552771906539, 0.9998354443093778, 683.1623529582364, 0.0, 0.0, 0.0
45.5, 31.5, 247.94131034976837, 0.9998358214908408, 684.106532546415, 0.0, 0.0, 0.0
45.5, 32.5, 247.8440407822995, 0.999836197622215, 691.339359165444, 0.0, 0.0, 0.0
45.5, 33.5, 247.74371637917835, 0.999836572703852, 668.8847362746234, 0.0, 0.0, 0.0
45.5, 34.5, 247.64033441698885, 0.9998369467361022, 693.8330192984436, 0.0, 0.0, 0.0
45.5, 35.5, 247.5338920860124, 0.9998373197193154, 673.7628150750297, 0.0, 0.0, 0.0
45.5, 36.5, 247.42438648984913, 0.9998376916538402, 693.131048333198, 0.0, 0.0, 0.0
45.5, 37.5, 247.3118146450264, 0.9998380625400239, 689.4199816463331, 0.0, 0.0, 0.0, (-899.9738395184717, -750.9985781015798, 3490.0), (-44.09999999999999, -36.79999999999988, 262.78331067040625)
45.5, 38.5, 247.19617348059504, 0.9998384323782132, 690.9303312062393, 0.0, 0.0, 0.0
45.5, 39.5, 247.07745983771233, 0.9998388011687535, 694.7553766305967, 0.0, 0.0, 0.0
45.5, 40.5, 246.95567046921283, 0.999839168911989, 691.0802737298784, 0.0, 0.0, 0.0
45.5, 41.5, 246.8244507580392, 0.9998395356082633, 769.8551049005719, 0.0, 0.0, 0.0
45.5, 42.5, 246.68988635943435, 0.9998399012579186, 677.1116052929408, 0.0, 0.0, 0.0
45.5, 43.5, 246.55854064420927, 0.9998402658612962, 655.1987803542016, 170.8798200125001, 0.2608060715865835, 0.0
45.5, 44.5, 246.42410495694978, 0.9998406294187364, 682.5866487946009, 349.44745008982113, 0.511945920282678, 0.0
45.5, 45.5, 246.30746817644925, 0.9998409919305785, 483.4893847566956, 238.59667712384348, 0.4934889671753838, 0.0
