# x position, y position, difference in absorption ratio, ratio 1, ratio 2
-44.999711 -44.999973 0.862646 0.284000 0.245000
-45.000000 -44.000000 0.912055 0.273000 0.249000
-45.000000 -43.000000 0.000000 0.001000 0.000000
-45.000000 -42.000000 0.000000 0.000000 0.000000
-45.000000 -41.000000 100.000000 0.000000 0.001000
-45.000000 -40.000000 0.000000 0.000000 0.000000
-45.000000 -39.000000 0.000000 0.000000 0.000000
-45.000000 -38.000000 0.000000 0.000000 0.000000
-45.000000 -37.000000 0.000000 0.000000 0.000000
-45.000000 -36.000000 0.000000 0.000000 0.000000
-45.000000 -35.000000 0.000000 0.000000 0.000000
-45.000000 -34.000000 0.990099 0.001000 0.001000
-45.000000 -33.000000 0.000000 0.000000 0.000000
-45.000000 -32.000000 0.000000 0.000000 0.000000
-45.000000 -31.000000 0.000000 0.000000 0.000000
-45.000000 -30.000000 0.000000 0.000000 0.000000
-45.000000 -29.000000 0.000000 0.000000 0.000000
-45.000000 -28.000000 0.000000 0.001000 0.000000
-45.000000 -27.000000 0.000000 0.000000 0.000000
-45.000000 -26.000000 0.000000 0.000000 0.000000
-45.000000 -25.000000 0.000000 0.000000 0.000000
-45.000000 -24.000000 0.000000 0.000000 0.000000
-45.000000 -23.000000 100.000000 0.000000 0.001000
-45.000000 -22.000000 0.000000 0.000000 0.000000
-45.000000 -21.000000 100.000000 0.000000 0.001000
-45.000000 -20.000000 0.000000 0.000000 0.000000
-45.000000 -19.000000 0.000000 0.000000 0.000000
-45.000000 -18.000000 0.000000 0.000000 0.000000
-45.000000 -17.000000 0.000000 0.000000 0.000000
-45.000000 -16.000000 0.000000 0.000000 0.000000
-45.000000 -15.000000 0.000000 0.000000 0.000000
-45.000000 -14.000000 0.000000 0.001000 0.000000
-45.000000 -13.000000 100.000000 0.000000 0.001000
-45.000000 -12.000000 0.000000 0.000000 0.000000
-45.000000 -11.000000 0.000000 0.000000 0.000000
-45.000000 -10.000000 0.000000 0.000000 0.000000
-45.000000 -9.000000 0.399600 0.010000 0.004000
-45.000000 -8.000000 0.998752 0.008000 0.008000
-45.000000 -7.000000 0.922367 0.013000 0.012000
-45.000000 -6.000000 1.661130 0.003000 0.005000
-45.000000 -5.000000 0.411523 0.017000 0.007000
-45.000000 -4.000000 0.816694 0.311000 0.254000
-45.000000 -3.000000 0.834894 0.315000 0.263000
-45.000000 -2.000000 0.875768 0.314000 0.275000
-45.000000 -1.000000 0.823893 0.301000 0.248000
-45.000000 0.000000 0.778764 0.330000 0.257000
-45.000000 1.000000 0.860988 0.295000 0.254000
-45.000000 2.000000 0.834865 0.321000 0.268000
-45.000000 3.000000 0.877047 0.301000 0.264000
-45.000000 4.000000 0.838161 0.309000 0.259000
-45.000000 5.000000 1.993355 0.003000 0.006000
-45.000000 6.000000 1.198801 0.010000 0.012000
-45.000000 7.000000 0.887902 0.009000 0.008000
-45.000000 8.000000 0.221976 0.009000 0.002000
-45.000000 9.000000 0.333056 0.012000 0.004000
-45.000000 10.000000 0.000000 0.000000 0.000000
-45.000000 11.000000 0.000000 0.000000 0.000000
-45.000000 12.000000 0.000000 0.000000 0.000000
-45.000000 13.000000 0.000000 0.000000 0.000000
-45.000000 14.000000 0.000000 0.000000 0.000000
-45.000000 15.000000 100.000000 0.000000 0.001000
-45.000000 16.000000 0.000000 0.000000 0.000000
-45.000000 17.000000 0.000000 0.000000 0.000000
-45.000000 18.000000 0.000000 0.000000 0.000000
-45.000000 19.000000 0.000000 0.000000 0.000000
-45.000000 20.000000 0.000000 0.001000 0.000000
-45.000000 21.000000 100.000000 0.000000 0.001000
-45.000000 22.000000 0.990099 0.001000 0.001000
-45.000000 23.000000 0.000000 0.000000 0.000000
-45.000000 24.000000 0.000000 0.000000 0.000000
-45.000000 25.000000 0.000000 0.001000 0.000000
-45.000000 26.000000 100.000000 0.000000 0.001000
-45.000000 27.000000 0.000000 0.001000 0.000000
-45.000000 28.000000 0.000000 0.000000 0.000000
-45.000000 29.000000 0.000000 0.000000 0.000000
-45.000000 30.000000 0.000000 0.000000 0.000000
-45.000000 31.000000 0.000000 0.002000 0.000000
-44.999856 31.999925 0.000000 0.000000 0.000000
-45.000000 33.000000 0.000000 0.000000 0.000000
-45.000000 34.000000 0.000000 0.002000 0.000000
-45.000000 35.000000 100.000000 0.000000 0.001000
-45.000000 36.000000 0.000000 0.000000 0.000000
-45.000000 37.000000 0.000000 0.000000 0.000000
-45.000000 38.000000 0.000000 0.001000 0.000000
-45.000000 39.000000 0.000000 0.000000 0.000000
-45.000000 40.000000 0.000000 0.000000 0.000000
-45.000000 41.000000 0.000000 0.000000 0.000000
-45.000000 42.000000 0.000000 0.000000 0.000000
-45.000000 43.000000 0.000000 0.000000 0.000000
-45.000000 44.000000 0.888081 0.286000 0.254000
-45.000000 45.000000 0.819416 0.288000 0.236000
-44.000000 -45.000000 0.899299 0.298000 0.268000
-44.000000 -44.000000 0.332226 0.003000 0.001000
-44.000000 -43.000000 0.000000 0.000000 0.000000
-44.000000 -42.000000 0.000000 0.000000 0.000000
-44.000000 -41.000000 0.000000 0.000000 0.000000
-44.000000 -40.000000 0.000000 0.000000 0.000000
-44.000000 -39.000000 0.000000 0.000000 0.000000
-43.999837 -37.999332 0.000000 0.000000 0.000000
-44.000000 -37.000000 0.000000 0.000000 0.000000
-44.000000 -36.000000 0.000000 0.000000 0.000000
-44.000000 -35.000000 0.000000 0.000000 0.000000
-44.000000 -34.000000 0.000000 0.000000 0.000000
-44.000000 -33.000000 0.000000 0.000000 0.000000
-44.000000 -32.000000 0.000000 0.000000 0.000000
-44.000000 -31.000000 0.000000 0.000000 0.000000
-44.000000 -30.000000 0.000000 0.000000 0.000000
-44.000000 -29.000000 0.000000 0.000000 0.000000
-44.000000 -28.000000 100.000000 0.000000 0.001000
-44.000000 -27.000000 0.000000 0.001000 0.000000
-44.000000 -26.000000 100.000000 0.000000 0.001000
-44.000000 -25.000000 0.000000 0.000000 0.000000
-44.000000 -24.000000 0.000000 0.000000 0.000000
-44.000000 -23.000000 0.000000 0.000000 0.000000
-44.000000 -22.000000 0.000000 0.000000 0.000000
-44.000000 -21.000000 0.000000 0.000000 0.000000
-44.000000 -20.000000 0.000000 0.000000 0.000000
-44.000000 -19.000000 0.000000 0.002000 0.000000
-44.000000 -18.000000 0.990099 0.001000 0.001000
-44.000000 -17.000000 100.000000 0.000000 0.001000
-44.000000 -16.000000 0.000000 0.001000 0.000000
-44.000000 -15.000000 0.000000 0.000000 0.000000
-44.000000 -14.000000 100.000000 0.000000 0.001000
-44.000000 -13.000000 0.333056 0.012000 0.004000
-44.000000 -12.000000 1.197605 0.005000 0.006000
-44.000000 -11.000000 0.749532 0.016000 0.012000
-44.000000 -10.000000 0.898331 0.305000 0.274000
-44.000000 -9.000000 0.833830 0.319000 0.266000
-44.000000 -8.000000 0.787013 0.324000 0.255000
-44.000000 -7.000000 0.783674 0.319000 0.250000
-44.000000 -6.000000 0.832801 0.329000 0.274000
-44.000000 -5.000000 0.717303 0.329000 0.236000
-44.000000 -4.000000 0.807791 0.307000 0.248000
-44.000000 -3.000000 0.778764 0.330000 0.257000
-44.000000 -2.000000 0.780928 0.315000 0.246000
-44.000000 -1.000000 0.955599 0.293000 0.280000
-44.000000 0.000000 0.782454 0.331000 0.259000
-44.000000 1.000000 0.919972 0.325000 0.299000
-44.000000 2.000000 0.914935 0.294000 0.269000
-44.000000 3.000000 0.863030 0.314000 0.271000
-44.000000 4.000000 0.836038 0.305000 0.255000
-44.000000 5.000000 0.795572 0.318000 0.253000
-44.000000 6.000000 0.805799 0.309000 0.249000
-44.000000 7.000000 0.845175 0.323000 0.273000
-44.000000 8.000000 0.934956 0.323000 0.302000
-44.000000 9.000000 0.801891 0.313000 0.251000
-44.000000 10.000000 0.869253 0.306000 0.266000
-44.000000 11.000000 0.499500 0.010000 0.005000
-44.000000 12.000000 0.249792 0.012000 0.003000
-44.000000 13.000000 0.166528 0.012000 0.002000
-44.000000 14.000000 0.000000 0.001000 0.000000
-44.000000 15.000000 100.000000 0.000000 0.001000
-44.000000 16.000000 100.000000 0.000000 0.001000
-44.000000 17.000000 0.000000 0.001000 0.000000
-44.000000 18.000000 0.000000 0.000000 0.000000
-44.000000 19.000000 0.000000 0.001000 0.000000
-43.999716 20.000054 0.000000 0.000000 0.000000
-44.000000 21.000000 0.000000 0.000000 0.000000
-44.000000 22.000000 0.000000 0.000000 0.000000
-44.000000 23.000000 0.000000 0.000000 0.000000
-44.000000 24.000000 0.000000 0.001000 0.000000
-44.000000 25.000000 0.000000 0.000000 0.000000
-44.000000 26.000000 100.000000 0.000000 0.001000
-44.000000 27.000000 0.000000 0.000000 0.000000
-44.000000 28.000000 0.000000 0.000000 0.000000
-44.000000 29.000000 0.000000 0.001000 0.000000
-44.000000 30.000000 0.000000 0.000000 0.000000
-44.000000 31.000000 0.000000 0.000000 0.000000
-44.000000 32.000000 0.000000 0.000000 0.000000
-44.000000 33.000000 0.000000 0.001000 0.000000
-44.000000 34.000000 0.000000 0.000000 0.000000
-44.000000 35.000000 0.000000 0.001000 0.000000
-44.000000 36.000000 0.000000 0.000000 0.000000
-44.000000 37.000000 0.000000 0.000000 0.000000
-44.000000 38.000000 0.000000 0.000000 0.000000
-44.000000 39.000000 0.000000 0.000000 0.000000
-44.000000 40.000000 0.000000 0.000000 0.000000
-44.000000 41.000000 0.000000 0.000000 0.000000
-44.000000 42.000000 0.000000 0.000000 0.000000
-44.000000 43.000000 0.000000 0.000000 0.000000
-44.000000 44.000000 0.000000 0.003000 0.000000
-44.000000 45.000000 0.831098 0.302000 0.251000
-43.000000 -45.000000 0.784991 0.307000 0.241000
-43.000000 -44.000000 0.990099 0.001000 0.001000
-43.000000 -43.000000 0.000000 0.000000 0.000000
-43.000000 -42.000000 100.000000 0.000000 0.001000
-43.000000 -41.000000 0.000000 0.001000 0.000000
-43.000000 -40.000000 0.000000 0.000000 0.000000
-43.000000 -39.000000 0.000000 0.000000 0.000000
-43.000000 -38.000000 0.000000 0.000000 0.000000
-43.000000 -37.000000 0.000000 0.000000 0.000000
-43.000000 -36.000000 0.000000 0.000000 0.000000
-43.000000 -35.000000 100.000000 0.000000 0.001000
-43.000000 -34.000000 200.000000 0.000000 0.002000
-43.000000 -33.000000 0.000000 0.000000 0.000000
-43.000000 -32.000000 100.000000 0.000000 0.001000
-43.000000 -31.000000 0.000000 0.000000 0.000000
-43.000000 -30.000000 0.000000 0.001000 0.000000
-43.000000 -29.000000 0.000000 0.001000 0.000000
-43.000000 -28.000000 0.000000 0.000000 0.000000
-43.000000 -27.000000 100.000000 0.000000 0.001000
-43.000000 -26.000000 0.000000 0.001000 0.000000
-43.000000 -25.000000 0.000000 0.000000 0.000000
-43.000000 -24.000000 0.000000 0.001000 0.000000
-43.000000 -23.000000 0.000000 0.000000 0.000000
-43.000000 -22.000000 0.000000 0.001000 0.000000
-43.000000 -21.000000 0.000000 0.001000 0.000000
-43.000000 -20.000000 100.000000 0.000000 0.001000
-43.000000 -19.000000 0.000000 0.000000 0.000000
-43.000000 -18.000000 0.000000 0.000000 0.000000
-43.000000 -17.000000 0.000000 0.000000 0.000000
-43.000000 -16.000000 0.384320 0.013000 0.005000
-43.000000 -15.000000 0.214133 0.014000 0.003000
-43.000000 -14.000000 0.889582 0.308000 0.274000
-43.000000 -13.000000 0.830221 0.324000 0.269000
-43.000000 -12.000000 0.710962 0.346000 0.246000
-43.000000 -11.000000 0.783674 0.319000 0.250000
-43.000000 -10.000000 0.792428 0.318000 0.252000
-43.000000 -9.000000 0.810951 0.328000 0.266000
-43.000000 -8.000000 0.944414 0.306000 0.289000
-43.000000 -7.000000 0.811476 0.313000 0.254000
-43.000000 -6.000000 0.836285 0.336000 0.281000
-43.000000 -5.000000 0.834330 0.326000 0.272000
-43.000000 -4.000000 0.788212 0.340000 0.268000
-43.000000 -3.000000 0.918613 0.295000 0.271000
-43.000000 -2.000000 0.902251 0.307000 0.277000
-43.000000 -1.000000 0.858524 0.304000 0.261000
-43.000000 0.000000 0.851105 0.309000 0.263000
-43.000000 1.000000 0.785691 0.336000 0.264000
-43.000000 2.000000 0.752357 0.315000 0.237000
-43.000000 3.000000 0.871767 0.312000 0.272000
-43.000000 4.000000 0.865103 0.304000 0.263000
-43.000000 5.000000 0.810871 0.312000 0.253000
-43.000000 6.000000 0.805286 0.339000 0.273000
-43.000000 7.000000 0.778110 0.311000 0.242000
-43.000000 8.000000 0.831779 0.327000 0.272000
-43.000000 9.000000 0.868392 0.304000 0.264000
-43.000000 10.000000 0.744385 0.313000 0.233000
-43.000135 10.999358 0.875731 0.330000 0.289000
-43.000000 12.000000 0.750755 0.321000 0.241000
-43.000000 13.000000 0.849667 0.326000 0.277000
-43.000000 14.000000 0.872881 0.299000 0.261000
-43.000000 15.000000 0.635786 0.011000 0.007000
-43.000000 16.000000 0.998336 0.006000 0.006000
-43.000000 17.000000 0.000000 0.001000 0.000000
-43.000000 18.000000 0.000000 0.000000 0.000000
-43.000000 19.000000 100.000000 0.000000 0.001000
-43.000000 20.000000 0.000000 0.000000 0.000000
-43.000000 21.000000 0.000000 0.000000 0.000000
-43.000000 22.000000 0.000000 0.000000 0.000000
-43.000000 23.000000 0.000000 0.000000 0.000000
-43.000000 24.000000 0.000000 0.000000 0.000000
-43.000000 25.000000 0.000000 0.001000 0.000000
-43.000000 26.000000 0.000000 0.000000 0.000000
-43.000000 27.000000 0.000000 0.001000 0.000000
-43.000000 28.000000 0.000000 0.000000 0.000000
-43.000000 29.000000 0.000000 0.001000 0.000000
-43.000000 30.000000 0.000000 0.000000 0.000000
-43.000000 31.000000 0.000000 0.000000 0.000000
-43.000000 32.000000 0.000000 0.000000 0.000000
-43.000000 33.000000 0.000000 0.000000 0.000000
-43.000000 34.000000 0.000000 0.000000 0.000000
-43.000000 35.000000 0.000000 0.000000 0.000000
-43.000000 36.000000 0.000000 0.001000 0.000000
-43.000000 37.000000 0.000000 0.000000 0.000000
-43.000000 38.000000 0.000000 0.001000 0.000000
-43.000000 39.000000 0.000000 0.001000 0.000000
-43.000000 40.000000 0.990099 0.001000 0.001000
-43.000000 41.000000 0.990099 0.001000 0.001000
-43.000000 42.000000 0.000000 0.000000 0.000000
-43.000000 43.000000 0.000000 0.000000 0.000000
-43.000000 44.000000 200.000000 0.000000 0.002000
-43.000000 45.000000 0.935450 0.279000 0.261000
-42.000000 -45.000000 0.793307 0.300000 0.238000
-42.000000 -44.000000 0.000000 0.003000 0.000000
-42.000000 -43.000000 0.000000 0.000000 0.000000
-42.000000 -42.000000 0.000000 0.000000 0.000000
-42.000000 -41.000000 0.000000 0.000000 0.000000
-42.000000 -40.000000 0.000000 0.001000 0.000000
-42.000000 -39.000000 0.000000 0.000000 0.000000
-42.000000 -38.000000 0.000000 0.000000 0.000000
-42.000000 -37.000000 0.000000 0.001000 0.000000
-42.000000 -36.000000 0.000000 0.000000 0.000000
-42.000000 -35.000000 0.000000 0.000000 0.000000
-42.000000 -34.000000 100.000000 0.000000 0.001000
-42.000000 -33.000000 0.000000 0.000000 0.000000
-42.000000 -32.000000 0.000000 0.000000 0.000000
-42.000000 -31.000000 0.000000 0.000000 0.000000
-42.000000 -30.000000 100.000000 0.000000 0.001000
-42.000000 -29.000000 0.000000 0.000000 0.000000
-42.000000 -28.000000 0.000000 0.000000 0.000000
-42.000000 -27.000000 100.000000 0.000000 0.001000
-42.000000 -26.000000 0.000000 0.001000 0.000000
-42.000000 -25.000000 0.000000 0.000000 0.000000
-42.000000 -24.000000 0.000000 0.000000 0.000000
-42.000000 -23.000000 0.000000 0.000000 0.000000
-42.000000 -22.000000 0.000000 0.000000 0.000000
-42.000000 -21.000000 0.000000 0.001000 0.000000
-42.000000 -20.000000 0.000000 0.000000 0.000000
-42.000000 -19.000000 0.000000 0.000000 0.000000
-42.000000 -18.000000 0.272480 0.011000 0.003000
-42.000000 -17.000000 0.499722 0.018000 0.009000
-42.000000 -16.000000 0.880107 0.292000 0.257000
-42.000000 -15.000000 0.878349 0.296000 0.260000
-42.000000 -14.000000 0.978987 0.286000 0.280000
-42.000000 -13.000000 0.898663 0.306000 0.275000
-42.000000 -12.000000 0.891774 0.305000 0.272000
-42.000000 -11.000000 0.697584 0.334000 0.233000
-42.000000 -10.000000 0.853213 0.293000 0.250000
-42.000000 -9.000000 0.837635 0.308000 0.258000
-42.000000 -8.000000 0.804257 0.327000 0.263000
-42.000000 -7.000000 0.825780 0.310000 0.256000
-42.000000 -6.000000 0.777405 0.319000 0.248000
-42.000000 -5.000000 0.784171 0.329000 0.258000
-42.000000 -4.000000 0.847429 0.295000 0.250000
-42.000000 -3.000000 0.805254 0.303000 0.244000
-42.000000 -2.000000 0.853213 0.293000 0.250000
-42.000000 -1.000000 0.851457 0.303000 0.258000
-42.000000 0.000000 0.857116 0.315000 0.270000
-42.000000 1.000000 0.831263 0.326000 0.271000
-42.000000 2.000000 0.819052 0.304000 0.249000
-42.000000 3.000000 0.805169 0.308000 0.248000
-42.000000 4.000000 0.759351 0.320000 0.243000
-42.000000 5.000000 0.800580 0.331000 0.265000
-42.000000 6.000000 0.762835 0.350000 0.267000
-42.000000 7.000000 0.789283 0.318000 0.251000
-42.000000 8.000000 0.867714 0.310000 0.269000
-42.000000 9.000000 0.813639 0.322000 0.262000
-42.000000 10.000000 0.790395 0.334000 0.264000
-42.000000 11.000000 0.829243 0.328000 0.272000
-42.000000 12.000000 0.894167 0.293000 0.262000
-42.000000 13.000000 0.847429 0.295000 0.250000
-42.000000 14.000000 0.821980 0.309000 0.254000
-42.000000 15.000000 0.888860 0.306000 0.272000
-41.998987 15.999582 0.888860 0.306000 0.272000
-42.000000 17.000000 0.768640 0.013000 0.010000
-42.000000 18.000000 0.427960 0.007000 0.003000
-42.000000 19.000000 0.000000 0.001000 0.000000
-42.000000 20.000000 0.000000 0.000000 0.000000
-42.000000 21.000000 0.000000 0.000000 0.000000
-42.000000 22.000000 0.000000 0.001000 0.000000
-42.000000 23.000000 100.000000 0.000000 0.001000
-42.000000 24.000000 0.000000 0.000000 0.000000
-42.000000 25.000000 0.990099 0.001000 0.001000
-42.000000 26.000000 0.000000 0.001000 0.000000
-42.000000 27.000000 0.990099 0.001000 0.001000
-42.000000 28.000000 100.000000 0.000000 0.001000
-42.000000 29.000000 0.000000 0.000000 0.000000
-42.000000 30.000000 0.000000 0.000000 0.000000
-42.000000 31.000000 0.000000 0.000000 0.000000
-42.000000 32.000000 0.000000 0.001000 0.000000
-42.000000 33.000000 0.000000 0.000000 0.000000
-42.000000 34.000000 0.000000 0.000000 0.000000
-42.000000 35.000000 100.000000 0.000000 0.001000
-42.000000 36.000000 0.000000 0.000000 0.000000
-42.000000 37.000000 0.000000 0.001000 0.000000
-42.000000 38.000000 0.000000 0.000000 0.000000
-42.000000 39.000000 0.000000 0.000000 0.000000
-42.000000 40.000000 0.000000 0.000000 0.000000
-42.000000 41.000000 0.000000 0.000000 0.000000
-42.000000 42.000000 0.000000 0.001000 0.000000
-42.000000 43.000000 0.000000 0.001000 0.000000
-42.000000 44.000000 0.497512 0.002000 0.001000
-42.000000 45.000000 0.874095 0.286000 0.250000
-41.000000 -45.000000 0.770943 0.310000 0.239000
-41.000000 -44.000000 0.000000 0.000000 0.000000
-41.000000 -43.000000 0.000000 0.000000 0.000000
-41.000000 -42.000000 0.000000 0.000000 0.000000
-41.000000 -41.000000 0.000000 0.000000 0.000000
-41.000000 -40.000000 0.000000 0.000000 0.000000
-41.000000 -39.000000 0.000000 0.000000 0.000000
-41.000000 -38.000000 0.000000 0.000000 0.000000
-41.000000 -37.000000 0.000000 0.000000 0.000000
-41.000000 -36.000000 0.000000 0.000000 0.000000
-41.000000 -35.000000 0.000000 0.000000 0.000000
-41.000000 -34.000000 0.000000 0.000000 0.000000
-41.000000 -33.000000 0.000000 0.000000 0.000000
-41.000000 -32.000000 0.000000 0.000000 0.000000
-41.000000 -31.000000 100.000000 0.000000 0.001000
-41.000000 -30.000000 0.000000 0.000000 0.000000
-41.000000 -29.000000 0.000000 0.001000 0.000000
-41.000000 -28.000000 100.000000 0.000000 0.001000
-41.000000 -27.000000 100.000000 0.000000 0.001000
-41.000000 -26.000000 0.000000 0.000000 0.000000
-41.000000 -25.000000 0.000000 0.000000 0.000000
-41.000000 -24.000000 0.000000 0.000000 0.000000
-41.000000 -23.000000 100.000000 0.000000 0.001000
-41.000000 -22.000000 0.000000 0.000000 0.000000
-41.000000 -21.000000 0.000000 0.012000 0.000000
-41.000000 -20.000000 0.443951 0.009000 0.004000
-41.000000 -19.000000 0.828804 0.333000 0.276000
-41.000000 -18.000000 0.874559 0.303000 0.265000
-41.000000 -17.000000 0.847944 0.296000 0.251000
-41.000000 -16.000000 0.877047 0.301000 0.264000
-41.000000 -15.000000 0.790600 0.320000 0.253000
-41.000000 -14.000000 0.830695 0.319000 0.265000
-41.000000 -13.000000 0.730184 0.341000 0.249000
-41.000000 -12.000000 0.797559 0.331000 0.264000
-41.000000 -11.000000 0.788667 0.336000 0.265000
-41.000000 -10.000000 0.828721 0.327000 0.271000
-41.000000 -9.000000 0.986544 0.298000 0.294000
-41.000000 -8.000000 0.862717 0.306000 0.264000
-41.000000 -7.000000 0.822120 0.298000 0.245000
-41.000000 -6.000000 0.832760 0.305000 0.254000
-41.000000 -5.000000 0.837034 0.313000 0.262000
-41.000000 -4.000000 0.747483 0.301000 0.225000
-41.000000 -3.000000 0.862042 0.319000 0.275000
-41.000000 -2.000000 0.867317 0.294000 0.255000
-41.000000 -1.000000 0.830644 0.313000 0.260000
-41.000000 0.000000 0.826841 0.335000 0.277000
-41.000000 1.000000 0.733723 0.323000 0.237000
-41.000000 2.000000 0.783674 0.319000 0.250000
-41.000000 3.000000 0.712100 0.330000 0.235000
-41.000000 4.000000 0.813789 0.333000 0.271000
-41.000000 5.000000 0.850470 0.301000 0.256000
-41.000000 6.000000 0.762025 0.332000 0.253000
-41.000000 7.000000 0.856661 0.314000 0.269000
-41.000000 8.000000 0.799358 0.324000 0.259000
-41.000000 9.000000 0.879842 0.308000 0.271000
-41.000000 10.000000 0.821402 0.308000 0.253000
-41.000000 11.000000 0.773970 0.323000 0.250000
-41.000000 12.000000 0.700885 0.331000 0.232000
-41.000000 13.000000 0.837106 0.307000 0.257000
-41.000000 14.000000 0.826059 0.299000 0.247000
-41.000000 15.000000 1.003561 0.278000 0.279000
-41.000000 16.000000 0.720475 0.322000 0.232000
-41.000000 17.000000 0.850291 0.314000 0.267000
-41.000000 18.000000 0.922229 0.283000 0.261000
-41.000000 19.000000 0.836149 0.293000 0.245000
-41.000000 20.000000 0.855920 0.007000 0.006000
-41.000000 21.000000 0.055525 0.018000 0.001000
-41.000000 22.000000 0.000000 0.001000 0.000000
-41.000000 23.000000 0.000000 0.000000 0.000000
-41.000000 24.000000 0.000000 0.001000 0.000000
-41.000000 25.000000 0.000000 0.000000 0.000000
-41.000000 26.000000 0.000000 0.000000 0.000000
-41.000000 27.000000 0.000000 0.000000 0.000000
-41.000000 28.000000 0.000000 0.000000 0.000000
-41.000000 29.000000 100.000000 0.000000 0.001000
-41.000000 30.000000 0.000000 0.001000 0.000000
-41.000000 31.000000 0.000000 0.000000 0.000000
-41.000000 32.000000 0.000000 0.000000 0.000000
-41.000000 33.000000 0.000000 0.000000 0.000000
-41.000000 34.000000 100.000000 0.000000 0.001000
-41.000000 35.000000 0.000000 0.000000 0.000000
-41.000000 36.000000 0.000000 0.001000 0.000000
-41.000000 37.000000 0.000000 0.001000 0.000000
-41.000000 38.000000 0.000000 0.000000 0.000000
-41.000000 39.000000 0.990099 0.001000 0.001000
-41.000000 40.000000 0.000000 0.000000 0.000000
-41.000000 41.000000 0.000000 0.000000 0.000000
-41.000000 42.000000 100.000000 0.000000 0.001000
-41.000000 43.000000 0.000000 0.000000 0.000000
-41.000000 44.000000 0.000000 0.000000 0.000000
-41.000000 45.000000 0.709243 0.313000 0.222000
-40.000000 -45.000000 0.886330 0.264000 0.234000
-40.000000 -44.000000 0.000000 0.000000 0.000000
-40.000000 -43.000000 0.000000 0.000000 0.000000
-40.000000 -42.000000 0.000000 0.000000 0.000000
-40.000000 -41.000000 0.000000 0.000000 0.000000
-40.000000 -40.000000 0.000000 0.000000 0.000000
-40.000000 -39.000000 0.000000 0.000000 0.000000
-40.000000 -38.000000 0.000000 0.000000 0.000000
-40.000000 -37.000000 0.000000 0.000000 0.000000
-40.000000 -36.000000 0.000000 0.000000 0.000000
-40.000000 -35.000000 0.000000 0.000000 0.000000
-40.000000 -34.000000 0.000000 0.000000 0.000000
-40.000000 -33.000000 0.000000 0.000000 0.000000
-40.000000 -32.000000 0.000000 0.001000 0.000000
-40.000000 -31.000000 0.000000 0.000000 0.000000
-40.000000 -30.000000 0.000000 0.001000 0.000000
-40.000000 -29.000000 100.000000 0.000000 0.001000
-40.000000 -28.000000 0.000000 0.000000 0.000000
-40.000000 -27.000000 0.000000 0.000000 0.000000
-40.000000 -26.000000 0.000000 0.000000 0.000000
-40.000000 -25.000000 0.000000 0.000000 0.000000
-40.000000 -24.000000 0.000000 0.000000 0.000000
-40.000000 -23.000000 0.000000 0.000000 0.000000
-40.000000 -22.000000 0.554939 0.009000 0.005000
-40.000000 -21.000000 0.816367 0.305000 0.249000
-40.000000 -20.000000 0.787950 0.316000 0.249000
-40.000000 -19.000000 0.860684 0.280000 0.241000
-40.000000 -18.000000 0.816967 0.306000 0.250000
-40.000000 -17.000000 0.806752 0.295000 0.238000
-40.000000 -16.000000 0.799304 0.299000 0.239000
-40.000000 -15.000000 0.754814 0.310000 0.234000
-40.000000 -14.000000 0.915794 0.297000 0.272000
-40.000000 -13.000000 0.822196 0.315000 0.259000
-40.000000 -12.000000 0.817341 0.334000 0.273000
-40.000000 -11.000000 0.858493 0.311000 0.267000
-40.000000 -10.000000 0.825055 0.303000 0.250000
-40.000000 -9.000000 0.904406 0.293000 0.265000
-40.000000 -8.000000 0.949606 0.278000 0.264000
-40.000000 -7.000000 0.760982 0.318000 0.242000
-40.000000 -6.000000 0.707525 0.318000 0.225000
-40.000000 -5.000000 0.932110 0.280000 0.261000
-40.000000 -4.000000 0.799973 0.295000 0.236000
-40.000000 -3.000000 0.782026 0.312000 0.244000
-40.000000 -2.000000 0.796695 0.305000 0.243000
-40.000000 -1.000000 0.828355 0.303000 0.251000
-40.000000 0.000000 0.805006 0.318000 0.256000
-40.000000 1.000000 0.897660 0.303000 0.272000
-40.000000 2.000000 0.878758 0.297000 0.261000
-40.000000 3.000000 0.859845 0.314000 0.270000
-40.000000 4.000000 0.850965 0.302000 0.257000
-40.000000 5.000000 0.747037 0.340000 0.254000
-40.000000 6.000000 0.926143 0.298000 0.276000
-40.000000 7.000000 0.840960 0.283000 0.238000
-40.000000 8.000000 0.769456 0.308000 0.237000
-40.000000 9.000000 0.733511 0.334000 0.245000
-40.000000 10.000000 0.808415 0.308000 0.249000
-40.000000 11.000000 0.920499 0.302000 0.278000
-40.000000 12.000000 0.876193 0.307000 0.269000
-40.000000 13.000000 0.875832 0.290000 0.254000
-40.000000 14.000000 0.779850 0.318000 0.248000
-40.000000 15.000000 0.885105 0.296000 0.262000
-40.000000 16.000000 0.733106 0.326000 0.239000
-40.000000 17.000000 0.860988 0.295000 0.254000
-40.000000 18.000000 0.785022 0.321000 0.252000
-40.000000 19.000000 0.791901 0.322000 0.255000
-40.000000 20.000000 0.809973 0.300000 0.243000
-40.000000 21.000000 0.769446 0.321000 0.247000
-40.000000 22.000000 0.332963 0.009000 0.003000
-40.000000 23.000000 0.000000 0.000000 0.000000
-40.000000 24.000000 0.000000 0.000000 0.000000
-40.000000 25.000000 0.000000 0.000000 0.000000
-40.000000 26.000000 100.000000 0.000000 0.001000
-40.000000 27.000000 0.000000 0.001000 0.000000
-40.000000 28.000000 0.000000 0.001000 0.000000
-40.000000 29.000000 0.000000 0.001000 0.000000
-40.000000 30.000000 0.000000 0.001000 0.000000
-40.000000 31.000000 0.000000 0.000000 0.000000
-39.999326 32.000012 0.000000 0.000000 0.000000
-40.000000 33.000000 0.000000 0.001000 0.000000
-40.000000 34.000000 0.000000 0.000000 0.000000
-40.000000 35.000000 0.000000 0.000000 0.000000
-40.000000 36.000000 0.000000 0.000000 0.000000
-40.000000 37.000000 0.000000 0.000000 0.000000
-40.000000 38.000000 0.000000 0.000000 0.000000
-40.000000 39.000000 0.000000 0.000000 0.000000
-40.000000 40.000000 0.000000 0.000000 0.000000
-40.000000 41.000000 0.000000 0.000000 0.000000
-40.000000 42.000000 0.000000 0.000000 0.000000
-40.000000 43.000000 0.000000 0.000000 0.000000
-40.000000 44.000000 0.000000 0.000000 0.000000
-40.000000 45.000000 0.829481 0.305000 0.253000
-39.000000 -45.000000 100.000000 0.000000 0.001000
-39.000000 -44.000000 0.000000 0.000000 0.000000
-39.000000 -43.000000 0.000000 0.000000 0.000000
-39.000000 -42.000000 0.000000 0.001000 0.000000
-39.000000 -41.000000 0.000000 0.001000 0.000000
-39.000000 -40.000000 0.000000 0.000000 0.000000
-39.000000 -39.000000 0.000000 0.000000 0.000000
-39.000000 -38.000000 0.000000 0.000000 0.000000
-39.000000 -37.000000 0.000000 0.000000 0.000000
-39.000000 -36.000000 0.000000 0.000000 0.000000
-39.000000 -35.000000 0.000000 0.000000 0.000000
-39.000000 -34.000000 0.000000 0.000000 0.000000
-39.000000 -33.000000 100.000000 0.000000 0.001000
-39.000000 -32.000000 0.000000 0.000000 0.000000
-39.000000 -31.000000 100.000000 0.000000 0.001000
-39.000000 -30.000000 0.000000 0.002000 0.000000
-39.000000 -29.000000 0.000000 0.000000 0.000000
-39.000000 -28.000000 0.000000 0.001000 0.000000
-39.000000 -27.000000 0.000000 0.000000 0.000000
-39.000000 -26.000000 0.000000 0.000000 0.000000
-39.000000 -25.000000 0.000000 0.000000 0.000000
-39.000000 -24.000000 0.293945 0.017000 0.005000
-39.000000 -23.000000 0.908265 0.011000 0.010000
-39.000000 -22.000000 0.819371 0.299000 0.245000
-39.000000 -21.000000 0.938372 0.276000 0.259000
-39.000000 -20.000000 0.934180 0.304000 0.284000
-39.000000 -19.000000 0.843942 0.282000 0.238000
-39.000000 -18.000000 0.868297 0.281000 0.244000
-39.000000 -17.000000 0.730628 0.323000 0.236000
-39.000000 -16.000000 0.900302 0.301000 0.271000
-39.000000 -15.000000 0.693728 0.320000 0.222000
-39.000000 -14.000000 0.891197 0.285000 0.254000
-39.000000 -13.000000 0.716312 0.349000 0.250000
-39.000000 -12.000000 0.776674 0.309000 0.240000
-39.000000 -11.000000 0.772702 0.308000 0.238000
-39.000000 -10.000000 0.793289 0.329000 0.261000
-39.000000 -9.000000 0.831053 0.296000 0.246000
-39.000000 -8.000000 0.791069 0.292000 0.231000
-39.000000 -7.000000 0.779195 0.308000 0.240000
-39.000000 -6.000000 0.975490 0.286000 0.279000
-39.000000 -5.000000 0.821165 0.302000 0.248000
-39.000000 -4.000000 0.844857 0.303000 0.256000
-39.000000 -3.000000 0.819371 0.299000 0.245000
-39.000000 -2.000000 0.840364 0.307000 0.258000
-39.000000 -1.000000 0.817854 0.302000 0.247000
-39.000000 0.000000 0.873390 0.316000 0.276000
-39.000000 1.000000 0.760333 0.338000 0.257000
-39.000000 2.000000 0.700859 0.341000 0.239000
-39.000000 3.000000 0.931941 0.294000 0.274000
-39.000000 4.000000 0.819328 0.310000 0.254000
-39.000000 5.000000 0.760109 0.296000 0.225000
-39.000000 6.000000 0.815944 0.288000 0.235000
-39.000000 7.000000 0.935218 0.278000 0.260000
-39.000000 8.000000 0.862152 0.312000 0.269000
-39.000000 9.000000 0.835499 0.304000 0.254000
-39.000000 10.000000 0.859971 0.300000 0.258000
-39.000000 11.000000 0.886335 0.308000 0.273000
-39.000000 12.000000 0.864050 0.309000 0.267000
-39.000000 13.000000 0.822956 0.322000 0.265000
-39.000000 14.000000 0.900293 0.311000 0.280000
-39.000000 15.000000 0.878758 0.297000 0.261000
-39.000000 16.000000 0.806095 0.294000 0.237000
-39.000000 17.000000 0.892703 0.289000 0.258000
-39.000000 18.000000 0.830102 0.312000 0.259000
-39.000000 19.000000 0.764307 0.314000 0.240000
-39.000000 20.000000 0.793417 0.305000 0.242000
-39.000000 21.000000 0.831622 0.297000 0.247000
-39.000000 22.000000 0.825314 0.292000 0.241000
-39.000000 23.000000 0.544959 0.011000 0.006000
-39.000000 24.000000 0.333056 0.012000 0.004000
-39.000000 25.000000 0.000000 0.000000 0.000000
-39.000000 26.000000 0.000000 0.001000 0.000000
-39.000000 27.000000 0.000000 0.000000 0.000000
-39.000000 28.000000 100.000000 0.000000 0.001000
-39.000000 29.000000 0.000000 0.000000 0.000000
-39.000000 30.000000 100.000000 0.000000 0.001000
-39.000000 31.000000 0.000000 0.000000 0.000000
-39.000000 32.000000 0.000000 0.000000 0.000000
-39.000000 33.000000 0.000000 0.000000 0.000000
-39.000000 34.000000 0.000000 0.000000 0.000000
-39.000000 35.000000 0.000000 0.000000 0.000000
-39.000000 36.000000 0.000000 0.000000 0.000000
-39.000000 37.000000 0.000000 0.000000 0.000000
-39.000000 38.000000 100.000000 0.000000 0.001000
-39.000000 39.000000 0.000000 0.000000 0.000000
-39.000000 40.000000 0.000000 0.000000 0.000000
-39.000000 41.000000 0.000000 0.000000 0.000000
-39.000000 42.000000 0.000000 0.000000 0.000000
-39.000000 43.000000 0.990099 0.001000 0.001000
-39.000000 44.000000 0.000000 0.000000 0.000000
-39.000000 45.000000 0.332226 0.003000 0.001000
-38.000000 -45.000000 0.000000 0.003000 0.000000
-38.000000 -44.000000 0.000000 0.000000 0.000000
-38.000000 -43.000000 100.000000 0.000000 0.001000
-38.000000 -42.000000 0.000000 0.001000 0.000000
-38.000000 -41.000000 0.000000 0.001000 0.000000
-38.000000 -40.000000 0.000000 0.000000 0.000000
-38.000000 -39.000000 100.000000 0.000000 0.001000
-38.000000 -38.000000 100.000000 0.000000 0.001000
-38.000000 -37.000000 0.000000 0.000000 0.000000
-38.000000 -36.000000 200.000000 0.000000 0.002000
-38.000000 -35.000000 0.000000 0.001000 0.000000
-38.000000 -34.000000 0.000000 0.000000 0.000000
-38.000000 -33.000000 0.000000 0.000000 0.000000
-38.000000 -32.000000 0.000000 0.000000 0.000000
-38.000000 -31.000000 0.000000 0.000000 0.000000
-38.000000 -30.000000 0.000000 0.000000 0.000000
-38.000000 -29.000000 0.000000 0.000000 0.000000
-38.000000 -28.000000 100.000000 0.000000 0.001000
-38.000000 -27.000000 0.000000 0.001000 0.000000
-38.000000 -26.000000 0.181653 0.011000 0.002000
-38.000000 -25.000000 1.109878 0.009000 0.010000
-38.000000 -24.000000 0.854276 0.302000 0.258000
-38.000000 -23.000000 0.774169 0.310000 0.240000
-38.000000 -22.000000 0.844857 0.303000 0.256000
-38.000000 -21.000000 0.894513 0.275000 0.246000
-38.000000 -20.000000 0.872454 0.298000 0.260000
-38.000000 -19.000000 0.876682 0.292000 0.256000
-38.000000 -18.000000 0.695762 0.332000 0.231000
-38.000000 -17.000000 0.882521 0.298000 0.263000
-38.000000 -16.000000 0.814162 0.296000 0.241000
-38.000000 -15.000000 0.812472 0.288000 0.234000
-38.000000 -14.000000 0.920544 0.277000 0.255000
-38.000000 -13.000000 0.712969 0.331000 0.236000
-38.000000 -12.000000 0.719722 0.314000 0.226000
-38.000000 -11.000000 0.839201 0.311000 0.261000
-38.000000 -10.000000 0.732002 0.306000 0.224000
-38.000000 -9.000000 0.826059 0.299000 0.247000
-38.000000 -8.000000 0.878018 0.287000 0.252000
-38.000000 -7.000000 0.807048 0.311000 0.251000
-38.000000 -6.000000 0.820661 0.290000 0.238000
-38.000000 -5.000000 0.847795 0.276000 0.234000
-38.000000 -4.000000 0.903539 0.280000 0.253000
-38.000000 -3.000000 0.802605 0.304000 0.244000
-38.000000 -2.000000 0.796213 0.319000 0.254000
-38.000000 -1.000000 0.805169 0.308000 0.248000
-38.000000 0.000000 0.840599 0.320000 0.269000
-38.000000 1.000000 0.910003 0.289000 0.263000
-38.000000 2.000000 0.871592 0.296000 0.258000
-38.000000 3.000000 0.801277 0.307000 0.246000
-38.000000 4.000000 0.760456 0.334000 0.254000
-38.000000 5.000000 0.870719 0.294000 0.256000
-38.000000 6.000000 0.753222 0.308000 0.232000
-38.000000 7.000000 0.913154 0.311000 0.284000
-38.000000 8.000000 0.798082 0.317000 0.253000
-38.000000 9.000000 0.749977 0.320000 0.240000
-38.000000 10.000000 0.896163 0.289000 0.259000
-38.000000 11.000000 0.729009 0.310000 0.226000
-38.000000 12.000000 0.830038 0.306000 0.254000
-38.000000 13.000000 0.767057 0.322000 0.247000
-38.000000 14.000000 0.768431 0.298000 0.229000
-38.000000 15.000000 0.890039 0.282000 0.251000
-38.000000 16.000000 0.862984 0.292000 0.252000
-38.000000 17.000000 0.894360 0.303000 0.271000
-38.000000 18.000000 0.751529 0.322000 0.242000
-38.000000 19.000000 0.930875 0.275000 0.256000
-38.000000 20.000000 0.868982 0.313000 0.272000
-38.000000 21.000000 0.695631 0.322000 0.224000
-38.000000 22.000000 0.782869 0.304000 0.238000
-38.000000 23.000000 0.988727 0.267000 0.264000
-38.000000 24.000000 0.778476 0.307000 0.239000
-38.000000 25.000000 0.998890 0.009000 0.009000
-38.000000 26.000000 0.099900 0.010000 0.001000
-37.999523 26.999823 0.000000 0.001000 0.000000
-38.000000 28.000000 100.000000 0.000000 0.001000
-38.000000 29.000000 0.000000 0.000000 0.000000
-38.000000 30.000000 0.000000 0.001000 0.000000
-38.000000 31.000000 0.000000 0.001000 0.000000
-38.000000 32.000000 0.000000 0.000000 0.000000
-38.000000 33.000000 0.000000 0.001000 0.000000
-38.000000 34.000000 0.000000 0.000000 0.000000
-38.000000 35.000000 0.000000 0.000000 0.000000
-38.000000 36.000000 0.000000 0.002000 0.000000
-38.000000 37.000000 100.000000 0.000000 0.001000
-38.000000 38.000000 0.000000 0.000000 0.000000
-38.000000 39.000000 0.000000 0.000000 0.000000
-38.000000 40.000000 0.000000 0.000000 0.000000
-38.000000 41.000000 0.000000 0.000000 0.000000
-38.000000 42.000000 0.000000 0.000000 0.000000
-38.000000 43.000000 0.000000 0.000000 0.000000
-38.000000 44.000000 0.000000 0.000000 0.000000
-38.000000 45.000000 2.970297 0.001000 0.003000
-37.000000 -45.000000 0.000000 0.000000 0.000000
-37.000000 -44.000000 0.990099 0.001000 0.001000
-37.000000 -43.000000 0.000000 0.000000 0.000000
-37.000000 -42.000000 0.000000 0.000000 0.000000
-37.000000 -41.000000 0.000000 0.000000 0.000000
-37.000000 -40.000000 0.000000 0.002000 0.000000
-37.000000 -39.000000 100.000000 0.000000 0.001000
-37.000000 -38.000000 0.000000 0.000000 0.000000
-37.000000 -37.000000 0.000000 0.000000 0.000000
-37.000000 -36.000000 0.000000 0.000000 0.000000
-37.000000 -35.000000 0.000000 0.000000 0.000000
-37.000000 -34.000000 0.000000 0.000000 0.000000
-37.000000 -33.000000 0.000000 0.001000 0.000000
-37.000000 -32.000000 100.000000 0.000000 0.001000
-37.000000 -31.000000 0.990099 0.001000 0.001000
-37.000000 -30.000000 0.000000 0.000000 0.000000
-37.000000 -29.000000 0.000000 0.002000 0.000000
-37.000000 -28.000000 0.000000 0.001000 0.000000
-37.000000 -27.000000 0.124844 0.008000 0.001000
-37.000000 -26.000000 0.870937 0.279000 0.243000
-37.000000 -25.000000 0.808752 0.319000 0.258000
-37.000000 -24.000000 0.801954 0.303000 0.243000
-37.000000 -23.000000 0.901664 0.295000 0.266000
-37.000000 -22.000000 0.857577 0.309000 0.265000
-37.000000 -21.000000 0.811662 0.308000 0.250000
-37.000000 -20.000000 0.853008 0.313000 0.267000
-37.000000 -19.000000 0.812053 0.298000 0.242000
-37.000000 -18.000000 0.797316 0.301000 0.240000
-37.000000 -17.000000 0.737782 0.328000 0.242000
-37.000000 -16.000000 0.738147 0.317000 0.234000
-37.000000 -15.000000 0.785917 0.313000 0.246000
-37.000000 -14.000000 0.782732 0.290000 0.227000
-37.000000 -13.000000 0.883531 0.292000 0.258000
-37.000000 -12.000000 0.880766 0.302000 0.266000
-37.000000 -11.000000 0.805169 0.308000 0.248000
-37.000000 -10.000000 0.811420 0.297000 0.241000
-37.000000 -9.000000 0.768963 0.316000 0.243000
-37.000000 -8.000000 0.813699 0.306000 0.249000
-37.000000 -7.000000 0.938372 0.276000 0.259000
-37.000000 -6.000000 0.776245 0.295000 0.229000
-37.000000 -5.000000 0.813088 0.305000 0.248000
-37.000000 -4.000000 1.020644 0.823000 0.840000
-37.000000 -3.000000 1.025137 0.835000 0.856000
-37.000000 -2.000000 1.060520 0.826000 0.876000
-37.000000 -1.000000 1.043878 0.843000 0.880000
-37.000000 0.000000 1.018702 0.855000 0.871000
-37.000000 1.000000 1.046975 0.830000 0.869000
-37.000000 2.000000 1.015409 0.843000 0.856000
-37.000000 3.000000 1.060447 0.827000 0.877000
-37.000000 4.000000 1.059525 0.823000 0.872000
-37.000000 5.000000 0.854701 0.296000 0.253000
-37.000000 6.000000 0.849800 0.293000 0.249000
-37.000000 7.000000 0.771217 0.306000 0.236000
-37.000000 8.000000 0.828920 0.304000 0.252000
-37.000000 9.000000 0.795502 0.313000 0.249000
-37.000000 10.000000 0.786139 0.318000 0.250000
-37.000000 11.000000 0.799316 0.304000 0.243000
-37.000000 12.000000 0.936532 0.268000 0.251000
-37.000000 13.000000 0.882914 0.299000 0.264000
-37.000000 14.000000 0.790671 0.301000 0.238000
-37.000000 15.000000 0.775616 0.312000 0.242000
-37.000000 16.000000 0.873725 0.301000 0.263000
-37.000000 17.000000 0.859619 0.285000 0.245000
-37.000000 18.000000 0.845332 0.291000 0.246000
-37.000000 19.000000 0.884459 0.303000 0.268000
-37.000000 20.000000 0.874547 0.295000 0.258000
-37.000000 21.000000 0.827560 0.319000 0.264000
-37.000000 22.000000 0.777045 0.314000 0.244000
-37.000000 23.000000 0.865950 0.291000 0.252000
-37.000000 24.000000 0.788436 0.312000 0.246000
-37.000000 25.000000 0.810783 0.296000 0.240000
-37.000000 26.000000 0.812271 0.309000 0.251000
-37.000000 27.000000 0.582848 0.012000 0.007000
-37.000000 28.000000 0.000000 0.000000 0.000000
-37.000000 29.000000 0.000000 0.000000 0.000000
-37.000000 30.000000 0.990099 0.001000 0.001000
-37.000000 31.000000 0.000000 0.000000 0.000000
-37.000000 32.000000 0.000000 0.000000 0.000000
-37.000000 33.000000 0.000000 0.000000 0.000000
-37.000000 34.000000 0.000000 0.000000 0.000000
-37.000000 35.000000 0.000000 0.000000 0.000000
-37.000000 36.000000 0.000000 0.001000 0.000000
-37.000000 37.000000 0.000000 0.000000 0.000000
-37.000000 38.000000 0.000000 0.000000 0.000000
-37.000000 39.000000 100.000000 0.000000 0.001000
-37.000000 40.000000 100.000000 0.000000 0.001000
-37.000000 41.000000 0.990099 0.001000 0.001000
-37.000000 42.000000 0.000000 0.000000 0.000000
-37.000000 43.000000 0.000000 0.001000 0.000000
-37.000000 44.000000 0.000000 0.000000 0.000000
-37.000000 45.000000 0.000000 0.000000 0.000000
-36.000000 -45.000000 100.000000 0.000000 0.001000
-36.000000 -44.000000 0.000000 0.000000 0.000000
-36.000000 -43.000000 0.000000 0.000000 0.000000
-36.000000 -42.000000 0.000000 0.000000 0.000000
-36.000000 -41.000000 0.000000 0.000000 0.000000
-36.000000 -40.000000 100.000000 0.000000 0.001000
-36.000000 -39.000000 0.000000 0.001000 0.000000
-36.000000 -38.000000 0.990099 0.001000 0.001000
-36.000000 -37.000000 0.000000 0.000000 0.000000
-36.000000 -36.000000 0.000000 0.002000 0.000000
-36.000000 -35.000000 0.000000 0.000000 0.000000
-36.000000 -34.000000 0.000000 0.000000 0.000000
-36.000000 -33.000000 100.000000 0.000000 0.001000
-36.000711 -31.999548 100.000000 0.000000 0.001000
-36.000000 -31.000000 0.000000 0.000000 0.000000
-36.000000 -30.000000 0.000000 0.000000 0.000000
-36.000000 -29.000000 0.000000 0.000000 0.000000
-36.000000 -28.000000 0.166528 0.012000 0.002000
-36.000000 -27.000000 0.821024 0.285000 0.234000
-36.000000 -26.000000 0.788967 0.327000 0.258000
-36.000000 -25.000000 0.748274 0.294000 0.220000
-36.000000 -24.000000 0.756150 0.324000 0.245000
-36.000000 -23.000000 0.770467 0.305000 0.235000
-36.000000 -22.000000 0.801217 0.322000 0.258000
-36.000000 -21.000000 0.828545 0.315000 0.261000
-36.000000 -20.000000 0.749203 0.323000 0.242000
-36.000000 -19.000000 0.809810 0.305000 0.247000
-36.000000 -18.000000 0.814787 0.297000 0.242000
-36.000000 -17.000000 0.885217 0.305000 0.270000
-36.000000 -16.000000 0.895439 0.287000 0.257000
-35.999332 -14.999363 0.773861 0.314000 0.243000
-36.000000 -14.000000 0.879530 0.274000 0.241000
-36.000000 -13.000000 0.829481 0.305000 0.253000
-36.000000 -12.000000 0.844493 0.283000 0.239000
-36.000000 -11.000000 0.752328 0.319000 0.240000
-36.000000 -10.000000 0.768464 0.311000 0.239000
-36.000000 -9.000000 1.057848 0.795000 0.841000
-36.000000 -8.000000 1.049445 0.829000 0.870000
-36.000000 -7.000000 1.063420 0.804000 0.855000
-36.000000 -6.000000 1.061285 0.832000 0.883000
-36.000000 -5.000000 1.034470 0.841000 0.870000
-36.000000 -4.000000 1.061581 0.828000 0.879000
-36.000000 -3.000000 1.033202 0.843000 0.871000
-36.000000 -2.000000 1.023435 0.853000 0.873000
-36.000000 -1.000000 1.079654 0.841000 0.908000
-36.000000 0.000000 1.032775 0.854000 0.882000
-36.000000 1.000000 1.064503 0.837000 0.891000
-36.000000 2.000000 1.064658 0.835000 0.889000
-36.000000 3.000000 1.054880 0.838000 0.884000
-36.000000 4.000000 1.061453 0.846000 0.898000
-36.000000 5.000000 1.036980 0.838000 0.869000
-36.000000 6.000000 1.056342 0.834000 0.881000
-36.000000 7.000000 1.059963 0.817000 0.866000
-36.000000 8.000000 1.016576 0.844000 0.858000
-36.000000 9.000000 1.015899 0.817000 0.830000
-36.000000 10.000000 0.746107 0.323000 0.241000
-36.000000 11.000000 0.828355 0.303000 0.251000
-36.000000 12.000000 0.778101 0.320000 0.249000
-36.000000 13.000000 0.789271 0.299000 0.236000
-36.000000 14.000000 0.775219 0.307000 0.238000
-36.000000 15.000000 0.768705 0.307000 0.236000
-36.000000 16.000000 0.752387 0.311000 0.234000
-36.000000 17.000000 0.865694 0.283000 0.245000
-36.000000 18.000000 0.830480 0.295000 0.245000
-36.000000 19.000000 0.688867 0.315000 0.217000
-36.000000 20.000000 0.833859 0.301000 0.251000
-36.000000 21.000000 0.863085 0.263000 0.227000
-36.000000 22.000000 0.817563 0.307000 0.251000
-36.000000 23.000000 0.769206 0.312000 0.240000
-36.000000 24.000000 0.896521 0.290000 0.260000
-36.000000 25.000000 0.759351 0.320000 0.243000
-36.000000 26.000000 0.866409 0.292000 0.253000
-36.000000 27.000000 0.805169 0.308000 0.248000
-36.000000 28.000000 0.374532 0.008000 0.003000
-36.000000 29.000000 0.000000 0.000000 0.000000
-36.000000 30.000000 0.000000 0.000000 0.000000
-36.000000 31.000000 0.000000 0.001000 0.000000
-36.000000 32.000000 100.000000 0.000000 0.001000
-36.000000 33.000000 0.000000 0.001000 0.000000
-36.000000 34.000000 0.000000 0.000000 0.000000
-36.000000 35.000000 0.000000 0.000000 0.000000
-36.000000 36.000000 0.000000 0.000000 0.000000
-36.000000 37.000000 0.000000 0.000000 0.000000
-36.000000 38.000000 0.000000 0.000000 0.000000
-36.000000 39.000000 0.000000 0.000000 0.000000
-36.000000 40.000000 0.000000 0.001000 0.000000
-36.000000 41.000000 0.000000 0.000000 0.000000
-36.000000 42.000000 0.000000 0.000000 0.000000
-36.000000 43.000000 0.000000 0.000000 0.000000
-36.000000 44.000000 200.000000 0.000000 0.002000
-36.000000 45.000000 0.000000 0.000000 0.000000
-35.000000 -45.000000 0.000000 0.000000 0.000000
-35.000000 -44.000000 0.000000 0.000000 0.000000
-35.000000 -43.000000 100.000000 0.000000 0.001000
-35.000000 -42.000000 0.000000 0.000000 0.000000
-35.000000 -41.000000 0.000000 0.001000 0.000000
-35.000000 -40.000000 0.000000 0.000000 0.000000
-35.000000 -39.000000 0.000000 0.000000 0.000000
-35.000000 -38.000000 0.000000 0.000000 0.000000
-35.000000 -37.000000 0.000000 0.000000 0.000000
-35.000000 -36.000000 0.000000 0.001000 0.000000
-35.000000 -35.000000 100.000000 0.000000 0.001000
-35.000000 -34.000000 0.000000 0.000000 0.000000
-35.000000 -33.000000 0.000000 0.000000 0.000000
-35.000000 -32.000000 0.000000 0.001000 0.000000
-35.000000 -31.000000 100.000000 0.000000 0.001000
-35.000000 -30.000000 0.000000 0.000000 0.000000
-35.000000 -29.000000 0.999001 0.010000 0.010000
-35.000000 -28.000000 0.749975 0.300000 0.225000
-35.000000 -27.000000 0.813926 0.301000 0.245000
-35.000000 -26.000000 0.781853 0.298000 0.233000
-35.000000 -25.000000 0.892479 0.307000 0.274000
-35.000000 -24.000000 0.753265 0.304000 0.229000
-35.000000 -23.000000 0.797882 0.287000 0.229000
-35.000000 -22.000000 0.795195 0.293000 0.233000
-35.000000 -21.000000 0.887388 0.302000 0.268000
-35.000000 -20.000000 0.836038 0.305000 0.255000
-35.000000 -19.000000 0.832187 0.298000 0.248000
-35.000000 -18.000000 0.800638 0.301000 0.241000
-35.000000 -17.000000 0.850819 0.295000 0.251000
-35.000000 -16.000000 0.887649 0.276000 0.245000
-35.000000 -15.000000 0.805799 0.309000 0.249000
-35.000000 -14.000000 0.906219 0.288000 0.261000
-35.000000 -13.000000 0.920383 0.289000 0.266000
-35.000000 -12.000000 1.030025 0.799000 0.823000
-35.000000 -11.000000 1.065068 0.799000 0.851000
-35.000000 -10.000000 1.070590 0.779000 0.834000
-35.000000 -9.000000 1.041808 0.813000 0.847000
-35.000000 -8.000000 1.060184 0.814000 0.863000
-35.000000 -7.000000 0.985582 0.833000 0.821000
-35.000000 -6.000000 0.969183 0.844000 0.818000
-35.000000 -5.000000 0.976208 0.799000 0.780000
-35.000000 -4.000000 1.003823 0.782000 0.785000
-35.000000 -3.000000 0.998710 0.783000 0.782000
-35.000000 -2.000000 0.993593 0.782000 0.777000
-35.000000 -1.000000 1.019392 0.773000 0.788000
-34.999580 0.000039 0.997393 0.771000 0.769000
-35.000000 1.000000 0.998680 0.765000 0.764000
-35.000000 2.000000 1.009078 0.770000 0.777000
-35.000000 3.000000 0.966068 0.796000 0.769000
-35.000000 4.000000 0.969453 0.786000 0.762000
-35.000000 5.000000 1.013911 0.790000 0.801000
-35.000000 6.000000 0.993875 0.818000 0.813000
-35.000000 7.000000 0.990196 0.817000 0.809000
-35.000000 8.000000 1.064152 0.826000 0.879000
-35.000000 9.000000 1.021806 0.825000 0.843000
-35.000000 10.000000 1.044652 0.806000 0.842000
-35.000000 11.000000 1.023531 0.807000 0.826000
-35.000000 12.000000 1.014784 0.811000 0.823000
-35.000000 13.000000 0.865787 0.313000 0.271000
-35.000000 14.000000 0.757938 0.314000 0.238000
-35.000000 15.000000 0.971896 0.285000 0.277000
-35.000000 16.000000 0.792182 0.308000 0.244000
-35.000000 17.000000 0.762962 0.308000 0.235000
-35.000000 18.000000 0.735645 0.314000 0.231000
-35.000000 19.000000 0.837902 0.290000 0.243000
-35.000000 20.000000 0.818744 0.309000 0.253000
-35.000000 21.000000 0.781431 0.302000 0.236000
-34.999138 22.000934 0.779580 0.304000 0.237000
-35.000000 23.000000 0.758490 0.323000 0.245000
-35.000000 24.000000 0.779195 0.308000 0.240000
-35.000000 25.000000 0.753871 0.321000 0.242000
-35.000000 26.000000 0.974038 0.270000 0.263000
-35.000000 27.000000 0.905563 0.286000 0.259000
-35.000000 28.000000 0.752483 0.299000 0.225000
-35.000000 29.000000 0.726612 0.011000 0.008000
-35.000000 30.000000 0.332226 0.003000 0.001000
-35.000000 31.000000 0.000000 0.000000 0.000000
-35.000000 32.000000 0.000000 0.000000 0.000000
-35.000000 33.000000 100.000000 0.000000 0.001000
-35.000000 34.000000 0.000000 0.000000 0.000000
-35.000000 35.000000 0.000000 0.001000 0.000000
-35.000000 36.000000 0.000000 0.000000 0.000000
-35.000000 37.000000 0.000000 0.000000 0.000000
-35.000000 38.000000 0.000000 0.000000 0.000000
-35.000000 39.000000 0.000000 0.000000 0.000000
-35.000000 40.000000 0.000000 0.000000 0.000000
-35.000000 41.000000 0.000000 0.000000 0.000000
-35.000000 42.000000 0.000000 0.000000 0.000000
-35.000000 43.000000 0.000000 0.000000 0.000000
-35.000000 44.000000 0.990099 0.001000 0.001000
-35.000000 45.000000 0.000000 0.002000 0.000000
-34.000000 -45.000000 0.000000 0.001000 0.000000
-34.000000 -44.000000 0.497512 0.002000 0.001000
-34.000000 -43.000000 0.000000 0.000000 0.000000
-34.000000 -42.000000 100.000000 0.000000 0.001000
-34.000000 -41.000000 100.000000 0.000000 0.001000
-34.000000 -40.000000 0.000000 0.000000 0.000000
-34.000000 -39.000000 100.000000 0.000000 0.001000
-34.000000 -38.000000 0.000000 0.000000 0.000000
-34.000000 -37.000000 0.000000 0.001000 0.000000
-34.000000 -36.000000 0.000000 0.001000 0.000000
-34.000000 -35.000000 0.000000 0.000000 0.000000
-34.000000 -34.000000 0.000000 0.001000 0.000000
-34.000000 -33.000000 0.000000 0.000000 0.000000
-34.000000 -32.000000 200.000000 0.000000 0.002000
-34.000000 -31.000000 0.873908 0.008000 0.007000
-34.000000 -30.000000 0.554939 0.009000 0.005000
-34.000000 -29.000000 0.904406 0.293000 0.265000
-34.000000 -28.000000 0.754578 0.326000 0.246000
-34.000000 -27.000000 0.785689 0.308000 0.242000
-34.000000 -26.000000 0.872384 0.290000 0.253000
-34.000000 -25.000000 0.784742 0.302000 0.237000
-34.000000 -24.000000 0.746502 0.288000 0.215000
-34.000000 -23.000000 0.872384 0.290000 0.253000
-34.000000 -22.000000 0.820918 0.296000 0.243000
-34.000000 -21.000000 0.806752 0.295000 0.238000
-34.000000 -20.000000 0.762351 0.303000 0.231000
-34.000000 -19.000000 0.911534 0.294000 0.268000
-34.000000 -18.000000 0.772083 0.294000 0.227000
-34.000000 -17.000000 0.901028 0.283000 0.255000
-34.000000 -16.000000 0.700293 0.317000 0.222000
-34.000000 -15.000000 1.028595 0.769000 0.791000
-34.000000 -14.000000 0.981400 0.807000 0.792000
-34.000000 -13.000000 1.009962 0.802000 0.810000
-34.000000 -12.000000 1.011266 0.798000 0.807000
-34.000000 -11.000000 0.999988 0.802000 0.802000
-34.000000 -10.000000 1.010243 0.780000 0.788000
-34.000000 -9.000000 1.002707 0.735000 0.737000
-34.000000 -8.000000 0.965413 0.752000 0.726000
-34.000000 -7.000000 1.051661 0.716000 0.753000
-34.000000 -6.000000 1.039442 0.735000 0.764000
-34.000000 -5.000000 0.998657 0.752000 0.751000
-34.000000 -4.000000 1.032998 0.727000 0.751000
-34.000000 -3.000000 1.006940 0.719000 0.724000
-34.000000 -2.000000 1.002745 0.725000 0.727000
-34.000000 -1.000000 1.052310 0.688000 0.724000
-34.000000 0.000000 0.998626 0.735000 0.734000
-34.000000 1.000000 0.993128 0.729000 0.724000
-34.000000 2.000000 1.027725 0.721000 0.741000
-34.000000 3.000000 1.040096 0.723000 0.752000
-34.000000 4.000000 0.997243 0.729000 0.727000
-34.000000 5.000000 0.966875 0.755000 0.730000
-34.000000 6.000000 1.013817 0.723000 0.733000
-34.000000 7.000000 1.069985 0.700000 0.749000
-34.000000 8.000000 1.021235 0.753000 0.769000
-34.000000 9.000000 1.032418 0.740000 0.764000
-34.000000 10.000000 1.030571 0.752000 0.775000
-34.000000 11.000000 0.986508 0.816000 0.805000
-34.000000 12.000000 1.021452 0.792000 0.809000
-34.000000 13.000000 1.025465 0.785000 0.805000
-34.000000 14.000000 1.016654 0.780000 0.793000
-34.000000 15.000000 1.069177 0.766000 0.819000
-34.000000 16.000000 0.766643 0.330000 0.253000
-34.000000 17.000000 0.820820 0.307000 0.252000
-34.000000 18.000000 0.898149 0.275000 0.247000
-34.000000 19.000000 0.808482 0.282000 0.228000
-34.000000 20.000000 0.834431 0.296000 0.247000
-34.000000 21.000000 0.764284 0.297000 0.227000
-34.000000 22.000000 0.776674 0.309000 0.240000
-34.000000 23.000000 0.932110 0.280000 0.261000
-34.000000 24.000000 0.862847 0.299000 0.258000
-34.000000 25.000000 0.763133 0.304000 0.232000
-34.000000 26.000000 0.996469 0.286000 0.285000
-34.000000 27.000000 0.790297 0.310000 0.245000
-34.000000 28.000000 0.829481 0.305000 0.253000
-34.000000 29.000000 0.790182 0.286000 0.226000
-34.000000 30.000000 0.749064 0.008000 0.006000
-34.000000 31.000000 0.570613 0.007000 0.004000
-34.000000 32.000000 0.000000 0.000000 0.000000
-34.000000 33.000000 0.000000 0.000000 0.000000
-34.000000 34.000000 0.000000 0.000000 0.000000
-34.000000 35.000000 0.000000 0.000000 0.000000
-34.000000 36.000000 100.000000 0.000000 0.001000
-34.000000 37.000000 0.000000 0.000000 0.000000
-34.000000 38.000000 0.000000 0.000000 0.000000
-34.000000 39.000000 0.000000 0.000000 0.000000
-34.000000 40.000000 0.990099 0.001000 0.001000
-34.000000 41.000000 100.000000 0.000000 0.001000
-34.000000 42.000000 0.000000 0.000000 0.000000
-34.000000 43.000000 0.000000 0.001000 0.000000
-34.000000 44.000000 0.000000 0.000000 0.000000
-34.000000 45.000000 0.000000 0.000000 0.000000
-33.000000 -45.000000 0.000000 0.000000 0.000000
-33.000000 -44.000000 0.000000 0.000000 0.000000
-33.000000 -43.000000 100.000000 0.000000 0.001000
-33.000000 -42.000000 0.000000 0.000000 0.000000
-33.000000 -41.000000 0.000000 0.000000 0.000000
-33.000000 -40.000000 0.000000 0.000000 0.000000
-33.000000 -39.000000 0.000000 0.000000 0.000000
-33.000000 -38.000000 0.000000 0.001000 0.000000
-33.000000 -37.000000 0.000000 0.000000 0.000000
-33.000000 -36.000000 0.995025 0.002000 0.002000
-33.000000 -35.000000 0.000000 0.000000 0.000000
-33.000000 -34.000000 0.000000 0.000000 0.000000
-33.000000 -33.000000 0.000000 0.000000 0.000000
-33.000000 -32.000000 0.665557 0.006000 0.004000
-33.000000 -31.000000 1.426534 0.007000 0.010000
-33.000000 -30.000000 0.860870 0.266000 0.229000
-33.000000 -29.000000 0.695491 0.312000 0.217000
-33.000000 -28.000000 0.840107 0.294000 0.247000
-33.000000 -27.000000 0.911232 0.293000 0.267000
-33.000000 -26.000000 0.769712 0.304000 0.234000
-33.000000 -25.000000 0.888854 0.252000 0.224000
-33.000000 -24.000000 0.883179 0.274000 0.242000
-33.000000 -23.000000 0.804257 0.327000 0.263000
-33.000000 -22.000000 0.745137 0.310000 0.231000
-33.000000 -21.000000 0.860039 0.293000 0.252000
-33.000000 -20.000000 0.824296 0.296000 0.244000
-33.000000 -19.000000 0.916330 0.275000 0.252000
-33.000000 -18.000000 0.841520 0.284000 0.239000
-33.000000 -17.000000 1.002535 0.785000 0.787000
-33.000000 -16.000000 1.013093 0.763000 0.773000
-33.000000 -15.000000 1.015735 0.762000 0.774000
-33.000000 -14.000000 1.017025 0.763000 0.776000
-33.000000 -13.000000 1.006609 0.755000 0.760000
-33.000000 -12.000000 1.021994 0.727000 0.743000
-33.000000 -11.000000 1.021537 0.696000 0.711000
-33.000000 -10.000000 0.976763 0.732000 0.715000
-33.000000 -9.000000 1.021787 0.688000 0.703000
-33.000000 -8.000000 1.019788 0.707000 0.721000
-33.000000 -7.000000 1.065297 0.689000 0.734000
-33.000000 -6.000000 1.023963 0.709000 0.726000
-33.000000 -5.000000 0.978919 0.712000 0.697000
-33.000000 -4.000000 1.012972 0.693000 0.702000
-33.000000 -3.000000 1.044718 0.693000 0.724000
-33.000000 -2.000000 1.004296 0.696000 0.699000
-33.000000 -1.000000 1.042321 0.685000 0.714000
-33.000000 0.000000 0.992944 0.710000 0.705000
-33.000000 1.000000 1.002823 0.705000 0.707000
-33.000000 2.000000 1.019985 0.700000 0.714000
-33.000000 3.000000 0.987399 0.715000 0.706000
-33.000000 4.000000 1.017276 0.694000 0.706000
-33.000000 5.000000 0.962118 0.713000 0.686000
-33.000000 6.000000 0.998565 0.704000 0.703000
-33.000000 7.000000 1.009957 0.702000 0.709000
-33.000000 8.000000 1.029182 0.685000 0.705000
-33.000000 9.000000 1.072738 0.701000 0.752000
-33.000000 10.000000 1.044208 0.701000 0.732000
-33.000000 11.000000 0.995865 0.728000 0.725000
-33.000000 12.000000 1.023663 0.718000 0.735000
-33.000000 13.000000 1.017092 0.760000 0.773000
-33.000000 14.000000 1.017982 0.778000 0.792000
-33.000000 15.000000 1.083996 0.738000 0.800000
-33.000000 16.000000 0.998688 0.770000 0.769000
-33.000000 17.000000 0.997440 0.785000 0.783000
-33.000000 18.000000 0.814516 0.275000 0.224000
-33.000000 19.000000 0.879280 0.290000 0.255000
-33.000000 20.000000 0.813306 0.300000 0.244000
-33.000000 21.000000 0.880671 0.285000 0.251000
-33.000000 22.000000 0.806869 0.290000 0.234000
-33.000000 23.000000 0.800617 0.311000 0.249000
-33.000000 24.000000 0.876637 0.300000 0.263000
-33.000000 25.000000 0.726327 0.296000 0.215000
-33.000000 26.000000 0.783581 0.305000 0.239000
-33.000000 27.000000 0.825216 0.309000 0.255000
-33.000000 28.000000 0.778852 0.303000 0.236000
-33.000000 29.000000 0.929499 0.298000 0.277000
-33.000000 30.000000 0.855641 0.291000 0.249000
-33.000000 31.000000 0.499500 0.010000 0.005000
-33.000000 32.000000 0.166389 0.006000 0.001000
-33.000000 33.000000 0.000000 0.001000 0.000000
-33.000000 34.000000 0.000000 0.000000 0.000000
-33.000000 35.000000 0.000000 0.000000 0.000000
-33.000000 36.000000 0.000000 0.001000 0.000000
-33.000000 37.000000 0.000000 0.001000 0.000000
-33.000000 38.000000 0.000000 0.000000 0.000000
-33.000000 39.000000 0.000000 0.000000 0.000000
-33.000000 40.000000 0.000000 0.000000 0.000000
-33.000000 41.000000 0.000000 0.001000 0.000000
-33.000000 42.000000 0.000000 0.000000 0.000000
-33.000000 43.000000 100.000000 0.000000 0.001000
-33.000000 44.000000 0.000000 0.000000 0.000000
-33.000000 45.000000 0.000000 0.000000 0.000000
-32.000000 -45.000000 0.000000 0.001000 0.000000
-32.000000 -44.000000 0.000000 0.000000 0.000000
-32.000000 -43.000000 0.000000 0.000000 0.000000
-32.000000 -42.000000 0.000000 0.000000 0.000000
-32.000000 -41.000000 0.000000 0.000000 0.000000
-32.000000 -40.000000 0.000000 0.001000 0.000000
-32.000000 -39.000000 0.000000 0.000000 0.000000
-32.000000 -38.000000 0.000000 0.000000 0.000000
-32.000000 -37.000000 0.000000 0.000000 0.000000
-32.000000 -36.000000 0.000000 0.000000 0.000000
-32.000000 -35.000000 0.990099 0.001000 0.001000
-32.000000 -34.000000 0.000000 0.000000 0.000000
-32.000000 -33.000000 0.997506 0.004000 0.004000
-32.000000 -32.000000 0.782732 0.290000 0.227000
-32.000000 -31.000000 0.874069 0.278000 0.243000
-32.000000 -30.000000 0.811231 0.302000 0.245000
-32.000000 -29.000000 0.963335 0.273000 0.263000
-32.000000 -28.000000 0.833306 0.306000 0.255000
-32.000000 -27.000000 0.792086 0.279000 0.221000
-32.000000 -26.000000 0.948113 0.270000 0.256000
-32.000000 -25.000000 0.846387 0.293000 0.248000
-32.000000 -24.000000 0.797953 0.297000 0.237000
-32.000000 -23.000000 0.821060 0.313000 0.257000
-32.000000 -22.000000 0.838256 0.303000 0.254000
-32.000000 -21.000000 0.909059 0.286000 0.260000
-32.000000 -20.000000 0.846878 0.307000 0.260000
-32.000000 -19.000000 1.014575 0.754000 0.765000
-32.000000 -18.000000 1.011782 0.763000 0.772000
-32.000000 -17.000000 1.042568 0.728000 0.759000
-32.000000 -16.000000 1.025766 0.737000 0.756000
-32.000000 -15.000000 0.983109 0.711000 0.699000
-32.000000 -14.000000 0.987292 0.709000 0.700000
-32.000000 -13.000000 1.054799 0.675000 0.712000
-32.000000 -12.000000 1.031375 0.669000 0.690000
-32.000000 -11.000000 1.050212 0.657000 0.690000
-32.000000 -10.000000 1.036912 0.677000 0.702000
-32.000000 -9.000000 0.968736 0.704000 0.682000
-32.000000 -8.000000 0.997141 0.703000 0.701000
-32.000000 -7.000000 0.995650 0.692000 0.689000
-32.000000 -6.000000 1.046047 0.673000 0.704000
-32.000000 -5.000000 1.016162 0.680000 0.691000
-32.000000 -4.000000 1.013182 0.682000 0.691000
-32.000000 -3.000000 1.036020 0.666000 0.690000
-32.000000 -2.000000 1.028556 0.665000 0.684000
-32.000000 -1.000000 1.048765 0.656000 0.688000
-32.000000 0.000000 1.109240 0.659000 0.731000
-32.000000 1.000000 1.044694 0.671000 0.701000
-32.000000 2.000000 1.020483 0.683000 0.697000
-32.000000 3.000000 0.976764 0.689000 0.673000
-32.000000 4.000000 1.080230 0.648000 0.700000
-32.000000 5.000000 1.059686 0.670000 0.710000
-32.000000 6.000000 0.989928 0.696000 0.689000
-32.000000 7.000000 0.994155 0.686000 0.682000
-32.000000 8.000000 0.985577 0.694000 0.684000
-32.000000 9.000000 1.015136 0.660000 0.670000
-32.000939 9.999860 1.031050 0.676000 0.697000
-32.000000 11.000000 1.019534 0.665000 0.678000
-32.000000 12.000000 1.022575 0.664000 0.679000
-32.000000 13.000000 1.038164 0.681000 0.707000
-32.000000 14.000000 0.972804 0.699000 0.680000
-32.000000 15.000000 0.995825 0.721000 0.718000
-32.000000 16.000000 1.064231 0.716000 0.762000
-32.000000 17.000000 1.046882 0.725000 0.759000
-32.000000 18.000000 0.999987 0.749000 0.749000
-32.000000 19.000000 1.043753 0.754000 0.787000
-32.000000 20.000000 0.913173 0.265000 0.242000
-32.000000 21.000000 0.944023 0.286000 0.270000
-32.000000 22.000000 0.807114 0.280000 0.226000
-32.000000 23.000000 0.788167 0.288000 0.227000
-32.000000 24.000000 0.808482 0.282000 0.228000
-32.000000 25.000000 0.821630 0.314000 0.258000
-32.000000 26.000000 0.884324 0.294000 0.260000
-32.000000 27.000000 0.842781 0.299000 0.252000
-32.000000 28.000000 0.856181 0.306000 0.262000
-32.000000 29.000000 0.878540 0.280000 0.246000
-32.000000 30.000000 0.715208 0.302000 0.216000
-32.000000 31.000000 0.809651 0.310000 0.251000
-32.000000 32.000000 0.851182 0.289000 0.246000
-32.000000 33.000000 0.454133 0.011000 0.005000
-32.000000 34.000000 0.000000 0.001000 0.000000
-32.000000 35.000000 0.000000 0.000000 0.000000
-32.000000 36.000000 0.000000 0.000000 0.000000
-32.000000 37.000000 0.000000 0.000000 0.000000
-32.000000 38.000000 0.000000 0.000000 0.000000
-32.000000 39.000000 0.000000 0.000000 0.000000
-32.000000 40.000000 0.000000 0.000000 0.000000
-32.000000 41.000000 0.000000 0.000000 0.000000
-32.000000 42.000000 0.000000 0.001000 0.000000
-32.000000 43.000000 100.000000 0.000000 0.001000
-32.000000 44.000000 0.000000 0.001000 0.000000
-32.000000 45.000000 0.000000 0.000000 0.000000
-31.000000 -45.000000 0.000000 0.000000 0.000000
-31.000000 -44.000000 0.000000 0.000000 0.000000
-31.000000 -43.000000 0.000000 0.001000 0.000000
-31.000000 -42.000000 0.000000 0.000000 0.000000
-31.000000 -41.000000 0.000000 0.000000 0.000000
-31.000000 -40.000000 0.000000 0.001000 0.000000
-31.000000 -39.000000 0.000000 0.000000 0.000000
-31.000000 -38.000000 0.000000 0.001000 0.000000
-31.000000 -37.000000 0.990099 0.001000 0.001000
-31.000000 -36.000000 0.000000 0.001000 0.000000
-31.000000 -35.000000 0.000000 0.001000 0.000000
-31.000000 -34.000000 0.443951 0.009000 0.004000
-31.000000 -33.000000 0.855920 0.007000 0.006000
-31.000000 -32.000000 0.866167 0.284000 0.246000
-31.000000 -31.000000 0.640756 0.309000 0.198000
-31.000000 -30.000000 0.804767 0.292000 0.235000
-31.000000 -29.000000 0.741516 0.325000 0.241000
-31.000000 -28.000000 0.759051 0.303000 0.230000
-31.000000 -27.000000 0.999964 0.276000 0.276000
-31.000000 -26.000000 0.777751 0.288000 0.224000
-31.000000 -25.000000 0.782026 0.312000 0.244000
-31.000000 -24.000000 0.911833 0.295000 0.269000
-31.000000 -23.000000 0.849621 0.286000 0.243000
-31.000000 -22.000000 0.909058 0.275000 0.250000
-31.000000 -21.000000 0.891495 0.295000 0.263000
-31.000000 -20.000000 1.026822 0.708000 0.727000
-31.000000 -19.000000 1.010871 0.735000 0.743000
-31.000000 -18.000000 1.025872 0.734000 0.753000
-31.000000 -17.000000 1.007068 0.706000 0.711000
-31.000000 -16.000000 1.052145 0.671000 0.706000
-31.000000 -15.000000 0.957006 0.698000 0.668000
-31.000000 -14.000000 1.007425 0.672000 0.677000
-31.000000 -13.000000 0.948591 0.681000 0.646000
-31.000000 -12.000000 1.001502 0.659000 0.660000
-31.000000 -11.000000 1.013105 0.686000 0.695000
-31.000000 -10.000000 1.026810 0.671000 0.689000
-31.000000 -9.000000 1.041909 0.644000 0.671000
-31.000000 -8.000000 1.075101 0.639000 0.687000
-31.000000 -7.000000 1.028259 0.672000 0.691000
-31.000000 -6.000000 0.999985 0.652000 0.652000
-31.000000 -5.000000 1.014933 0.669000 0.679000
-31.000000 -4.000000 1.078847 0.634000 0.684000
-31.000000 -3.000000 1.015440 0.647000 0.657000
-31.000000 -2.000000 1.086597 0.635000 0.690000
-31.000000 -1.000000 1.010160 0.688000 0.695000
-31.000000 0.000000 1.013788 0.652000 0.661000
-31.000000 1.000000 1.013809 0.651000 0.660000
-31.000000 2.000000 1.057348 0.645000 0.682000
-31.000000 3.000000 1.031185 0.641000 0.661000
-31.000000 4.000000 1.063648 0.644000 0.685000
-31.000000 5.000000 1.015345 0.651000 0.661000
-31.000000 6.000000 1.016477 0.667000 0.678000
-31.000000 7.000000 1.008835 0.678000 0.684000
-31.000000 8.000000 0.989363 0.659000 0.652000
-31.000000 9.000000 0.980811 0.678000 0.665000
-31.000000 10.000000 1.039984 0.650000 0.676000
-31.000000 11.000000 1.057647 0.659000 0.697000
-31.000000 12.000000 0.989411 0.662000 0.655000
-31.000000 13.000000 1.023584 0.678000 0.694000
-31.000000 14.000000 1.031375 0.669000 0.690000
-31.000000 15.000000 0.980783 0.677000 0.664000
-31.000000 16.000000 1.023865 0.670000 0.686000
-31.000000 17.000000 0.975490 0.694000 0.677000
-31.000000 18.000000 1.042981 0.721000 0.752000
-31.000000 19.000000 1.019512 0.717000 0.731000
-31.000000 20.000000 1.019243 0.727000 0.741000
-31.000704 20.999688 0.792490 0.294000 0.233000
-31.000000 22.000000 0.760772 0.301000 0.229000
-31.000000 23.000000 0.818152 0.275000 0.225000
-31.000000 24.000000 0.750775 0.313000 0.235000
-31.000000 25.000000 0.861172 0.317000 0.273000
-31.000000 26.000000 0.897777 0.274000 0.246000
-31.000000 27.000000 0.755907 0.295000 0.223000
-31.000000 28.000000 0.789446 0.285000 0.225000
-31.000000 29.000000 0.806869 0.290000 0.234000
-31.000000 30.000000 0.834454 0.290000 0.242000
-31.000000 31.000000 0.754021 0.309000 0.233000
-31.000000 32.000000 0.797987 0.302000 0.241000
-31.000000 33.000000 0.749064 0.008000 0.006000
-31.000000 34.000000 0.399202 0.005000 0.002000
-31.000000 35.000000 0.000000 0.000000 0.000000
-31.000000 36.000000 0.000000 0.000000 0.000000
-31.000000 37.000000 0.000000 0.000000 0.000000
-31.000000 38.000000 0.000000 0.001000 0.000000
-31.000000 39.000000 0.000000 0.000000 0.000000
-31.000000 40.000000 0.000000 0.000000 0.000000
-31.000000 41.000000 100.000000 0.000000 0.001000
-31.000000 42.000000 0.990099 0.001000 0.001000
-31.000000 43.000000 0.000000 0.000000 0.000000
-31.000000 44.000000 0.000000 0.000000 0.000000
-31.000000 45.000000 0.000000 0.000000 0.000000
-30.000000 -45.000000 0.000000 0.000000 0.000000
-30.000000 -44.000000 0.000000 0.000000 0.000000
-30.000000 -43.000000 0.000000 0.000000 0.000000
-30.000000 -42.000000 0.000000 0.000000 0.000000
-30.000000 -41.000000 0.000000 0.000000 0.000000
-30.000000 -40.000000 0.000000 0.003000 0.000000
-30.000000 -39.000000 0.995025 0.002000 0.002000
-30.000000 -38.000000 0.000000 0.001000 0.000000
-30.000000 -37.000000 0.990099 0.001000 0.001000
-30.000000 -36.000000 0.000000 0.001000 0.000000
-30.000000 -35.000000 0.000000 0.000000 0.000000
-30.000000 -34.000000 0.726612 0.011000 0.008000
-30.000000 -33.000000 0.754240 0.293000 0.221000
-30.000000 -32.000000 0.905422 0.275000 0.249000
-30.000000 -31.000000 0.897777 0.274000 0.246000
-30.000000 -30.000000 0.754183 0.297000 0.224000
-30.000000 -29.000000 0.925339 0.268000 0.248000
-30.000000 -28.000000 0.859077 0.291000 0.250000
-30.000000 -27.000000 0.710669 0.318000 0.226000
-30.000000 -26.000000 0.776606 0.291000 0.226000
-30.000000 -25.000000 0.818465 0.292000 0.239000
-30.000000 -24.000000 0.816061 0.261000 0.213000
-30.000000 -23.000000 0.767717 0.310000 0.238000
-30.000000 -22.000000 1.002779 0.716000 0.718000
-30.000000 -21.000000 0.984339 0.703000 0.692000
-30.000000 -20.000000 1.033126 0.694000 0.717000
-30.000000 -19.000000 1.008835 0.678000 0.684000
-30.000000 -18.000000 1.020108 0.646000 0.659000
-30.000000 -17.000000 0.995362 0.649000 0.646000
-30.000000 -16.000000 1.035809 0.642000 0.665000
-30.000000 -15.000000 1.050536 0.633000 0.665000
-30.000000 -14.000000 1.051146 0.645000 0.678000
-30.000000 -13.000000 1.038200 0.628000 0.652000
-30.000000 -12.000000 1.003001 0.663000 0.665000
-30.000000 -11.000000 1.027762 0.648000 0.666000
-30.000000 -10.000000 0.989232 0.651000 0.644000
-30.000000 -9.000000 0.958952 0.658000 0.631000
-30.000000 -8.000000 1.025664 0.662000 0.679000
-30.000000 -7.000000 1.040800 0.637000 0.663000
-30.000000 -6.000000 1.082108 0.621000 0.672000
-30.000000 -5.000000 0.972754 0.661000 0.643000
-30.000000 -4.000000 1.072214 0.623000 0.668000
-30.000000 -3.000000 1.073115 0.629000 0.675000
-30.000000 -2.000000 0.995419 0.657000 0.654000
-30.000000 -1.000000 1.007736 0.645000 0.650000
-30.000000 0.000000 1.050988 0.647000 0.680000
-30.000000 1.000000 1.004607 0.649000 0.652000
-30.000000 2.000000 0.979954 0.649000 0.636000
-30.000000 3.000000 1.052531 0.628000 0.661000
-30.000000 4.000000 0.984993 0.667000 0.657000
-30.000000 5.000000 0.967296 0.673000 0.651000
-30.000000 6.000000 1.050308 0.616000 0.647000
-30.000000 7.000000 1.081744 0.636000 0.688000
-30.000000 8.000000 1.004572 0.654000 0.657000
-30.000000 9.000000 0.967727 0.651000 0.630000
-30.000000 10.000000 0.984505 0.646000 0.636000
-30.000000 11.000000 0.979518 0.684000 0.670000
-30.000000 12.000000 0.990811 0.654000 0.648000
-30.000000 13.000000 1.032143 0.653000 0.674000
-30.000000 14.000000 1.063158 0.649000 0.690000
-30.000000 15.000000 1.060731 0.642000 0.681000
-30.000000 16.000000 1.003047 0.653000 0.655000
-30.000000 17.000000 1.022850 0.656000 0.671000
-30.000000 18.000000 0.993979 0.666000 0.662000
-30.000000 19.000000 0.983880 0.683000 0.672000
-30.000000 20.000000 0.965895 0.704000 0.680000
-30.000000 21.000000 1.001402 0.706000 0.707000
-30.000000 22.000000 0.986174 0.724000 0.714000
-30.000000 23.000000 0.868936 0.290000 0.252000
-30.000000 24.000000 0.803421 0.290000 0.233000
-30.000000 25.000000 0.815155 0.303000 0.247000
-30.000000 26.000000 0.896163 0.289000 0.259000
-30.000000 27.000000 0.714711 0.319000 0.228000
-30.000000 28.000000 0.789628 0.290000 0.229000
-30.000000 29.000000 0.761732 0.319000 0.243000
-30.000000 30.000000 0.928804 0.267000 0.248000
-30.000000 31.000000 0.878196 0.271000 0.238000
-30.000000 32.000000 0.976706 0.258000 0.252000
-30.000000 33.000000 0.720234 0.311000 0.224000
-30.000000 34.000000 0.427960 0.007000 0.003000
-30.000000 35.000000 0.000000 0.001000 0.000000
-30.000000 36.000000 0.000000 0.000000 0.000000
-30.000000 37.000000 100.000000 0.000000 0.001000
-30.000000 38.000000 0.000000 0.000000 0.000000
-30.000000 39.000000 0.000000 0.000000 0.000000
-30.000000 40.000000 0.000000 0.001000 0.000000
-30.000000 41.000000 100.000000 0.000000 0.001000
-30.000000 42.000000 0.000000 0.000000 0.000000
-30.000000 43.000000 100.000000 0.000000 0.001000
-30.000000 44.000000 0.000000 0.001000 0.000000
-30.000000 45.000000 0.000000 0.000000 0.000000
-29.000000 -45.000000 0.000000 0.002000 0.000000
-29.000000 -44.000000 0.000000 0.000000 0.000000
-29.000000 -43.000000 0.000000 0.000000 0.000000
-29.000000 -42.000000 100.000000 0.000000 0.001000
-29.000000 -41.000000 0.000000 0.000000 0.000000
-29.000000 -40.000000 0.000000 0.000000 0.000000
-29.000000 -39.000000 0.000000 0.000000 0.000000
-29.000000 -38.000000 0.000000 0.000000 0.000000
-29.000000 -37.000000 0.000000 0.001000 0.000000
-29.000000 -36.000000 0.000000 0.001000 0.000000
-29.000000 -35.000000 0.554939 0.009000 0.005000
-29.000000 -34.000000 0.778110 0.311000 0.242000
-29.000000 -33.000000 0.790182 0.286000 0.226000
-29.000000 -32.000000 0.872025 0.297000 0.259000
-29.000000 -31.000000 0.755008 0.298000 0.225000
-29.000000 -30.000000 0.768681 0.294000 0.226000
-29.000000 -29.000000 0.846910 0.294000 0.249000
-29.000000 -28.000000 0.911315 0.282000 0.257000
-29.000000 -27.000000 0.737176 0.293000 0.216000
-29.000000 -26.000000 0.798654 0.303000 0.242000
-29.000000 -25.000000 0.867826 0.280000 0.243000
-29.000000 -24.000000 0.833304 0.282000 0.235000
-29.000000 -23.000000 0.954217 0.721000 0.688000
-28.999567 -21.999535 1.027093 0.664000 0.682000
-29.000000 -21.000000 1.019075 0.681000 0.694000
-29.000000 -20.000000 1.004544 0.658000 0.661000
-29.000000 -19.000000 1.004694 0.637000 0.640000
-29.000000 -18.000000 0.993695 0.636000 0.632000
-29.000000 -17.000000 1.006225 0.641000 0.645000
-29.000000 -16.000000 1.011184 0.625000 0.632000
-29.000000 -15.000000 1.022206 0.630000 0.644000
-29.000000 -14.000000 0.960169 0.653000 0.627000
-29.000000 -13.000000 1.007858 0.635000 0.640000
-29.000000 -12.000000 1.018676 0.642000 0.654000
-29.000000 -11.000000 1.073536 0.639000 0.686000
-29.000000 -10.000000 0.966903 0.665000 0.643000
-29.000000 -9.000000 1.013938 0.645000 0.654000
-29.000000 -8.000000 0.981636 0.654000 0.642000
-29.000000 -7.000000 0.984137 0.631000 0.621000
-29.000000 -6.000000 1.050886 0.609000 0.640000
-29.000000 -5.000000 0.977223 0.659000 0.644000
-29.000000 -4.000000 1.036850 0.651000 0.675000
-29.000000 -3.000000 1.059757 0.619000 0.656000
-29.000000 -2.000000 1.021197 0.660000 0.674000
-29.000000 -1.000000 1.018249 0.657000 0.669000
-29.000000 0.000000 0.999985 0.665000 0.665000
-29.000000 1.000000 0.989395 0.661000 0.654000
-29.000000 2.000000 1.066650 0.645000 0.688000
-29.000000 3.000000 1.108221 0.619000 0.686000
-29.000000 4.000000 1.053781 0.632000 0.666000
-29.000000 5.000000 1.013378 0.672000 0.681000
-29.000000 6.000000 0.993831 0.650000 0.646000
-29.000000 7.000000 0.996941 0.657000 0.655000
-29.000000 8.000000 0.996908 0.650000 0.648000
-29.000000 9.000000 0.998456 0.654000 0.653000
-29.000000 10.000000 0.957023 0.675000 0.646000
-29.000000 11.000000 1.036666 0.627000 0.650000
-29.000000 12.000000 1.041058 0.633000 0.659000
-29.000000 13.000000 1.022206 0.630000 0.644000
-29.000000 14.000000 1.099818 0.611000 0.672000
-29.000000 15.000000 0.981264 0.641000 0.629000
-29.000000 16.000000 1.007833 0.637000 0.642000
-29.000000 17.000000 1.095917 0.615000 0.674000
-29.000000 18.000000 0.976729 0.645000 0.630000
-29.000000 19.000000 1.009403 0.637000 0.643000
-29.000000 20.000000 0.980016 0.651000 0.638000
-29.000000 21.000000 1.050520 0.653000 0.686000
-29.000000 22.000000 1.003015 0.660000 0.662000
-29.000000 23.000000 1.019957 0.701000 0.715000
-29.000000 24.000000 0.775835 0.290000 0.225000
-29.000000 25.000000 0.762043 0.290000 0.221000
-29.000000 26.000000 0.784350 0.320000 0.251000
-29.000000 27.000000 0.757257 0.309000 0.234000
-29.000000 28.000000 0.884295 0.268000 0.237000
-29.000000 29.000000 0.815944 0.288000 0.235000
-29.000000 30.000000 0.776641 0.300000 0.233000
-29.000000 31.000000 0.842076 0.285000 0.240000
-29.000000 32.000000 0.777752 0.297000 0.231000
-29.000000 33.000000 0.794298 0.282000 0.224000
-29.000000 34.000000 0.797882 0.287000 0.229000
-29.000000 35.000000 0.399202 0.005000 0.002000
-29.000000 36.000000 0.000000 0.000000 0.000000
-29.000000 37.000000 0.000000 0.001000 0.000000
-29.000000 38.000000 0.000000 0.000000 0.000000
-29.000000 39.000000 0.000000 0.001000 0.000000
-29.000000 40.000000 0.000000 0.000000 0.000000
-29.000000 41.000000 0.000000 0.000000 0.000000
-29.000000 42.000000 0.000000 0.000000 0.000000
-29.000000 43.000000 0.000000 0.001000 0.000000
-29.000000 44.000000 0.000000 0.000000 0.000000
-29.000000 45.000000 0.000000 0.001000 0.000000
-28.000000 -45.000000 0.000000 0.000000 0.000000
-28.000000 -44.000000 0.000000 0.000000 0.000000
-28.000000 -43.000000 0.000000 0.001000 0.000000
-28.000000 -42.000000 0.000000 0.001000 0.000000
-28.000000 -41.000000 0.000000 0.000000 0.000000
-28.000000 -40.000000 0.000000 0.001000 0.000000
-28.000000 -39.000000 0.000000 0.000000 0.000000
-28.000000 -38.000000 0.990099 0.001000 0.001000
-28.000000 -37.000000 0.000000 0.001000 0.000000
-28.000000 -36.000000 0.748130 0.004000 0.003000
-28.000000 -35.000000 0.822434 0.276000 0.227000
-28.000000 -34.000000 0.822666 0.282000 0.232000
-28.000000 -33.000000 0.745137 0.310000 0.231000
-28.000000 -32.000000 0.883531 0.292000 0.258000
-28.000000 -31.000000 0.734402 0.305000 0.224000
-28.000000 -30.000000 0.873615 0.277000 0.242000
-28.000000 -29.000000 0.772083 0.294000 0.227000
-28.000000 -28.000000 0.884136 0.259000 0.229000
-28.000000 -27.000000 0.721288 0.305000 0.220000
-28.000000 -26.000000 0.772702 0.308000 0.238000
-28.000000 -25.000000 0.741818 0.337000 0.250000
-28.000000 -24.000000 1.038564 0.648000 0.673000
-28.000000 -23.000000 1.031040 0.644000 0.664000
-28.000000 -22.000000 0.969544 0.657000 0.637000
-28.000000 -21.000000 0.990491 0.632000 0.626000
-28.000000 -20.000000 0.940795 0.642000 0.604000
-28.000000 -19.000000 1.006595 0.605000 0.609000
-28.000000 -18.000000 1.028021 0.642000 0.660000
-28.000000 -17.000000 1.079374 0.592000 0.639000
-28.000000 -16.000000 0.982607 0.633000 0.622000
-28.000000 -15.000000 0.992147 0.638000 0.633000
-28.000000 -14.000000 1.031284 0.607000 0.626000
-28.000000 -13.000000 1.046309 0.626000 0.655000
-28.000000 -12.000000 1.039007 0.615000 0.639000
-28.000000 -11.000000 1.022528 0.621000 0.635000
-28.000000 -10.000000 0.956642 0.646000 0.618000
-28.000000 -9.000000 0.958511 0.651000 0.624000
-28.000000 -8.000000 0.979954 0.649000 0.636000
-28.000000 -7.000000 1.089705 0.613000 0.668000
-28.000000 -6.000000 1.012445 0.642000 0.650000
-28.000000 -5.000000 0.966702 0.661000 0.639000
-28.000000 -4.000000 1.032951 0.637000 0.658000
-28.000000 -3.000000 0.962448 0.666000 0.641000
-28.000000 -2.000000 0.986451 0.665000 0.656000
-28.000000 -1.000000 1.004600 0.650000 0.653000
-28.000000 0.000000 1.021825 0.641000 0.655000
-28.000000 1.000000 1.034359 0.640000 0.662000
-28.000000 2.000000 1.031040 0.644000 0.664000
-28.000000 3.000000 1.005991 0.666000 0.670000
-28.000000 4.000000 0.986431 0.664000 0.655000
-28.000000 5.000000 0.982904 0.644000 0.633000
-28.000000 6.000000 1.015369 0.650000 0.660000
-28.000000 7.000000 1.019954 0.651000 0.664000
-28.000000 8.000000 1.050403 0.595000 0.625000
-28.000000 9.000000 0.934801 0.675000 0.631000
-28.000000 10.000000 0.998399 0.631000 0.630000
-28.000000 11.000000 1.054822 0.620000 0.654000
-28.000000 12.000000 1.039666 0.630000 0.655000
-28.000000 13.000000 0.985922 0.640000 0.631000
-28.000000 14.000000 1.033317 0.630000 0.651000
-28.000000 15.000000 1.027227 0.624000 0.641000
-28.000000 16.000000 0.960428 0.632000 0.607000
-28.000000 17.000000 1.011274 0.620000 0.627000
-28.000000 18.000000 0.991774 0.609000 0.604000
-28.000000 19.000000 1.058519 0.615000 0.651000
-28.000000 20.000000 1.008087 0.617000 0.622000
-28.000000 21.000000 0.974668 0.632000 0.616000
-28.000000 22.000000 0.912966 0.678000 0.619000
-28.000000 23.000000 1.009615 0.623000 0.629000
-28.000000 24.000000 1.015536 0.643000 0.653000
-28.000000 25.000000 0.848345 0.277000 0.235000
-28.000000 26.000000 0.920931 0.291000 0.268000
-28.000000 27.000000 0.847944 0.296000 0.251000
-28.000000 28.000000 0.816517 0.278000 0.227000
-28.000000 29.000000 0.857621 0.281000 0.241000
-28.000000 30.000000 0.781325 0.311000 0.243000
-28.000000 31.000000 0.828150 0.291000 0.241000
-28.000000 32.000000 0.833881 0.289000 0.241000
-28.000000 33.000000 0.865423 0.275000 0.238000
-28.000000 34.000000 0.808334 0.287000 0.232000
-28.000000 35.000000 0.786180 0.290000 0.228000
-28.000000 36.000000 0.199800 0.010000 0.002000
-28.000000 37.000000 100.000000 0.000000 0.001000
-28.000000 38.000000 100.000000 0.000000 0.001000
-28.000000 39.000000 0.000000 0.000000 0.000000
-28.000000 40.000000 0.000000 0.000000 0.000000
-28.000000 41.000000 0.000000 0.001000 0.000000
-28.000000 42.000000 0.000000 0.002000 0.000000
-28.000000 43.000000 0.000000 0.000000 0.000000
-28.000000 44.000000 0.000000 0.000000 0.000000
-28.000000 45.000000 0.000000 0.001000 0.000000
-27.000000 -45.000000 0.000000 0.001000 0.000000
-27.000000 -44.000000 0.000000 0.002000 0.000000
-27.000000 -43.000000 0.000000 0.000000 0.000000
-27.000000 -42.000000 0.000000 0.001000 0.000000
-27.000000 -41.000000 0.000000 0.000000 0.000000
-27.000000 -40.000000 0.000000 0.000000 0.000000
-27.000000 -39.000000 100.000000 0.000000 0.001000
-27.000000 -38.000000 0.000000 0.002000 0.000000
-27.000000 -37.000000 0.713267 0.007000 0.005000
-27.000000 -36.000000 0.816581 0.289000 0.236000
-26.999247 -34.999291 0.798506 0.273000 0.218000
-27.000000 -34.000000 0.771498 0.302000 0.233000
-27.000000 -33.000000 0.868297 0.281000 0.244000
-27.000000 -32.000000 0.727248 0.297000 0.216000
-27.000000 -31.000000 0.775142 0.298000 0.231000
-27.000000 -30.000000 0.795820 0.289000 0.230000
-27.000000 -29.000000 0.771600 0.289000 0.223000
-27.000000 -28.000000 0.724808 0.298000 0.216000
-27.000000 -27.000000 0.877666 0.278000 0.244000
-27.000000 -26.000000 0.759172 0.299000 0.227000
-27.000000 -25.000000 1.009553 0.627000 0.633000
-27.000000 -24.000000 0.995282 0.638000 0.635000
-27.000000 -23.000000 0.983697 0.614000 0.604000
-27.000000 -22.000000 0.987702 0.570000 0.563000
-27.000000 -21.000000 1.035455 0.592000 0.613000
-27.000000 -20.000000 1.031702 0.599000 0.618000
-27.000000 -19.000000 0.993532 0.620000 0.616000
-27.000000 -18.000000 0.993574 0.624000 0.620000
-27.000000 -17.000000 1.032023 0.593000 0.612000
-27.000000 -16.000000 1.041305 0.605000 0.630000
-27.000000 -15.000000 1.028082 0.605000 0.622000
-27.000000 -14.000000 0.995267 0.636000 0.633000
-27.000000 -13.000000 1.027990 0.607000 0.624000
-27.000000 -12.000000 1.023124 0.605000 0.619000
-27.000000 -11.000000 1.039856 0.627000 0.652000
-27.000000 -10.000000 1.043743 0.617000 0.644000
-27.000000 -9.000000 1.021490 0.651000 0.665000
-27.000000 -8.000000 0.965295 0.663000 0.640000
-27.000000 -7.000000 0.951097 0.675000 0.642000
-27.000000 -6.000000 0.995419 0.657000 0.654000
-27.000000 -5.000000 1.012254 0.652000 0.660000
-27.000000 -4.000000 1.004579 0.653000 0.656000
-27.000000 -3.000000 1.007833 0.637000 0.642000
-27.000000 -2.000000 0.929913 0.685000 0.637000
-27.000000 -1.000000 1.073272 0.614000 0.659000
-27.000000 0.000000 1.032138 0.622000 0.642000
-27.000000 1.000000 0.978279 0.645000 0.631000
-27.000000 2.000000 1.007846 0.636000 0.641000
-27.000000 3.000000 0.958195 0.670000 0.642000
-27.000000 4.000000 0.995561 0.678000 0.675000
-27.000000 5.000000 1.015882 0.629000 0.639000
-27.000000 6.000000 1.012465 0.641000 0.649000
-27.000000 7.000000 0.995304 0.641000 0.638000
-27.000000 8.000000 1.015658 0.638000 0.648000
-27.000000 9.000000 0.949466 0.673000 0.639000
-27.000000 10.000000 1.064499 0.620000 0.660000
-27.000000 11.000000 1.017584 0.625000 0.636000
-27.000000 12.000000 1.035467 0.620000 0.642000
-27.000000 13.000000 0.952889 0.637000 0.607000
-27.000000 14.000000 1.013055 0.612000 0.620000
-27.000000 15.000000 1.014641 0.614000 0.623000
-27.000000 16.000000 1.004992 0.599000 0.602000
-27.000000 17.000000 1.017783 0.618000 0.629000
-27.000000 18.000000 1.028363 0.599000 0.616000
-27.000000 19.000000 1.065989 0.606000 0.646000
-27.000000 20.000000 1.048397 0.599000 0.628000
-27.000000 21.000000 1.060486 0.595000 0.631000
-27.000000 22.000000 1.021087 0.616000 0.629000
-27.000000 23.000000 0.953059 0.618000 0.589000
-27.000000 24.000000 1.035127 0.626000 0.648000
-27.000000 25.000000 0.968736 0.672000 0.651000
-27.000000 26.000000 0.865022 0.289000 0.250000
-27.000000 27.000000 0.853983 0.274000 0.234000
-27.000000 28.000000 0.826770 0.306000 0.253000
-27.000000 29.000000 0.802605 0.304000 0.244000
-27.000000 30.000000 0.817854 0.302000 0.247000
-27.000000 31.000000 0.837106 0.307000 0.257000
-27.000000 32.000000 0.796640 0.300000 0.239000
-27.000000 33.000000 0.856135 0.292000 0.250000
-27.000000 34.000000 0.850311 0.294000 0.250000
-27.000000 35.000000 0.698029 0.308000 0.215000
-27.000000 36.000000 0.857111 0.273000 0.234000
-27.000000 37.000000 1.661130 0.003000 0.005000
-27.000000 38.000000 0.000000 0.001000 0.000000
-27.000000 39.000000 0.000000 0.000000 0.000000
-27.000000 40.000000 0.000000 0.000000 0.000000
-27.000000 41.000000 0.000000 0.000000 0.000000
-27.000000 42.000000 0.000000 0.000000 0.000000
-27.000000 43.000000 0.000000 0.000000 0.000000
-27.000000 44.000000 0.990099 0.001000 0.001000
-27.000000 45.000000 0.000000 0.000000 0.000000
-26.000000 -45.000000 0.000000 0.000000 0.000000
-26.000000 -44.000000 0.000000 0.000000 0.000000
-26.000000 -43.000000 0.000000 0.000000 0.000000
-26.000000 -42.000000 0.000000 0.001000 0.000000
-26.000000 -41.000000 0.000000 0.000000 0.000000
-26.000000 -40.000000 100.000000 0.000000 0.001000
-26.000000 -39.000000 100.000000 0.000000 0.001000
-26.000000 -38.000000 1.993355 0.003000 0.006000
-26.000000 -37.000000 0.959639 0.248000 0.238000
-26.000000 -36.000000 0.793994 0.301000 0.239000
-26.000000 -35.000000 0.786414 0.295000 0.232000
-26.000000 -34.000000 0.763672 0.292000 0.223000
-26.000000 -33.000000 0.930999 0.261000 0.243000
-26.000000 -32.000000 0.791338 0.278000 0.220000
-26.000000 -31.000000 0.781223 0.288000 0.225000
-26.000000 -30.000000 0.884716 0.295000 0.261000
-26.000000 -29.000000 0.747450 0.297000 0.222000
-26.000000 -28.000000 0.723881 0.297000 0.215000
-26.000000 -27.000000 0.856084 0.278000 0.238000
-26.000000 -26.000000 1.007809 0.639000 0.644000
-26.000000 -25.000000 1.016678 0.599000 0.609000
-26.000000 -24.000000 1.032131 0.591000 0.610000
-26.000000 -23.000000 1.040121 0.573000 0.596000
-26.000000 -22.000000 1.106323 0.536000 0.593000
-26.000000 -21.000000 1.044503 0.584000 0.610000
-26.000000 -20.000000 0.974473 0.588000 0.573000
-26.000000 -19.000000 1.019818 0.605000 0.617000
-26.000000 -18.000000 0.991608 0.597000 0.592000
-26.000000 -17.000000 0.918481 0.638000 0.586000
-26.000000 -16.000000 0.995082 0.612000 0.609000
-26.000000 -15.000000 1.030777 0.617000 0.636000
-26.000000 -14.000000 1.037260 0.617000 0.640000
-26.000000 -13.000000 1.001581 0.626000 0.627000
-26.000000 -12.000000 1.044357 0.631000 0.659000
-26.000000 -11.000000 0.969263 0.651000 0.631000
-26.000000 -10.000000 1.029204 0.616000 0.634000
-26.000000 -9.000000 0.993695 0.636000 0.632000
-26.000000 -8.000000 1.029764 0.638000 0.657000
-26.000001 -7.000012 1.047153 0.636000 0.666000
-26.000000 -6.000000 1.029063 0.619000 0.637000
-26.000000 -5.000000 0.943100 0.668000 0.630000
-26.000000 -4.000000 0.982797 0.640000 0.629000
-26.000000 -3.000000 1.058620 0.631000 0.668000
-26.000000 -2.000000 0.969590 0.658000 0.638000
-26.000000 -1.000000 0.977395 0.664000 0.649000
-26.000000 0.000000 1.003076 0.647000 0.649000
-26.000000 1.000000 1.040864 0.636000 0.662000
-26.000000 2.000000 0.969682 0.660000 0.640000
-26.000000 3.000000 0.984481 0.645000 0.635000
-26.000000 4.000000 1.024374 0.615000 0.630000
-26.000000 5.000000 0.980815 0.626000 0.614000
-26.000000 6.000000 1.012602 0.634000 0.642000
-26.000000 7.000000 1.052356 0.611000 0.643000
-26.000000 8.000000 0.963456 0.657000 0.633000
-26.000000 9.000000 0.974466 0.627000 0.611000
-26.000000 10.000000 1.039098 0.588000 0.611000
-26.000000 11.000000 1.009258 0.647000 0.653000
-26.000000 12.000000 0.995433 0.659000 0.656000
-26.000000 13.000000 1.079982 0.600000 0.648000
-26.000000 14.000000 0.992110 0.635000 0.630000
-26.000000 15.000000 1.031284 0.607000 0.626000
-26.000000 16.000000 1.080599 0.583000 0.630000
-26.000000 17.000000 0.901702 0.641000 0.578000
-26.000000 18.000000 0.995000 0.602000 0.599000
-26.000000 19.000000 1.006541 0.610000 0.614000
-26.000000 20.000000 0.964443 0.619000 0.597000
-26.000000 21.000000 1.025711 0.583000 0.598000
-26.000000 22.000000 0.973406 0.602000 0.586000
-26.000000 23.000000 1.064497 0.558000 0.594000
-26.000000 24.000000 0.959984 0.600000 0.576000
-26.000000 25.000000 0.947782 0.613000 0.581000
-26.000000 26.000000 1.029588 0.608000 0.626000
-26.000000 27.000000 0.920830 0.278000 0.256000
-26.000000 28.000000 0.789271 0.299000 0.236000
-26.000000 29.000000 0.832724 0.287000 0.239000
-26.000000 30.000000 0.823701 0.295000 0.243000
-26.000000 31.000000 0.839131 0.286000 0.240000
-26.000000 32.000000 0.811081 0.270000 0.219000
-26.000000 33.000000 0.909058 0.275000 0.250000
-26.000000 34.000000 0.869371 0.268000 0.233000
-26.000000 35.000000 0.829323 0.293000 0.243000
-26.000000 36.000000 0.813121 0.289000 0.235000
-26.000000 37.000000 0.791365 0.302000 0.239000
-26.000000 38.000000 0.427960 0.007000 0.003000
-26.000000 39.000000 0.000000 0.001000 0.000000
-26.000000 40.000000 0.000000 0.000000 0.000000
-26.000000 41.000000 0.000000 0.001000 0.000000
-26.000000 42.000000 0.000000 0.000000 0.000000
-26.000000 43.000000 0.000000 0.001000 0.000000
-26.000000 44.000000 0.000000 0.000000 0.000000
-26.000000 45.000000 0.000000 0.001000 0.000000
-25.000000 -45.000000 0.000000 0.001000 0.000000
-25.000000 -44.000000 0.000000 0.000000 0.000000
-25.000000 -43.000000 0.000000 0.000000 0.000000
-25.000000 -42.000000 0.000000 0.000000 0.000000
-24.999143 -41.000994 0.000000 0.000000 0.000000
-25.000000 -40.000000 0.000000 0.000000 0.000000
-25.000000 -39.000000 0.000000 0.000000 0.000000
-25.000000 -38.000000 0.998573 0.007000 0.007000
-25.000000 -37.000000 0.782583 0.299000 0.234000
-25.000000 -36.000000 0.739259 0.280000 0.207000
-25.000000 -35.000000 0.848345 0.277000 0.235000
-25.000000 -34.000000 0.786180 0.290000 0.228000
-25.000000 -33.000000 0.795891 0.294000 0.234000
-25.000000 -32.000000 0.848027 0.283000 0.240000
-25.000000 -31.000000 0.777753 0.315000 0.245000
-25.000000 -30.000000 0.892825 0.280000 0.250000
-25.000000 -29.000000 0.719220 0.317000 0.228000
-25.000000 -28.000000 0.816299 0.294000 0.240000
-25.000000 -27.000000 1.014292 0.629000 0.638000
-25.000000 -26.000000 1.037019 0.567000 0.588000
-25.000000 -25.000000 0.947263 0.588000 0.557000
-25.000000 -24.000000 0.976295 0.591000 0.577000
-25.000000 -23.000000 0.980050 0.602000 0.590000
-25.000000 -22.000000 1.024673 0.567000 0.581000
-25.000000 -21.000000 1.039337 0.559000 0.581000
-25.000000 -20.000000 0.943805 0.623000 0.588000
-25.000000 -19.000000 0.938990 0.623000 0.585000
-25.000000 -18.000000 0.946293 0.596000 0.564000
-25.000000 -17.000000 0.949081 0.609000 0.578000
-25.000000 -16.000000 0.996763 0.621000 0.619000
-25.000000 -15.000000 1.081338 0.590000 0.638000
-25.000000 -14.000000 0.946632 0.656000 0.621000
-25.000000 -13.000000 1.010905 0.641000 0.648000
-25.000000 -12.000000 0.990521 0.634000 0.628000
-25.000000 -11.000000 1.036467 0.603000 0.625000
-25.000000 -10.000000 1.011166 0.626000 0.633000
-25.000000 -9.000000 1.025421 0.629000 0.645000
-25.000000 -8.000000 0.980937 0.630000 0.618000
-25.000000 -7.000000 0.960711 0.662000 0.636000
-25.000000 -6.000000 1.023349 0.642000 0.657000
-25.000000 -5.000000 0.959627 0.669000 0.642000
-25.000000 -4.000000 1.009418 0.636000 0.642000
-25.000000 -3.000000 0.986202 0.653000 0.644000
-25.000000 -2.000000 0.951501 0.660000 0.628000
-25.000000 -1.000000 0.992135 0.637000 0.632000
-25.000000 0.000000 0.998371 0.620000 0.619000
-25.000000 1.000000 1.032694 0.642000 0.663000
-25.000000 2.000000 0.924485 0.649000 0.600000
-25.000000 3.000000 0.958319 0.648000 0.621000
-25.000000 4.000000 1.038507 0.623000 0.647000
-25.000000 5.000000 0.989115 0.644000 0.637000
-25.000000 6.000000 0.989363 0.659000 0.652000
-25.000000 7.000000 0.964159 0.642000 0.619000
-25.000000 8.000000 0.988873 0.630000 0.623000
-25.000000 9.000000 1.025181 0.635000 0.651000
-25.000000 10.000000 0.956923 0.627000 0.600000
-25.000000 11.000000 1.001566 0.632000 0.633000
-25.000000 12.000000 1.050970 0.608000 0.639000
-25.000000 13.000000 1.049425 0.627000 0.658000
-25.000000 14.000000 0.969073 0.647000 0.627000
-25.000000 15.000000 0.981951 0.610000 0.599000
-25.000000 16.000000 0.977476 0.622000 0.608000
-25.000000 17.000000 1.073408 0.572000 0.614000
-25.000000 18.000000 1.006774 0.589000 0.593000
-25.000000 19.000000 0.951441 0.618000 0.588000
-25.000000 20.000000 0.989796 0.589000 0.583000
-25.000000 21.000000 1.055433 0.541000 0.571000
-25.000000 22.000000 1.061911 0.549000 0.583000
-25.000000 23.000000 0.941065 0.611000 0.575000
-25.000000 24.000000 1.021800 0.550000 0.562000
-25.000000 25.000000 1.019314 0.569000 0.580000
-25.000000 26.000000 1.024500 0.571000 0.585000
-25.000000 27.000000 1.024941 0.601000 0.616000
-25.000000 28.000000 0.852602 0.285000 0.243000
-25.000000 29.000000 0.872761 0.283000 0.247000
-25.000000 30.000000 0.840107 0.294000 0.247000
-25.000000 31.000000 0.798051 0.312000 0.249000
-25.000000 32.000000 0.925454 0.255000 0.236000
-25.000000 33.000000 0.804027 0.296000 0.238000
-25.000000 34.000000 0.819759 0.283000 0.232000
-25.000000 35.000000 0.747379 0.289000 0.216000
-25.000000 36.000000 0.776606 0.291000 0.226000
-25.000000 37.000000 0.798583 0.288000 0.230000
-25.000000 38.000000 0.726612 0.011000 0.008000
-25.000000 39.000000 0.000000 0.000000 0.000000
-25.000000 40.000000 0.000000 0.000000 0.000000
-25.000000 41.000000 0.000000 0.000000 0.000000
-25.000000 42.000000 0.000000 0.001000 0.000000
-25.000000 43.000000 0.000000 0.000000 0.000000
-25.000000 44.000000 0.000000 0.001000 0.000000
-25.000000 45.000000 0.000000 0.000000 0.000000
-24.000000 -45.000000 0.000000 0.001000 0.000000
-24.000000 -44.000000 0.000000 0.000000 0.000000
-24.000000 -43.000000 0.000000 0.001000 0.000000
-24.000000 -42.000000 0.000000 0.001000 0.000000
-24.000000 -41.000000 0.000000 0.001000 0.000000
-24.000000 -40.000000 0.000000 0.000000 0.000000
-24.000000 -39.000000 1.246883 0.004000 0.005000
-24.000000 -38.000000 0.777371 0.292000 0.227000
-24.000000 -37.000000 0.917611 0.255000 0.234000
-24.000000 -36.000000 0.826685 0.277000 0.229000
-24.000000 -35.000000 0.862288 0.276000 0.238000
-24.000000 -34.000000 0.801366 0.287000 0.230000
-24.000000 -33.000000 0.892560 0.270000 0.241000
-24.000000 -32.000000 0.773623 0.296000 0.229000
-24.000000 -31.000000 0.922775 0.285000 0.263000
-24.000000 -30.000000 0.708030 0.298000 0.211000
-24.000000 -29.000000 0.751746 0.282000 0.212000
-24.000000 -28.000000 0.991692 0.603000 0.598000
-24.000000 -27.000000 0.976768 0.560000 0.547000
-24.000000 -26.000000 0.965184 0.546000 0.527000
-24.000000 -25.000000 1.049981 0.540000 0.567000
-24.000000 -24.000000 1.046797 0.534000 0.559000
-24.000000 -23.000000 1.106991 0.542000 0.600000
-24.000000 -22.000000 1.068881 0.537000 0.574000
-24.000000 -21.000000 0.967505 0.585000 0.566000
-24.000000 -20.000000 1.036440 0.576000 0.597000
-24.000000 -19.000000 1.048847 0.573000 0.601000
-24.000000 -18.000000 1.049982 0.580000 0.609000
-24.000000 -17.000000 1.072520 0.579000 0.621000
-24.000000 -16.000000 1.069122 0.593000 0.634000
-24.000000 -15.000000 1.036834 0.597000 0.619000
-24.000000 -14.000000 1.037145 0.592000 0.614000
-24.000000 -13.000000 0.993655 0.632000 0.628000
-24.000000 -12.000000 0.947437 0.628000 0.595000
-24.000000 -11.000000 0.951923 0.645000 0.614000
-24.000000 -10.000000 1.019370 0.619000 0.631000
-24.000000 -9.000000 0.961585 0.625000 0.601000
-24.000000 -8.000000 0.941900 0.637000 0.600000
-24.000000 -7.000000 0.969590 0.658000 0.638000
-24.000000 -6.000000 1.003080 0.646000 0.648000
-24.000000 -5.000000 1.018474 0.649000 0.661000
-24.000000 -4.000000 0.963400 0.656000 0.632000
-24.000000 -3.000000 0.951243 0.636000 0.605000
-24.000000 -2.000000 1.030481 0.623000 0.642000
-24.000000 -1.000000 0.996810 0.630000 0.628000
-24.000000 0.000000 1.011095 0.630000 0.637000
-24.000000 1.000000 0.949352 0.632000 0.600000
-24.000000 2.000000 0.953158 0.662000 0.631000
-24.000000 3.000000 0.992269 0.648000 0.643000
-24.000000 4.000000 0.933621 0.663000 0.619000
-24.000000 5.000000 0.960176 0.628000 0.603000
-24.000000 6.000000 1.025584 0.625000 0.641000
-24.000000 7.000000 0.968022 0.657000 0.636000
-23.999948 7.999445 0.998389 0.627000 0.626000
-24.000000 9.000000 1.003159 0.630000 0.632000
-24.000000 10.000000 0.991997 0.626000 0.621000
-24.000000 11.000000 1.024334 0.616000 0.631000
-24.000000 12.000000 0.970016 0.634000 0.615000
-24.000000 13.000000 1.014737 0.610000 0.619000
-24.000000 14.000000 1.015984 0.625000 0.635000
-24.000000 15.000000 0.976325 0.634000 0.619000
-24.000000 16.000000 1.045979 0.587000 0.614000
-24.000000 17.000000 0.949248 0.611000 0.580000
-24.000000 18.000000 0.999983 0.598000 0.598000
-24.000000 19.000000 1.022319 0.582000 0.595000
-24.000000 20.000000 0.980651 0.569000 0.558000
-24.000000 21.000000 0.949479 0.594000 0.564000
-24.000000 22.000000 0.996391 0.557000 0.555000
-24.000000 23.000000 0.982652 0.577000 0.567000
-24.000000 24.000000 1.041423 0.555000 0.578000
-24.000000 25.000000 1.030285 0.561000 0.578000
-24.000000 26.000000 0.961522 0.572000 0.550000
-24.000000 27.000000 1.008959 0.557000 0.562000
-24.000000 28.000000 0.974384 0.625000 0.609000
-24.000000 29.000000 0.853392 0.307000 0.262000
-24.000000 30.000000 0.857113 0.287000 0.246000
-24.000000 31.000000 0.949787 0.279000 0.265000
-24.000000 32.000000 0.808334 0.287000 0.232000
-24.000000 33.000000 0.869059 0.275000 0.239000
-24.000000 34.000000 0.863768 0.279000 0.241000
-24.000000 35.000000 0.944185 0.251000 0.237000
-24.000000 36.000000 0.921607 0.268000 0.247000
-24.000000 37.000000 0.833893 0.283000 0.236000
-24.000000 38.000000 0.847877 0.263000 0.223000
-24.000000 39.000000 0.665557 0.006000 0.004000
-24.000000 40.000000 100.000000 0.000000 0.001000
-24.000000 41.000000 0.000000 0.000000 0.000000
-24.000000 42.000000 0.000000 0.002000 0.000000
-24.000000 43.000000 0.000000 0.001000 0.000000
-24.000000 44.000000 1.980198 0.001000 0.002000
-24.000000 45.000000 0.990099 0.001000 0.001000
-23.000000 -45.000000 0.000000 0.001000 0.000000
-23.000000 -44.000000 0.000000 0.000000 0.000000
-23.000000 -43.000000 100.000000 0.000000 0.001000
-23.000000 -42.000000 0.000000 0.000000 0.000000
-23.000000 -41.000000 0.000000 0.000000 0.000000
-23.000000 -40.000000 0.000000 0.000000 0.000000
-23.000000 -39.000000 0.665927 0.009000 0.006000
-23.000000 -38.000000 0.854987 0.269000 0.230000
-23.000000 -37.000000 0.758095 0.277000 0.210000
-23.000000 -36.000000 0.786487 0.267000 0.210000
-23.000000 -35.000000 0.826212 0.282000 0.233000
-23.000000 -34.000000 0.851955 0.277000 0.236000
-23.000000 -33.000000 0.810969 0.291000 0.236000
-23.000000 -32.000000 0.835588 0.292000 0.244000
-23.000000 -31.000000 0.835542 0.298000 0.249000
-23.000000 -30.000000 0.824714 0.291000 0.240000
-23.000000 -29.000000 0.972069 0.609000 0.592000
-23.000000 -28.000000 0.975908 0.540000 0.527000
-23.000000 -27.000000 1.005652 0.529000 0.532000
-23.000000 -26.000000 0.957703 0.544000 0.521000
-23.000000 -25.000000 0.921175 0.571000 0.526000
-23.000000 -24.000000 0.983882 0.559000 0.550000
-23.000000 -23.000000 1.045189 0.553000 0.578000
-23.000000 -22.000000 0.993026 0.575000 0.571000
-23.000000 -21.000000 1.015968 0.563000 0.572000
-23.000000 -20.000000 1.090728 0.562000 0.613000
-23.000000 -19.000000 1.062373 0.577000 0.613000
-23.000000 -18.000000 0.991494 0.589000 0.584000
-23.000000 -17.000000 1.037080 0.620000 0.643000
-23.000000 -16.000000 0.942888 0.613000 0.578000
-23.000000 -15.000000 1.021053 0.617000 0.630000
-23.000000 -14.000000 0.965230 0.633000 0.611000
-23.000000 -13.000000 1.006763 0.590000 0.594000
-23.000000 -12.000000 0.993675 0.634000 0.630000
-23.000000 -11.000000 0.981117 0.636000 0.624000
-23.000000 -10.000000 0.988433 0.606000 0.599000
-23.000000 -9.000000 0.958574 0.652000 0.625000
-23.000000 -8.000000 1.039071 0.614000 0.638000
-23.000000 -7.000000 0.998358 0.615000 0.614000
-23.000000 -6.000000 0.964785 0.625000 0.603000
-23.000000 -5.000000 0.991984 0.625000 0.620000
-23.000000 -4.000000 1.017812 0.617000 0.628000
-23.000000 -3.000000 1.047524 0.610000 0.639000
-23.000000 -2.000000 0.935621 0.637000 0.596000
-23.000000 -1.000000 1.025421 0.629000 0.645000
-23.000000 0.000000 0.974748 0.634000 0.618000
-23.000854 1.000515 1.008010 0.623000 0.628000
-23.000000 2.000000 1.017280 0.636000 0.647000
-23.000000 3.000000 0.989298 0.655000 0.648000
-23.000000 4.000000 1.034229 0.584000 0.604000
-23.000000 5.000000 0.981146 0.637000 0.625000
-23.000000 6.000000 1.006404 0.623000 0.627000
-22.999300 7.000041 1.032086 0.623000 0.643000
-23.000000 8.000000 0.954530 0.616000 0.588000
-23.000000 9.000000 1.036957 0.595000 0.617000
-23.000000 10.000000 0.996830 0.634000 0.632000
-23.000000 11.000000 1.054438 0.606000 0.639000
-23.000000 12.000000 1.016087 0.621000 0.631000
-23.000000 13.000000 0.979050 0.621000 0.608000
-23.000000 14.000000 0.963878 0.637000 0.614000
-23.000000 15.000000 1.037874 0.607000 0.630000
-23.000000 16.000000 0.969487 0.623000 0.604000
-23.000000 17.000000 0.898471 0.660000 0.593000
-23.000000 18.000000 0.996656 0.601000 0.599000
-23.000000 19.000000 0.968588 0.637000 0.617000
-23.000000 20.000000 0.967111 0.578000 0.559000
-23.000000 21.000000 1.029859 0.569000 0.586000
-23.000000 22.000000 1.040907 0.562000 0.585000
-23.000000 23.000000 1.039408 0.558000 0.580000
-23.000000 24.000000 1.020239 0.543000 0.554000
-23.000000 25.000000 1.051409 0.525000 0.552000
-23.000000 26.000000 1.029393 0.544000 0.560000
-23.000000 27.000000 0.971462 0.561000 0.545000
-23.000000 28.000000 0.952012 0.542000 0.516000
-23.000000 29.000000 0.953909 0.586000 0.559000
-23.000000 30.000000 0.844039 0.295000 0.249000
-23.000000 31.000000 0.862785 0.277000 0.239000
-23.000000 32.000000 0.858126 0.282000 0.242000
-23.000000 33.000000 0.879828 0.283000 0.249000
-23.000072 34.000041 0.958611 0.266000 0.255000
-23.000000 35.000000 0.804936 0.282000 0.227000
-23.000000 36.000000 1.007897 0.252000 0.254000
-23.000000 37.000000 0.867767 0.295000 0.256000
-23.000000 38.000000 0.843717 0.256000 0.216000
-23.000000 39.000000 1.141227 0.007000 0.008000
-23.000000 40.000000 0.000000 0.000000 0.000000
-23.000000 41.000000 0.000000 0.000000 0.000000
-23.000000 42.000000 0.000000 0.000000 0.000000
-23.000000 43.000000 100.000000 0.000000 0.001000
-23.000000 44.000000 0.000000 0.000000 0.000000
-23.000000 45.000000 0.000000 0.000000 0.000000
-22.000000 -45.000000 0.000000 0.000000 0.000000
-22.000000 -44.000000 0.000000 0.000000 0.000000
-22.000000 -43.000000 0.000000 0.000000 0.000000
-22.000000 -42.000000 100.000000 0.000000 0.001000
-22.000000 -41.000000 0.990099 0.001000 0.001000
-22.000000 -40.000000 3.980100 0.002000 0.008000
-22.000000 -39.000000 0.783945 0.287000 0.225000
-22.000000 -38.000000 0.858205 0.261000 0.224000
-22.000000 -37.000000 0.825755 0.287000 0.237000
-22.000000 -36.000000 0.956329 0.275000 0.263000
-22.000000 -35.000000 0.805254 0.303000 0.244000
-22.000000 -34.000000 0.826212 0.282000 0.233000
-22.000000 -33.000000 0.741697 0.302000 0.224000
-22.000000 -32.000000 0.857609 0.288000 0.247000
-22.000000 -31.000000 0.756554 0.304000 0.230000
-22.000000 -30.000000 0.949823 0.618000 0.587000
-22.000000 -29.000000 0.976129 0.545000 0.532000
-22.000000 -28.000000 0.966462 0.537000 0.519000
-22.000000 -27.000000 1.070829 0.494000 0.529000
-22.000000 -26.000000 1.032238 0.527000 0.544000
-22.000000 -25.000000 0.988952 0.544000 0.538000
-22.000000 -24.000000 1.043052 0.534000 0.557000
-22.000000 -23.000000 0.958985 0.561000 0.538000
-22.000000 -22.000000 1.016053 0.560000 0.569000
-22.000000 -21.000000 1.048579 0.535000 0.561000
-22.000000 -20.000000 1.022630 0.574000 0.587000
-22.000000 -19.000000 1.015186 0.592000 0.601000
-22.000000 -18.000000 0.958451 0.626000 0.600000
-22.000000 -17.000000 0.940785 0.625000 0.588000
-22.000000 -16.000000 1.011515 0.607000 0.614000
-22.000000 -15.000000 0.986826 0.608000 0.600000
-22.000000 -14.000000 0.956439 0.643000 0.615000
-22.000000 -13.000000 0.972914 0.628000 0.611000
-22.000000 -12.000000 0.996700 0.609000 0.607000
-22.000000 -11.000000 0.985538 0.623000 0.614000
-22.000000 -10.000000 0.966598 0.629000 0.608000
-22.000000 -9.000000 0.975946 0.624000 0.609000
-22.000000 -8.000000 0.973171 0.634000 0.617000
-22.000000 -7.000000 1.013034 0.613000 0.621000
-22.000000 -6.000000 1.036834 0.597000 0.619000
-22.000000 -5.000000 0.979415 0.632000 0.619000
-22.000000 -4.000000 0.976175 0.630000 0.615000
-22.000000 -3.000000 1.036167 0.608000 0.630000
-22.000000 -2.000000 1.017528 0.627000 0.638000
-22.000000 -1.000000 0.964215 0.643000 0.620000
-22.000000 0.000000 1.008074 0.618000 0.623000
-22.000000 1.000000 1.026084 0.613000 0.629000
-22.000000 2.000000 0.999984 0.617000 0.617000
-22.000000 3.000000 0.948583 0.642000 0.609000
-22.000000 4.000000 0.982770 0.639000 0.628000
-22.000000 5.000000 0.998376 0.622000 0.621000
-22.000000 6.000000 1.011592 0.603000 0.610000
-22.000000 7.000000 0.971045 0.622000 0.604000
-22.000000 8.000000 1.046111 0.607000 0.635000
-22.000000 9.000000 0.984481 0.645000 0.635000
-22.000000 10.000000 0.965876 0.645000 0.623000
-22.000000 11.000000 1.003080 0.646000 0.648000
-22.000000 12.000000 0.993685 0.635000 0.631000
-22.000000 13.000000 0.980535 0.617000 0.605000
-22.000000 14.000000 0.995098 0.614000 0.611000
-22.000000 15.000000 0.983427 0.604000 0.594000
-22.000000 16.000000 1.001678 0.590000 0.591000
-22.000000 17.000000 0.980846 0.627000 0.615000
-22.000000 18.000000 0.920997 0.633000 0.583000
-22.000000 19.000000 0.981862 0.607000 0.596000
-22.000000 20.000000 1.037084 0.566000 0.587000
-22.000000 21.000000 1.039981 0.550000 0.572000
-22.000000 22.000000 1.034464 0.551000 0.570000
-22.000000 23.000000 1.060979 0.541000 0.574000
-22.000000 24.000000 0.996312 0.545000 0.543000
-22.000000 25.000000 1.083963 0.512000 0.555000
-22.000000 26.000000 0.932126 0.560000 0.522000
-22.000000 27.000000 0.969389 0.523000 0.507000
-22.000000 28.000000 0.912232 0.547000 0.499000
-22.000000 29.000000 0.931267 0.553000 0.515000
-22.000000 30.000000 0.999983 0.597000 0.597000
-22.000000 31.000000 0.787756 0.311000 0.245000
-22.000000 32.000000 0.856084 0.278000 0.238000
-22.000000 33.000000 0.752483 0.299000 0.225000
-22.000000 34.000000 0.727249 0.308000 0.224000
-22.000000 35.000000 0.834613 0.254000 0.212000
-22.000000 36.000000 0.767097 0.292000 0.224000
-22.000000 37.000000 0.807517 0.265000 0.214000
-22.000000 38.000000 0.883687 0.258000 0.228000
-22.000000 39.000000 0.722195 0.270000 0.195000
-22.000000 40.000000 0.083264 0.012000 0.001000
-22.000000 41.000000 0.000000 0.001000 0.000000
-22.000000 42.000000 0.000000 0.001000 0.000000
-22.000000 43.000000 0.000000 0.001000 0.000000
-22.000000 44.000000 0.000000 0.001000 0.000000
-21.999294 44.999205 0.000000 0.001000 0.000000
-21.000000 -45.000000 0.000000 0.000000 0.000000
-21.000000 -44.000000 0.000000 0.001000 0.000000
-21.000000 -43.000000 100.000000 0.000000 0.001000
-21.000000 -42.000000 100.000000 0.000000 0.001000
-21.000000 -41.000000 0.000000 0.002000 0.000000
-21.000000 -40.000000 0.762562 0.278000 0.212000
-21.000000 -39.000000 0.805799 0.309000 0.249000
-21.000000 -38.000000 0.895098 0.267000 0.239000
-21.000000 -37.000000 0.915023 0.259000 0.237000
-21.000000 -36.000000 0.858151 0.275000 0.236000
-21.000000 -35.000000 0.885898 0.263000 0.233000
-21.000000 -34.000000 0.848117 0.270000 0.229000
-21.000000 -33.000000 0.801342 0.292000 0.234000
-21.000000 -32.000000 0.822434 0.276000 0.227000
-21.000000 -31.000000 0.818787 0.287000 0.235000
-21.000000 -30.000000 0.859165 0.561000 0.482000
-21.000000 -29.000000 1.092720 0.496000 0.542000
-21.000000 -28.000000 1.031726 0.504000 0.520000
-21.000000 -27.000000 0.981463 0.540000 0.530000
-21.000000 -26.000000 1.051060 0.509000 0.535000
-21.000000 -25.000000 1.021642 0.554000 0.566000
-21.000000 -24.000000 1.005547 0.539000 0.542000
-21.000000 -23.000000 1.008975 0.556000 0.561000
-21.000000 -22.000000 1.017712 0.564000 0.574000
-21.000000 -21.000000 0.975160 0.564000 0.550000
-21.000000 -20.000000 1.017106 0.584000 0.594000
-21.000000 -19.000000 0.921334 0.623000 0.574000
-21.000000 -18.000000 0.993426 0.610000 0.606000
-21.000000 -17.000000 1.013474 0.593000 0.601000
-21.000000 -16.000000 0.967882 0.623000 0.603000
-21.000000 -15.000000 0.957570 0.613000 0.587000
-21.000000 -14.000000 0.927544 0.635000 0.589000
-21.000000 -13.000000 0.934698 0.628000 0.587000
-21.000000 -12.000000 1.019432 0.617000 0.629000
-21.000000 -11.000000 0.977183 0.614000 0.600000
-21.000000 -10.000000 0.988730 0.622000 0.615000
-21.000000 -9.000000 0.984236 0.635000 0.625000
-21.000000 -8.000000 0.995137 0.619000 0.616000
-21.000000 -7.000000 1.014884 0.604000 0.613000
-21.000000 -6.000000 1.027286 0.586000 0.602000
-21.000000 -5.000000 0.958649 0.629000 0.603000
-21.000000 -4.000000 1.016485 0.606000 0.616000
-21.000000 -3.000000 0.988565 0.613000 0.606000
-21.000000 -2.000000 1.107807 0.575000 0.637000
-21.000000 -1.000000 1.003194 0.623000 0.625000
-21.000000 0.000000 1.006509 0.613000 0.617000
-21.000000 1.000000 1.025957 0.616000 0.632000
-21.000000 2.000000 0.968339 0.632000 0.612000
-21.000000 3.000000 0.993543 0.621000 0.617000
-21.000000 4.000000 0.952592 0.633000 0.603000
-21.000000 5.000000 0.948867 0.626000 0.594000
-21.000000 6.000000 1.014835 0.606000 0.615000
-21.000000 7.000000 0.972828 0.626000 0.609000
-21.000000 8.000000 1.006530 0.611000 0.615000
-21.000000 9.000000 1.054800 0.602000 0.635000
-21.000000 10.000000 0.976400 0.636000 0.621000
-21.000000 11.000000 0.950755 0.650000 0.618000
-21.000000 12.000000 1.074685 0.589000 0.633000
-21.000000 13.000000 0.980279 0.609000 0.597000
-21.000000 14.000000 0.991692 0.603000 0.598000
-21.000000 15.000000 0.968475 0.603000 0.584000
-21.000000 16.000000 1.013055 0.612000 0.620000
-21.000000 17.000000 0.975231 0.606000 0.591000
-21.000000 18.000000 0.935621 0.637000 0.596000
-21.000000 19.000000 0.977762 0.630000 0.616000
-21.000000 20.000000 1.012093 0.578000 0.585000
-21.000000 21.000000 0.999983 0.578000 0.578000
-21.000000 22.000000 1.005236 0.571000 0.574000
-21.000000 23.000000 1.063650 0.534000 0.568000
-21.000000 24.000000 1.044924 0.534000 0.558000
-21.000000 25.000000 1.031521 0.539000 0.556000
-21.000000 26.000000 0.988871 0.540000 0.534000
-21.000000 27.000000 1.021506 0.511000 0.522000
-21.000000 28.000000 1.032699 0.489000 0.505000
-21.000000 29.000000 1.027593 0.507000 0.521000
-21.000000 30.000000 1.057672 0.520000 0.550000
-21.000000 31.000000 0.877666 0.278000 0.244000
-21.000000 32.000000 0.879401 0.282000 0.248000
-21.000000 33.000000 0.853983 0.274000 0.234000
-21.000000 34.000000 0.896263 0.270000 0.242000
-21.000000 35.000000 0.916632 0.264000 0.242000
-21.000000 36.000000 0.803363 0.295000 0.237000
-21.000000 37.000000 0.763413 0.279000 0.213000
-21.000000 38.000000 0.799280 0.289000 0.231000
-21.000000 39.000000 0.796335 0.275000 0.219000
-21.000000 40.000000 0.826739 0.254000 0.210000
-21.000000 41.000000 0.000000 0.008000 0.000000
-21.000000 42.000000 0.000000 0.000000 0.000000
-21.000000 43.000000 0.000000 0.001000 0.000000
-21.000000 44.000000 0.000000 0.000000 0.000000
-21.000000 45.000000 0.000000 0.000000 0.000000
-20.000000 -45.000000 0.000000 0.001000 0.000000
-20.000000 -44.000000 0.000000 0.000000 0.000000
-20.000000 -43.000000 0.000000 0.000000 0.000000
-20.000000 -42.000000 100.000000 0.000000 0.001000
-20.000000 -41.000000 0.332226 0.003000 0.001000
-20.000000 -40.000000 0.778166 0.266000 0.207000
-20.000000 -39.000000 0.951092 0.266000 0.253000
-20.000000 -38.000000 0.819465 0.277000 0.227000
-20.000000 -37.000000 0.848456 0.297000 0.252000
-20.000000 -36.000000 0.886089 0.281000 0.249000
-20.000000 -35.000000 0.772865 0.273000 0.211000
-20.000000 -34.000000 0.901066 0.273000 0.246000
-20.000000 -33.000000 0.850145 0.287000 0.244000
-20.000000 -32.000000 0.792053 0.303000 0.240000
-20.000000 -31.000000 1.038294 0.522000 0.542000
-20.000000 -30.000000 0.955715 0.497000 0.475000
-20.000000 -29.000000 1.043547 0.482000 0.503000
-20.000000 -28.000000 1.020513 0.487000 0.497000
-20.000000 -27.000000 1.051261 0.507000 0.533000
-20.000000 -26.000000 1.007334 0.544000 0.548000
-20.000000 -25.000000 0.983407 0.543000 0.534000
-20.000000 -24.000000 0.956267 0.549000 0.525000
-20.000000 -23.000000 1.051451 0.544000 0.572000
-20.000000 -22.000000 0.952945 0.574000 0.547000
-20.000000 -21.000000 1.061385 0.570000 0.605000
-20.000000 -20.000000 0.972115 0.610000 0.593000
-20.000000 -19.000000 0.958933 0.609000 0.584000
-20.000000 -18.000000 1.020636 0.581000 0.593000
-20.000000 -17.000000 1.013383 0.597000 0.605000
-20.000000 -16.000000 0.939143 0.641000 0.602000
-20.000000 -15.000000 1.064982 0.600000 0.639000
-20.000000 -14.000000 0.973668 0.608000 0.592000
-20.000000 -13.000000 1.060638 0.610000 0.647000
-20.000000 -12.000000 1.013519 0.591000 0.599000
-20.000000 -11.000000 0.958583 0.628000 0.602000
-20.000000 -10.000000 0.983671 0.613000 0.603000
-20.000000 -9.000000 0.977868 0.633000 0.619000
-20.000000 -8.000000 1.020391 0.588000 0.600000
-20.000000 -7.000000 0.947190 0.644000 0.610000
-20.000000 -6.000000 1.016404 0.609000 0.619000
-20.000000 -5.000000 1.058401 0.582000 0.616000
-20.000000 -4.000000 0.947611 0.611000 0.579000
-20.000000 -3.000000 1.021225 0.612000 0.625000
-20.000000 -2.000000 1.066415 0.572000 0.610000
-20.000000 -1.000000 1.011888 0.588000 0.595000
-20.000000 0.000000 0.963680 0.606000 0.584000
-20.000000 1.000000 1.080260 0.573000 0.619000
-20.000000 2.000000 1.079627 0.565000 0.610000
-20.000000 3.000000 1.037207 0.591000 0.613000
-20.000000 4.000000 0.973896 0.575000 0.560000
-20.000000 5.000000 0.952889 0.637000 0.607000
-20.000000 6.000000 0.991854 0.615000 0.610000
-20.000000 7.000000 0.972653 0.622000 0.605000
-20.000000 8.000000 1.006617 0.603000 0.607000
-20.000000 9.000000 0.969487 0.623000 0.604000
-20.000000 10.000000 0.951908 0.624000 0.594000
-20.000000 11.000000 1.034229 0.584000 0.604000
-20.000000 12.000000 1.009934 0.603000 0.609000
-20.000000 13.000000 1.023355 0.599000 0.613000
-20.000000 14.000000 0.967933 0.624000 0.604000
-20.000000 15.000000 0.955185 0.625000 0.597000
-20.000000 16.000000 1.053674 0.596000 0.628000
-20.000000 17.000000 1.003339 0.596000 0.598000
-20.000000 18.000000 0.937585 0.625000 0.586000
-20.000000 19.000000 1.015341 0.586000 0.595000
-20.000000 20.000000 0.957570 0.613000 0.587000
-20.000000 21.000000 1.015717 0.572000 0.581000
-20.000000 22.000000 0.978438 0.557000 0.545000
-20.000000 23.000000 0.932974 0.582000 0.543000
-20.000000 24.000000 1.005476 0.546000 0.549000
-20.000000 25.000000 0.950802 0.549000 0.522000
-20.000000 26.000000 0.983222 0.537000 0.528000
-20.000000 27.000000 1.053444 0.505000 0.532000
-20.000000 28.000000 1.079206 0.467000 0.504000
-20.000000 29.000000 1.065655 0.472000 0.503000
-20.000000 30.000000 0.949024 0.471000 0.447000
-20.000000 31.000000 0.933196 0.554000 0.517000
-20.000000 32.000000 0.988334 0.258000 0.255000
-20.000000 33.000000 0.882752 0.273000 0.241000
-20.000000 34.000000 0.840117 0.269000 0.226000
-20.000000 35.000000 0.707722 0.284000 0.201000
-20.000000 36.000000 0.734240 0.286000 0.210000
-20.000000 37.000000 0.973143 0.261000 0.254000
-20.000000 38.000000 0.812000 0.266000 0.216000
-20.000000 39.000000 0.861505 0.260000 0.224000
-20.000000 40.000000 0.861908 0.268000 0.231000
-20.000000 41.000000 0.249688 0.008000 0.002000
-20.000000 42.000000 0.000000 0.001000 0.000000
-20.000000 43.000000 0.000000 0.000000 0.000000
-20.000000 44.000000 0.000000 0.000000 0.000000
-20.000000 45.000000 0.000000 0.000000 0.000000
-19.000000 -45.000000 0.000000 0.001000 0.000000
-19.000000 -44.000000 0.000000 0.000000 0.000000
-19.000000 -43.000000 0.000000 0.001000 0.000000
-19.000000 -42.000000 0.000000 0.000000 0.000000
-19.000000 -41.000000 0.837704 0.265000 0.222000
-19.000000 -40.000000 0.817134 0.268000 0.219000
-19.000000 -39.000000 0.792698 0.275000 0.218000
-19.000000 -38.000000 0.899967 0.270000 0.243000
-19.000000 -37.000000 0.714741 0.298000 0.213000
-19.000000 -36.000000 0.854062 0.281000 0.240000
-19.000000 -35.000000 0.774621 0.284000 0.220000
-19.000000 -34.000000 0.928537 0.266000 0.247000
-19.000000 -33.000000 0.875414 0.281000 0.246000
-19.000000 -32.000000 0.891533 0.627000 0.559000
-19.000000 -31.000000 0.999979 0.482000 0.482000
-19.000000 -30.000000 0.931219 0.509000 0.474000
-19.000000 -29.000000 1.041819 0.478000 0.498000
-19.000000 -28.000000 1.011631 0.515000 0.521000
-19.000000 -27.000000 1.073298 0.491000 0.527000
-19.000000 -26.000000 0.974388 0.547000 0.533000
-19.000000 -25.000000 1.083155 0.529000 0.573000
-19.000000 -24.000000 1.038221 0.523000 0.543000
-19.000000 -23.000000 1.113878 0.518000 0.577000
-19.000000 -22.000000 0.987527 0.562000 0.555000
-19.000000 -21.000000 0.966257 0.593000 0.573000
-19.000000 -20.000000 0.986912 0.612000 0.604000
-19.000000 -19.000000 1.031840 0.565000 0.583000
-19.000000 -18.000000 1.021295 0.610000 0.623000
-19.000000 -17.000000 1.054259 0.608000 0.641000
-19.000000 -16.000000 0.972387 0.616000 0.599000
-19.000000 -15.000000 0.929810 0.627000 0.583000
-19.000000 -14.000000 0.954750 0.619000 0.591000
-19.000000 -13.000000 0.982127 0.616000 0.605000
-19.000000 -12.000000 1.065235 0.613000 0.653000
-19.000000 -11.000000 1.036407 0.604000 0.626000
-19.000000 -10.000000 1.010050 0.596000 0.602000
-19.000000 -9.000000 0.991760 0.608000 0.603000
-19.000000 -8.000000 0.985009 0.601000 0.592000
-19.000000 -7.000000 0.954530 0.616000 0.588000
-19.000000 -6.000000 1.114417 0.568000 0.633000
-19.000000 -5.000000 1.070280 0.569000 0.609000
-19.000000 -4.000000 1.003407 0.584000 0.586000
-19.000000 -3.000000 1.003328 0.598000 0.600000
-19.000000 -2.000000 1.039774 0.578000 0.601000
-19.000000 -1.000000 0.996667 0.603000 0.601000
-19.000000 0.000000 1.053989 0.574000 0.605000
-19.000000 1.000000 1.095725 0.564000 0.618000
-19.000000 2.000000 0.984572 0.584000 0.575000
-19.000000 3.000000 1.018981 0.579000 0.590000
-19.000000 4.000000 0.980017 0.601000 0.589000
-19.000000 5.000000 1.013705 0.583000 0.591000
-19.000000 6.000000 1.078790 0.571000 0.616000
-19.000000 7.000000 0.940662 0.590000 0.555000
-19.000000 8.000000 0.934385 0.625000 0.584000
-19.000000 9.000000 1.037140 0.619000 0.642000
-19.000000 10.000000 1.024695 0.607000 0.622000
-19.000000 11.000000 0.991880 0.617000 0.612000
-19.000000 12.000000 1.011748 0.595000 0.602000
-19.000000 13.000000 0.986804 0.607000 0.599000
-19.000000 14.000000 0.970034 0.601000 0.583000
-19.000000 15.000000 1.034694 0.605000 0.626000
-19.000000 16.000000 1.012031 0.581000 0.588000
-19.000000 17.000000 0.920953 0.620000 0.571000
-19.000000 18.000000 0.947707 0.593000 0.562000
-19.000000 19.000000 1.003350 0.594000 0.596000
-19.000000 20.000000 1.071029 0.563000 0.603000
-19.000000 21.000000 0.906848 0.612000 0.555000
-19.000000 22.000000 0.994682 0.566000 0.563000
-19.000000 23.000000 1.022121 0.542000 0.554000
-19.000000 24.000000 0.992683 0.548000 0.544000
-19.000000 25.000000 0.972307 0.542000 0.527000
-19.000000 26.000000 1.053415 0.524000 0.552000
-19.000000 27.000000 0.984417 0.514000 0.506000
-19.000000 28.000000 0.951438 0.515000 0.490000
-19.000000 29.000000 1.038687 0.465000 0.483000
-19.000000 30.000000 0.905912 0.489000 0.443000
-19.000000 31.000000 0.999980 0.502000 0.502000
-19.000000 32.000000 0.953271 0.578000 0.551000
-19.000000 33.000000 0.823711 0.278000 0.229000
-19.000000 34.000000 0.756823 0.292000 0.221000
-19.000000 35.000000 0.750839 0.289000 0.217000
-19.000000 36.000000 0.867317 0.294000 0.255000
-19.000000 37.000000 0.876332 0.275000 0.241000
-19.000000 38.000000 0.868881 0.267000 0.232000
-19.000000 39.000000 0.843104 0.255000 0.215000
-19.000000 40.000000 0.864437 0.273000 0.236000
-19.000000 41.000000 0.804398 0.271000 0.218000
-19.000000 42.000000 0.000000 0.000000 0.000000
-19.000000 43.000000 0.000000 0.001000 0.000000
-19.000000 44.000000 0.000000 0.000000 0.000000
-19.000000 45.000000 0.000000 0.000000 0.000000
-18.000000 -45.000000 0.000000 0.001000 0.000000
-18.000000 -44.000000 0.000000 0.000000 0.000000
-18.000000 -43.000000 0.000000 0.000000 0.000000
-18.000000 -42.000000 0.374532 0.008000 0.003000
-18.000000 -41.000000 0.740981 0.278000 0.206000
-18.000000 -40.000000 0.871050 0.287000 0.250000
-18.000000 -39.000000 0.840272 0.263000 0.221000
-18.000000 -38.000000 0.843176 0.287000 0.242000
-18.000000 -37.000000 0.776197 0.286000 0.222000
-18.000000 -36.000000 0.644930 0.307000 0.198000
-18.000000 -35.000000 0.853449 0.273000 0.233000
-18.000000 -34.000000 0.829904 0.294000 0.244000
-18.000000 -33.000000 0.799972 0.285000 0.228000
-18.000000 -32.000000 0.918350 0.539000 0.495000
-18.000000 -31.000000 1.104141 0.432000 0.477000
-18.000000 -30.000000 0.985304 0.477000 0.470000
-18.000000 -29.000000 0.995847 0.484000 0.482000
-18.000000 -28.000000 0.974136 0.503000 0.490000
-18.000000 -27.000000 1.001956 0.506000 0.507000
-18.000000 -26.000000 0.982936 0.528000 0.519000
-18.000000 -25.000000 1.096691 0.517000 0.567000
-18.000000 -24.000000 0.975591 0.533000 0.520000
-18.000000 -23.000000 1.088659 0.530000 0.577000
-18.000000 -22.000000 0.962030 0.606000 0.583000
-18.000000 -21.000000 1.032572 0.583000 0.602000
-18.000000 -20.000000 1.012460 0.561000 0.568000
-18.000000 -19.000000 0.987830 0.576000 0.569000
-18.000000 -18.000000 0.983400 0.603000 0.593000
-18.000000 -17.000000 1.010118 0.592000 0.598000
-18.000000 -16.000000 0.979084 0.622000 0.609000
-17.999760 -15.000495 1.014958 0.601000 0.610000
-18.000000 -14.000000 0.996587 0.589000 0.587000
-18.000000 -13.000000 1.001655 0.598000 0.599000
-18.000000 -12.000000 0.983536 0.608000 0.598000
-18.000000 -11.000000 0.959531 0.618000 0.593000
-18.000000 -10.000000 0.900637 0.614000 0.553000
-18.000000 -9.000000 0.948145 0.598000 0.567000
-18.000000 -8.000000 1.036954 0.568000 0.589000
-18.000000 -7.000000 1.005255 0.569000 0.572000
-18.000000 -6.000000 0.944800 0.598000 0.565000
-18.000000 -5.000000 1.067119 0.566000 0.604000
-18.000000 -4.000000 0.967143 0.609000 0.589000
-18.000000 -3.000000 1.022709 0.572000 0.585000
-18.000000 -2.000000 1.052793 0.587000 0.618000
-18.000000 -1.000000 1.011573 0.604000 0.611000
-18.000000 0.000000 1.001689 0.586000 0.587000
-18.000000 1.000000 1.037589 0.585000 0.607000
-18.000000 2.000000 0.958866 0.608000 0.583000
-18.000000 3.000000 0.999982 0.571000 0.571000
-18.000000 4.000000 1.012135 0.576000 0.583000
-18.000000 5.000000 1.001672 0.592000 0.593000
-18.000000 6.000000 1.015635 0.575000 0.584000
-18.000000 7.000000 1.001719 0.576000 0.577000
-18.000000 8.000000 1.080967 0.568000 0.614000
-18.000000 9.000000 0.943033 0.597000 0.563000
-18.000000 10.000000 0.967464 0.615000 0.595000
-18.000000 11.000000 0.965670 0.612000 0.591000
-18.000000 12.000000 1.031544 0.602000 0.621000
-18.000000 13.000000 0.991636 0.599000 0.594000
-18.000000 14.000000 1.003361 0.592000 0.594000
-18.000000 15.000000 0.931803 0.616000 0.574000
-18.000000 16.000000 0.969339 0.620000 0.601000
-18.000000 17.000000 1.028650 0.593000 0.610000
-18.000000 18.000000 0.970905 0.619000 0.601000
-18.000000 19.000000 0.993361 0.604000 0.600000
-18.000000 20.000000 0.981650 0.600000 0.589000
-18.000000 21.000000 1.006856 0.582000 0.586000
-18.000000 22.000000 0.979883 0.597000 0.585000
-18.000000 23.000000 1.011586 0.517000 0.523000
-18.000000 24.000000 1.053930 0.519000 0.547000
-18.000000 25.000000 0.983407 0.543000 0.534000
-18.000036 25.999941 0.990494 0.527000 0.522000
-18.000000 27.000000 1.010101 0.494000 0.499000
-18.000000 28.000000 0.999980 0.509000 0.509000
-18.000000 29.000000 1.012350 0.485000 0.491000
-18.000000 30.000000 1.038604 0.466000 0.484000
-18.000000 31.000000 1.080993 0.432000 0.467000
-18.000000 32.000000 0.877987 0.541000 0.475000
-18.000000 33.000000 0.881388 0.253000 0.223000
-18.000000 34.000000 0.814405 0.291000 0.237000
-18.000000 35.000000 0.801342 0.292000 0.234000
-18.000000 36.000000 0.925616 0.269000 0.249000
-18.000000 37.000000 0.771507 0.267000 0.206000
-18.000000 38.000000 0.728848 0.284000 0.207000
-18.000000 39.000000 0.761219 0.289000 0.220000
-18.000000 40.000000 0.807243 0.275000 0.222000
-18.000000 41.000000 0.765123 0.264000 0.202000
-18.000000 42.000000 0.570613 0.007000 0.004000
-18.000000 43.000000 0.000000 0.001000 0.000000
-18.000000 44.000000 0.000000 0.000000 0.000000
-18.000000 45.000000 100.000000 0.000000 0.001000
-17.000000 -45.000000 0.497512 0.002000 0.001000
-17.000000 -44.000000 0.000000 0.000000 0.000000
-17.000000 -43.000000 0.000000 0.000000 0.000000
-17.000000 -42.000000 0.498753 0.004000 0.002000
-17.000000 -41.000000 0.781103 0.265000 0.207000
-17.000000 -40.000000 0.739749 0.269000 0.199000
-17.000000 -39.000000 0.862646 0.284000 0.245000
-17.000000 -38.000000 0.840396 0.282000 0.237000
-17.000000 -37.000000 0.787852 0.297000 0.234000
-17.000000 -36.000000 0.818476 0.281000 0.230000
-17.000000 -35.000000 0.939034 0.279000 0.262000
-17.000000 -34.000000 0.941357 0.273000 0.257000
-17.000000 -33.000000 0.936692 0.553000 0.518000
-17.000000 -32.000000 0.921549 0.459000 0.423000
-17.000000 -31.000000 0.869460 0.498000 0.433000
-17.000000 -30.000000 1.064136 0.452000 0.481000
-17.000000 -29.000000 1.091835 0.479000 0.523000
-17.000000 -28.000000 0.984626 0.521000 0.513000
-17.000000 -27.000000 1.041564 0.505000 0.526000
-17.000000 -26.000000 1.001941 0.510000 0.511000
-17.000000 -25.000000 1.013365 0.523000 0.530000
-17.000000 -24.000000 1.076608 0.522000 0.562000
-17.000000 -23.000000 0.996535 0.580000 0.578000
-17.000000 -22.000000 0.937059 0.588000 0.551000
-17.000000 -21.000000 0.956277 0.572000 0.547000
-17.000000 -20.000000 0.981832 0.606000 0.595000
-17.000000 -19.000000 0.947004 0.604000 0.572000
-17.000000 -18.000000 0.973362 0.601000 0.585000
-17.000000 -17.000000 0.972680 0.586000 0.570000
-17.000000 -16.000000 0.993283 0.597000 0.593000
-17.000000 -15.000000 0.926933 0.616000 0.571000
-17.000000 -14.000000 0.933318 0.615000 0.574000
-17.000000 -13.000000 0.959268 0.614000 0.589000
-17.000000 -12.000000 0.950642 0.608000 0.578000
-17.000000 -11.000000 1.052804 0.549000 0.578000
-17.000000 -10.000000 0.963680 0.606000 0.584000
-17.000000 -9.000000 1.006951 0.574000 0.578000
-17.000000 -8.000000 0.968459 0.571000 0.553000
-17.000000 -7.000000 1.044784 0.558000 0.583000
-17.000000 -6.000000 1.032531 0.553000 0.571000
-17.000000 -5.000000 1.054752 0.566000 0.597000
-17.000000 -4.000000 0.984546 0.583000 0.574000
-17.000000 -3.000000 1.032911 0.577000 0.596000
-17.000000 -2.000000 1.010363 0.578000 0.584000
-17.000000 -1.000000 0.980919 0.577000 0.566000
-17.000000 0.000000 1.072973 0.548000 0.588000
-17.000000 1.000000 1.008588 0.581000 0.586000
-17.000000 2.000000 0.979883 0.597000 0.585000
-17.000000 3.000000 0.936651 0.600000 0.562000
-17.000000 4.000000 0.984249 0.572000 0.563000
-17.000000 5.000000 0.986515 0.594000 0.586000
-17.000000 6.000000 0.952284 0.587000 0.559000
-17.000000 7.000000 0.961714 0.601000 0.578000
-17.000000 8.000000 0.994801 0.579000 0.576000
-17.000000 9.000000 0.959580 0.594000 0.570000
-17.000000 10.000000 1.023363 0.556000 0.569000
-17.000000 11.000000 1.017224 0.580000 0.590000
-17.000000 12.000000 0.926575 0.613000 0.568000
-17.000000 13.000000 0.986561 0.596000 0.588000
-17.000000 14.000000 1.003306 0.602000 0.604000
-17.000000 15.000000 0.979329 0.581000 0.569000
-17.000000 16.000000 0.969633 0.626000 0.607000
-17.000000 17.000000 1.011847 0.590000 0.597000
-17.000000 18.000000 1.001658 0.597000 0.598000
-17.000000 19.000000 0.956506 0.598000 0.572000
-17.000000 20.000000 1.017106 0.584000 0.594000
-17.000000 21.000000 0.948231 0.599000 0.568000
-17.000000 22.000000 1.050859 0.570000 0.599000
-17.000000 23.000000 1.026964 0.593000 0.609000
-17.000000 24.000000 0.957580 0.566000 0.542000
-17.000000 25.000000 0.946378 0.541000 0.512000
-17.000000 26.000000 0.970187 0.537000 0.521000
-17.000000 27.000000 1.001953 0.507000 0.508000
-17.000000 28.000000 1.070811 0.480000 0.514000
-17.000000 29.000000 0.986092 0.504000 0.497000
-17.000000 30.000000 0.999978 0.463000 0.463000
-17.000000 31.000000 1.009151 0.436000 0.440000
-17.000000 32.000000 0.951813 0.436000 0.415000
-17.000000 33.000000 1.001810 0.547000 0.548000
-17.000000 34.000000 0.749973 0.280000 0.210000
-17.000000 35.000000 0.767579 0.284000 0.218000
-17.000000 36.000000 0.652438 0.305000 0.199000
-17.000000 37.000000 0.848677 0.271000 0.230000
-17.000000 38.000000 0.800683 0.281000 0.225000
-17.000000 39.000000 0.756071 0.287000 0.217000
-17.000000 40.000000 0.835217 0.261000 0.218000
-17.000000 41.000000 0.770648 0.266000 0.205000
-17.000000 42.000000 0.749064 0.008000 0.006000
-17.000000 43.000000 0.000000 0.000000 0.000000
-17.000000 44.000000 0.000000 0.000000 0.000000
-17.000000 45.000000 100.000000 0.000000 0.001000
-16.000000 -45.000000 0.000000 0.000000 0.000000
-16.000000 -44.000000 0.000000 0.000000 0.000000
-16.000000 -43.000000 1.980198 0.001000 0.002000
-16.000000 -42.000000 0.760842 0.276000 0.210000
-16.000000 -41.000000 0.672769 0.272000 0.183000
-16.000000 -40.000000 0.837704 0.265000 0.222000
-16.000000 -39.000000 0.893096 0.262000 0.234000
-16.000000 -38.000000 0.912844 0.264000 0.241000
-16.000000 -37.000000 0.893502 0.263000 0.235000
-16.000000 -36.000000 0.704674 0.298000 0.210000
-16.000000 -35.000000 0.931783 0.264000 0.246000
-16.000000 -34.000000 0.900349 0.261000 0.235000
-16.000000 -33.000000 0.917165 0.483000 0.443000
-16.000000 -32.000000 0.980242 0.456000 0.447000
-16.000000 -31.000000 1.070729 0.424000 0.454000
-16.000000 -30.000000 1.017795 0.449000 0.457000
-16.000000 -29.000000 0.933184 0.509000 0.475000
-16.000000 -28.000000 1.027059 0.517000 0.531000
-16.000000 -27.000000 0.956928 0.511000 0.489000
-16.000000 -26.000000 0.999981 0.530000 0.530000
-16.000000 -25.000000 0.976904 0.520000 0.508000
-16.000000 -24.000000 1.072245 0.512000 0.549000
-16.000000 -23.000000 1.006867 0.581000 0.585000
-16.000000 -22.000000 0.897212 0.613000 0.550000
-16.000000 -21.000000 0.974342 0.585000 0.570000
-16.000000 -20.000000 0.980083 0.603000 0.591000
-16.000000 -19.000000 0.998314 0.599000 0.598000
-16.000000 -18.000000 1.034112 0.586000 0.606000
-16.000000 -17.000000 0.993192 0.589000 0.585000
-16.000000 -16.000000 0.971364 0.594000 0.577000
-16.000000 -15.000000 1.020925 0.573000 0.585000
-16.000000 -14.000000 1.013496 0.592000 0.600000
-16.000000 -13.000000 0.914700 0.598000 0.547000
-16.000000 -12.000000 1.025161 0.556000 0.570000
-16.000000 -11.000000 0.998274 0.585000 0.584000
-16.000000 -10.000000 1.047951 0.542000 0.568000
-16.000000 -9.000000 1.031341 0.574000 0.592000
-16.000000 -8.000000 0.922427 0.606000 0.559000
-16.000000 -7.000000 1.014192 0.563000 0.571000
-16.000000 -6.000000 1.014116 0.566000 0.574000
-16.000000 -5.000000 0.982976 0.588000 0.578000
-16.000000 -4.000000 0.980952 0.578000 0.567000
-16.000215 -3.000819 1.022243 0.584000 0.597000
-16.000000 -2.000000 0.995033 0.606000 0.603000
-16.000000 -1.000000 1.047769 0.565000 0.592000
-16.000000 0.000000 0.994864 0.586000 0.583000
-16.000000 1.000000 1.028101 0.569000 0.585000
-16.000000 2.000000 1.026578 0.564000 0.579000
-16.000000 3.000000 1.068326 0.556000 0.594000
-16.000000 4.000000 1.071278 0.547000 0.586000
-16.000000 5.000000 1.012052 0.580000 0.587000
-16.000000 6.000000 1.060016 0.583000 0.618000
-16.000000 7.000000 1.055820 0.591000 0.624000
-16.000000 8.000000 0.957896 0.594000 0.569000
-16.000000 9.000000 0.969630 0.593000 0.575000
-16.000000 10.000000 1.031506 0.571000 0.589000
-16.000000 11.000000 0.999983 0.577000 0.577000
-16.000000 12.000000 1.023532 0.552000 0.565000
-16.000000 13.000000 0.905770 0.605000 0.548000
-16.000000 14.000000 0.970133 0.603000 0.585000
-16.000000 15.000000 1.006786 0.588000 0.592000
-16.000000 16.000000 1.022749 0.571000 0.584000
-16.000000 17.000000 0.995161 0.622000 0.619000
-16.000000 18.000000 1.063362 0.568000 0.604000
-16.000000 19.000000 0.982771 0.581000 0.571000
-16.000000 20.000000 1.006717 0.594000 0.598000
-16.000000 21.000000 0.960191 0.578000 0.555000
-16.000000 22.000000 1.057876 0.570000 0.603000
-16.000000 23.000000 1.003510 0.567000 0.569000
-16.000000 24.000000 1.052708 0.550000 0.579000
-16.000000 25.000000 1.036873 0.515000 0.534000
-16.000000 26.000000 0.965562 0.552000 0.533000
-16.000000 27.000000 0.953106 0.512000 0.488000
-16.000000 28.000000 1.032926 0.516000 0.533000
-16.000000 29.000000 0.959330 0.492000 0.472000
-16.000000 30.000000 0.968267 0.473000 0.458000
-16.000000 31.000000 0.997715 0.442000 0.441000
-16.000000 32.000000 1.011995 0.416000 0.421000
-16.000000 33.000000 1.019127 0.470000 0.479000
-16.000000 34.000000 0.825476 0.298000 0.246000
-16.000000 35.000000 0.802055 0.288000 0.231000
-16.000000 36.000000 0.772855 0.295000 0.228000
-16.000000 37.000000 0.780114 0.282000 0.220000
-16.000000 38.000000 0.750901 0.269000 0.202000
-16.000000 39.000000 0.832636 0.251000 0.209000
-16.000000 40.000000 0.853721 0.253000 0.216000
-16.000000 41.000000 0.743563 0.273000 0.203000
-16.000000 42.000000 0.878755 0.264000 0.232000
-16.000000 43.000000 1.980198 0.001000 0.002000
-16.000000 44.000000 100.000000 0.000000 0.001000
-16.000000 45.000000 0.000000 0.001000 0.000000
-15.000000 -45.000000 0.000000 0.000000 0.000000
-15.000000 -44.000000 0.000000 0.000000 0.000000
-15.000000 -43.000000 0.499168 0.006000 0.003000
-15.000000 -42.000000 0.875439 0.265000 0.232000
-15.000000 -41.000000 0.749103 0.287000 0.215000
-15.000000 -40.000000 0.782115 0.280000 0.219000
-15.000000 -39.000000 0.721585 0.273000 0.197000
-15.000000 -38.000000 0.863604 0.264000 0.228000
-15.000000 -37.000000 0.737349 0.297000 0.219000
-15.000000 -36.000000 0.821650 0.286000 0.235000
-15.000000 -35.000000 0.713262 0.286000 0.204000
-15.000000 -34.000000 0.865439 0.550000 0.476000
-15.000000 -33.000000 0.876904 0.455000 0.399000
-15.000000 -32.000000 0.999977 0.430000 0.430000
-15.000000 -31.000000 0.950303 0.463000 0.440000
-15.000000 -30.000000 0.951457 0.474000 0.451000
-15.000000 -29.000000 1.007948 0.502000 0.506000
-15.000000 -28.000000 0.970100 0.502000 0.487000
-15.000000 -27.000000 1.048464 0.495000 0.519000
-15.000000 -26.000000 1.007444 0.536000 0.540000
-15.000000 -25.000000 1.048336 0.517000 0.542000
-15.000000 -24.000000 0.973434 0.565000 0.550000
-15.000000 -23.000000 1.007254 0.550000 0.554000
-15.000000 -22.000000 0.977723 0.584000 0.571000
-15.000000 -21.000000 0.972726 0.587000 0.571000
-15.000000 -20.000000 0.929750 0.598000 0.556000
-15.000000 -19.000000 0.946562 0.599000 0.567000
-15.000000 -18.000000 0.952050 0.605000 0.576000
-15.000000 -17.000000 0.977656 0.627000 0.613000
-15.000000 -16.000000 0.999983 0.587000 0.587000
-15.000000 -15.000000 0.959201 0.613000 0.588000
-15.000000 -14.000000 0.998222 0.568000 0.567000
-15.000000 -13.000000 1.068753 0.538000 0.575000
-15.000000 -12.000000 0.986070 0.575000 0.567000
-15.000000 -11.000000 0.996391 0.557000 0.555000
-15.000000 -10.000000 1.052521 0.571000 0.601000
-15.000000 -9.000000 0.952364 0.567000 0.540000
-15.000000 -8.000000 1.006820 0.585000 0.589000
-15.000000 -7.000000 0.994635 0.561000 0.558000
-15.000000 -6.000000 1.001667 0.594000 0.595000
-15.000000 -5.000000 1.008648 0.577000 0.582000
-15.000000 -4.000000 1.174790 0.532000 0.625000
-15.000000 -3.000000 0.962569 0.588000 0.566000
-15.000000 -2.000000 1.043085 0.580000 0.605000
-15.000000 -1.000000 0.985923 0.569000 0.561000
-15.000000 0.000000 1.008770 0.569000 0.574000
-15.000000 1.000000 0.976011 0.584000 0.570000
-15.000000 2.000000 1.029445 0.577000 0.594000
-15.000000 3.000000 0.963776 0.580000 0.559000
-15.000000 4.000000 1.051952 0.558000 0.587000
-15.000000 5.000000 1.001758 0.563000 0.564000
-15.000000 6.000000 1.070671 0.580000 0.621000
-15.000000 7.000000 1.017374 0.575000 0.585000
-15.000000 8.000000 0.949724 0.577000 0.548000
-15.000000 9.000000 1.003443 0.578000 0.580000
-15.000000 10.000000 0.994577 0.555000 0.552000
-15.000541 10.999902 1.008530 0.585000 0.590000
-15.000000 12.000000 0.973941 0.576000 0.561000
-15.000000 13.000000 1.021449 0.559000 0.571000
-15.000000 14.000000 1.033551 0.566000 0.585000
-15.000000 15.000000 0.966483 0.597000 0.577000
-15.000000 16.000000 0.998274 0.585000 0.584000
-15.000000 17.000000 0.955960 0.636000 0.608000
-15.000000 18.000000 1.018595 0.591000 0.602000
-15.000000 19.000000 0.991070 0.561000 0.556000
-15.000000 20.000000 1.003425 0.581000 0.583000
-15.000000 21.000000 0.967835 0.591000 0.572000
-15.000000 22.000000 0.921886 0.589000 0.543000
-15.000000 23.000000 0.957102 0.583000 0.558000
-15.000000 24.000000 0.996486 0.572000 0.570000
-15.000000 25.000000 0.978004 0.546000 0.534000
-15.000000 26.000000 1.017524 0.513000 0.522000
-15.000000 27.000000 1.013980 0.500000 0.507000
-15.000000 28.000000 1.076248 0.472000 0.508000
-15.000000 29.000000 0.993729 0.480000 0.477000
-15.000000 30.000000 0.979233 0.482000 0.472000
-15.000000 31.000000 0.975803 0.455000 0.444000
-15.000000 32.000000 1.026418 0.416000 0.427000
-15.000000 33.000000 0.894232 0.435000 0.389000
-15.000000 34.000000 0.928054 0.570000 0.529000
-15.000000 35.000000 0.795670 0.279000 0.222000
-15.000000 36.000000 0.729349 0.303000 0.221000
-15.000000 37.000000 0.797805 0.277000 0.221000
-15.000000 38.000000 0.894907 0.257000 0.230000
-15.000000 39.000000 0.807942 0.276000 0.223000
-15.000000 40.000000 0.709652 0.279000 0.198000
-15.000000 41.000000 0.865351 0.260000 0.225000
-15.000000 42.000000 0.765930 0.282000 0.216000
-15.000000 43.000000 0.599401 0.010000 0.006000
-15.000000 44.000000 0.000000 0.000000 0.000000
-15.000000 45.000000 0.000000 0.001000 0.000000
-14.000000 -45.000000 0.000000 0.000000 0.000000
-14.000000 -44.000000 0.000000 0.000000 0.000000
-14.000000 -43.000000 0.757663 0.260000 0.197000
-14.000000 -42.000000 0.809494 0.273000 0.221000
-14.000000 -41.000000 0.812704 0.267000 0.217000
-14.000000 -40.000000 0.878397 0.255000 0.224000
-14.000000 -39.000000 0.786736 0.272000 0.214000
-14.000000 -38.000000 0.757016 0.284000 0.215000
-14.000000 -37.000000 0.844665 0.264000 0.223000
-14.000000 -36.000000 0.922093 0.244000 0.225000
-14.000000 -35.000000 0.814909 0.308000 0.251000
-14.000000 -34.000000 0.906426 0.481000 0.436000
-14.000000 -33.000000 1.029604 0.405000 0.417000
-14.000000 -32.000000 0.958882 0.438000 0.420000
-14.000000 -31.000000 1.022653 0.441000 0.451000
-14.000000 -30.000000 1.033534 0.447000 0.462000
-14.000000 -29.000000 0.935981 0.500000 0.468000
-14.000000 -28.000000 1.039899 0.501000 0.521000
-14.000000 -27.000000 1.020060 0.498000 0.508000
-14.000000 -26.000000 1.032117 0.529000 0.546000
-14.000000 -25.000000 1.022000 0.545000 0.557000
-14.000000 -24.000000 1.056447 0.549000 0.580000
-14.000000 -23.000000 0.975027 0.561000 0.547000
-14.000000 -22.000000 0.921037 0.608000 0.560000
-14.000000 -21.000000 0.992965 0.570000 0.566000
-14.000000 -20.000000 1.015420 0.583000 0.592000
-14.000000 -19.000000 1.027474 0.582000 0.598000
-14.000000 -18.000000 0.984781 0.592000 0.583000
-14.000000 -17.000000 0.983092 0.592000 0.582000
-14.000000 -16.000000 0.991893 0.618000 0.613000
-14.000000 -15.000000 1.037616 0.558000 0.579000
-14.000000 -14.000000 0.969948 0.566000 0.549000
-14.000000 -13.000000 0.959983 0.575000 0.552000
-14.000000 -12.000000 1.044545 0.561000 0.586000
-14.000000 -11.000000 1.035193 0.568000 0.588000
-14.000000 -10.000000 1.035824 0.558000 0.578000
-14.000000 -9.000000 1.048542 0.556000 0.583000
-14.000000 -8.000000 1.017619 0.567000 0.577000
-14.000000 -7.000000 1.003373 0.590000 0.592000
-14.000000 -6.000000 0.984276 0.573000 0.564000
-14.000000 -5.000000 0.999983 0.585000 0.585000
-14.000000 -4.000000 1.008693 0.574000 0.579000
-14.000000 -3.000000 0.989674 0.582000 0.576000
-14.000000 -2.000000 0.994792 0.578000 0.575000
-14.000000 -1.000000 1.005320 0.562000 0.565000
-14.000000 0.000000 0.982652 0.577000 0.567000
-14.000000 1.000000 1.025529 0.548000 0.562000
-14.000000 2.000000 0.999983 0.572000 0.572000
-14.000000 3.000000 1.007125 0.560000 0.564000
-14.000000 4.000000 0.966257 0.593000 0.573000
-14.000000 5.000000 0.975762 0.578000 0.564000
-14.000000 6.000000 1.028862 0.554000 0.570000
-14.000000 7.000000 1.031450 0.572000 0.590000
-14.000000 8.000000 1.009040 0.552000 0.557000
-14.000000 9.000000 0.992852 0.561000 0.557000
-14.000000 10.000000 0.890508 0.612000 0.545000
-14.000000 11.000000 1.019451 0.565000 0.576000
-13.999450 12.001005 1.051263 0.546000 0.574000
-14.000000 13.000000 1.060310 0.547000 0.580000
-14.000000 14.000000 1.029072 0.550000 0.566000
-14.000000 15.000000 0.921912 0.602000 0.555000
-14.000000 16.000000 0.936467 0.614000 0.575000
-14.000000 17.000000 0.968317 0.600000 0.581000
-14.000000 18.000000 0.968370 0.601000 0.582000
-14.000000 19.000000 0.914225 0.618000 0.565000
-14.000000 20.000000 1.048092 0.582000 0.610000
-14.000000 21.000000 1.037979 0.579000 0.601000
-14.000000 22.000000 0.986070 0.575000 0.567000
-14.000000 23.000000 0.948702 0.585000 0.555000
-14.000000 24.000000 0.994701 0.568000 0.565000
-14.000000 25.000000 1.012438 0.562000 0.569000
-14.000000 26.000000 1.017837 0.504000 0.513000
-14.000000 27.000000 0.994144 0.514000 0.511000
-14.000000 28.000000 1.072164 0.471000 0.505000
-14.000000 29.000000 0.958065 0.501000 0.480000
-14.000000 30.000000 1.089863 0.445000 0.485000
-14.000000 31.000000 1.086626 0.427000 0.464000
-14.000000 32.000000 0.985792 0.423000 0.417000
-14.000000 33.000000 1.077833 0.411000 0.443000
-14.000000 34.000000 0.938631 0.489000 0.459000
-14.000492 35.000041 0.867352 0.279000 0.242000
-14.000000 36.000000 0.790913 0.287000 0.227000
-14.000000 37.000000 0.834555 0.266000 0.222000
-14.000000 38.000000 0.784991 0.307000 0.241000
-14.000000 39.000000 0.841881 0.272000 0.229000
-14.000000 40.000000 0.729216 0.277000 0.202000
-14.000000 41.000000 0.749127 0.295000 0.221000
-14.000000 42.000000 0.775773 0.281000 0.218000
-14.000000 43.000000 0.755611 0.266000 0.201000
-14.000000 44.000000 0.000000 0.000000 0.000000
-14.000000 45.000000 0.000000 0.001000 0.000000
-13.000000 -45.000000 0.000000 0.000000 0.000000
-13.000000 -44.000000 0.499168 0.006000 0.003000
-13.000000 -43.000000 0.868277 0.243000 0.211000
-13.000000 -42.000000 0.875965 0.250000 0.219000
-13.000000 -41.000000 0.735370 0.291000 0.214000
-13.000000 -40.000000 0.890077 0.273000 0.243000
-13.000000 -39.000000 0.748297 0.298000 0.223000
-13.000000 -38.000000 0.722949 0.296000 0.214000
-13.000000 -37.000000 0.778920 0.285000 0.222000
-13.000000 -36.000000 0.835023 0.291000 0.243000
-13.000000 -35.000000 0.947962 0.250000 0.237000
-13.000000 -34.000000 0.980792 0.417000 0.409000
-13.000000 -33.000000 0.859585 0.406000 0.349000
-13.000000 -32.000000 0.948525 0.447000 0.424000
-13.000000 -31.000000 1.079702 0.439000 0.474000
-13.000000 -30.000000 1.030281 0.462000 0.476000
-13.000000 -29.000000 0.936109 0.501000 0.469000
-13.000000 -28.000000 1.042403 0.495000 0.516000
-13.000000 -27.000000 0.995988 0.501000 0.499000
-13.000000 -26.000000 1.077649 0.515000 0.555000
-13.000000 -25.000000 0.970263 0.572000 0.555000
-13.000000 -24.000000 0.897464 0.595000 0.534000
-13.000000 -23.000000 0.996576 0.587000 0.585000
-13.000000 -22.000000 1.008633 0.578000 0.583000
-13.000000 -21.000000 0.942937 0.596000 0.562000
-13.000000 -20.000000 1.072037 0.569000 0.610000
-13.000000 -19.000000 0.998237 0.573000 0.572000
-13.000000 -18.000000 1.058805 0.578000 0.612000
-13.000000 -17.000000 0.920180 0.614000 0.565000
-13.000000 -16.000000 0.967616 0.587000 0.568000
-13.000000 -15.000000 1.003522 0.565000 0.567000
-13.000000 -14.000000 1.021449 0.559000 0.571000
-13.000000 -13.000000 1.012549 0.557000 0.564000
-13.000231 -12.000810 1.014714 0.543000 0.551000
-13.000000 -11.000000 0.935524 0.574000 0.537000
-13.000000 -10.000000 0.979150 0.576000 0.564000
-13.000000 -9.000000 1.038094 0.551000 0.572000
-13.000000 -8.000000 1.030070 0.565000 0.582000
-13.000000 -7.000000 1.072805 0.563000 0.604000
-13.000000 -6.000000 0.963141 0.570000 0.549000
-13.000000 -5.000000 0.989602 0.578000 0.572000
-13.000000 -4.000000 0.987766 0.573000 0.566000
-13.000000 -3.000000 1.022091 0.588000 0.601000
-13.000000 -2.000000 0.991317 0.577000 0.572000
-13.000000 -1.000000 0.984755 0.591000 0.582000
-13.000000 0.000000 0.940155 0.585000 0.550000
-13.000000 1.000000 1.012199 0.573000 0.580000
-13.000000 2.000000 1.006695 0.596000 0.600000
-13.000000 3.000000 1.025161 0.556000 0.570000
-13.000000 4.000000 1.031341 0.574000 0.592000
-13.000000 5.000000 1.033551 0.566000 0.585000
-13.000000 6.000000 1.022829 0.569000 0.582000
-13.000000 7.000000 1.041149 0.583000 0.607000
-13.000000 8.000000 0.978856 0.568000 0.556000
-13.000000 9.000000 0.993204 0.590000 0.586000
-13.000000 10.000000 0.993038 0.576000 0.572000
-13.000000 11.000000 1.021221 0.565000 0.577000
-13.000000 12.000000 0.990671 0.537000 0.532000
-13.000000 13.000000 1.076903 0.546000 0.588000
-13.000000 14.000000 1.075451 0.530000 0.570000
-13.000000 15.000000 1.092085 0.532000 0.581000
-13.000000 16.000000 0.958038 0.596000 0.571000
-13.000000 17.000000 0.989727 0.585000 0.579000
-13.000000 18.000000 1.018564 0.592000 0.603000
-13.000000 19.000000 0.968679 0.575000 0.557000
-13.000000 20.000000 1.053173 0.564000 0.594000
-13.000000 21.000000 0.951080 0.593000 0.564000
-13.000000 22.000000 0.991211 0.570000 0.565000
-13.000000 23.000000 0.952446 0.589000 0.561000
-13.000000 24.000000 1.021221 0.565000 0.577000
-13.000000 25.000000 0.996436 0.564000 0.562000
-13.000000 26.000000 1.016930 0.531000 0.540000
-13.000000 27.000000 1.034673 0.490000 0.507000
-13.000000 28.000000 1.051060 0.509000 0.535000
-13.000000 29.000000 1.038687 0.465000 0.483000
-13.000000 30.000000 0.948856 0.489000 0.464000
-13.000000 31.000000 1.011188 0.446000 0.451000
-13.000000 32.000000 0.988212 0.425000 0.420000
-13.000000 33.000000 0.997607 0.422000 0.421000
-13.000000 34.000000 0.924979 0.440000 0.407000
-13.000000 35.000000 0.826212 0.282000 0.233000
-13.000000 36.000000 0.828150 0.291000 0.241000
-13.000000 37.000000 0.861908 0.268000 0.231000
-13.000000 38.000000 0.925616 0.269000 0.249000
-13.000000 39.000000 0.939962 0.250000 0.235000
-13.000000 40.000000 0.838204 0.272000 0.228000
-13.000000 41.000000 0.780891 0.283000 0.221000
-13.000000 42.000000 0.783854 0.273000 0.214000
-13.000000 43.000000 0.890208 0.246000 0.219000
-13.000000 44.000000 0.570613 0.007000 0.004000
-13.000000 45.000000 200.000000 0.000000 0.002000
-12.000000 -45.000000 0.000000 0.001000 0.000000
-12.000000 -44.000000 1.661130 0.003000 0.005000
-12.000000 -43.000000 0.835217 0.261000 0.218000
-12.000000 -42.000000 0.967440 0.246000 0.238000
-12.000000 -41.000000 0.785156 0.270000 0.212000
-12.000000 -40.000000 0.748342 0.306000 0.229000
-12.000000 -39.000000 0.825146 0.286000 0.236000
-12.000000 -38.000000 0.875907 0.266000 0.233000
-12.000000 -37.000000 0.912179 0.262000 0.239000
-12.000000 -36.000000 0.799971 0.280000 0.224000
-12.000000 -35.000000 0.917702 0.474000 0.435000
-12.000000 -34.000000 0.981840 0.386000 0.379000
-12.000000 -33.000000 0.975285 0.405000 0.395000
-12.000000 -32.000000 0.992730 0.414000 0.411000
-12.000000 -31.000000 1.058403 0.445000 0.471000
-12.000000 -30.000000 0.944080 0.483000 0.456000
-12.000000 -29.000000 0.928553 0.504000 0.468000
-12.000000 -28.000000 1.071847 0.487000 0.522000
-12.000000 -27.000000 0.978068 0.502000 0.491000
-12.000000 -26.000000 0.974121 0.580000 0.565000
-12.000000 -25.000000 0.998262 0.581000 0.580000
-12.000000 -24.000000 0.948437 0.582000 0.552000
-12.000000 -23.000000 0.952607 0.591000 0.563000
-12.000000 -22.000000 0.903538 0.591000 0.534000
-12.000000 -21.000000 1.044965 0.578000 0.604000
-12.000000 -20.000000 1.026912 0.557000 0.572000
-12.000000 -19.000000 0.966200 0.592000 0.572000
-12.000000 -18.000000 1.024372 0.574000 0.588000
-12.000000 -17.000000 0.963500 0.603000 0.581000
-12.000000 -16.000000 1.027862 0.538000 0.553000
-12.000000 -15.000000 1.058375 0.548000 0.580000
-12.000000 -14.000000 0.994606 0.558000 0.555000
-12.000000 -13.000000 1.047426 0.548000 0.574000
-12.000000 -12.000000 1.068120 0.543000 0.580000
-12.000000 -11.000000 1.012350 0.566000 0.573000
-12.000000 -10.000000 1.044180 0.543000 0.567000
-12.000000 -9.000000 0.953271 0.578000 0.551000
-12.000000 -8.000000 1.035255 0.567000 0.587000
-12.000000 -7.000000 0.972911 0.591000 0.575000
-12.000000 -6.000000 0.989249 0.559000 0.553000
-12.000000 -5.000000 1.033374 0.569000 0.588000
-12.000000 -4.000000 0.957754 0.592000 0.567000
-12.000000 -3.000000 0.986650 0.600000 0.592000
-11.999717 -2.000342 0.968515 0.572000 0.554000
-12.000000 -1.000000 1.031341 0.574000 0.592000
-12.000000 0.000000 0.956429 0.574000 0.549000
-12.000000 1.000000 0.972633 0.585000 0.569000
-12.000000 2.000000 0.996535 0.580000 0.578000
-12.000000 3.000000 0.965795 0.585000 0.565000
-12.000000 4.000000 0.960801 0.587000 0.564000
-12.000000 5.000000 1.003522 0.565000 0.567000
-12.000000 6.000000 0.992990 0.572000 0.568000
-12.000000 7.000000 0.971360 0.559000 0.543000
-12.000605 7.999702 0.963462 0.575000 0.554000
-12.000000 9.000000 1.055938 0.554000 0.585000
-12.000000 10.000000 1.041290 0.581000 0.605000
-12.000000 11.000000 1.040980 0.561000 0.584000
-12.000000 12.000000 0.984466 0.580000 0.571000
-12.000000 13.000000 1.109594 0.520000 0.577000
-12.000000 14.000000 0.992890 0.564000 0.560000
-12.000000 15.000000 1.013114 0.533000 0.540000
-12.000000 16.000000 0.958171 0.574000 0.550000
-12.000000 17.000000 0.950748 0.589000 0.560000
-12.000000 18.000000 0.989656 0.581000 0.575000
-12.000000 19.000000 1.003402 0.585000 0.587000
-12.000000 20.000000 1.046136 0.585000 0.612000
-12.000000 21.000000 0.957221 0.608000 0.582000
-12.000000 22.000000 1.063272 0.553000 0.588000
-12.000000 23.000000 0.957754 0.592000 0.567000
-12.000000 24.000000 0.931957 0.588000 0.548000
-12.000000 25.000000 0.968904 0.547000 0.530000
-12.000000 26.000000 1.043147 0.556000 0.580000
-12.000000 27.000000 0.996051 0.509000 0.507000
-12.000000 28.000000 0.923676 0.498000 0.460000
-12.000000 29.000000 0.994075 0.508000 0.505000
-12.000000 30.000000 1.085503 0.456000 0.495000
-12.000000 31.000000 0.945394 0.458000 0.433000
-12.000000 32.000000 1.021303 0.422000 0.431000
-12.000000 33.000000 1.024425 0.409000 0.419000
-12.000000 34.000000 0.924651 0.385000 0.356000
-12.000000 35.000000 0.966648 0.510000 0.493000
-12.000000 36.000000 0.837515 0.277000 0.232000
-12.000162 36.999866 0.805726 0.278000 0.224000
-12.000000 38.000000 0.850772 0.248000 0.211000
-12.000000 39.000000 0.860684 0.280000 0.241000
-12.000000 40.000000 0.891016 0.257000 0.229000
-12.000000 41.000000 0.738155 0.275000 0.203000
-12.000000 42.000000 0.808240 0.266000 0.215000
-12.000000 43.000000 0.787849 0.264000 0.208000
-12.000000 44.000000 0.399202 0.005000 0.002000
-12.000000 45.000000 100.000000 0.000000 0.001000
-11.000000 -45.000000 0.000000 0.000000 0.000000
-11.000000 -44.000000 0.748130 0.004000 0.003000
-11.000000 -43.000000 0.786203 0.276000 0.217000
-11.000000 -42.000000 0.730741 0.260000 0.190000
-11.000000 -41.000000 0.821521 0.297000 0.244000
-11.000000 -40.000000 0.942271 0.260000 0.245000
-11.000000 -39.000000 0.749103 0.287000 0.215000
-11.000000 -38.000000 0.771711 0.276000 0.213000
-11.000000 -37.000000 0.833945 0.259000 0.216000
-11.000000 -36.000000 0.826057 0.276000 0.228000
-11.000000 -35.000000 0.879809 0.466000 0.410000
-11.000000 -34.000000 1.050391 0.357000 0.375000
-11.000000 -33.000000 1.009852 0.405000 0.409000
-11.000000 -32.000000 1.065396 0.428000 0.456000
-11.000000 -31.000000 1.017716 0.451000 0.459000
-11.000000 -30.000000 1.010991 0.454000 0.459000
-11.000000 -29.000000 0.974836 0.517000 0.504000
-11.000000 -28.000000 1.006165 0.485000 0.488000
-11.000000 -27.000000 0.931671 0.527000 0.491000
-11.000000 -26.000000 0.946026 0.556000 0.526000
-11.000000 -25.000000 0.959844 0.573000 0.550000
-11.000000 -24.000000 0.926855 0.588000 0.545000
-11.000000 -23.000000 0.929899 0.585000 0.544000
-11.000000 -22.000000 0.996398 0.558000 0.556000
-11.000000 -21.000000 1.059460 0.538000 0.570000
-11.000000 -20.000000 0.933869 0.605000 0.565000
-11.000000 -19.000000 1.005246 0.570000 0.573000
-11.000000 -18.000000 1.012350 0.566000 0.573000
-11.000000 -17.000000 0.984165 0.569000 0.560000
-11.000000 -16.000000 0.996305 0.544000 0.542000
-11.000000 -15.000000 0.998183 0.556000 0.555000
-11.000000 -14.000000 0.989363 0.565000 0.559000
-11.000000 -13.000000 0.982712 0.579000 0.569000
-11.000000 -12.000000 0.975116 0.563000 0.549000
-11.000000 -11.000000 1.031953 0.563000 0.581000
-11.000000 -10.000000 0.999983 0.577000 0.577000
-11.000000 -9.000000 0.933203 0.584000 0.545000
-11.000000 -8.000000 1.125213 0.535000 0.602000
-11.000000 -7.000000 1.051218 0.566000 0.595000
-11.000000 -6.000000 1.003419 0.582000 0.584000
-11.000000 -5.000000 1.141755 0.529000 0.604000
-11.000000 -4.000000 0.991272 0.574000 0.569000
-11.000000 -3.000000 1.047350 0.570000 0.597000
-11.000000 -2.000000 1.008847 0.564000 0.569000
-11.000000 -1.000000 1.017650 0.566000 0.576000
-11.000000 0.000000 1.001725 0.574000 0.575000
-11.000000 1.000000 0.954606 0.595000 0.568000
-11.000000 2.000000 1.043536 0.574000 0.599000
-11.000000 3.000000 1.019730 0.557000 0.568000
-11.000000 4.000000 1.049539 0.565000 0.593000
-11.000000 5.000000 0.956954 0.581000 0.556000
-11.000000 6.000000 1.072336 0.539000 0.578000
-11.000000 7.000000 0.974473 0.588000 0.573000
-11.000000 8.000000 1.053388 0.543000 0.572000
-11.000000 9.000000 1.033670 0.564000 0.583000
-11.000000 10.000000 0.991421 0.584000 0.579000
-11.000000 11.000000 0.966591 0.569000 0.550000
-11.000000 12.000000 1.010509 0.570000 0.576000
-11.000000 13.000000 1.001771 0.559000 0.560000
-11.000000 14.000000 1.018603 0.537000 0.547000
-11.000000 15.000000 1.063177 0.538000 0.572000
-11.000000 16.000000 0.926855 0.588000 0.545000
-11.000000 17.000000 1.018568 0.538000 0.548000
-11.000000 18.000000 0.979365 0.582000 0.570000
-11.000000 19.000000 0.994890 0.589000 0.586000
-11.000000 20.000000 0.926228 0.583000 0.540000
-11.000000 21.000000 0.954758 0.597000 0.570000
-11.000000 22.000000 0.952863 0.573000 0.546000
-11.000000 23.000000 1.012220 0.572000 0.579000
-11.000000 24.000000 1.056160 0.534000 0.564000
-11.000000 25.000000 0.968459 0.571000 0.553000
-11.000000 26.000000 0.952615 0.570000 0.543000
-11.000000 27.000000 0.978068 0.502000 0.491000
-11.000000 28.000000 0.999980 0.489000 0.489000
-11.000000 29.000000 1.072442 0.483000 0.518000
-11.000000 30.000000 0.928698 0.491000 0.456000
-11.000000 31.000000 1.042012 0.452000 0.471000
-11.000000 32.000000 0.934862 0.430000 0.402000
-11.000000 33.000000 1.024072 0.415000 0.425000
-11.000000 34.000000 1.107011 0.355000 0.393000
-11.000000 35.000000 0.950092 0.441000 0.419000
-11.000000 36.000000 0.742023 0.283000 0.210000
-11.000000 37.000000 0.879401 0.282000 0.248000
-11.000000 38.000000 0.918485 0.270000 0.248000
-11.000000 39.000000 0.732117 0.280000 0.205000
-11.000000 40.000000 0.835736 0.274000 0.229000
-11.000000 41.000000 0.797844 0.282000 0.225000
-11.000000 42.000000 0.820980 0.257000 0.211000
-11.000000 43.000000 0.820114 0.278000 0.228000
-11.000000 44.000000 0.544959 0.011000 0.006000
-11.000000 45.000000 0.000000 0.000000 0.000000
-10.000000 -45.000000 0.000000 0.001000 0.000000
-10.000000 -44.000000 0.830084 0.259000 0.215000
-10.000000 -43.000000 0.909428 0.243000 0.221000
-10.000000 -42.000000 0.796904 0.261000 0.208000
-10.000000 -41.000000 0.909799 0.244000 0.222000
-10.000000 -40.000000 0.724808 0.298000 0.216000
-10.000000 -39.000000 0.758838 0.282000 0.214000
-10.000000 -38.000000 0.824971 0.280000 0.231000
-10.000000 -37.000000 0.753399 0.292000 0.220000
-10.000000 -36.000000 0.917933 0.256000 0.235000
-10.000000 -35.000000 0.790457 0.420000 0.332000
-10.000000 -34.000000 1.008037 0.372000 0.375000
-10.000000 -33.000000 0.943327 0.406000 0.383000
-10.000000 -32.000000 0.967190 0.427000 0.413000
-10.000000 -31.000000 0.940532 0.471000 0.443000
-10.000000 -30.000000 1.030021 0.466000 0.480000
-10.000000 -29.000000 0.989519 0.478000 0.473000
-10.000000 -28.000000 1.006127 0.488000 0.491000
-10.000000 -27.000000 1.021549 0.510000 0.521000
-10.000000 -26.000000 0.983737 0.554000 0.545000
-10.000000 -25.000000 0.910979 0.573000 0.522000
-10.000000 -24.000000 1.003467 0.574000 0.576000
-10.000000 -23.000000 0.965381 0.578000 0.558000
-10.000000 -22.000000 0.964647 0.566000 0.546000
-10.000000 -21.000000 0.968459 0.571000 0.553000
-10.000000 -20.000000 0.986118 0.577000 0.569000
-10.000000 -19.000000 0.981050 0.581000 0.570000
-10.000000 -18.000000 0.954299 0.591000 0.564000
-10.000000 -17.000000 0.990957 0.554000 0.549000
-10.000000 -16.000000 0.976260 0.548000 0.535000
-10.000000 -15.000000 1.001844 0.537000 0.538000
-10.000000 -14.000000 0.993074 0.579000 0.575000
-10.000000 -13.000000 1.023791 0.546000 0.559000
-10.000000 -12.000000 0.969948 0.566000 0.549000
-10.000000 -11.000000 1.005446 0.549000 0.552000
-10.000000 -10.000000 1.021642 0.554000 0.566000
-10.000000 -9.000000 0.961319 0.569000 0.547000
-10.000000 -8.000000 1.026720 0.561000 0.576000
-10.000000 -7.000000 1.039550 0.556000 0.578000
-10.000000 -6.000000 0.962947 0.594000 0.572000
-10.000000 -5.000000 0.968181 0.566000 0.548000
-10.000000 -4.000000 0.991302 0.576000 0.571000
-10.000000 -3.000000 1.001765 0.561000 0.562000
-10.000000 -2.000000 0.940460 0.588000 0.553000
-10.000000 -1.000000 1.030393 0.559000 0.576000
-10.000000 0.000000 1.005264 0.568000 0.571000
-10.000000 1.000000 1.021564 0.556000 0.568000
-10.000000 2.000000 1.019695 0.558000 0.569000
-10.000000 3.000000 0.961114 0.566000 0.544000
-10.000000 4.000000 1.036889 0.569000 0.590000
-10.000000 5.000000 0.931255 0.582000 0.542000
-10.000000 6.000000 1.083465 0.551000 0.597000
-10.000000 7.000000 1.058912 0.543000 0.575000
-10.000000 8.000000 0.971360 0.559000 0.543000
-10.000000 9.000000 1.024543 0.570000 0.584000
-10.000000 10.000000 0.949479 0.594000 0.564000
-10.000000 11.000000 1.025071 0.558000 0.572000
-10.000000 12.000000 1.007321 0.545000 0.549000
-10.000000 13.000000 1.012896 0.542000 0.549000
-10.000000 14.000000 0.976851 0.562000 0.549000
-10.000000 15.000000 1.056757 0.546000 0.577000
-10.000000 16.000000 1.037887 0.554000 0.575000
-10.000000 17.000000 0.980198 0.556000 0.545000
-10.000000 18.000000 0.923584 0.589000 0.544000
-10.000000 19.000000 1.005486 0.545000 0.548000
-10.000000 20.000000 0.971962 0.571000 0.555000
-10.000000 21.000000 0.971072 0.588000 0.571000
-10.000000 22.000000 0.979781 0.594000 0.582000
-10.000000 23.000000 0.987788 0.574000 0.567000
-10.000000 24.000000 0.921175 0.571000 0.526000
-10.000000 25.000000 0.999982 0.555000 0.555000
-10.000000 26.000000 0.918352 0.588000 0.540000
-10.000000 27.000000 1.047418 0.527000 0.552000
-10.000000 28.000000 1.033979 0.500000 0.517000
-10.000000 29.000000 1.016928 0.472000 0.480000
-10.000000 30.000000 0.974822 0.477000 0.465000
-10.000000 31.000000 0.955204 0.469000 0.448000
-10.000000 32.000000 0.991148 0.453000 0.449000
-10.000000 33.000000 1.033955 0.412000 0.426000
-10.000000 34.000000 1.007766 0.385000 0.388000
-10.000000 35.000000 0.898967 0.396000 0.356000
-10.000000 36.000000 0.721625 0.291000 0.210000
-10.000000 37.000000 0.784643 0.274000 0.215000
-10.000000 38.000000 0.870933 0.248000 0.216000
-10.000000 39.000000 0.866875 0.278000 0.241000
-10.000000 40.000000 0.765707 0.286000 0.219000
-10.000000 41.000000 0.794647 0.263000 0.209000
-10.000000 42.000000 0.824787 0.274000 0.226000
-10.000000 43.000000 0.778142 0.284000 0.221000
-10.000000 44.000000 0.759006 0.249000 0.189000
-10.000000 45.000000 0.000000 0.000000 0.000000
-9.000000 -45.000000 0.399202 0.005000 0.002000
-9.000000 -44.000000 0.794323 0.248000 0.197000
-9.000000 -43.000000 0.760120 0.271000 0.206000
-9.000000 -42.000000 0.787042 0.263000 0.207000
-9.000000 -41.000000 0.829514 0.264000 0.219000
-9.000569 -40.000083 0.765707 0.286000 0.219000
-9.000000 -39.000000 0.899562 0.249000 0.224000
-9.000000 -38.000000 0.678322 0.314000 0.213000
-9.000000 -37.000000 0.740325 0.285000 0.211000
-9.000000 -36.000000 0.947452 0.514000 0.487000
-9.000000 -35.000000 0.934401 0.366000 0.342000
-9.000000 -34.000000 0.941928 0.379000 0.357000
-9.000000 -33.000000 0.981416 0.431000 0.423000
-9.000000 -32.000000 0.961353 0.466000 0.448000
-9.000000 -31.000000 1.079521 0.440000 0.475000
-9.000000 -30.000000 0.968860 0.482000 0.467000
-9.000000 -29.000000 0.976218 0.505000 0.493000
-9.000000 -28.000000 0.964756 0.511000 0.493000
-9.000000 -27.000000 0.996430 0.563000 0.561000
-9.000000 -26.000000 0.931841 0.587000 0.547000
-9.000000 -25.000000 0.964647 0.566000 0.546000
-9.000000 -24.000000 1.019520 0.563000 0.574000
-9.000000 -23.000000 1.005102 0.586000 0.589000
-9.000000 -22.000000 0.948260 0.580000 0.550000
-9.000000 -21.000000 1.017557 0.569000 0.579000
-9.000000 -20.000000 1.063617 0.550000 0.585000
-9.000000 -19.000000 0.998222 0.568000 0.567000
-9.000000 -18.000000 1.049884 0.521000 0.547000
-9.000000 -17.000000 0.996319 0.546000 0.544000
-9.000000 -16.000000 0.992852 0.561000 0.557000
-9.000000 -15.000000 0.967492 0.554000 0.536000
-9.000000 -14.000000 0.965619 0.582000 0.562000
-9.000000 -13.000000 1.027057 0.554000 0.569000
-9.000000 -12.000000 0.984053 0.565000 0.556000
-9.000000 -11.000000 1.097493 0.523000 0.574000
-9.000000 -10.000000 1.075656 0.555000 0.597000
-9.000000 -9.000000 1.003685 0.540000 0.542000
-9.000000 -8.000000 0.987138 0.545000 0.538000
-9.000000 -7.000000 0.941651 0.600000 0.565000
-9.000000 -6.000000 1.059460 0.538000 0.570000
-9.000000 -5.000000 1.013017 0.537000 0.544000
-9.000000 -4.000000 0.987702 0.570000 0.563000
-9.000000 -3.000000 0.956731 0.578000 0.553000
-8.999796 -2.000524 1.024458 0.572000 0.586000
-9.000000 -1.000000 0.984519 0.582000 0.573000
-9.000000 0.000000 0.992878 0.563000 0.559000
-9.000000 1.000000 0.951708 0.580000 0.552000
-9.000000 2.000000 1.037683 0.557000 0.578000
-9.000000 3.000000 0.951457 0.577000 0.549000
-9.000000 4.000000 1.033910 0.560000 0.579000
-9.000000 5.000000 0.967782 0.559000 0.541000
-9.000000 6.000000 1.053192 0.545000 0.574000
-9.000000 7.000000 0.937156 0.573000 0.537000
-9.000000 8.000000 1.077902 0.539000 0.581000
-9.000000 9.000000 0.987438 0.558000 0.551000
-9.000000 10.000000 1.025026 0.559000 0.573000
-9.000000 11.000000 1.032649 0.551000 0.569000
-9.000000 12.000000 1.042013 0.571000 0.595000
-9.000000 13.000000 0.967954 0.562000 0.544000
-9.000000 14.000000 0.935235 0.556000 0.520000
-9.000000 15.000000 0.935795 0.592000 0.554000
-9.000000 16.000000 1.012944 0.540000 0.547000
-9.000000 17.000000 1.017967 0.556000 0.566000
-9.000000 18.000000 1.007308 0.546000 0.550000
-9.000000 19.000000 1.012031 0.581000 0.588000
-9.000000 20.000000 0.920458 0.591000 0.544000
-9.000000 21.000000 0.999983 0.583000 0.583000
-9.000000 22.000000 1.012199 0.573000 0.580000
-9.000000 23.000000 0.977950 0.590000 0.577000
-9.000000 24.000000 0.855158 0.580000 0.496000
-9.000000 25.000000 0.907519 0.584000 0.530000
-9.000000 26.000000 0.989033 0.548000 0.542000
-9.000000 27.000000 0.982936 0.528000 0.519000
-9.000000 28.000000 0.964825 0.512000 0.494000
-9.000000 29.000000 1.008093 0.493000 0.497000
-9.000000 30.000000 0.937981 0.500000 0.469000
-9.000000 31.000000 1.013460 0.445000 0.451000
-9.000000 32.000000 1.085228 0.434000 0.471000
-9.000000 33.000000 1.030743 0.390000 0.402000
-9.000000 34.000000 0.994912 0.395000 0.393000
-9.000000 35.000000 0.858616 0.382000 0.328000
-9.000000 36.000000 0.833318 0.540000 0.450000
-9.000000 37.000000 0.856084 0.278000 0.238000
-9.000000 38.000000 0.903193 0.279000 0.252000
-9.000000 39.000000 0.806053 0.263000 0.212000
-9.000000 40.000000 0.906215 0.256000 0.232000
-9.000000 41.000000 0.794746 0.268000 0.213000
-9.000000 42.000000 0.766159 0.278000 0.213000
-9.000000 43.000000 0.869371 0.268000 0.233000
-9.000000 44.000000 0.890532 0.265000 0.236000
-9.000000 45.000000 1.331115 0.006000 0.008000
-8.000000 -45.000000 0.664452 0.003000 0.002000
-8.000000 -44.000000 0.785949 0.271000 0.213000
-8.000000 -43.000000 0.859816 0.264000 0.227000
-8.000000 -42.000000 0.772865 0.273000 0.211000
-8.000000 -41.000000 0.852910 0.272000 0.232000
-8.000000 -40.000000 0.892395 0.251000 0.224000
-8.000000 -39.000000 0.850772 0.248000 0.211000
-8.000000 -38.000000 0.800696 0.276000 0.221000
-8.000000 -37.000000 0.946732 0.263000 0.249000
-8.000000 -36.000000 0.885945 0.456000 0.404000
-8.000000 -35.000000 1.094768 0.327000 0.358000
-8.000000 -34.000000 1.005497 0.362000 0.364000
-8.000000 -33.000000 1.033873 0.413000 0.427000
-8.000000 -32.000000 0.914454 0.456000 0.417000
-8.000000 -31.000000 0.995442 0.441000 0.439000
-8.000000 -30.000000 0.957674 0.520000 0.498000
-8.000000 -29.000000 0.981346 0.483000 0.474000
-8.000097 -27.999993 0.994028 0.504000 0.501000
-8.000000 -27.000000 1.059905 0.534000 0.566000
-8.000000 -26.000000 0.928803 0.576000 0.535000
-8.000000 -25.000000 0.959058 0.562000 0.539000
-8.000000 -24.000000 0.919367 0.583000 0.536000
-8.000000 -23.000000 0.946992 0.585000 0.554000
-8.000000 -22.000000 0.946992 0.585000 0.554000
-8.000000 -21.000000 0.945095 0.583000 0.551000
-8.000000 -20.000000 0.996517 0.577000 0.575000
-8.000000 -19.000000 0.918352 0.588000 0.540000
-8.000000 -18.000000 1.057672 0.520000 0.550000
-8.000000 -17.000000 0.980853 0.575000 0.564000
-8.000000 -16.000000 1.028282 0.530000 0.545000
-8.000000 -15.000000 1.025764 0.543000 0.557000
-8.000000 -14.000000 1.057924 0.535000 0.566000
-8.000000 -13.000000 0.959419 0.567000 0.544000
-8.000000 -12.000000 0.968459 0.571000 0.553000
-8.000000 -11.000000 0.992656 0.546000 0.542000
-8.000000 -10.000000 0.965201 0.575000 0.555000
-8.000000 -9.000000 0.964834 0.569000 0.549000
-8.000000 -8.000000 0.943185 0.581000 0.548000
-8.000000 -7.000000 1.022869 0.568000 0.581000
-8.000000 -6.000000 0.978024 0.592000 0.579000
-8.000000 -5.000000 1.063617 0.550000 0.585000
-8.000000 -4.000000 1.042686 0.562000 0.586000
-8.000000 -3.000000 0.984385 0.577000 0.568000
-8.000000 -2.000000 1.041875 0.549000 0.572000
-8.000000 -1.000000 0.979713 0.592000 0.580000
-8.000000 0.000000 0.986493 0.593000 0.585000
-8.000000 1.000000 0.975248 0.566000 0.552000
-8.000000 2.000000 1.038443 0.546000 0.567000
-8.000000 3.000000 1.052804 0.549000 0.578000
-8.000000 4.000000 1.032828 0.548000 0.566000
-8.000000 5.000000 1.005273 0.567000 0.570000
-8.000000 6.000000 0.957028 0.582000 0.557000
-8.000000 7.000000 0.953190 0.577000 0.550000
-8.000000 8.000000 0.998237 0.573000 0.572000
-8.000000 9.000000 0.999982 0.569000 0.569000
-8.000000 10.000000 1.038232 0.549000 0.570000
-8.000000 11.000000 0.983737 0.554000 0.545000
-8.000000 12.000000 1.040200 0.547000 0.569000
-8.000000 13.000000 1.047775 0.544000 0.570000
-8.000000 14.000000 1.097358 0.534000 0.586000
-8.000000 15.000000 0.971360 0.559000 0.543000
-8.000000 16.000000 1.046021 0.543000 0.568000
-8.000000 17.000000 1.030056 0.532000 0.548000
-8.000000 18.000000 1.031756 0.535000 0.552000
-8.000000 19.000000 1.019348 0.568000 0.579000
-8.000000 20.000000 0.969423 0.589000 0.571000
-8.000000 21.000000 1.010970 0.546000 0.552000
-8.000000 22.000000 0.998234 0.572000 0.571000
-8.000000 23.000000 0.962052 0.580000 0.558000
-8.000000 24.000000 1.038511 0.571000 0.593000
-8.000000 25.000000 0.970106 0.569000 0.552000
-8.000000 26.000000 0.999981 0.539000 0.539000
-8.000000 27.000000 0.925779 0.566000 0.524000
-8.000000 28.000000 1.006004 0.498000 0.501000
-8.000000 29.000000 1.015759 0.507000 0.515000
-8.000000 30.000000 1.022991 0.478000 0.489000
-8.000000 31.000000 1.052379 0.458000 0.482000
-8.000000 32.000000 1.031651 0.442000 0.456000
-8.000000 33.000000 1.032534 0.430000 0.444000
-8.000000 34.000000 1.124969 0.360000 0.405000
-8.000000 35.000000 1.104757 0.334000 0.369000
-8.000000 36.000000 0.917907 0.463000 0.425000
-8.000000 37.000000 0.908711 0.263000 0.239000
-8.000000 38.000000 0.741471 0.294000 0.218000
-8.000000 39.000000 0.835058 0.285000 0.238000
-8.000000 40.000000 0.869856 0.269000 0.234000
-8.000000 41.000000 0.704674 0.298000 0.210000
-8.000000 42.000000 0.871397 0.280000 0.244000
-8.000000 43.000000 0.803000 0.264000 0.212000
-8.000000 44.000000 0.847296 0.262000 0.222000
-8.000000 45.000000 0.497512 0.002000 0.001000
-7.000000 -45.000000 0.499168 0.006000 0.003000
-7.000000 -44.000000 0.837090 0.264000 0.221000
-7.000000 -43.000000 0.742023 0.283000 0.210000
-7.000000 -42.000000 0.759424 0.291000 0.221000
-7.000000 -41.000000 0.826223 0.259000 0.214000
-7.000000 -40.000000 0.827091 0.295000 0.244000
-7.000000 -39.000000 0.984458 0.258000 0.254000
-7.000000 -38.000000 0.721585 0.273000 0.197000
-7.000000 -37.000000 0.900336 0.271000 0.244000
-7.000000 -36.000000 0.893885 0.443000 0.396000
-7.000000 -35.000000 1.104727 0.315000 0.348000
-7.000000 -34.000000 0.994597 0.372000 0.370000
-7.000000 -33.000000 1.046009 0.391000 0.409000
-7.000000 -32.000000 0.921089 0.469000 0.432000
-7.000000 -31.000000 1.023071 0.433000 0.443000
-7.000000 -30.000000 0.935602 0.466000 0.436000
-7.000000 -29.000000 1.100619 0.467000 0.514000
-7.000000 -28.000000 0.999980 0.511000 0.511000
-7.000000 -27.000000 1.066385 0.512000 0.546000
-7.000000 -26.000000 1.056039 0.553000 0.584000
-7.000000 -25.000000 0.906288 0.587000 0.532000
-7.000000 -24.000000 0.955180 0.558000 0.533000
-7.000000 -23.000000 0.970158 0.570000 0.553000
-7.000000 -22.000000 0.891141 0.588000 0.524000
-7.000000 -21.000000 1.051952 0.558000 0.587000
-7.000000 -20.000000 0.919717 0.598000 0.550000
-7.000000 -19.000000 0.951940 0.562000 0.535000
-7.000000 -18.000000 0.983438 0.544000 0.535000
-7.000000 -17.000000 0.994487 0.546000 0.543000
-7.000000 -16.000000 0.966532 0.568000 0.549000
-7.000000 -15.000000 1.033850 0.561000 0.580000
-7.000000 -14.000000 1.038094 0.551000 0.572000
-7.000000 -13.000000 0.924940 0.573000 0.530000
-7.000000 -12.000000 0.983315 0.540000 0.531000
-7.000000 -11.000000 1.016617 0.541000 0.550000
-7.000000 -10.000000 1.021919 0.547000 0.559000
-7.000000 -9.000000 0.994756 0.574000 0.571000
-7.000000 -8.000000 1.054177 0.572000 0.603000
-7.000000 -7.000000 1.038443 0.546000 0.567000
-7.000000 -6.000000 0.996378 0.555000 0.553000
-7.000000 -5.000000 1.014166 0.564000 0.572000
-7.000000 -4.000000 0.959715 0.596000 0.572000
-7.000000 -3.000000 1.013968 0.572000 0.580000
-7.000000 -2.000000 0.969056 0.582000 0.564000
-7.000000 -1.000000 0.952687 0.592000 0.564000
-7.000000 0.000000 0.996404 0.559000 0.557000
-7.000000 1.000000 0.896426 0.618000 0.554000
-7.000000 2.000000 1.023405 0.555000 0.568000
-7.000000 3.000000 0.974298 0.584000 0.569000
-7.000000 4.000000 1.010620 0.564000 0.570000
-7.000000 5.000000 1.016315 0.551000 0.560000
-7.000000 6.000000 0.999982 0.547000 0.547000
-7.000000 7.000000 1.058696 0.545000 0.577000
-7.000000 8.000000 0.979258 0.579000 0.567000
-7.000000 9.000000 1.051451 0.544000 0.572000
-7.000000 10.000000 1.072471 0.538000 0.577000
-7.000000 11.000000 1.067499 0.548000 0.585000
-7.000000 12.000000 1.040618 0.566000 0.589000
-7.000000 13.000000 0.951162 0.594000 0.565000
-7.000000 14.000000 0.973759 0.572000 0.557000
-7.000000 15.000000 1.025298 0.553000 0.567000
-7.000000 16.000000 1.030502 0.557000 0.574000
-7.000000 17.000000 1.041805 0.526000 0.548000
-7.000000 18.000000 1.021760 0.551000 0.563000
-7.000000 19.000000 1.005695 0.525000 0.528000
-7.000000 20.000000 0.925234 0.602000 0.557000
-7.000000 21.000000 1.019555 0.562000 0.573000
-7.000000 22.000000 0.924512 0.583000 0.539000
-7.000000 23.000000 0.978400 0.556000 0.544000
-7.000000 24.000000 0.974298 0.584000 0.569000
-7.000000 25.000000 1.024587 0.569000 0.583000
-7.000000 26.000000 0.996372 0.554000 0.552000
-7.000000 27.000000 0.975507 0.572000 0.558000
-7.000000 28.000000 1.079733 0.489000 0.528000
-7.000000 29.000000 1.022247 0.494000 0.505000
-7.000000 30.000000 0.928698 0.491000 0.456000
-7.000000 31.000000 0.983243 0.478000 0.470000
-7.000000 32.000000 0.988916 0.452000 0.447000
-7.000000 33.000000 0.990565 0.425000 0.421000
-7.000000 34.000000 1.034887 0.401000 0.415000
-7.000000 35.000000 1.020319 0.344000 0.351000
-7.000000 36.000000 0.997506 0.405000 0.404000
-7.000000 37.000000 0.802168 0.273000 0.219000
-7.000000 38.000000 0.847722 0.289000 0.245000
-7.000000 39.000000 0.918485 0.270000 0.248000
-7.000000 40.000000 0.968466 0.254000 0.246000
-7.000000 41.000000 0.804398 0.271000 0.218000
-7.000000 42.000000 0.830157 0.265000 0.220000
-7.000000 43.000000 0.851529 0.256000 0.218000
-7.000000 44.000000 0.854216 0.247000 0.211000
-7.000000 45.000000 0.749064 0.008000 0.006000
-6.000000 -45.000000 0.855920 0.007000 0.006000
-6.000000 -44.000000 0.810046 0.258000 0.209000
-6.000000 -43.000000 0.803607 0.275000 0.221000
-6.000000 -42.000000 0.796335 0.275000 0.219000
-6.000000 -41.000000 0.928817 0.253000 0.235000
-6.000000 -40.000000 0.941824 0.258000 0.243000
-6.000000 -39.000000 0.735890 0.284000 0.209000
-6.000000 -38.000000 0.737906 0.290000 0.214000
-6.000000 -37.000000 0.783024 0.295000 0.231000
-6.000000 -36.000000 0.772939 0.392000 0.303000
-6.000000 -35.000000 0.999972 0.354000 0.354000
-6.000000 -34.000000 0.992550 0.404000 0.401000
-6.000000 -33.000000 0.983270 0.419000 0.412000
-6.000000 -32.000000 0.867350 0.475000 0.412000
-6.000000 -31.000000 1.077073 0.441000 0.475000
-6.000000 -30.000000 0.985180 0.473000 0.466000
-6.000000 -29.000000 0.941042 0.509000 0.479000
-6.000000 -28.000000 1.001897 0.522000 0.523000
-6.000000 -27.000000 1.003755 0.530000 0.532000
-6.000000 -26.000000 0.996312 0.545000 0.543000
-6.000000 -25.000000 0.975335 0.568000 0.554000
-6.000000 -24.000000 0.992940 0.568000 0.564000
-6.000000 -23.000000 0.979041 0.573000 0.561000
-6.000000 -22.000000 1.047951 0.542000 0.568000
-6.000000 -21.000000 0.963011 0.568000 0.547000
-6.000000 -20.000000 1.021072 0.569000 0.581000
-6.000000 -19.000000 0.886878 0.557000 0.494000
-6.000000 -18.000000 0.961237 0.542000 0.521000
-6.000000 -17.000000 1.001758 0.563000 0.564000
-6.000000 -16.000000 0.992953 0.569000 0.565000
-6.000000 -15.000000 0.957049 0.559000 0.535000
-6.000000 -14.000000 1.014396 0.555000 0.563000
-6.000000 -13.000000 1.030393 0.559000 0.576000
-6.000000 -12.000000 1.018000 0.555000 0.565000
-6.000000 -11.000000 0.945310 0.567000 0.536000
-6.000000 -10.000000 1.003651 0.545000 0.547000
-6.000000 -9.000000 0.984493 0.581000 0.572000
-6.000000 -8.000000 1.042992 0.558000 0.582000
-6.000000 -7.000000 0.980375 0.561000 0.550000
-6.000000 -6.000000 1.029072 0.550000 0.566000
-6.000000 -5.000000 0.922170 0.604000 0.557000
-6.000000 -4.000000 0.999982 0.550000 0.550000
-6.000000 -3.000000 1.078879 0.545000 0.588000
-6.000000 -2.000000 0.941464 0.581000 0.547000
-6.000000 -1.000000 0.943246 0.564000 0.532000
-6.000000 0.000000 0.985798 0.564000 0.556000
-6.000000 1.000000 0.968515 0.572000 0.554000
-6.000000 2.000000 1.044465 0.562000 0.587000
-6.000000 3.000000 0.991164 0.567000 0.562000
-6.000000 4.000000 1.012371 0.565000 0.572000
-6.000000 5.000000 1.005227 0.572000 0.575000
-6.000000 6.000000 0.935686 0.591000 0.553000
-6.000000 7.000000 0.970315 0.573000 0.556000
-6.000000 8.000000 1.098651 0.527000 0.579000
-6.000000 9.000000 1.039603 0.530000 0.551000
-6.000000 10.000000 1.048894 0.552000 0.579000
-6.000000 11.000000 1.029501 0.542000 0.558000
-6.000000 12.000000 1.054725 0.548000 0.578000
-6.000000 13.000000 1.033009 0.545000 0.563000
-6.000000 14.000000 1.012549 0.557000 0.564000
-6.000000 15.000000 0.980410 0.562000 0.551000
-6.000000 16.000000 1.071008 0.535000 0.573000
-6.000000 17.000000 0.967255 0.550000 0.532000
-6.000000 18.000000 0.953471 0.559000 0.533000
-6.000000 19.000000 0.948012 0.558000 0.529000
-6.000000 20.000000 1.032010 0.562000 0.580000
-6.000000 21.000000 0.991287 0.575000 0.570000
-6.000000 22.000000 1.055536 0.540000 0.570000
-6.000000 23.000000 0.980019 0.551000 0.540000
-6.000000 24.000000 0.945167 0.602000 0.569000
-6.000000 25.000000 0.992903 0.565000 0.561000
-6.000000 26.000000 1.026052 0.537000 0.551000
-6.000000 27.000000 1.111090 0.531000 0.590000
-6.000000 28.000000 1.003618 0.550000 0.552000
-6.000000 29.000000 0.993919 0.495000 0.492000
-6.000000 30.000000 1.028549 0.455000 0.468000
-6.000000 31.000000 1.044323 0.451000 0.471000
-6.000000 32.000000 1.054999 0.418000 0.441000
-6.000000 33.000000 0.979096 0.431000 0.422000
-6.000000 34.000000 1.053735 0.372000 0.392000
-6.000000 35.000000 1.034274 0.379000 0.392000
-6.000000 36.000000 0.867949 0.409000 0.355000
-6.000000 37.000000 0.792955 0.285000 0.226000
-6.000000 38.000000 0.819416 0.288000 0.236000
-6.000000 39.000000 0.776145 0.277000 0.215000
-6.000000 40.000000 0.812704 0.267000 0.217000
-6.000000 41.000000 0.720514 0.297000 0.214000
-6.000000 42.000000 0.900758 0.252000 0.227000
-6.000000 43.000000 0.727889 0.283000 0.206000
-6.000000 44.000000 0.876459 0.251000 0.220000
-6.000000 45.000000 1.246883 0.004000 0.005000
-5.000000 -45.000000 0.713267 0.007000 0.005000
-5.000000 -44.000000 0.904527 0.241000 0.218000
-5.000000 -43.000000 0.794935 0.278000 0.221000
-5.000000 -42.000000 0.799227 0.269000 0.215000
-5.000000 -41.000000 0.867352 0.279000 0.242000
-5.000000 -40.000000 0.995861 0.244000 0.243000
-5.000000 -39.000000 0.892160 0.269000 0.240000
-5.000000 -38.000000 0.912844 0.264000 0.241000
-5.000000 -37.000000 0.831471 0.273000 0.227000
-5.000000 -36.000000 0.855168 0.366000 0.313000
-5.000000 -35.000000 1.017514 0.342000 0.348000
-5.000000 -34.000000 0.990000 0.401000 0.397000
-5.000000 -33.000000 0.949858 0.419000 0.398000
-5.000000 -32.000000 1.023341 0.428000 0.438000
-5.000000 -31.000000 0.984761 0.460000 0.453000
-5.000000 -30.000000 0.975339 0.487000 0.475000
-5.000000 -29.000000 0.985366 0.479000 0.472000
-5.000000 -28.000000 0.985056 0.536000 0.528000
-5.000000 -27.000000 0.976601 0.556000 0.543000
-5.000000 -26.000000 0.936154 0.564000 0.528000
-5.000000 -25.000000 1.060200 0.548000 0.581000
-5.000000 -24.000000 0.958911 0.560000 0.537000
-5.000000 -23.000000 0.915356 0.579000 0.530000
-5.000000 -22.000000 0.989325 0.563000 0.557000
-5.000000 -21.000000 0.943506 0.602000 0.568000
-5.000000 -20.000000 0.954766 0.575000 0.549000
-5.000000 -19.000000 1.048488 0.536000 0.562000
-5.000000 -18.000000 1.118299 0.524000 0.586000
-5.000000 -17.000000 1.024055 0.540000 0.553000
-5.000000 -16.000000 1.052810 0.530000 0.558000
-5.000000 -15.000000 0.951855 0.561000 0.534000
-5.000000 -14.000000 0.999981 0.539000 0.539000
-5.000000 -13.000000 1.064915 0.539000 0.574000
-5.000000 -12.000000 0.955340 0.560000 0.535000
-5.000000 -11.000000 1.059872 0.551000 0.584000
-5.000000 -10.000000 1.043224 0.555000 0.579000
-5.000000 -9.000000 1.078879 0.545000 0.588000
-5.000000 -8.000000 0.965970 0.588000 0.568000
-5.000000 -7.000000 0.974254 0.583000 0.568000
-5.000000 -6.000000 1.029232 0.547000 0.563000
-5.000000 -5.000000 0.933082 0.568000 0.530000
-5.000000 -4.000000 1.017374 0.575000 0.585000
-5.000000 -3.000000 1.030612 0.555000 0.572000
-5.000000 -2.000000 1.107058 0.551000 0.610000
-5.000000 -1.000000 0.993026 0.575000 0.571000
-5.000000 0.000000 0.945469 0.587000 0.555000
-5.000000 1.000000 0.916224 0.585000 0.536000
-5.000000 2.000000 0.949724 0.577000 0.548000
-5.000000 3.000000 0.937047 0.572000 0.536000
-5.000000 4.000000 0.966824 0.573000 0.554000
-5.000000 5.000000 1.012460 0.561000 0.568000
-5.000000 6.000000 0.953027 0.575000 0.548000
-5.000000 7.000000 1.017935 0.557000 0.567000
-5.000000 8.000000 0.972108 0.574000 0.558000
-5.000000 9.000000 1.018431 0.542000 0.552000
-5.000000 10.000000 1.001800 0.550000 0.551000
-5.000000 11.000000 1.020202 0.544000 0.555000
-5.000000 12.000000 1.014242 0.561000 0.569000
-5.000000 13.000000 0.963714 0.579000 0.558000
-5.000000 14.000000 1.044590 0.538000 0.562000
-5.000000 15.000000 1.031638 0.537000 0.554000
-5.000000 16.000000 0.989287 0.561000 0.555000
-5.000000 17.000000 1.033130 0.543000 0.561000
-5.000000 18.000000 0.976601 0.556000 0.543000
-5.000000 19.000000 1.042573 0.540000 0.563000
-5.000000 20.000000 0.873273 0.584000 0.510000
-5.000000 21.000000 1.001713 0.578000 0.579000
-5.000000 22.000000 0.950411 0.585000 0.556000
-5.000000 23.000000 0.864622 0.591000 0.511000
-5.000000 24.000000 0.967608 0.556000 0.538000
-5.000000 25.000000 1.015635 0.575000 0.584000
-5.000000 26.000000 0.957625 0.543000 0.520000
-5.000000 27.000000 0.955784 0.543000 0.519000
-5.000000 28.000000 0.969185 0.552000 0.535000
-5.000000 29.000000 1.128578 0.451000 0.509000
-5.000000 30.000000 1.079547 0.465000 0.502000
-5.000000 31.000000 1.082750 0.447000 0.484000
-5.000000 32.000000 0.999977 0.438000 0.438000
-5.000000 33.000000 0.980511 0.411000 0.403000
-5.000000 34.000000 1.123936 0.363000 0.408000
-5.000000 35.000000 0.999971 0.346000 0.346000
-5.000000 36.000000 0.854031 0.370000 0.316000
-5.000000 37.000000 0.909740 0.266000 0.242000
-5.000054 38.000005 0.739411 0.284000 0.210000
-5.000000 39.000000 0.777383 0.301000 0.234000
-5.000000 40.000000 0.784220 0.292000 0.229000
-5.000000 41.000000 0.784918 0.279000 0.219000
-5.000000 42.000000 0.795670 0.279000 0.222000
-5.000000 43.000000 0.855041 0.276000 0.236000
-5.000000 44.000000 0.927620 0.235000 0.218000
-5.000000 45.000000 1.661130 0.003000 0.005000
-4.000000 -45.000000 0.738155 0.275000 0.203000
-4.000000 -44.000000 0.886759 0.265000 0.235000
-4.000000 -43.000000 0.807378 0.270000 0.218000
-4.000000 -42.000000 0.995684 0.234000 0.233000
-4.000000 -41.000000 0.849025 0.265000 0.225000
-4.000000 -40.000000 0.898462 0.266000 0.239000
-4.000000 -39.000000 0.783189 0.286000 0.224000
-4.000000 -38.000000 0.852711 0.292000 0.249000
-4.000000 -37.000000 0.877653 0.515000 0.452000
-4.000000 -36.000000 0.904200 0.355000 0.321000
-4.000000 -35.000000 0.966640 0.360000 0.348000
-4.000000 -34.000000 0.947079 0.397000 0.376000
-4.000000 -33.000000 1.002380 0.416000 0.417000
-4.000000 -32.000000 0.972783 0.478000 0.465000
-4.000000 -31.000000 0.966507 0.478000 0.462000
-4.000000 -30.000000 0.974173 0.465000 0.453000
-4.000000 -29.000000 1.012401 0.483000 0.489000
-4.000000 -28.000000 1.028938 0.518000 0.533000
-4.000000 -27.000000 0.949623 0.556000 0.528000
-4.000000 -26.000000 0.913926 0.581000 0.531000
-4.000000 -25.000000 0.965374 0.549000 0.530000
-4.000000 -24.000000 0.935812 0.561000 0.525000
-4.000000 -23.000000 1.032124 0.560000 0.578000
-4.000000 -22.000000 1.003485 0.571000 0.573000
-4.000000 -21.000000 1.007000 0.570000 0.574000
-4.000000 -20.000000 0.971997 0.536000 0.521000
-4.000000 -19.000000 0.936081 0.579000 0.542000
-4.000000 -18.000000 0.968404 0.570000 0.552000
-4.000000 -17.000000 1.022369 0.536000 0.548000
-4.000000 -16.000000 1.092401 0.541000 0.591000
-4.000000 -15.000000 1.023661 0.549000 0.562000
-4.000000 -14.000000 1.065080 0.553000 0.589000
-4.000000 -13.000000 0.970462 0.542000 0.526000
-4.000000 -12.000000 1.086609 0.531000 0.577000
-4.000000 -11.000000 0.998259 0.580000 0.579000
-4.000000 -10.000000 0.955387 0.583000 0.557000
-4.000000 -9.000000 1.024761 0.565000 0.579000
-4.000000 -8.000000 0.945376 0.586000 0.554000
-4.000000 -7.000000 1.005417 0.552000 0.555000
-4.000000 -6.000000 0.944725 0.561000 0.530000
-4.000000 -5.000000 0.961921 0.578000 0.556000
-4.000000 -4.000000 1.021035 0.570000 0.582000
-4.000000 -3.000000 0.999982 0.554000 0.554000
-4.000000 -2.000000 0.949373 0.573000 0.544000
-4.000000 -1.000000 0.993122 0.583000 0.579000
-4.000000 0.000000 0.951940 0.562000 0.535000
-4.000000 1.000000 0.960767 0.561000 0.539000
-4.000000 2.000000 0.980617 0.568000 0.557000
-4.000000 3.000000 0.937059 0.588000 0.551000
-4.000000 4.000000 1.008816 0.566000 0.571000
-4.000000 5.000000 1.090053 0.544000 0.593000
-4.000000 6.000000 0.984053 0.565000 0.556000
-4.000000 7.000000 1.060090 0.549000 0.582000
-4.000000 8.000000 1.033910 0.560000 0.579000
-4.000000 9.000000 1.024011 0.541000 0.554000
-4.000000 10.000000 1.010327 0.580000 0.586000
-4.000000 11.000000 1.026596 0.526000 0.540000
-4.000000 12.000000 1.058251 0.532000 0.563000
-4.000000 13.000000 1.022000 0.545000 0.557000
-4.000000 14.000000 0.992722 0.551000 0.547000
-4.000000 15.000000 0.999982 0.557000 0.557000
-4.000000 16.000000 1.009397 0.531000 0.536000
-4.000000 17.000000 1.030834 0.551000 0.568000
-4.000000 18.000000 1.020775 0.529000 0.540000
-4.000000 19.000000 0.985542 0.554000 0.546000
-4.000000 20.000000 1.091418 0.514000 0.561000
-4.000000 21.000000 0.984303 0.574000 0.565000
-4.000000 22.000000 1.016025 0.561000 0.570000
-4.000000 23.000000 1.027354 0.548000 0.563000
-4.000000 24.000000 0.856161 0.591000 0.506000
-4.000000 25.000000 0.972955 0.555000 0.540000
-4.000000 26.000000 0.966054 0.560000 0.541000
-4.000000 27.000000 0.989152 0.554000 0.548000
-4.000000 28.000000 0.935926 0.562000 0.526000
-4.000000 29.000000 1.049463 0.485000 0.509000
-4.000000 30.000000 0.984695 0.458000 0.451000
-4.000000 31.000000 1.017522 0.456000 0.464000
-4.000000 32.000000 0.999978 0.465000 0.465000
-4.000000 33.000000 0.995133 0.413000 0.411000
-4.000000 34.000000 1.076895 0.377000 0.406000
-4.000000 35.000000 1.060912 0.361000 0.383000
-4.000000 36.000000 0.889493 0.353000 0.314000
-4.000000 37.000000 0.917153 0.495000 0.454000
-4.000000 38.000000 0.770291 0.283000 0.218000
-4.000000 39.000000 0.951637 0.269000 0.256000
-4.000000 40.000000 0.925888 0.243000 0.225000
-4.000000 41.000000 0.930369 0.273000 0.254000
-4.000000 42.000000 0.895314 0.258000 0.231000
-4.000000 43.000000 0.854736 0.241000 0.206000
-4.000000 44.000000 0.870196 0.262000 0.228000
-4.000000 45.000000 0.747142 0.265000 0.198000
-3.000000 -45.000000 0.885556 0.236000 0.209000
-3.000000 -44.000000 0.811968 0.250000 0.203000
-3.000000 -43.000000 0.779822 0.268000 0.209000
-3.000000 -42.000000 0.864507 0.251000 0.217000
-3.000000 -41.000000 0.849970 0.280000 0.238000
-3.000000 -40.000000 0.790182 0.286000 0.226000
-3.000000 -39.000000 0.828866 0.263000 0.218000
-3.000000 -38.000000 0.809831 0.284000 0.230000
-3.000000 -37.000000 0.940377 0.453000 0.426000
-3.000000 -36.000000 0.753331 0.373000 0.281000
-3.000000 -35.000000 0.971319 0.349000 0.339000
-3.000000 -34.000000 0.966078 0.413000 0.399000
-3.000000 -33.000000 1.040260 0.422000 0.439000
-3.000000 -32.000000 0.931395 0.452000 0.421000
-3.000000 -31.000000 0.981151 0.478000 0.469000
-3.000000 -30.000000 0.993703 0.478000 0.475000
-3.000000 -29.000000 0.964687 0.510000 0.492000
-3.000000 -28.000000 0.928027 0.542000 0.503000
-3.000000 -27.000000 0.978438 0.557000 0.545000
-3.000000 -26.000000 1.007732 0.516000 0.520000
-3.000000 -25.000000 0.976974 0.565000 0.552000
-3.000000 -24.000000 0.941262 0.579000 0.545000
-3.000000 -23.000000 1.025622 0.546000 0.560000
-3.000000 -22.000000 1.001768 0.560000 0.561000
-3.000000 -21.000000 0.970084 0.602000 0.584000
-2.999183 -20.000061 0.954775 0.553000 0.528000
-3.000000 -19.000000 1.052810 0.530000 0.558000
-3.000000 -18.000000 0.994663 0.564000 0.561000
-3.000000 -17.000000 1.060420 0.546000 0.579000
-3.000000 -16.000000 0.952766 0.593000 0.565000
-3.000000 -15.000000 1.084432 0.521000 0.565000
-3.000000 -14.000000 0.994557 0.553000 0.550000
-3.000000 -13.000000 0.932302 0.591000 0.551000
-3.000000 -12.000000 1.041490 0.530000 0.552000
-3.000000 -11.000000 0.973197 0.560000 0.545000
-3.000000 -10.000000 1.064496 0.527000 0.561000
-3.000000 -9.000000 1.092085 0.532000 0.581000
-3.000000 -8.000000 1.077902 0.539000 0.581000
-3.000000 -7.000000 1.068326 0.556000 0.594000
-3.000000 -6.000000 0.993110 0.582000 0.578000
-3.000000 -5.000000 0.996558 0.584000 0.582000
-3.000000 -4.000000 1.001765 0.561000 0.562000
-3.000000 -3.000000 0.994557 0.553000 0.550000
-3.000000 -2.000000 0.983882 0.559000 0.550000
-3.000000 -1.000000 1.036309 0.523000 0.542000
-3.000000 0.000000 1.049613 0.544000 0.571000
-3.000000 1.000000 1.023032 0.564000 0.577000
-3.000000 2.000000 1.054035 0.555000 0.585000
-3.000000 3.000000 1.008770 0.569000 0.574000
-3.000000 4.000000 1.053938 0.556000 0.586000
-3.000000 5.000000 0.989456 0.570000 0.564000
-3.000000 6.000000 1.033069 0.544000 0.562000
-3.000000 7.000000 1.023878 0.544000 0.557000
-3.000000 8.000000 1.012549 0.557000 0.564000
-3.000000 9.000000 1.051737 0.541000 0.569000
-3.000000 10.000000 1.010564 0.567000 0.573000
-3.000000 11.000000 0.987766 0.573000 0.566000
-3.000000 12.000000 1.020780 0.577000 0.589000
-3.000000 13.000000 1.064252 0.529000 0.563000
-3.000000 14.000000 1.015132 0.528000 0.536000
-3.000000 15.000000 1.024055 0.540000 0.553000
-3.000000 16.000000 0.994517 0.549000 0.546000
-3.000000 17.000000 0.999982 0.547000 0.547000
-3.000000 18.000000 1.058232 0.515000 0.545000
-3.000000 19.000000 0.914726 0.563000 0.515000
-3.000000 20.000000 0.931515 0.555000 0.517000
-3.000000 21.000000 0.909525 0.608000 0.553000
-3.000000 22.000000 0.935071 0.570000 0.533000
-3.000000 23.000000 0.973805 0.573000 0.558000
-3.000000 24.000000 0.979041 0.573000 0.561000
-3.000000 25.000000 0.978744 0.565000 0.553000
-3.000000 26.000000 0.945831 0.554000 0.524000
-3.000000 27.000000 1.017091 0.526000 0.535000
-3.000000 28.000000 0.928945 0.549000 0.510000
-3.000000 29.000000 1.046786 0.470000 0.492000
-3.000000 30.000000 0.955536 0.495000 0.473000
-3.000139 30.999900 0.949979 0.460000 0.437000
-3.000000 32.000000 0.977756 0.450000 0.440000
-3.000000 33.000000 1.065963 0.394000 0.420000
-3.000000 34.000000 1.034547 0.376000 0.389000
-3.000000 35.000000 1.014763 0.338000 0.343000
-3.000080 35.999957 0.842541 0.343000 0.289000
-3.000000 37.000000 0.952668 0.465000 0.443000
-3.000000 38.000000 0.807800 0.281000 0.227000
-3.000000 39.000000 0.824343 0.279000 0.230000
-3.000000 40.000000 0.754240 0.293000 0.221000
-3.000000 41.000000 0.830157 0.265000 0.220000
-3.000000 42.000000 0.818811 0.276000 0.226000
-3.000000 43.000000 0.704093 0.267000 0.188000
-3.000000 44.000000 0.853721 0.253000 0.216000
-3.000000 45.000000 0.882778 0.256000 0.226000
-2.000000 -45.000000 0.774972 0.280000 0.217000
-2.000000 -44.000000 0.979717 0.247000 0.242000
-2.000000 -43.000000 0.898004 0.255000 0.229000
-2.000000 -42.000000 0.801415 0.277000 0.222000
-2.000000 -41.000000 0.785686 0.280000 0.220000
-2.000000 -40.000000 0.787644 0.292000 0.230000
-2.000000 -39.000000 0.894335 0.284000 0.254000
-2.000000 -38.000000 0.854514 0.275000 0.235000
-2.000000 -37.000000 0.995804 0.479000 0.477000
-2.000000 -36.000000 0.944070 0.322000 0.304000
-2.000000 -35.000000 1.021711 0.368000 0.376000
-2.000000 -34.000000 0.937477 0.400000 0.375000
-2.000000 -33.000000 1.027626 0.434000 0.446000
-2.000000 -32.000000 1.006873 0.435000 0.438000
-2.000000 -31.000000 1.010824 0.461000 0.466000
-2.000000 -30.000000 0.948540 0.486000 0.461000
-2.000000 -29.000000 1.067188 0.491000 0.524000
-2.000000 -28.000000 0.935411 0.573000 0.536000
-2.000000 -27.000000 0.936379 0.566000 0.530000
-2.000000 -26.000000 1.001807 0.548000 0.549000
-2.000000 -25.000000 1.007176 0.556000 0.560000
-2.000000 -24.000000 0.994635 0.561000 0.558000
-2.000000 -23.000000 1.001830 0.541000 0.542000
-2.000000 -22.000000 0.941055 0.560000 0.527000
-2.000000 -21.000000 0.958025 0.572000 0.548000
-2.000000 -20.000000 1.048488 0.536000 0.562000
-2.000000 -19.000000 1.009206 0.542000 0.547000
-2.000000 -18.000000 0.946886 0.565000 0.535000
-2.000000 -17.000000 1.053723 0.521000 0.549000
-2.000000 -16.000000 0.987067 0.542000 0.535000
-2.000000 -15.000000 1.083779 0.537000 0.582000
-2.000000 -14.000000 1.020018 0.549000 0.560000
-2.000000 -13.000000 1.042235 0.568000 0.592000
-2.000000 -12.000000 1.021879 0.548000 0.560000
-2.000000 -11.000000 1.016835 0.534000 0.543000
-2.000000 -10.000000 0.900670 0.584000 0.526000
-2.000000 -9.000000 1.051605 0.523000 0.550000
-2.000000 -8.000000 0.959490 0.568000 0.545000
-2.000000 -7.000000 0.944137 0.573000 0.541000
-2.000000 -6.000000 0.980269 0.558000 0.547000
-2.000000 -5.000000 0.994596 0.557000 0.554000
-2.000000 -4.000000 1.031897 0.564000 0.582000
-2.000000 -3.000000 1.001797 0.551000 0.552000
-2.000000 -2.000000 1.035380 0.565000 0.585000
-2.000000 -1.000000 1.019625 0.560000 0.571000
-2.000000 0.000000 1.072576 0.551000 0.591000
-2.000000 1.000000 1.045756 0.568000 0.594000
-2.000000 2.000000 0.992878 0.563000 0.559000
-2.000000 3.000000 1.043224 0.555000 0.579000
-2.000000 4.000000 0.928555 0.574000 0.533000
-2.000000 5.000000 1.021449 0.559000 0.571000
-2.000000 6.000000 1.056618 0.565000 0.597000
-2.000000 7.000000 1.023447 0.554000 0.567000
-2.000000 8.000000 1.021035 0.570000 0.582000
-2.000000 9.000000 0.996474 0.570000 0.568000
-2.000000 10.000000 1.016586 0.542000 0.551000
-2.000000 11.000000 0.987460 0.559000 0.552000
-2.000000 12.000000 0.891737 0.582000 0.519000
-2.000000 13.000000 0.976559 0.555000 0.542000
-2.000000 14.000000 1.031953 0.563000 0.581000
-2.000000 15.000000 1.091740 0.534000 0.583000
-2.000000 16.000000 1.003554 0.560000 0.562000
-2.000000 17.000000 1.059905 0.534000 0.566000
-2.000000 18.000000 0.958911 0.560000 0.537000
-2.000000 19.000000 0.978204 0.551000 0.539000
-2.000000 20.000000 1.037504 0.533000 0.553000
-2.000000 21.000000 0.999982 0.559000 0.559000
-2.000000 22.000000 0.992903 0.565000 0.561000
-2.000000 23.000000 0.945562 0.588000 0.556000
-2.000000 24.000000 1.036544 0.547000 0.567000
-2.000000 25.000000 1.008895 0.561000 0.566000
-2.000000 26.000000 0.955156 0.580000 0.554000
-2.000000 27.000000 0.994256 0.524000 0.521000
-2.000000 28.000000 1.082819 0.507000 0.549000
-2.000000 29.000000 1.090503 0.475000 0.518000
-2.000000 30.000000 1.002157 0.459000 0.460000
-2.000000 31.000000 0.975390 0.488000 0.476000
-2.000000 32.000000 1.050577 0.415000 0.436000
-2.000000 33.000000 1.140181 0.378000 0.431000
-2.000000 34.000000 1.075443 0.371000 0.399000
-2.000000 35.000000 1.119966 0.325000 0.364000
-2.000000 36.000000 0.999965 0.289000 0.289000
-2.000000 37.000000 0.918957 0.469000 0.431000
-2.000000 38.000000 0.773824 0.283000 0.219000
-2.000000 39.000000 0.991660 0.241000 0.239000
-2.000000 40.000000 0.857633 0.274000 0.235000
-2.000000 41.000000 0.782742 0.267000 0.209000
-2.000000 42.000000 0.793203 0.266000 0.211000
-2.000000 43.000000 0.795424 0.264000 0.210000
-2.000000 44.000000 0.856556 0.258000 0.221000
-2.000000 45.000000 0.954127 0.240000 0.229000
-1.000000 -45.000000 0.882542 0.264000 0.233000
-1.000000 -44.000000 0.823939 0.267000 0.220000
-1.000000 -43.000000 0.852798 0.265000 0.226000
-1.000000 -42.000000 0.844172 0.276000 0.233000
-1.000000 -41.000000 0.857633 0.274000 0.235000
-1.000000 -40.000000 0.814096 0.269000 0.219000
-1.000000 -39.000000 0.881192 0.261000 0.230000
-1.000000 -38.000000 0.780891 0.283000 0.221000
-1.000000 -37.000000 0.917757 0.450000 0.413000
-1.000000 -36.000000 0.968424 0.317000 0.307000
-1.000000 -35.000000 0.977812 0.361000 0.353000
-1.000000 -34.000000 1.031223 0.384000 0.396000
-1.000000 -33.000000 0.988295 0.428000 0.423000
-1.000000 -32.000000 0.944423 0.450000 0.425000
-1.000000 -31.000000 1.052607 0.437000 0.460000
-1.000000 -30.000000 1.019006 0.473000 0.482000
-1.000000 -29.000000 1.089149 0.471000 0.513000
-1.000000 -28.000000 0.948158 0.521000 0.494000
-1.000682 -27.000641 1.011259 0.532000 0.538000
-1.000000 -26.000000 1.007334 0.544000 0.548000
-1.000000 -25.000000 1.055536 0.540000 0.570000
-1.000000 -24.000000 0.952781 0.572000 0.545000
-1.000000 -23.000000 0.947627 0.573000 0.543000
-1.000000 -22.000000 0.977723 0.584000 0.571000
-1.000000 -21.000000 0.947619 0.592000 0.561000
-1.000000 -20.000000 1.068073 0.514000 0.549000
-1.000000 -19.000000 1.005706 0.524000 0.527000
-1.000000 -18.000000 1.006939 0.575000 0.579000
-1.000000 -17.000000 1.037294 0.536000 0.556000
-1.000000 -16.000000 1.088271 0.521000 0.567000
-1.000000 -15.000000 1.052415 0.534000 0.562000
-1.000000 -14.000000 1.014501 0.551000 0.559000
-1.000000 -13.000000 0.965748 0.555000 0.536000
-1.000000 -12.000000 1.018330 0.545000 0.555000
-1.000000 -11.000000 0.963619 0.550000 0.530000
-1.000000 -10.000000 0.992865 0.562000 0.558000
-1.000000 -9.000000 0.966473 0.567000 0.548000
-1.000000 -8.000000 1.027454 0.546000 0.561000
-1.000000 -7.000000 1.003612 0.551000 0.553000
-1.000000 -6.000000 1.008942 0.558000 0.563000
-1.000000 -5.000000 0.920726 0.593000 0.546000
-1.000000 -4.000000 0.994933 0.594000 0.591000
-1.000000 -3.000000 1.019945 0.551000 0.562000
-1.000000 -2.000000 1.149232 0.536000 0.616000
-1.000000 -1.000000 0.968787 0.577000 0.559000
-1.000000 0.000000 1.043538 0.551000 0.575000
-1.000000 1.000000 1.010851 0.552000 0.558000
-1.000000 2.000000 1.061894 0.533000 0.566000
-1.000000 3.000000 0.964451 0.591000 0.570000
-1.000000 4.000000 1.015883 0.566000 0.575000
-1.000000 5.000000 0.984385 0.577000 0.568000
-1.000000 6.000000 1.045026 0.555000 0.580000
-1.000000 7.000000 1.017807 0.561000 0.571000
-1.000000 8.000000 0.892108 0.584000 0.521000
-1.000000 9.000000 0.975248 0.566000 0.552000
-1.000000 10.000000 1.020744 0.578000 0.590000
-1.000000 11.000000 1.016140 0.557000 0.566000
-1.000000 12.000000 1.010891 0.550000 0.556000
-1.000000 13.000000 0.960200 0.553000 0.531000
-1.000000 14.000000 1.045685 0.547000 0.572000
-1.000000 15.000000 1.035428 0.536000 0.555000
-1.000000 16.000000 1.072877 0.535000 0.574000
-1.000000 17.000000 1.062598 0.527000 0.560000
-1.000000 18.000000 0.996193 0.528000 0.526000
-1.000000 19.000000 1.046885 0.533000 0.558000
-1.000000 20.000000 1.005476 0.546000 0.549000
-1.000000 21.000000 0.959419 0.567000 0.544000
-1.000000 22.000000 0.993110 0.582000 0.578000
-1.000000 23.000000 0.969626 0.560000 0.543000
-1.000000 24.000000 1.041805 0.526000 0.548000
-1.000000 25.000000 0.926813 0.574000 0.532000
-1.000000 26.000000 1.070612 0.538000 0.576000
-1.000000 27.000000 0.935467 0.558000 0.522000
-1.000000 28.000000 1.027966 0.536000 0.551000
-1.000000 29.000000 1.049361 0.486000 0.510000
-1.000000 30.000000 0.989453 0.475000 0.470000
-1.000000 31.000000 1.016821 0.475000 0.483000
-1.000000 32.000000 1.056446 0.425000 0.449000
-1.000000 33.000000 1.021820 0.412000 0.421000
-1.000000 34.000000 0.987475 0.400000 0.395000
-1.000000 35.000000 0.971804 0.355000 0.345000
-1.000000 36.000000 0.912094 0.330000 0.301000
-1.000000 37.000000 0.909264 0.474000 0.431000
-1.000000 38.000000 0.780042 0.291000 0.227000
-1.000000 39.000000 0.700635 0.304000 0.213000
-1.000000 40.000000 0.844987 0.271000 0.229000
-1.000000 41.000000 1.025167 0.238000 0.244000
-1.000000 42.000000 0.928817 0.253000 0.235000
-1.000000 43.000000 0.848453 0.264000 0.224000
-1.000000 44.000000 0.905944 0.234000 0.212000
-1.000000 45.000000 0.795336 0.259000 0.206000
0.000000 -45.000000 0.830228 0.271000 0.225000
0.000000 -44.000000 0.880516 0.293000 0.258000
0.000000 -43.000000 0.781223 0.288000 0.225000
0.000000 -42.000000 0.822610 0.265000 0.218000
0.000000 -41.000000 0.945489 0.257000 0.243000
0.000000 -40.000000 0.853026 0.245000 0.209000
0.000000 -39.000000 0.726938 0.293000 0.213000
0.000000 -38.000000 0.755676 0.307000 0.232000
0.000000 -37.000000 0.811379 0.509000 0.413000
0.000000 -36.000000 0.984726 0.328000 0.323000
0.000000 -35.000000 0.980795 0.365000 0.358000
0.000000 -34.000000 1.100235 0.379000 0.417000
0.000000 -33.000000 0.972643 0.439000 0.427000
0.000000 -32.000000 0.951090 0.450000 0.428000
0.000000 -31.000000 1.017716 0.451000 0.459000
0.000000 -30.000000 0.973450 0.490000 0.477000
0.000000 -29.000000 1.110855 0.478000 0.531000
0.000000 -28.000000 0.977383 0.531000 0.519000
0.000000 -27.000000 0.974787 0.516000 0.503000
0.000000 -26.000000 0.981767 0.549000 0.539000
0.000000 -25.000000 0.969680 0.561000 0.544000
0.000000 -24.000000 1.001807 0.548000 0.549000
0.000000 -23.000000 1.088053 0.545000 0.593000
0.000000 -22.000000 0.927570 0.580000 0.538000
0.000000 -21.000000 1.029343 0.579000 0.596000
0.000000 -20.000000 1.009056 0.551000 0.556000
0.000000 -19.000000 0.996186 0.527000 0.525000
0.000000 -18.000000 0.959689 0.546000 0.524000
0.000000 -17.000000 0.959317 0.541000 0.519000
0.000000 -16.000000 1.042732 0.538000 0.561000
0.000000 -15.000000 1.038302 0.548000 0.569000
0.000000 -14.000000 1.033433 0.568000 0.587000
0.000000 -13.000000 1.063387 0.552000 0.587000
0.000000 -12.000000 1.049796 0.542000 0.569000
0.000000 -11.000000 1.094141 0.531000 0.581000
0.000000 -10.000000 0.989438 0.569000 0.563000
0.000000 -9.000000 0.986190 0.580000 0.572000
0.000000 -8.000000 1.009023 0.553000 0.558000
0.000000 -7.000000 1.052422 0.553000 0.582000
0.000000 -6.000000 1.016375 0.549000 0.558000
0.000000 -5.000000 1.040762 0.564000 0.587000
0.000000 -4.000000 1.052997 0.547000 0.576000
0.000000 -3.000000 1.023238 0.559000 0.572000
0.000000 -2.000000 1.016495 0.545000 0.554000
0.000000 -1.000000 1.001758 0.563000 0.564000
nan nan 1.042839 0.560000 0.584000
0.000000 1.000000 0.945747 0.590000 0.558000
0.000000 2.000000 0.958466 0.554000 0.531000
0.000000 3.000000 1.047863 0.543000 0.569000
0.000000 4.000000 1.038655 0.543000 0.564000
0.000000 5.000000 1.031289 0.543000 0.560000
0.000000 6.000000 0.957878 0.570000 0.546000
0.000000 7.000000 1.003431 0.580000 0.582000
0.000000 8.000000 1.005358 0.558000 0.561000
0.000000 9.000000 1.001784 0.555000 0.556000
0.000000 10.000000 1.038232 0.549000 0.570000
0.000000 11.000000 0.996359 0.552000 0.550000
0.000000 12.000000 0.996398 0.558000 0.556000
0.000000 13.000000 0.965871 0.557000 0.538000
0.000000 14.000000 0.982125 0.560000 0.550000
0.000000 15.000000 1.023704 0.548000 0.561000
0.000000 16.000000 0.971411 0.560000 0.544000
0.000000 17.000000 0.946383 0.597000 0.565000
0.000000 18.000000 1.046973 0.532000 0.557000
0.000000 19.000000 1.084128 0.511000 0.554000
0.000000 20.000000 0.985028 0.535000 0.527000
0.000000 21.000000 1.014344 0.557000 0.565000
0.000000 22.000000 0.987872 0.578000 0.571000
0.000000 23.000000 1.052122 0.537000 0.565000
0.000000 24.000000 0.996332 0.548000 0.546000
0.000000 25.000000 1.046277 0.540000 0.565000
0.000000 26.000000 1.024717 0.566000 0.580000
0.000000 27.000000 0.938500 0.553000 0.519000
0.000000 28.000000 1.011653 0.514000 0.520000
0.000000 29.000000 1.050895 0.491000 0.516000
0.000000 30.000000 1.040403 0.470000 0.489000
0.000000 31.000000 1.020899 0.478000 0.488000
0.000000 32.000000 1.049526 0.444000 0.466000
0.000000 33.000000 0.927907 0.444000 0.412000
0.000000 34.000000 1.010178 0.392000 0.396000
0.000000 35.000000 0.983757 0.370000 0.364000
0.000000 36.000000 0.993345 0.302000 0.300000
0.000000 37.000000 0.921275 0.432000 0.398000
0.000000 38.000000 0.952718 0.254000 0.242000
0.000000 39.000000 0.852240 0.264000 0.225000
0.000000 40.000000 0.827308 0.278000 0.230000
0.000000 41.000000 0.738958 0.295000 0.218000
0.000000 42.000000 0.824396 0.262000 0.216000
0.000000 43.000000 0.851269 0.269000 0.229000
0.000000 44.000000 0.771834 0.263000 0.203000
0.000000 45.000000 0.755528 0.270000 0.204000
1.000000 -45.000000 0.868183 0.258000 0.224000
1.000000 -44.000000 0.788502 0.279000 0.220000
1.000000 -43.000000 0.681135 0.276000 0.188000
1.000000 -42.000000 0.783189 0.286000 0.224000
1.000000 -41.000000 0.865639 0.268000 0.232000
1.000000 -40.000000 0.701730 0.285000 0.200000
1.000000 -39.000000 0.824888 0.297000 0.245000
1.000000 -38.000000 0.817175 0.279000 0.228000
1.000000 -37.000000 0.928551 0.462000 0.429000
1.000000 -36.000000 0.959970 0.325000 0.312000
1.000000 -35.000000 1.024765 0.363000 0.372000
1.000000 -34.000000 0.960372 0.404000 0.388000
1.000000 -33.000000 0.973661 0.418000 0.407000
1.000000 -32.000000 1.071076 0.436000 0.467000
1.000000 -31.000000 1.004279 0.465000 0.467000
1.000000 -30.000000 1.069542 0.460000 0.492000
1.000000 -29.000000 1.093395 0.471000 0.515000
1.000000 -28.000000 0.898198 0.560000 0.503000
1.000000 -27.000000 1.013114 0.533000 0.540000
1.000000 -26.000000 0.994507 0.548000 0.545000
1.000000 -25.000000 0.981997 0.556000 0.546000
1.000000 -24.000000 1.032414 0.555000 0.573000
1.000000 -23.000000 0.962815 0.565000 0.544000
1.000000 -22.000000 0.926354 0.584000 0.541000
1.000000 -21.000000 1.001765 0.561000 0.562000
1.000000 -20.000000 0.926242 0.556000 0.515000
1.000000 -19.000000 0.985437 0.550000 0.542000
1.000000 -18.000000 1.001807 0.548000 0.549000
1.000000 -17.000000 1.024011 0.541000 0.554000
1.000000 -16.000000 1.074468 0.537000 0.577000
1.000000 -15.000000 1.067995 0.544000 0.581000
1.000000 -14.000000 1.001810 0.547000 0.548000
1.000000 -13.000000 1.091061 0.527000 0.575000
1.000000 -12.000000 0.951080 0.593000 0.564000
1.000000 -11.000000 0.996365 0.553000 0.551000
1.000000 -10.000000 1.074798 0.548000 0.589000
1.000000 -9.000000 1.044296 0.519000 0.542000
1.000000 -8.000000 0.982157 0.561000 0.551000
1.000000 -7.000000 0.992965 0.570000 0.566000
1.000000 -6.000000 1.025764 0.543000 0.557000
1.000000 -5.000000 0.989796 0.589000 0.583000
1.000000 -4.000000 1.053457 0.561000 0.591000
1.000000 -3.000000 0.923195 0.573000 0.529000
1.000000 -2.000000 1.003516 0.566000 0.568000
1.000000 -1.000000 0.996480 0.571000 0.569000
1.000000 0.000000 1.063029 0.571000 0.607000
1.000000 1.000000 0.928918 0.591000 0.549000
1.000000 2.000000 1.014217 0.562000 0.570000
1.000000 3.000000 1.018263 0.547000 0.557000
1.000000 4.000000 0.987593 0.565000 0.558000
1.000000 5.000000 1.048806 0.553000 0.580000
1.000000 6.000000 1.057232 0.524000 0.554000
1.000000 7.000000 0.982500 0.572000 0.562000
1.000000 8.000000 1.022910 0.567000 0.580000
1.000000 9.000000 0.991272 0.574000 0.569000
1.000000 10.000000 0.988139 0.591000 0.584000
1.000000 11.000000 1.056757 0.546000 0.577000
1.000000 12.000000 0.936603 0.568000 0.532000
1.000000 13.000000 1.016405 0.548000 0.557000
1.000000 14.000000 0.962213 0.556000 0.535000
1.000000 15.000000 1.018130 0.551000 0.561000
1.000000 16.000000 0.919282 0.570000 0.524000
1.000000 17.000000 0.960876 0.537000 0.516000
1.000000 18.000000 0.998123 0.538000 0.537000
1.000000 19.000000 0.966175 0.562000 0.543000
1.000000 20.000000 0.958240 0.551000 0.528000
1.000000 21.000000 0.971309 0.558000 0.542000
1.000000 22.000000 0.991038 0.559000 0.554000
1.000000 23.000000 1.019485 0.564000 0.575000
1.000000 24.000000 1.009040 0.552000 0.557000
1.000000 25.000000 0.964459 0.563000 0.543000
1.000000 26.000000 0.980934 0.525000 0.515000
1.000000 27.000000 0.969017 0.549000 0.532000
1.000000 28.000000 0.970678 0.546000 0.530000
1.000000 29.000000 1.150492 0.485000 0.558000
1.000000 30.000000 1.044127 0.453000 0.473000
1.000000 31.000000 0.976118 0.461000 0.450000
1.000000 32.000000 0.981153 0.425000 0.417000
1.000000 33.000000 1.060650 0.445000 0.472000
1.000000 34.000000 1.015126 0.396000 0.402000
1.000000 35.000000 1.067576 0.355000 0.379000
1.000000 36.000000 1.015545 0.321000 0.326000
1.000000 37.000000 0.919980 0.450000 0.414000
1.000000 38.000000 0.671305 0.286000 0.192000
1.000000 39.000000 0.769712 0.304000 0.234000
1.000000 40.000000 0.806661 0.269000 0.217000
1.000000 41.000000 0.828041 0.285000 0.236000
1.000000 42.000000 0.810189 0.274000 0.222000
0.999997 43.000875 0.780547 0.278000 0.217000
0.999660 44.000125 0.821829 0.247000 0.203000
1.000000 45.000000 0.858790 0.255000 0.219000
2.000000 -45.000000 0.806919 0.259000 0.209000
2.000000 -44.000000 0.874506 0.271000 0.237000
2.000000 -43.000000 0.720902 0.258000 0.186000
2.000000 -42.000000 0.846410 0.267000 0.226000
2.000000 -41.000000 0.897602 0.254000 0.228000
2.000000 -40.000000 0.784643 0.274000 0.215000
2.000000 -39.000000 0.837090 0.264000 0.221000
2.000000 -38.000000 0.748200 0.282000 0.211000
2.000000 -37.000000 0.880323 0.468000 0.412000
2.000000 -36.000000 0.792980 0.343000 0.272000
2.000000 -35.000000 1.073498 0.340000 0.365000
2.000000 -34.000000 1.037474 0.400000 0.415000
2.000000 -33.000000 1.007438 0.402000 0.405000
2.000000 -32.000000 1.020339 0.442000 0.451000
2.000000 -31.000000 0.952361 0.483000 0.460000
2.000000 -30.000000 0.941157 0.493000 0.464000
2.000000 -29.000000 1.091661 0.469000 0.512000
2.000000 -28.000000 0.891443 0.562000 0.501000
2.000000 -27.000000 0.961182 0.567000 0.545000
2.000000 -26.000000 0.983882 0.559000 0.550000
2.000000 -25.000000 0.965619 0.582000 0.562000
2.000000 -24.000000 0.959773 0.572000 0.549000
2.000000 -23.000000 0.928927 0.577000 0.536000
2.000000 -22.000000 0.956806 0.579000 0.554000
2.000000 -21.000000 0.992801 0.557000 0.553000
2.000000 -20.000000 0.972808 0.552000 0.537000
2.000000 -19.000000 1.127468 0.502000 0.566000
2.000000 -18.000000 1.033910 0.560000 0.579000
2.000000 -17.000000 0.907489 0.573000 0.520000
2.000000 -16.000000 1.010871 0.551000 0.557000
2.000000 -15.000000 0.998147 0.545000 0.544000
2.000000 -14.000000 0.976933 0.564000 0.551000
2.000000 -13.000000 0.992928 0.567000 0.563000
2.000552 -11.999884 1.038798 0.541000 0.562000
2.000000 -11.000000 1.015799 0.569000 0.578000
2.000000 -10.000000 1.081650 0.551000 0.596000
2.000000 -9.000000 0.991022 0.558000 0.553000
2.000000 -8.000000 0.942291 0.572000 0.539000
2.000000 -7.000000 1.019945 0.551000 0.562000
2.000000 -6.000000 1.039621 0.555000 0.577000
2.000000 -5.000000 0.940774 0.608000 0.572000
2.000000 -4.000000 0.985948 0.570000 0.562000
2.000000 -3.000000 1.043617 0.550000 0.574000
2.000000 -2.000000 1.034032 0.558000 0.577000
2.000000 -1.000000 1.050523 0.554000 0.582000
2.000000 0.000000 0.975378 0.569000 0.555000
2.000000 1.000000 0.976133 0.587000 0.573000
2.000000 2.000000 0.996480 0.571000 0.569000
2.000000 3.000000 1.048110 0.561000 0.588000
2.000000 4.000000 0.952698 0.571000 0.544000
2.000000 5.000000 0.975635 0.575000 0.561000
2.000000 6.000000 0.986308 0.585000 0.577000
2.000000 7.000000 0.910174 0.579000 0.527000
2.000000 8.000000 0.939983 0.550000 0.517000
2.000000 9.000000 1.017903 0.558000 0.568000
2.000000 10.000000 1.031521 0.539000 0.556000
2.000000 11.000000 0.942692 0.576000 0.543000
2.000000 12.000000 0.961731 0.549000 0.528000
2.000000 13.000000 0.979679 0.591000 0.579000
2.000000 14.000000 0.982622 0.576000 0.566000
2.000000 15.000000 0.975335 0.568000 0.554000
2.000000 16.000000 1.025669 0.545000 0.559000
2.000000 17.000000 0.985594 0.556000 0.548000
2.000000 18.000000 1.028552 0.525000 0.540000
2.000000 19.000000 0.987347 0.554000 0.547000
2.000000 20.000000 0.939097 0.542000 0.509000
2.000000 21.000000 0.963651 0.578000 0.557000
2.000000 22.000000 0.991038 0.559000 0.554000
2.000000 23.000000 0.975421 0.570000 0.556000
2.000000 24.000000 1.042384 0.566000 0.590000
2.000000 25.000000 0.934728 0.567000 0.530000
2.000000 26.000000 0.992642 0.545000 0.541000
2.000759 27.000044 0.916650 0.552000 0.506000
2.000000 28.000000 1.037294 0.536000 0.556000
2.000000 29.000000 1.145945 0.459000 0.526000
2.000000 30.000000 0.941865 0.499000 0.470000
2.000000 31.000000 1.019543 0.460000 0.469000
2.000000 32.000000 1.094500 0.402000 0.440000
2.000000 33.000000 1.124002 0.387000 0.435000
2.000000 34.000000 0.972268 0.397000 0.386000
2.000000 35.000000 0.994290 0.352000 0.350000
2.000000 36.000000 1.012507 0.319000 0.323000
2.000000 37.000000 0.904642 0.472000 0.427000
2.000000 38.000000 0.875426 0.273000 0.239000
2.000000 39.000000 0.727845 0.305000 0.222000
2.000000 40.000000 0.697255 0.294000 0.205000
1.999462 41.000910 0.842275 0.260000 0.219000
2.000000 42.000000 0.748297 0.298000 0.223000
2.000000 43.000000 0.931963 0.250000 0.233000
2.000000 44.000000 0.818865 0.254000 0.208000
2.000000 45.000000 0.736371 0.239000 0.176000
3.000000 -45.000000 0.831292 0.249000 0.207000
3.000000 -44.000000 0.898337 0.246000 0.221000
3.000000 -43.000000 0.818151 0.264000 0.216000
3.000000 -42.000000 0.760493 0.309000 0.235000
3.000000 -41.000000 0.808240 0.266000 0.215000
3.000000 -40.000000 0.682078 0.324000 0.221000
3.000000 -39.000000 0.655607 0.302000 0.198000
3.000000 -38.000000 0.865423 0.275000 0.238000
3.000000 -37.000000 0.888411 0.484000 0.430000
3.000000 -36.000000 0.909883 0.333000 0.303000
3.000000 -35.000000 0.929946 0.357000 0.332000
3.000000 -34.000000 1.025163 0.397000 0.407000
3.000000 -33.000000 1.068434 0.409000 0.437000
3.000000 -32.000000 1.022601 0.442000 0.452000
3.000000 -31.000000 1.049546 0.464000 0.487000
3.000000 -30.000000 0.997883 0.477000 0.476000
3.000000 -29.000000 1.062608 0.479000 0.509000
3.000000 -28.000000 0.905845 0.563000 0.510000
3.000000 -27.000000 0.980340 0.560000 0.549000
3.000000 -26.000000 0.953471 0.559000 0.533000
3.000000 -25.000000 0.939764 0.548000 0.515000
3.000000 -24.000000 1.014553 0.549000 0.557000
3.000000 -23.000000 1.003503 0.568000 0.570000
3.000000 -22.000000 0.987392 0.556000 0.549000
3.000000 -21.000000 0.994729 0.571000 0.568000
3.000000 -20.000000 1.031876 0.533000 0.550000
3.000000 -19.000000 0.994477 0.545000 0.542000
3.000000 -18.000000 1.055323 0.524000 0.553000
3.000000 -17.000000 0.990757 0.542000 0.537000
3.000000 -16.000000 1.023922 0.543000 0.556000
3.000000 -15.000000 0.977216 0.571000 0.558000
3.000000 -14.000000 0.929312 0.566000 0.526000
3.000000 -13.000000 0.972759 0.551000 0.536000
3.000000 -12.000000 1.001823 0.543000 0.544000
3.000000 -11.000000 0.983997 0.563000 0.554000
3.000000 -10.000000 1.048218 0.539000 0.565000
3.000000 -9.000000 0.924642 0.584000 0.540000
3.000000 -8.000000 0.991272 0.574000 0.569000
3.000000 -7.000000 0.996449 0.566000 0.564000
3.000000 -6.000000 0.992602 0.542000 0.538000
3.000000 -5.000000 1.015996 0.562000 0.571000
3.000000 -4.000000 1.029556 0.541000 0.557000
3.000000 -3.000000 1.036813 0.543000 0.563000
3.000000 -2.000000 1.012663 0.552000 0.559000
3.000000 -1.000000 1.021296 0.563000 0.575000
3.000000 0.000000 1.105927 0.538000 0.595000
3.000000 1.000000 0.994729 0.571000 0.568000
3.000000 2.000000 1.025716 0.544000 0.558000
3.000000 3.000000 0.923727 0.577000 0.533000
3.000000 4.000000 0.953637 0.561000 0.535000
3.000000 5.000000 0.947173 0.587000 0.556000
3.000000 6.000000 0.992656 0.546000 0.542000
3.000000 7.000000 1.046973 0.532000 0.557000
3.000000 8.000000 0.996352 0.551000 0.549000
3.000000 9.000000 0.990924 0.552000 0.547000
3.000000 10.000000 0.948105 0.559000 0.530000
3.000000 11.000000 1.028914 0.553000 0.569000
3.000000 12.000000 1.022537 0.532000 0.544000
3.000000 13.000000 1.023791 0.546000 0.559000
3.000000 14.000000 1.007294 0.547000 0.551000
3.000000 15.000000 0.964600 0.537000 0.518000
3.000000 16.000000 0.978668 0.563000 0.551000
3.000000 17.000000 0.987549 0.563000 0.556000
3.000000 18.000000 1.027605 0.543000 0.558000
3.000000 19.000000 0.998076 0.525000 0.524000
3.000000 20.000000 0.981767 0.549000 0.539000
3.000000 21.000000 0.885747 0.604000 0.535000
3.000000 22.000000 0.985997 0.572000 0.564000
3.000000 23.000000 0.998177 0.554000 0.553000
3.000000 24.000000 0.996468 0.569000 0.567000
3.000000 25.000000 0.973528 0.567000 0.552000
3.000000 26.000000 0.955499 0.562000 0.537000
3.000000 27.000000 1.092287 0.520000 0.568000
3.000000 28.000000 0.946164 0.576000 0.545000
3.000000 29.000000 0.950180 0.502000 0.477000
3.000000 30.000000 1.042622 0.469000 0.489000
3.000000 31.000000 0.936973 0.492000 0.461000
3.000000 32.000000 1.067105 0.432000 0.461000
3.000000 33.000000 0.970093 0.435000 0.422000
3.000000 34.000000 1.040790 0.392000 0.408000
3.000000 35.000000 1.162208 0.339000 0.394000
3.000000 36.000000 0.993719 0.320000 0.318000
3.000000 37.000000 0.893342 0.497000 0.444000
3.000000 38.000000 0.843835 0.269000 0.227000
3.000000 39.000000 0.687075 0.310000 0.213000
3.000000 40.000000 0.854987 0.269000 0.230000
3.000000 41.000000 0.783189 0.286000 0.224000
3.000000 42.000000 0.846711 0.261000 0.221000
3.000000 43.000000 0.786449 0.281000 0.221000
3.000000 44.000000 0.775069 0.249000 0.193000
3.000000 45.000000 0.851529 0.256000 0.218000
4.000000 -45.000000 0.837268 0.252000 0.211000
4.000000 -44.000000 0.851817 0.243000 0.207000
4.000000 -43.000000 0.881449 0.270000 0.238000
4.000000 -42.000000 0.896790 0.252000 0.226000
4.000000 -41.000000 0.873573 0.269000 0.235000
4.000000 -40.000000 0.906580 0.257000 0.233000
4.000000 -39.000000 0.881855 0.254000 0.224000
4.000000 -38.000000 0.926192 0.244000 0.226000
4.000000 -37.000000 0.926276 0.502000 0.465000
4.000000 -36.000000 0.885939 0.342000 0.303000
4.000000 -35.000000 0.962181 0.344000 0.331000
4.000000 -34.000000 1.043901 0.387000 0.404000
4.000000 -33.000000 1.080491 0.385000 0.416000
4.000000 -32.000000 1.068695 0.422000 0.451000
4.000000 -31.000000 0.971901 0.463000 0.450000
4.000000 -30.000000 1.047188 0.466000 0.488000
4.000000 -29.000000 1.053973 0.463000 0.488000
4.000000 -28.000000 0.923595 0.576000 0.532000
4.000000 -27.000000 1.018813 0.531000 0.541000
4.000000 -26.000000 0.992477 0.533000 0.529000
4.000000 -25.000000 0.968181 0.566000 0.548000
4.000000 -24.000000 1.005378 0.556000 0.559000
4.000000 -23.000000 0.927472 0.593000 0.550000
4.000000 -22.000000 0.915178 0.566000 0.518000
4.000000 -21.000000 0.984412 0.578000 0.569000
4.000000 -20.000000 1.023509 0.510000 0.522000
4.000000 -19.000000 0.990908 0.551000 0.546000
4.000000 -18.000000 0.967840 0.560000 0.542000
4.000000 -17.000000 0.981866 0.552000 0.542000
4.000000 -16.000000 0.981997 0.556000 0.546000
4.000000 -15.000000 1.016772 0.536000 0.545000
4.000000 -14.000000 0.932846 0.566000 0.528000
4.000000 -13.000000 0.967782 0.559000 0.541000
4.000000 -12.000000 1.012350 0.566000 0.573000
4.000000 -11.000000 0.978322 0.554000 0.542000
4.000000 -10.000000 1.022950 0.566000 0.579000
4.000000 -9.000000 1.021919 0.547000 0.559000
4.000000 -8.000000 1.045189 0.553000 0.578000
4.000000 -7.000000 1.045009 0.533000 0.557000
4.000000 -6.000000 1.041433 0.579000 0.603000
4.000000 -5.000000 1.040052 0.574000 0.597000
4.000000 -4.000000 0.996517 0.577000 0.575000
4.000000 -3.000000 0.992890 0.564000 0.560000
4.000000 -2.000000 0.945562 0.588000 0.556000
4.000000 -1.000000 0.978856 0.568000 0.556000
4.000000 0.000000 1.012825 0.545000 0.552000
4.000000 1.000000 0.961251 0.568000 0.546000
4.000000 2.000000 1.064497 0.558000 0.594000
4.000000 3.000000 0.961114 0.566000 0.544000
3.999222 4.000256 1.081948 0.549000 0.594000
4.000000 5.000000 1.036949 0.541000 0.561000
4.000000 6.000000 0.992865 0.562000 0.558000
4.000000 7.000000 1.001768 0.560000 0.561000
4.000000 8.000000 1.023966 0.542000 0.555000
4.000000 9.000000 0.954687 0.574000 0.548000
4.000000 10.000000 0.994586 0.556000 0.553000
4.000000 11.000000 1.005387 0.555000 0.558000
4.000000 12.000000 0.952615 0.570000 0.543000
4.000000 13.000000 1.052711 0.531000 0.559000
4.000000 14.000000 1.032177 0.528000 0.545000
4.000000 15.000000 1.005558 0.538000 0.541000
4.000000 16.000000 0.949017 0.569000 0.540000
4.000000 17.000000 0.988952 0.544000 0.538000
4.000000 18.000000 1.055128 0.544000 0.574000
4.000000 19.000000 0.988952 0.544000 0.538000
4.000000 20.000000 1.065646 0.533000 0.568000
4.000000 21.000000 0.972819 0.589000 0.573000
4.000000 22.000000 0.909075 0.583000 0.530000
4.000000 23.000000 1.012415 0.563000 0.570000
4.000000 24.000000 0.978856 0.568000 0.556000
4.000000 25.000000 1.001781 0.556000 0.557000
4.000000 26.000000 1.011196 0.535000 0.541000
4.000000 27.000000 0.944921 0.563000 0.532000
4.000000 28.000000 1.013090 0.534000 0.541000
4.000000 29.000000 1.022202 0.495000 0.506000
4.000000 30.000000 1.049440 0.465000 0.488000
4.000000 31.000000 0.935185 0.463000 0.433000
4.000000 32.000000 1.025737 0.427000 0.438000
4.000000 33.000000 1.043348 0.415000 0.433000
4.000000 34.000000 1.085992 0.372000 0.404000
4.000000 35.000000 0.986423 0.369000 0.364000
4.000000 36.000000 0.879097 0.364000 0.320000
4.000000 37.000000 0.873030 0.512000 0.447000
4.000000 38.000000 0.874967 0.264000 0.231000
4.000000 39.000000 0.830852 0.272000 0.226000
4.000000 40.000000 0.833304 0.288000 0.240000
4.000000 41.000000 0.738155 0.275000 0.203000
4.000000 42.000000 0.673126 0.257000 0.173000
4.000000 43.000000 0.745290 0.267000 0.199000
4.000000 44.000000 0.777748 0.261000 0.203000
4.000000 45.000000 0.990905 0.221000 0.219000
5.000000 -45.000000 2.487562 0.002000 0.005000
5.000000 -44.000000 0.909444 0.232000 0.211000
5.000000 -43.000000 0.747053 0.257000 0.192000
5.000000 -42.000000 0.769204 0.286000 0.220000
5.000000 -41.000000 0.781790 0.275000 0.215000
5.000000 -40.000000 0.828965 0.269000 0.223000
5.000000 -39.000000 0.764058 0.284000 0.217000
5.000000 -38.000000 0.802789 0.284000 0.228000
5.000000 -37.000000 0.785440 0.289000 0.227000
5.000000 -36.000000 0.849582 0.379000 0.322000
5.000000 -35.000000 1.183833 0.310000 0.367000
5.000000 -34.000000 0.990244 0.411000 0.407000
5.000000 -33.000000 1.063748 0.392000 0.417000
5.000000 -32.000000 1.004575 0.435000 0.437000
5.000000 -31.000000 1.011188 0.446000 0.451000
5.000000 -30.000000 1.052499 0.476000 0.501000
5.000000 -29.000000 1.018161 0.495000 0.504000
5.000000 -28.000000 0.986749 0.529000 0.522000
5.000000 -27.000000 0.942325 0.555000 0.523000
5.000000 -26.000000 0.923192 0.586000 0.541000
5.000000 -25.000000 0.932964 0.567000 0.529000
5.000000 -24.000000 0.945138 0.547000 0.517000
5.000000 -23.000000 0.927801 0.568000 0.527000
5.000000 -22.000000 0.999982 0.570000 0.570000
5.000000 -21.000000 0.924771 0.585000 0.541000
5.000000 -20.000000 0.971714 0.566000 0.550000
5.000000 -19.000000 1.024885 0.522000 0.535000
5.000000 -18.000000 0.943843 0.570000 0.538000
5.000000 -17.000000 0.945977 0.574000 0.543000
5.000000 -16.000000 1.060866 0.542000 0.575000
5.000000 -15.000000 1.001816 0.545000 0.546000
5.000000 -14.000000 1.023661 0.549000 0.562000
5.000000 -13.000000 1.023490 0.553000 0.566000
4.999558 -11.999839 0.978744 0.565000 0.553000
5.000000 -11.000000 0.987208 0.548000 0.541000
5.000000 -10.000000 1.103301 0.542000 0.598000
5.000000 -9.000000 1.057601 0.538000 0.569000
5.000000 -8.000000 1.080504 0.534000 0.577000
5.000000 -7.000000 0.975720 0.577000 0.563000
5.000000 -6.000000 1.024162 0.579000 0.593000
5.000000 -5.000000 1.005407 0.553000 0.556000
5.000000 -4.000000 0.998187 0.557000 0.556000
5.000000 -3.000000 1.023490 0.553000 0.566000
5.000000 -2.000000 1.036213 0.552000 0.572000
5.000000 -1.000000 0.951245 0.595000 0.566000
5.000000 0.000000 1.010696 0.560000 0.566000
5.000000 1.000000 1.039764 0.553000 0.575000
5.000000 2.000000 1.038221 0.523000 0.543000
5.000000 3.000000 0.985972 0.571000 0.563000
5.000000 4.000000 1.080439 0.522000 0.564000
5.000000 5.000000 0.979982 0.550000 0.539000
5.000000 6.000000 1.078879 0.545000 0.588000
5.000000 7.000000 0.959375 0.591000 0.567000
5.000000 8.000000 0.998167 0.551000 0.550000
5.000000 9.000000 1.015968 0.563000 0.572000
5.000000 10.000000 0.994701 0.568000 0.565000
5.000092 10.999943 1.053388 0.543000 0.572000
5.000000 12.000000 1.127355 0.526000 0.593000
5.000000 13.000000 1.076188 0.538000 0.579000
5.000000 14.000000 0.984331 0.575000 0.566000
5.000000 15.000000 0.957730 0.568000 0.544000
5.000066 16.000771 1.039058 0.563000 0.585000
5.000000 17.000000 1.001800 0.550000 0.551000
5.000000 18.000000 0.998164 0.550000 0.549000
5.000286 18.999606 0.998154 0.547000 0.546000
5.000000 20.000000 0.945406 0.568000 0.537000
5.000000 21.000000 0.996365 0.553000 0.551000
5.000000 22.000000 0.977912 0.589000 0.576000
5.000000 23.000000 0.973574 0.568000 0.553000
5.000000 24.000000 1.003467 0.574000 0.576000
5.000000 25.000000 0.931442 0.569000 0.530000
5.000000 26.000000 0.958088 0.549000 0.526000
5.000000 27.000000 0.942997 0.544000 0.513000
5.000000 28.000000 1.018708 0.534000 0.544000
5.000000 29.000000 0.968172 0.503000 0.487000
5.000000 30.000000 0.991168 0.454000 0.450000
5.000000 31.000000 1.045431 0.440000 0.460000
5.000000 32.000000 0.935325 0.464000 0.434000
5.000000 33.000000 1.023505 0.425000 0.435000
5.000000 34.000000 1.005407 0.368000 0.370000
5.000000 35.000000 0.989104 0.368000 0.364000
5.000000 36.000000 0.871368 0.381000 0.332000
5.000000 37.000000 0.815855 0.277000 0.226000
5.000000 38.000000 0.799969 0.255000 0.204000
5.000000 39.000000 0.863248 0.256000 0.221000
5.000000 40.000000 0.771401 0.280000 0.216000
5.000000 41.000000 0.893096 0.262000 0.234000
5.000000 42.000000 0.731033 0.264000 0.193000
5.000000 43.000000 0.847795 0.276000 0.234000
5.000000 44.000000 0.793978 0.267000 0.212000
5.000000 45.000000 0.665557 0.006000 0.004000
6.000000 -45.000000 0.798403 0.005000 0.004000
6.000000 -44.000000 0.859283 0.263000 0.226000
6.000000 -43.000000 0.854446 0.268000 0.229000
6.000000 -42.000000 0.766638 0.270000 0.207000
6.000000 -41.000000 0.800671 0.286000 0.229000
6.000000 -40.000000 0.921224 0.254000 0.234000
6.000000 -39.000000 0.754359 0.285000 0.215000
6.000000 -38.000000 0.873043 0.260000 0.227000
6.000000 -37.000000 0.818488 0.270000 0.221000
6.000000 -36.000000 0.903873 0.385000 0.348000
6.000000 -35.000000 0.975180 0.363000 0.354000
6.000000 -34.000000 1.017877 0.391000 0.398000
6.000000 -33.000000 0.978342 0.416000 0.407000
6.000000 -32.000000 1.011631 0.429000 0.434000
6.000000 -31.000000 1.027815 0.467000 0.480000
6.000000 -30.000000 0.999979 0.470000 0.470000
6.000000 -29.000000 1.062756 0.446000 0.474000
6.000000 -28.000000 0.898920 0.564000 0.507000
6.000000 -27.000000 1.012549 0.557000 0.564000
6.000000 -26.000000 0.965687 0.554000 0.535000
6.000000 -25.000000 0.976892 0.563000 0.550000
6.000000 -24.000000 0.934438 0.595000 0.556000
6.000000 -23.000000 1.008879 0.562000 0.567000
6.000000 -22.000000 0.946902 0.584000 0.553000
6.000000 -21.000000 0.970001 0.567000 0.550000
6.000000 -20.000000 0.986606 0.598000 0.590000
6.000000 -19.000000 0.980163 0.555000 0.544000
6.000000 -18.000000 1.097255 0.514000 0.564000
6.000000 -17.000000 1.007228 0.552000 0.556000
6.000000 -16.000000 1.012460 0.561000 0.568000
6.000000 -15.000000 0.969626 0.560000 0.543000
6.000000 -14.000000 1.022244 0.539000 0.551000
6.000000 -13.000000 0.931921 0.573000 0.534000
6.000000 -12.000000 0.978438 0.557000 0.545000
6.000000 -11.000000 0.994691 0.567000 0.564000
6.000000 -10.000000 1.001755 0.564000 0.565000
6.000000 -9.000000 0.975204 0.565000 0.551000
6.000000 -8.000000 0.929899 0.585000 0.544000
6.000000 -7.000000 1.033670 0.564000 0.583000
6.000000 -6.000000 1.008739 0.571000 0.576000
6.000000 -5.000000 0.990874 0.549000 0.544000
6.000000 -4.000000 1.050160 0.558000 0.586000
6.000000 -3.000000 1.003535 0.563000 0.565000
6.000000 -2.000000 0.999983 0.578000 0.578000
6.000000 -1.000000 1.028914 0.553000 0.569000
6.000000 0.000000 1.014217 0.562000 0.570000
6.000000 1.000000 0.994783 0.577000 0.574000
6.000000 2.000000 0.991038 0.559000 0.554000
6.000000 3.000000 1.070890 0.550000 0.589000
6.000000 4.000000 0.980952 0.578000 0.567000
6.000000 5.000000 1.036279 0.551000 0.571000
6.000000 6.000000 0.970874 0.584000 0.567000
6.000000 7.000000 0.975072 0.562000 0.548000
6.000000 8.000000 1.052798 0.568000 0.598000
6.000000 9.000000 0.982408 0.569000 0.559000
6.000000 10.000000 1.001746 0.567000 0.568000
6.000000 11.000000 0.985697 0.560000 0.552000
6.000000 12.000000 1.114426 0.533000 0.594000
6.000000 13.000000 0.922784 0.557000 0.514000
6.000000 14.000000 1.029832 0.536000 0.552000
6.000000 15.000000 1.018956 0.527000 0.537000
6.000000 16.000000 0.987278 0.551000 0.544000
6.000000 17.000000 1.001800 0.550000 0.551000
6.000000 18.000000 1.028655 0.558000 0.574000
6.000000 19.000000 0.998094 0.530000 0.529000
6.000000 20.000000 0.929633 0.597000 0.555000
6.000000 21.000000 0.941259 0.596000 0.561000
6.000000 22.000000 0.912656 0.584000 0.533000
6.000000 23.000000 0.985671 0.559000 0.551000
6.000000 24.000000 1.006844 0.583000 0.587000
6.000000 25.000000 0.926638 0.559000 0.518000
6.000000 26.000000 1.071408 0.532000 0.570000
6.000000 27.000000 0.999981 0.532000 0.532000
6.000000 28.000000 0.899464 0.577000 0.519000
6.000000 29.000000 0.901750 0.509000 0.459000
6.000000 30.000000 1.100198 0.449000 0.494000
6.000000 31.000000 0.995602 0.457000 0.455000
6.000000 32.000000 1.004682 0.425000 0.427000
6.000000 33.000000 0.982692 0.405000 0.398000
6.000000 34.000000 1.093804 0.373000 0.408000
6.000000 35.000000 0.938478 0.374000 0.351000
6.000000 36.000000 0.814884 0.416000 0.339000
6.000000 37.000000 0.808635 0.277000 0.224000
6.000000 38.000000 0.726251 0.274000 0.199000
6.000000 39.000000 0.744578 0.278000 0.207000
6.000000 40.000000 0.838680 0.279000 0.234000
6.000000 41.000000 0.717584 0.301000 0.216000
6.000000 42.000000 0.757116 0.280000 0.212000
6.000000 43.000000 0.785156 0.270000 0.212000
6.000000 44.000000 0.801654 0.237000 0.190000
6.000000 45.000000 3.482587 0.002000 0.007000
7.000000 -45.000000 0.997506 0.004000 0.004000
7.000000 -44.000000 0.797634 0.257000 0.205000
7.000000 -43.000000 0.683479 0.297000 0.203000
7.000000 -42.000000 0.835736 0.274000 0.229000
7.000000 -41.000000 0.907657 0.260000 0.236000
7.000400 -39.999040 0.768656 0.281000 0.216000
7.000000 -39.000000 0.916298 0.251000 0.230000
7.000000 -38.000000 0.763862 0.288000 0.220000
7.000000 -37.000000 0.678059 0.292000 0.198000
7.000000 -36.000000 0.899512 0.428000 0.385000
7.000000 -35.000000 0.947196 0.360000 0.341000
7.000000 -34.000000 0.961972 0.421000 0.405000
7.000000 -33.000000 1.080173 0.399000 0.431000
7.000000 -32.000000 1.059077 0.423000 0.448000
7.000000 -31.000000 1.043957 0.432000 0.451000
7.000000 -30.000000 0.991395 0.466000 0.462000
7.000000 -29.000000 1.038522 0.467000 0.485000
7.000000 -28.000000 1.154310 0.473000 0.546000
7.000000 -27.000000 1.016140 0.557000 0.566000
7.000000 -26.000000 0.934804 0.583000 0.545000
7.000000 -25.000000 0.989152 0.554000 0.548000
7.000000 -24.000000 1.014714 0.543000 0.551000
7.000921 -23.000258 0.929685 0.569000 0.529000
7.000000 -22.000000 1.014607 0.547000 0.555000
7.000000 -21.000000 0.963398 0.574000 0.553000
7.000000 -20.000000 1.065435 0.550000 0.586000
7.000000 -19.000000 1.072499 0.524000 0.562000
7.000000 -18.000000 1.069268 0.534000 0.571000
7.000000 -17.000000 0.973574 0.568000 0.553000
7.000000 -16.000000 1.028351 0.564000 0.580000
7.000000 -15.000000 0.998126 0.539000 0.538000
7.000000 -14.000000 0.985463 0.551000 0.543000
7.000000 -13.000000 1.023447 0.554000 0.567000
7.000000 -12.000000 0.971764 0.567000 0.551000
7.000000 -11.000000 0.941058 0.577000 0.543000
7.000000 -10.000000 0.935577 0.590000 0.552000
7.000000 -9.000000 1.039550 0.556000 0.578000
7.000000 -8.000000 0.993074 0.579000 0.575000
7.000000 -7.000000 0.943744 0.569000 0.537000
7.000000 -6.000000 0.968949 0.580000 0.562000
7.000000 -5.000000 1.040690 0.565000 0.588000
7.000000 -4.000000 0.981434 0.593000 0.582000
7.000000 -3.000000 0.965321 0.577000 0.557000
7.000000 -2.000000 1.013944 0.573000 0.581000
7.000000 -1.000000 0.987976 0.583000 0.576000
7.000000 0.000000 0.972349 0.579000 0.563000
7.000000 1.000000 0.991195 0.569000 0.564000
7.000000 2.000000 0.993002 0.573000 0.569000
7.000000 3.000000 1.067010 0.552000 0.589000
7.000000 4.000000 0.905301 0.602000 0.545000
7.000000 5.000000 0.989382 0.566000 0.560000
7.000000 6.000000 1.014141 0.565000 0.573000
7.000000 7.000000 1.038232 0.549000 0.570000
7.000000 8.000000 0.881941 0.593000 0.523000
7.000000 9.000000 0.906182 0.597000 0.541000
7.000000 10.000000 1.022950 0.566000 0.579000
7.000000 11.000000 0.967889 0.592000 0.573000
7.000000 12.000000 1.027862 0.538000 0.553000
7.000000 13.000000 1.018883 0.582000 0.593000
7.000000 14.000000 0.967054 0.577000 0.558000
7.000000 15.000000 0.973621 0.569000 0.554000
7.000000 16.000000 0.952448 0.568000 0.541000
7.000000 17.000000 0.994774 0.576000 0.573000
7.000000 18.000000 0.955969 0.568000 0.543000
7.000000 19.000000 1.007389 0.540000 0.544000
7.000000 20.000000 0.977950 0.590000 0.577000
7.000000 21.000000 0.974603 0.591000 0.576000
7.000000 22.000000 0.983824 0.557000 0.548000
7.000000 23.000000 1.005517 0.542000 0.545000
7.000000 24.000000 0.984025 0.564000 0.555000
7.000000 25.000000 1.031462 0.540000 0.557000
7.000000 26.000000 0.934030 0.561000 0.524000
7.000000 27.000000 0.947825 0.556000 0.527000
7.000000 28.000000 1.116159 0.482000 0.538000
7.000000 29.000000 1.041472 0.482000 0.502000
7.000000 30.000000 1.002166 0.457000 0.458000
7.000000 31.000000 1.004482 0.444000 0.446000
7.000000 32.000000 1.059609 0.436000 0.462000
7.000000 33.000000 0.917220 0.435000 0.399000
7.000000 34.000000 0.971697 0.389000 0.378000
7.000000 35.000000 1.097231 0.329000 0.361000
7.000000 36.000000 0.904851 0.431000 0.390000
7.000000 37.000000 0.790007 0.281000 0.222000
7.000000 38.000000 0.859816 0.264000 0.227000
7.000000 39.000000 0.757016 0.284000 0.215000
7.000000 40.000000 0.726938 0.293000 0.213000
7.000000 41.000000 0.749973 0.280000 0.210000
7.000000 42.000000 0.804398 0.271000 0.218000
7.000000 43.000000 0.760917 0.297000 0.226000
7.000000 44.000000 0.767245 0.275000 0.211000
7.000000 45.000000 0.749064 0.008000 0.006000
8.000000 -45.000000 0.332779 0.006000 0.002000
8.000000 -44.000000 0.958808 0.243000 0.233000
8.000000 -43.000000 0.779635 0.295000 0.230000
8.000000 -42.000000 0.863248 0.256000 0.221000
8.000000 -41.000000 0.922143 0.257000 0.237000
8.000000 -40.000000 0.885341 0.253000 0.224000
8.000000 -39.000000 0.801415 0.277000 0.222000
8.000000 -38.000000 0.933299 0.270000 0.252000
8.000000 -37.000000 0.863128 0.285000 0.246000
8.000000 -36.000000 0.924711 0.465000 0.430000
8.000000 -35.000000 1.067815 0.339000 0.362000
8.000000 -34.000000 0.986987 0.385000 0.380000
8.000000 -33.000000 1.042474 0.400000 0.417000
8.000000 -32.000000 0.977094 0.437000 0.427000
8.000000 -31.000000 1.022704 0.440000 0.450000
8.000000 -30.000000 0.974228 0.466000 0.454000
8.000000 -29.000000 0.985517 0.484000 0.477000
8.000000 -28.000000 0.962357 0.505000 0.486000
8.000000 -27.000000 0.953136 0.555000 0.529000
8.000000 -26.000000 0.994644 0.562000 0.559000
8.000000 -25.000000 1.016025 0.561000 0.570000
8.000000 -24.000000 0.969680 0.561000 0.544000
8.000000 -23.000000 0.944615 0.596000 0.563000
8.000000 -22.000000 0.979435 0.584000 0.572000
8.000000 -21.000000 1.026815 0.559000 0.574000
8.000000 -20.000000 0.952038 0.584000 0.556000
8.000692 -18.999914 0.916788 0.613000 0.562000
8.000000 -18.000000 0.974938 0.559000 0.545000
8.000000 -17.000000 1.021959 0.546000 0.558000
8.000000 -16.000000 1.003573 0.557000 0.559000
8.000000 -15.000000 1.008816 0.566000 0.571000
8.000000 -14.000000 0.989268 0.560000 0.554000
8.000000 -13.000000 1.028553 0.560000 0.576000
8.000000 -12.000000 0.991133 0.565000 0.560000
8.000000 -11.000000 1.009040 0.552000 0.557000
8.000000 -10.000000 1.039380 0.533000 0.554000
8.000000 -9.000000 1.023072 0.563000 0.576000
8.000000 -8.000000 1.076623 0.548000 0.590000
8.000000 -7.000000 0.985568 0.555000 0.547000
8.000000 -6.000000 0.971962 0.571000 0.555000
8.000000 -5.000000 0.938827 0.605000 0.568000
8.000000 -4.000000 1.010773 0.556000 0.562000
8.000000 -3.000000 0.949636 0.576000 0.547000
8.000000 -2.000000 1.058471 0.530000 0.561000
8.000000 -1.000000 1.015827 0.568000 0.577000
8.000000 0.000000 0.955814 0.566000 0.541000
8.000000 1.000000 1.031289 0.543000 0.560000
8.000000 2.000000 0.959512 0.593000 0.569000
8.000000 3.000000 0.981148 0.584000 0.573000
8.000000 4.000000 1.030778 0.552000 0.569000
8.000000 5.000000 1.068120 0.543000 0.580000
8.000000 6.000000 1.019314 0.569000 0.580000
8.000000 7.000000 1.027605 0.543000 0.558000
8.000000 8.000000 0.962052 0.580000 0.558000
8.000000 9.000000 1.113440 0.520000 0.579000
8.000000 10.000000 1.014217 0.562000 0.570000
8.000000 11.000000 0.968459 0.571000 0.553000
8.000000 12.000000 0.984519 0.582000 0.573000
8.000000 13.000000 1.092464 0.519000 0.567000
8.000000 14.000000 0.978361 0.555000 0.543000
8.000000 15.000000 1.007150 0.558000 0.562000
8.000000 16.000000 1.016679 0.539000 0.548000
8.000000 17.000000 1.060979 0.541000 0.574000
8.000000 18.000000 0.880477 0.569000 0.501000
8.000000 19.000000 0.893534 0.620000 0.554000
8.000000 20.000000 0.938864 0.589000 0.553000
8.000000 21.000000 0.956505 0.575000 0.550000
8.000000 22.000000 0.937695 0.594000 0.557000
8.000000 23.000000 0.914034 0.605000 0.553000
8.000000 24.000000 0.984276 0.573000 0.564000
8.000000 25.000000 0.929808 0.570000 0.530000
8.000000 26.000000 1.012482 0.560000 0.567000
8.000000 27.000000 0.945929 0.555000 0.525000
8.000000 28.000000 1.074425 0.497000 0.534000
8.000000 29.000000 1.031491 0.476000 0.491000
8.000000 30.000000 1.052724 0.455000 0.479000
8.000000 31.000000 0.854528 0.495000 0.423000
8.000000 32.000000 0.957568 0.448000 0.429000
8.000000 33.000000 1.012729 0.392000 0.397000
8.000000 34.000000 1.086081 0.360000 0.391000
8.000000 35.000000 0.956620 0.346000 0.331000
8.000000 36.000000 0.869546 0.460000 0.400000
8.000000 37.000000 0.830905 0.278000 0.231000
8.000000 38.000000 0.785688 0.294000 0.231000
8.000000 39.000000 0.829152 0.281000 0.233000
8.000000 40.000000 0.778997 0.267000 0.208000
8.000000 41.000000 0.788705 0.284000 0.224000
8.000000 42.000000 0.840272 0.263000 0.221000
8.000000 43.000000 0.754619 0.269000 0.203000
8.000000 44.000000 0.821262 0.263000 0.216000
8.000000 45.000000 1.197605 0.005000 0.006000
9.000000 -45.000000 0.665557 0.006000 0.004000
9.000000 -44.000000 0.732048 0.265000 0.194000
9.000000 -43.000000 0.839048 0.261000 0.219000
9.000000 -42.000000 0.916630 0.252000 0.231000
9.000000 -41.000000 0.806423 0.279000 0.225000
9.000000 -40.000000 0.841520 0.284000 0.239000
9.000000 -39.000000 0.751631 0.302000 0.227000
9.000000 -38.000000 0.786203 0.276000 0.217000
8.999966 -37.000290 0.804687 0.297000 0.239000
9.000000 -36.000000 0.893770 0.499000 0.446000
9.000000 -35.000000 1.008446 0.354000 0.357000
9.000000 -34.000000 1.004987 0.399000 0.401000
9.000000 -33.000000 1.035963 0.389000 0.403000
9.000000 -32.000000 1.032459 0.431000 0.445000
9.000000 -31.000000 1.019416 0.463000 0.472000
9.000000 -30.000000 0.959381 0.468000 0.449000
9.000000 -29.000000 1.031229 0.480000 0.495000
9.000000 -28.000000 1.022024 0.499000 0.510000
9.000000 -27.000000 0.952026 0.563000 0.536000
9.000000 -26.000000 1.018778 0.532000 0.542000
9.000000 -25.000000 1.062024 0.548000 0.582000
9.000000 -24.000000 1.054035 0.555000 0.585000
9.000000 -23.000000 0.980718 0.571000 0.560000
9.000000 -22.000000 1.007150 0.558000 0.562000
9.000000 -21.000000 1.028201 0.567000 0.583000
9.000000 -20.000000 0.977531 0.579000 0.566000
9.000000 -19.000000 0.977799 0.586000 0.573000
9.000000 -18.000000 1.071274 0.533000 0.571000
9.000000 -17.000000 1.083155 0.529000 0.573000
9.000000 -16.000000 1.050166 0.538000 0.565000
9.000000 -15.000000 1.084595 0.520000 0.564000
9.000000 -14.000000 0.967897 0.561000 0.543000
9.000000 -13.000000 1.009258 0.539000 0.544000
9.000000 -12.000000 1.016286 0.552000 0.561000
9.000000 -11.000000 1.038232 0.549000 0.570000
9.000000 -10.000000 0.943283 0.582000 0.549000
9.000000 -9.000000 0.986261 0.583000 0.575000
9.000000 -8.000000 1.052139 0.556000 0.585000
9.000000 -7.000000 0.940862 0.592000 0.557000
9.000000 -6.000000 0.935840 0.608000 0.569000
9.000000 -5.000000 1.041576 0.577000 0.601000
9.000000 -4.000000 1.056220 0.569000 0.601000
9.000000 -3.000000 0.975845 0.580000 0.566000
9.000000 -2.000000 1.065584 0.564000 0.601000
9.000000 -1.000000 0.902072 0.623000 0.562000
9.000000 0.000000 1.042416 0.542000 0.565000
9.000000 1.000000 1.038584 0.544000 0.565000
9.000000 2.000000 1.019280 0.570000 0.581000
9.000000 3.000000 1.069010 0.536000 0.573000
9.000000 4.000000 0.968515 0.572000 0.554000
9.000000 5.000000 0.976643 0.557000 0.544000
9.000000 6.000000 1.044656 0.582000 0.608000
9.000000 7.000000 1.013847 0.577000 0.585000
9.000000 8.000000 1.032708 0.550000 0.568000
9.000000 9.000000 0.994701 0.568000 0.565000
9.000000 10.000000 0.961855 0.577000 0.555000
9.000000 11.000000 1.018708 0.534000 0.544000
9.000000 12.000000 0.971564 0.563000 0.547000
9.000000 13.000000 1.064083 0.546000 0.581000
9.000000 14.000000 1.049981 0.560000 0.588000
9.000000 15.000000 1.041423 0.555000 0.578000
9.000000 16.000000 1.042416 0.542000 0.565000
9.000000 17.000000 0.890019 0.582000 0.518000
9.000000 18.000000 0.992629 0.544000 0.540000
9.000000 19.000000 0.950496 0.586000 0.557000
9.000000 20.000000 1.001771 0.559000 0.560000
9.000000 21.000000 0.972349 0.579000 0.563000
9.000000 22.000000 0.927103 0.590000 0.547000
9.000000 23.000000 1.046191 0.541000 0.566000
9.000000 24.000000 0.959058 0.562000 0.539000
9.000000 25.000000 0.955891 0.567000 0.542000
9.000000 26.000000 0.952448 0.568000 0.541000
9.000000 27.000000 0.945536 0.551000 0.521000
9.000000 28.000000 1.124975 0.448000 0.504000
9.000000 29.000000 0.942178 0.519000 0.489000
9.000000 30.000000 1.020598 0.485000 0.495000
9.000000 31.000000 0.972896 0.480000 0.467000
9.000000 32.000000 0.932040 0.471000 0.439000
9.000000 33.000000 0.918161 0.440000 0.404000
9.000000 34.000000 1.052882 0.378000 0.398000
9.000000 35.000000 0.900245 0.371000 0.334000
9.000000 36.000000 0.970318 0.472000 0.458000
9.000000 37.000000 0.780042 0.291000 0.227000
9.000000 38.000000 0.804398 0.271000 0.218000
9.000000 39.000000 0.928267 0.265000 0.246000
9.000000 40.000000 0.851679 0.263000 0.224000
9.000000 41.000000 0.749090 0.283000 0.212000
9.000000 42.000000 0.766638 0.270000 0.207000
9.000000 43.000000 0.839048 0.261000 0.219000
9.000000 44.000000 0.872915 0.244000 0.213000
9.000000 45.000000 1.661130 0.003000 0.005000
10.000000 -45.000000 0.000000 0.000000 0.000000
10.000000 -44.000000 0.878114 0.238000 0.209000
10.000000 -43.000000 0.695011 0.282000 0.196000
10.000000 -42.000000 0.815967 0.250000 0.204000
10.000000 -41.000000 0.757116 0.280000 0.212000
10.000000 -40.000000 0.856556 0.258000 0.221000
10.000000 -39.000000 0.813121 0.289000 0.235000
10.000000 -38.000000 0.786449 0.281000 0.221000
10.000000 -37.000000 0.792226 0.284000 0.225000
10.000000 -36.000000 0.865867 0.261000 0.226000
10.000000 -35.000000 0.933145 0.404000 0.377000
10.000000 -34.000000 0.939449 0.380000 0.357000
10.000000 -33.000000 1.033053 0.393000 0.406000
10.000000 -32.000000 0.931952 0.441000 0.411000
10.000000 -31.000000 1.093157 0.440000 0.481000
10.000000 -30.000000 0.983753 0.493000 0.485000
10.000000 -29.000000 1.035248 0.482000 0.499000
10.000000 -28.000000 1.016611 0.481000 0.489000
10.000000 -27.000000 1.123180 0.487000 0.547000
10.000000 -26.000000 0.948837 0.567000 0.538000
10.000000 -25.000000 0.970263 0.572000 0.555000
10.000000 -24.000000 0.994881 0.588000 0.585000
10.000000 -23.000000 0.994663 0.564000 0.561000
10.000000 -22.000000 1.026024 0.576000 0.591000
10.000000 -21.000000 0.999983 0.575000 0.575000
10.000000 -20.000000 0.986672 0.601000 0.593000
10.000900 -19.000242 1.014370 0.556000 0.564000
10.000000 -18.000000 0.956656 0.577000 0.552000
10.000000 -17.000000 1.046081 0.564000 0.590000
10.000000 -16.000000 1.037645 0.531000 0.551000
10.000000 -15.000000 1.060130 0.532000 0.564000
10.000000 -14.000000 1.073917 0.541000 0.581000
10.000000 -13.000000 0.994507 0.548000 0.545000
10.000000 -12.000000 1.029393 0.544000 0.560000
10.000000 -11.000000 1.026720 0.561000 0.576000
10.000000 -10.000000 1.045852 0.545000 0.570000
10.000000 -9.000000 1.054287 0.534000 0.563000
10.000000 -8.000000 1.020351 0.540000 0.551000
10.000000 -7.000000 1.053984 0.537000 0.566000
10.000000 -6.000000 1.007037 0.567000 0.571000
10.000000 -5.000000 0.970824 0.583000 0.566000
10.000000 -4.000000 1.038163 0.550000 0.571000
10.000000 -3.000000 0.979435 0.584000 0.572000
10.000000 -2.000000 1.012241 0.571000 0.578000
10.000000 -1.000000 1.036746 0.544000 0.564000
10.000000 0.000000 1.027009 0.555000 0.570000
10.000000 1.000000 1.029754 0.571000 0.588000
10.000000 2.000000 1.079546 0.553000 0.597000
10.000000 3.000000 0.991480 0.588000 0.583000
10.000000 4.000000 0.991117 0.564000 0.559000
10.000000 5.000000 1.020314 0.541000 0.552000
10.000000 6.000000 1.039909 0.551000 0.573000
10.000000 7.000000 0.982592 0.575000 0.565000
10.000000 8.000000 1.074122 0.553000 0.594000
10.000000 9.000000 0.989848 0.592000 0.586000
10.000000 10.000000 1.063966 0.547000 0.582000
10.000000 11.000000 1.039981 0.550000 0.572000
10.000000 12.000000 0.980340 0.560000 0.549000
10.000000 13.000000 1.005378 0.556000 0.559000
10.000000 14.000000 1.093263 0.536000 0.586000
10.000000 15.000000 0.975421 0.570000 0.556000
10.000000 16.000000 1.063733 0.549000 0.584000
10.000000 17.000000 1.135734 0.523000 0.594000
10.000000 18.000000 0.899302 0.586000 0.527000
10.000000 19.000000 0.960734 0.586000 0.563000
10.000000 20.000000 0.974646 0.592000 0.577000
10.000000 21.000000 1.057743 0.554000 0.586000
10.000000 22.000000 0.926979 0.589000 0.546000
10.000000 23.000000 0.991086 0.562000 0.557000
10.000000 24.000000 0.929396 0.595000 0.553000
10.000000 25.000000 0.967897 0.561000 0.543000
10.000000 26.000000 0.921587 0.574000 0.529000
10.000000 27.000000 1.075375 0.504000 0.542000
10.000000 28.000000 0.988443 0.520000 0.514000
10.000000 29.000000 1.042531 0.470000 0.490000
10.000000 30.000000 0.967722 0.496000 0.480000
10.000000 31.000000 1.009172 0.435000 0.439000
10.000000 32.000000 1.023178 0.431000 0.441000
10.000000 33.000000 1.014574 0.411000 0.417000
10.000000 34.000000 1.091383 0.361000 0.394000
10.000000 35.000000 0.882042 0.407000 0.359000
10.000000 36.000000 0.798654 0.303000 0.242000
10.000000 37.000000 0.781118 0.297000 0.232000
10.000000 38.000000 0.803674 0.270000 0.217000
10.000000 39.000000 0.860774 0.273000 0.235000
10.000000 40.000000 0.841236 0.252000 0.212000
10.000000 41.000000 0.809831 0.284000 0.230000
10.000000 42.000000 0.882778 0.256000 0.226000
10.000000 43.000000 0.800722 0.266000 0.213000
10.000000 44.000000 0.874965 0.248000 0.217000
10.000000 45.000000 0.000000 0.000000 0.000000
11.000000 -45.000000 0.000000 0.000000 0.000000
11.000000 -44.000000 1.328904 0.003000 0.004000
11.000000 -43.000000 0.777749 0.270000 0.210000
11.000000 -42.000000 0.776528 0.273000 0.212000
11.000000 -41.000000 0.802168 0.273000 0.219000
11.000000 -40.000000 0.769974 0.300000 0.231000
11.000000 -39.000000 0.770008 0.287000 0.221000
11.000000 -38.000000 0.789826 0.276000 0.218000
11.000000 -37.000000 0.884445 0.277000 0.245000
11.000000 -36.000000 0.838797 0.273000 0.229000
11.000000 -35.000000 0.930002 0.443000 0.412000
11.000000 -34.000000 1.012961 0.385000 0.390000
11.000000 -33.000000 1.009027 0.442000 0.446000
11.000000 -32.000000 1.041743 0.407000 0.424000
11.000000 -31.000000 1.029725 0.437000 0.450000
11.000000 -30.000000 0.968988 0.484000 0.469000
11.000000 -29.000000 0.981499 0.487000 0.478000
11.000000 -28.000000 0.955804 0.498000 0.476000
11.000000 -27.000000 1.023742 0.505000 0.517000
11.000000 -26.000000 1.001889 0.524000 0.525000
11.000000 -25.000000 0.954608 0.573000 0.547000
11.000000 -24.000000 1.015420 0.583000 0.592000
11.000000 -23.000000 0.932743 0.580000 0.541000
11.000000 -22.000000 0.927016 0.603000 0.559000
11.000000 -21.000000 1.023196 0.560000 0.573000
11.000000 -20.000000 1.044545 0.561000 0.586000
11.000000 -19.000000 0.972633 0.585000 0.569000
11.000000 -18.000000 0.989933 0.597000 0.591000
11.000000 -17.000000 1.072069 0.541000 0.580000
11.000000 -16.000000 0.992878 0.563000 0.559000
11.000000 -15.000000 1.005264 0.568000 0.571000
11.000000 -14.000000 1.061091 0.540000 0.573000
11.000000 -13.000000 1.001807 0.548000 0.549000
11.000000 -12.000000 1.063617 0.550000 0.585000
11.000000 -11.000000 1.014370 0.556000 0.564000
11.000000 -10.000000 0.998177 0.554000 0.553000
11.000000 -9.000000 0.975378 0.569000 0.555000
11.000000 -8.000000 1.033438 0.538000 0.556000
11.000000 -7.000000 1.007087 0.563000 0.567000
11.000000 -6.000000 0.971023 0.587000 0.570000
11.000000 -5.000000 1.071155 0.562000 0.602000
11.000000 -4.000000 1.008588 0.581000 0.586000
11.000000 -3.000000 1.032590 0.552000 0.570000
11.000000 -2.000000 1.023405 0.555000 0.568000
11.000000 -1.000000 1.019485 0.564000 0.575000
11.000000 0.000000 0.946021 0.593000 0.561000
11.000000 1.000000 1.069624 0.560000 0.599000
11.000000 2.000000 0.981308 0.589000 0.578000
11.000000 3.000000 1.024011 0.541000 0.554000
11.000000 4.000000 0.984138 0.568000 0.559000
11.000000 5.000000 1.022910 0.567000 0.580000
11.000000 6.000000 1.019417 0.566000 0.577000
11.000000 7.000000 1.003522 0.565000 0.567000
11.000000 8.000000 0.966257 0.593000 0.573000
11.000000 9.000000 0.991480 0.588000 0.583000
11.000000 10.000000 1.019113 0.575000 0.586000
11.000000 11.000000 0.964451 0.591000 0.570000
11.000000 12.000000 1.005094 0.587000 0.590000
11.000000 13.000000 0.973387 0.564000 0.549000
11.000000 14.000000 1.091912 0.533000 0.582000
11.000000 15.000000 0.975804 0.579000 0.565000
11.000000 16.000000 1.032182 0.559000 0.577000
11.000000 17.000000 0.980952 0.578000 0.567000
11.000000 18.000000 0.969056 0.582000 0.564000
11.000000 19.000000 0.994738 0.572000 0.569000
11.000000 20.000000 0.970973 0.586000 0.569000
11.000000 21.000000 0.991226 0.571000 0.566000
11.000000 22.000000 0.972205 0.576000 0.560000
11.000000 23.000000 0.969073 0.550000 0.533000
11.000000 24.000000 0.950748 0.589000 0.560000
11.000000 25.000000 0.955156 0.580000 0.554000
11.000000 26.000000 0.951624 0.579000 0.551000
11.000000 27.000000 0.996059 0.510000 0.508000
11.000000 28.000000 1.099356 0.483000 0.531000
11.000000 29.000000 1.022848 0.481000 0.492000
11.000000 30.000000 1.021483 0.465000 0.475000
11.000000 31.000000 0.942040 0.466000 0.439000
11.000000 32.000000 1.023341 0.428000 0.438000
11.000000 33.000000 0.997469 0.399000 0.398000
11.000000 34.000000 1.087945 0.341000 0.371000
11.000000 35.000000 0.889361 0.452000 0.402000
11.000000 36.000000 0.835175 0.267000 0.223000
11.000000 37.000000 0.786180 0.290000 0.228000
11.000000 38.000000 0.737384 0.278000 0.205000
11.000000 39.000000 0.787206 0.282000 0.222000
11.000000 40.000000 0.734055 0.267000 0.196000
11.000000 41.000000 0.827308 0.278000 0.230000
11.000000 42.000000 0.758214 0.273000 0.207000
11.000000 43.000000 0.824456 0.245000 0.202000
11.000000 44.000000 0.221976 0.009000 0.002000
11.000000 45.000000 100.000000 0.000000 0.001000
12.000000 -45.000000 100.000000 0.000000 0.001000
12.000000 -44.000000 0.499168 0.006000 0.003000
12.000000 -43.000000 0.873483 0.253000 0.221000
12.000000 -42.000000 0.700973 0.301000 0.211000
12.000000 -41.000000 0.768032 0.263000 0.202000
12.000000 -40.000000 0.774972 0.280000 0.217000
12.000000 -39.000000 0.753446 0.288000 0.217000
12.000000 -38.000000 0.736032 0.269000 0.198000
12.000000 -37.000000 0.743309 0.300000 0.223000
12.000000 -36.000000 0.748226 0.286000 0.214000
12.000000 -35.000000 0.891287 0.506000 0.451000
12.000000 -34.000000 0.991776 0.366000 0.363000
12.000000 -33.000000 0.951258 0.390000 0.371000
12.000000 -32.000000 0.988509 0.436000 0.431000
12.000000 -31.000000 1.098599 0.436000 0.479000
12.000000 -30.000000 1.017036 0.469000 0.477000
12.000000 -29.000000 0.970219 0.504000 0.489000
12.000000 -28.000000 1.034673 0.490000 0.507000
12.000000 -27.000000 0.986362 0.514000 0.507000
12.000000 -26.000000 1.020888 0.574000 0.586000
12.000000 -25.000000 0.999982 0.566000 0.566000
12.000000 -24.000000 0.998183 0.556000 0.555000
12.000000 -23.000000 0.918724 0.603000 0.554000
12.000000 -22.000000 0.909076 0.594000 0.540000
12.000000 -21.000000 1.050341 0.556000 0.584000
12.000000 -20.000000 1.001774 0.558000 0.559000
12.000000 -19.000000 1.019451 0.565000 0.576000
12.000000 -18.000000 0.918516 0.626000 0.575000
12.000000 -17.000000 0.965687 0.554000 0.535000
12.000000 -16.000000 0.901138 0.607000 0.547000
12.000000 -15.000000 0.976129 0.545000 0.532000
12.000000 -14.000000 1.023321 0.557000 0.570000
12.000000 -13.000000 1.042183 0.545000 0.568000
12.000000 -12.000000 1.005349 0.559000 0.562000
12.000000 -11.000000 0.965441 0.579000 0.559000
12.000000 -10.000000 0.955387 0.583000 0.557000
12.000000 -9.000000 0.992965 0.570000 0.566000
12.000000 -8.000000 1.003497 0.569000 0.571000
12.000000 -7.000000 1.018163 0.550000 0.560000
12.000000 -6.000000 0.979329 0.581000 0.569000
12.000000 -5.000000 0.953395 0.601000 0.573000
12.000000 -4.000000 1.017903 0.558000 0.568000
12.000000 -3.000000 0.998259 0.580000 0.579000
12.000000 -2.000000 0.991272 0.574000 0.569000
12.000000 -1.000000 1.011969 0.584000 0.591000
12.000000 0.000000 1.056319 0.568000 0.600000
12.000000 1.000000 0.996430 0.563000 0.561000
12.000000 2.000000 0.960907 0.563000 0.541000
12.000000 3.000000 1.022869 0.568000 0.581000
12.000000 4.000000 1.037683 0.557000 0.578000
12.000000 5.000000 1.012328 0.567000 0.574000
12.000000 6.000000 1.005236 0.571000 0.574000
12.000000 7.000000 0.988159 0.592000 0.585000
12.000000 8.000000 0.994756 0.574000 0.571000
12.000000 9.000000 1.094497 0.529000 0.579000
12.000000 10.000000 0.979258 0.579000 0.567000
12.000000 11.000000 0.942890 0.578000 0.545000
12.000000 12.000000 1.070251 0.555000 0.594000
12.000000 13.000000 1.012663 0.552000 0.559000
12.000000 14.000000 0.963334 0.573000 0.552000
12.000000 15.000000 1.058804 0.544000 0.576000
12.000000 16.000000 0.994691 0.567000 0.564000
12.000000 17.000000 0.941062 0.594000 0.559000
12.000000 18.000000 1.029650 0.573000 0.590000
12.000000 19.000000 0.978135 0.595000 0.582000
12.000000 20.000000 0.999983 0.575000 0.575000
12.000000 21.000000 0.936545 0.599000 0.561000
12.000000 22.000000 1.014607 0.547000 0.555000
12.000000 23.000000 1.031897 0.564000 0.582000
12.000000 24.000000 1.026484 0.566000 0.581000
12.000000 25.000000 0.973621 0.569000 0.554000
12.000000 26.000000 0.910174 0.579000 0.527000
12.000000 27.000000 1.052398 0.496000 0.522000
12.000000 28.000000 1.020181 0.495000 0.505000
12.000000 29.000000 1.015097 0.463000 0.470000
12.000000 30.000000 1.058545 0.461000 0.488000
12.000000 31.000000 0.956047 0.478000 0.457000
12.000000 32.000000 1.032610 0.429000 0.443000
12.000000 33.000000 1.034205 0.409000 0.423000
12.000000 34.000000 0.930745 0.390000 0.363000
12.000000 35.000000 0.912332 0.502000 0.458000
12.000000 36.000000 0.802694 0.294000 0.236000
12.000000 37.000000 0.898885 0.277000 0.249000
12.000000 38.000000 0.794493 0.292000 0.232000
12.000000 39.000000 0.922445 0.258000 0.238000
12.000000 40.000000 0.762860 0.291000 0.222000
12.000000 41.000000 0.774385 0.297000 0.230000
12.000000 42.000000 0.892395 0.251000 0.224000
12.000000 43.000000 0.720255 0.286000 0.206000
12.000000 44.000000 0.665557 0.006000 0.004000
12.000000 45.000000 0.000000 0.000000 0.000000
13.000000 -45.000000 100.000000 0.000000 0.001000
13.000000 -44.000000 4.950495 0.001000 0.005000
13.000000 -43.000000 0.840877 0.264000 0.222000
13.000000 -42.000000 0.845833 0.266000 0.225000
13.000000 -41.000000 0.645880 0.305000 0.197000
13.000000 -40.000000 0.699635 0.293000 0.205000
13.000000 -39.000000 0.842264 0.279000 0.235000
13.000000 -38.000000 0.767830 0.280000 0.215000
13.000000 -37.000000 0.938425 0.260000 0.244000
13.000000 -36.000000 0.792698 0.275000 0.218000
13.000000 -35.000000 0.910003 0.289000 0.263000
13.000000 -34.000000 0.899040 0.426000 0.383000
13.000000 -33.000000 1.017923 0.390000 0.397000
13.000000 -32.000000 1.101915 0.412000 0.454000
13.000000 -31.000000 1.096672 0.424000 0.465000
13.000000 -30.000000 0.947135 0.492000 0.466000
13.000000 -29.000000 0.905912 0.489000 0.443000
13.000000 -28.000000 1.013706 0.510000 0.517000
13.000000 -27.000000 1.098743 0.486000 0.534000
13.000000 -26.000000 0.994457 0.543000 0.540000
13.000000 -25.000000 0.968515 0.572000 0.554000
13.000000 -24.000000 1.052219 0.536000 0.564000
13.000000 -23.000000 0.982889 0.585000 0.575000
13.000000 -22.000000 0.915095 0.589000 0.539000
13.000000 -21.000000 1.038376 0.573000 0.595000
13.000000 -20.000000 0.964330 0.589000 0.568000
13.000000 -19.000000 0.923313 0.613000 0.566000
13.000000 -18.000000 1.012114 0.577000 0.584000
13.000000 -17.000000 0.975514 0.613000 0.598000
13.000000 -16.000000 0.961987 0.579000 0.557000
13.000000 -15.000000 1.047513 0.547000 0.573000
13.000000 -14.000000 0.983005 0.589000 0.579000
13.000000 -13.000000 1.034590 0.549000 0.568000
13.000000 -12.000000 1.043085 0.580000 0.605000
13.000000 -11.000000 1.028758 0.556000 0.572000
13.000000 -10.000000 0.960122 0.577000 0.554000
13.000000 -9.000000 0.962632 0.589000 0.567000
13.000000 -8.000000 1.080272 0.548000 0.592000
13.000000 -7.000000 0.980952 0.578000 0.567000
13.000000 -6.000000 0.989656 0.581000 0.575000
13.000000 -5.000000 1.023279 0.558000 0.571000
13.000000 -4.000000 0.999983 0.583000 0.583000
13.000000 -3.000000 1.001678 0.590000 0.591000
13.000000 -2.000000 0.979610 0.589000 0.577000
13.000000 -1.000000 1.015939 0.564000 0.573000
13.000000 0.000000 0.967671 0.588000 0.569000
13.000000 1.000000 1.050417 0.575000 0.604000
13.000000 2.000000 1.008895 0.561000 0.566000
13.000000 3.000000 0.977685 0.583000 0.570000
13.000000 4.000000 0.992977 0.571000 0.567000
13.000000 5.000000 1.003535 0.563000 0.565000
13.000000 6.000000 1.006809 0.586000 0.590000
13.000000 7.000000 1.037718 0.583000 0.605000
13.000000 8.000000 0.923573 0.602000 0.556000
13.000000 9.000000 1.005236 0.571000 0.574000
13.000000 10.000000 1.035101 0.541000 0.560000
13.000000 11.000000 0.943645 0.568000 0.536000
13.000000 12.000000 1.045521 0.527000 0.551000
13.000000 13.000000 1.016169 0.556000 0.565000
13.000000 14.000000 1.030502 0.557000 0.574000
13.000000 15.000000 1.030285 0.561000 0.578000
13.000000 16.000000 0.931514 0.628000 0.585000
13.000000 17.000000 1.021832 0.595000 0.608000
13.000000 18.000000 0.928207 0.613000 0.569000
13.000000 19.000000 0.964571 0.593000 0.572000
13.000000 20.000000 0.966028 0.589000 0.569000
13.000000 21.000000 1.001722 0.575000 0.576000
13.000000 22.000000 0.982470 0.571000 0.561000
13.000000 23.000000 1.071409 0.560000 0.600000
13.000000 24.000000 0.909231 0.584000 0.531000
13.000000 25.000000 1.003612 0.551000 0.553000
13.000000 26.000000 1.095309 0.514000 0.563000
13.000000 27.000000 1.048040 0.541000 0.567000
13.000000 28.000000 1.029639 0.472000 0.486000
13.000000 29.000000 0.975884 0.498000 0.486000
13.000000 30.000000 1.024422 0.450000 0.461000
13.000000 31.000000 1.048252 0.435000 0.456000
13.000000 32.000000 1.011824 0.422000 0.427000
13.000000 33.000000 0.940423 0.403000 0.379000
13.000000 34.000000 0.908025 0.435000 0.395000
13.000000 35.000000 0.861457 0.296000 0.255000
13.000000 36.000000 0.951962 0.250000 0.238000
13.000000 37.000000 0.773824 0.283000 0.219000
13.000000 38.000000 0.829832 0.288000 0.239000
13.000000 39.000000 0.875907 0.266000 0.233000
13.000000 40.000000 0.969888 0.266000 0.258000
13.000000 41.000000 0.846398 0.280000 0.237000
13.000000 42.000000 0.834478 0.284000 0.237000
13.000000 43.000000 0.939233 0.247000 0.232000
13.000000 44.000000 0.181653 0.011000 0.002000
13.000000 45.000000 0.000000 0.000000 0.000000
14.000000 -45.000000 0.000000 0.001000 0.000000
14.000000 -44.000000 0.000000 0.001000 0.000000
14.000000 -43.000000 0.840272 0.263000 0.221000
14.000000 -42.000000 0.841666 0.259000 0.218000
14.000000 -41.000000 0.830157 0.265000 0.220000
14.000000 -40.000000 0.668919 0.293000 0.196000
14.000000 -39.000000 0.753181 0.312000 0.235000
14.000000 -38.000000 0.658340 0.281000 0.185000
14.000000 -37.000000 0.889279 0.262000 0.233000
14.000000 -36.000000 0.848562 0.284000 0.241000
14.000000 -35.000000 0.844987 0.271000 0.229000
14.000000 -34.000000 0.930451 0.489000 0.455000
14.000000 -33.000000 1.162432 0.357000 0.415000
14.000000 -32.000000 1.121799 0.394000 0.442000
14.000000 -31.000000 1.043550 0.459000 0.479000
14.000000 -30.000000 0.999978 0.461000 0.461000
14.000000 -29.000000 1.047289 0.465000 0.487000
14.000000 -28.000000 1.029106 0.515000 0.530000
14.000000 -27.000000 1.026618 0.488000 0.501000
14.000000 -26.000000 1.003790 0.525000 0.527000
14.000000 -25.000000 0.931423 0.598000 0.557000
14.000000 -24.000000 1.027404 0.547000 0.562000
14.000000 -23.000000 1.014633 0.546000 0.554000
14.000000 -22.000000 0.993014 0.574000 0.570000
14.000000 -21.000000 0.935093 0.601000 0.562000
14.000000 -20.000000 0.981339 0.590000 0.579000
14.000000 -19.000000 1.003510 0.567000 0.569000
14.000000 -18.000000 1.057124 0.560000 0.592000
14.000000 -17.000000 0.969984 0.600000 0.582000
14.000000 -16.000000 0.972865 0.590000 0.574000
14.000000 -15.000000 0.982315 0.566000 0.556000
14.000000 -14.000000 0.982500 0.572000 0.562000
14.000000 -13.000000 0.994673 0.565000 0.562000
14.000000 -12.000000 0.966882 0.574000 0.555000
14.000000 -11.000000 0.979883 0.597000 0.585000
14.000000 -10.000000 0.964772 0.568000 0.548000
14.000000 -9.000000 1.015827 0.568000 0.577000
14.000000 -8.000000 0.959167 0.588000 0.564000
14.000000 -7.000000 0.948526 0.583000 0.553000
14.000000 -6.000000 1.010583 0.566000 0.572000
14.000000 -5.000000 0.972957 0.592000 0.576000
14.000000 -4.000000 1.001695 0.584000 0.585000
14.000000 -3.000000 0.999983 0.592000 0.592000
14.000000 -2.000000 0.953932 0.608000 0.580000
14.000000 -1.000000 0.998250 0.577000 0.576000
14.000000 0.000000 1.009967 0.601000 0.607000
14.000000 1.000000 1.080419 0.547000 0.591000
14.000000 2.000000 0.951708 0.580000 0.552000
14.000000 3.000000 1.035231 0.539000 0.558000
14.000000 4.000000 0.938655 0.587000 0.551000
14.000000 5.000000 1.010381 0.577000 0.583000
14.000000 6.000000 1.066171 0.559000 0.596000
14.000000 7.000000 0.984249 0.572000 0.563000
14.000000 8.000000 1.013847 0.577000 0.585000
14.000000 9.000000 1.071543 0.531000 0.569000
14.000000 10.000000 1.043069 0.557000 0.581000
14.000000 11.000000 1.050983 0.549000 0.577000
14.000000 12.000000 0.954221 0.590000 0.563000
14.000000 13.000000 0.948526 0.583000 0.553000
14.000000 14.000000 1.017619 0.567000 0.577000
14.000000 15.000000 0.991117 0.564000 0.559000
14.000000 16.000000 0.955208 0.603000 0.576000
14.000000 17.000000 1.041433 0.579000 0.603000
14.000000 18.000000 0.984755 0.591000 0.582000
14.000000 19.000000 0.938726 0.604000 0.567000
14.000000 20.000000 0.967943 0.593000 0.574000
14.000000 21.000000 1.040907 0.562000 0.585000
14.000000 22.000000 0.982976 0.588000 0.578000
14.000000 23.000000 0.934876 0.599000 0.560000
14.000000 24.000000 0.953317 0.600000 0.572000
14.000000 25.000000 0.966595 0.599000 0.579000
14.000000 26.000000 1.028092 0.498000 0.512000
14.000000 27.000000 1.079086 0.493000 0.532000
14.000000 28.000000 0.938351 0.503000 0.472000
14.000000 29.000000 1.016373 0.488000 0.496000
14.000000 30.000000 1.004216 0.472000 0.474000
14.000000 31.000000 0.999978 0.446000 0.446000
14.000000 32.000000 1.062163 0.402000 0.427000
14.000000 33.000000 1.105642 0.388000 0.429000
14.000000 34.000000 0.935045 0.462000 0.432000
14.000000 35.000000 0.778497 0.298000 0.232000
14.000000 36.000000 0.762562 0.278000 0.212000
14.000000 37.000000 0.806095 0.294000 0.237000
14.000000 38.000000 0.775060 0.289000 0.224000
14.000000 39.000000 0.859889 0.257000 0.221000
14.000000 40.000000 0.855604 0.284000 0.243000
14.000000 41.000000 0.929375 0.255000 0.237000
14.000000 42.000000 0.811778 0.271000 0.220000
14.000000 43.000000 0.887515 0.249000 0.221000
14.000000 44.000000 0.000000 0.000000 0.000000
14.000000 45.000000 0.000000 0.000000 0.000000
15.000000 -45.000000 0.000000 0.000000 0.000000
15.000000 -44.000000 0.000000 0.000000 0.000000
15.000000 -43.000000 0.598802 0.005000 0.003000
15.000000 -42.000000 0.796400 0.280000 0.223000
15.000000 -41.000000 0.802890 0.274000 0.220000
15.000000 -40.000000 0.744729 0.286000 0.213000
15.000000 -39.000000 0.866633 0.255000 0.221000
15.000000 -38.000000 0.834431 0.296000 0.247000
15.000000 -37.000000 0.778544 0.280000 0.218000
15.000000 -36.000000 0.859125 0.284000 0.244000
15.000000 -35.000000 0.858102 0.289000 0.248000
15.000000 -34.000000 0.960508 0.532000 0.511000
15.000000 -33.000000 0.950096 0.421000 0.400000
15.000000 -32.000000 0.939372 0.429000 0.403000
15.000000 -31.000000 1.017874 0.447000 0.455000
15.000000 -30.000000 1.006375 0.469000 0.472000
15.000000 -29.000000 1.042988 0.465000 0.485000
15.000000 -28.000000 0.995956 0.497000 0.495000
15.000000 -27.000000 1.038286 0.496000 0.515000
15.000000 -26.000000 1.021134 0.520000 0.531000
15.000000 -25.000000 1.016835 0.534000 0.543000
15.000000 -24.000000 0.840637 0.615000 0.517000
15.000000 -23.000000 0.959306 0.590000 0.566000
15.000000 -22.000000 0.953027 0.575000 0.548000
15.000000 -21.000000 1.033199 0.572000 0.591000
15.000000 -20.000000 0.988159 0.592000 0.585000
15.000000 -19.000000 0.986331 0.586000 0.578000
15.000000 -18.000000 0.966997 0.576000 0.557000
15.000000 -17.000000 0.948145 0.598000 0.567000
15.000000 -16.000000 0.984572 0.584000 0.575000
15.000000 -15.000000 0.974774 0.595000 0.580000
15.000000 -14.000000 1.045676 0.569000 0.595000
15.000000 -13.000000 1.003645 0.546000 0.548000
15.000000 -12.000000 1.026252 0.571000 0.586000
15.000000 -11.000000 1.043459 0.552000 0.576000
15.000000 -10.000000 0.959028 0.586000 0.562000
15.000000 -9.000000 1.021334 0.562000 0.574000
15.000000 -8.000000 0.967616 0.587000 0.568000
15.000000 -7.000000 1.026390 0.568000 0.583000
15.000000 -6.000000 1.015662 0.574000 0.583000
15.000000 -5.000000 0.981148 0.584000 0.573000
15.000000 -4.000000 0.979113 0.575000 0.563000
15.000000 -3.000000 1.095664 0.533000 0.584000
15.000000 -2.000000 0.960868 0.588000 0.565000
15.000000 -1.000000 1.007100 0.562000 0.566000
15.000000 0.000000 1.012350 0.566000 0.573000
15.000000 1.000000 1.020426 0.587000 0.599000
15.000000 2.000000 0.958178 0.598000 0.573000
15.000000 3.000000 1.005218 0.573000 0.576000
15.000000 4.000000 0.901598 0.620000 0.559000
15.000000 5.000000 0.989602 0.578000 0.572000
15.000000 6.000000 0.927103 0.590000 0.547000
15.000000 7.000000 0.996546 0.582000 0.580000
15.000000 8.000000 0.936011 0.594000 0.556000
15.000000 9.000000 1.019801 0.555000 0.566000
15.000000 10.000000 1.044732 0.581000 0.607000
15.000000 11.000000 1.010435 0.574000 0.580000
15.000000 12.000000 0.991347 0.579000 0.574000
15.000000 13.000000 1.122389 0.531000 0.596000
15.000000 14.000000 0.981767 0.549000 0.539000
15.000000 15.000000 0.989796 0.589000 0.583000
15.000000 16.000000 0.988219 0.595000 0.588000
15.000000 17.000000 0.967197 0.610000 0.590000
15.000000 18.000000 1.029859 0.569000 0.586000
15.000000 19.000000 1.008754 0.570000 0.575000
15.000000 20.000000 1.001758 0.563000 0.564000
15.000000 21.000000 0.926159 0.596000 0.552000
15.000000 22.000000 1.012393 0.564000 0.571000
15.000000 23.000000 0.962815 0.565000 0.544000
15.000000 24.000000 1.003497 0.569000 0.571000
15.000000 25.000000 0.955946 0.545000 0.521000
15.000000 26.000000 0.986699 0.527000 0.520000
15.000000 27.000000 1.012300 0.487000 0.493000
15.000000 28.000000 0.999980 0.505000 0.505000
15.000000 29.000000 1.038441 0.494000 0.513000
15.000000 30.000000 0.973012 0.445000 0.433000
15.000000 31.000000 1.017755 0.450000 0.458000
15.000000 32.000000 1.009500 0.420000 0.424000
15.000000 33.000000 0.933475 0.406000 0.379000
15.000000 34.000000 0.916347 0.550000 0.504000
15.000000 35.000000 0.804767 0.292000 0.235000
15.000000 36.000000 0.804936 0.282000 0.227000
15.000000 37.000000 0.866139 0.269000 0.233000
15.000000 38.000000 0.771305 0.293000 0.226000
15.000000 39.000000 0.868581 0.274000 0.238000
15.000000 40.000000 0.799972 0.285000 0.228000
15.000000 41.000000 0.876459 0.251000 0.220000
15.000000 42.000000 0.844928 0.258000 0.218000
15.000000 43.000000 0.374532 0.008000 0.003000
15.000000 44.000000 0.332226 0.003000 0.001000
15.000000 45.000000 100.000000 0.000000 0.001000
16.000000 -45.000000 0.000000 0.000000 0.000000
16.000000 -44.000000 0.000000 0.001000 0.000000
16.000000 -43.000000 0.000000 0.005000 0.000000
16.000000 -42.000000 0.798478 0.268000 0.214000
16.000000 -41.000000 0.871179 0.264000 0.230000
16.000000 -40.000000 0.748148 0.274000 0.205000
16.000000 -39.000000 0.768140 0.289000 0.222000
16.000000 -38.000000 0.897026 0.272000 0.244000
16.000000 -37.000000 0.817213 0.290000 0.237000
16.000000 -36.000000 0.731519 0.298000 0.218000
16.000000 -35.000000 0.762860 0.291000 0.222000
16.000000 -34.000000 0.818465 0.292000 0.239000
16.000000 -33.000000 0.955488 0.472000 0.451000
16.000000 -32.000000 1.038529 0.415000 0.431000
16.000000 -31.000000 0.973012 0.445000 0.433000
16.000000 -30.000000 0.986935 0.460000 0.454000
16.000000 -29.000000 1.029267 0.478000 0.492000
16.000000 -28.000000 1.030970 0.484000 0.499000
16.000000 -27.000000 0.984386 0.513000 0.505000
16.000000 -26.000000 0.985437 0.550000 0.542000
16.000000 -25.000000 1.072528 0.510000 0.547000
16.000000 -24.000000 0.974435 0.548000 0.534000
16.000000 -23.000000 0.980919 0.577000 0.566000
16.000000 -22.000000 0.928437 0.601000 0.558000
16.000000 -21.000000 0.991180 0.568000 0.563000
16.000000 -20.000000 0.980116 0.604000 0.592000
16.000000 -19.000000 1.005137 0.582000 0.585000
16.000000 -18.000000 0.953317 0.600000 0.572000
16.000000 -17.000000 1.019014 0.578000 0.589000
16.000000 -16.000000 1.047764 0.586000 0.614000
16.000000 -15.000000 0.988199 0.594000 0.587000
16.000000 -14.000000 0.980344 0.611000 0.599000
16.000000 -13.000000 0.988546 0.612000 0.605000
16.000000 -12.000000 1.026720 0.561000 0.576000
16.000000 -11.000000 1.024630 0.568000 0.582000
16.000000 -10.000000 1.075453 0.583000 0.627000
16.000000 -9.000000 1.027857 0.574000 0.590000
16.000000 -8.000000 0.974032 0.578000 0.563000
16.000000 -7.000000 0.967505 0.585000 0.566000
16.000000 -6.000000 0.971267 0.592000 0.575000
16.000000 -5.000000 1.014091 0.567000 0.575000
16.000000 -4.000000 1.020566 0.583000 0.595000
16.000000 -3.000000 1.013250 0.603000 0.611000
16.000000 -2.000000 0.947004 0.604000 0.572000
16.000000 -1.000000 1.034947 0.572000 0.592000
16.000000 0.000000 1.006832 0.584000 0.588000
16.000000 1.000000 0.949394 0.593000 0.563000
16.000000 2.000000 0.959028 0.586000 0.562000
16.000000 3.000000 1.005182 0.577000 0.580000
16.000000 4.000000 0.999983 0.587000 0.587000
16.000000 5.000000 1.024543 0.570000 0.584000
16.000000 6.000000 1.022869 0.568000 0.581000
16.000000 7.000000 1.080916 0.556000 0.601000
16.000000 8.000000 0.977216 0.571000 0.558000
16.000000 9.000000 0.985848 0.566000 0.558000
16.000000 10.000000 1.010204 0.587000 0.593000
16.000000 11.000000 0.993062 0.578000 0.574000
16.000000 12.000000 1.034972 0.543000 0.562000
16.000000 13.000000 1.005129 0.583000 0.586000
16.000000 14.000000 0.938990 0.623000 0.585000
16.000000 15.000000 1.001675 0.591000 0.592000
16.000000 16.000000 0.958108 0.597000 0.572000
16.000000 17.000000 1.001719 0.576000 0.577000
16.000000 18.000000 1.018948 0.580000 0.591000
16.000000 19.000000 0.989950 0.598000 0.592000
16.000000 20.000000 1.040938 0.586000 0.610000
16.000000 21.000000 1.031450 0.572000 0.590000
16.000000 22.000000 0.928674 0.603000 0.560000
16.000000 23.000000 1.008530 0.585000 0.590000
16.000000 24.000000 1.035297 0.538000 0.557000
16.000000 25.000000 1.054881 0.510000 0.538000
16.000000 26.000000 0.927185 0.522000 0.484000
16.000000 27.000000 1.129683 0.478000 0.540000
16.000000 28.000000 1.137530 0.458000 0.521000
16.000000 29.000000 0.961046 0.488000 0.469000
16.000339 29.999562 0.970934 0.482000 0.468000
16.000000 31.000000 1.031867 0.439000 0.453000
16.000000 32.000000 1.122905 0.423000 0.475000
16.000000 33.000000 0.960397 0.480000 0.461000
16.000000 34.000000 0.822848 0.271000 0.223000
16.000000 35.000000 0.794676 0.302000 0.240000
16.000000 36.000000 0.851955 0.277000 0.236000
16.000000 37.000000 0.822848 0.271000 0.223000
16.000000 38.000000 0.759424 0.291000 0.221000
16.000000 39.000000 0.710777 0.287000 0.204000
16.000000 40.000000 0.866108 0.254000 0.220000
16.000000 41.000000 0.817798 0.258000 0.211000
16.000000 42.000000 0.854373 0.261000 0.223000
16.000000 43.000000 0.285307 0.007000 0.002000
16.000000 44.000000 0.000000 0.000000 0.000000
16.000000 45.000000 0.000000 0.001000 0.000000
17.000000 -45.000000 0.000000 0.000000 0.000000
17.000000 -44.000000 0.000000 0.000000 0.000000
17.000000 -43.000000 0.000000 0.000000 0.000000
17.000000 -42.000000 0.798403 0.005000 0.004000
17.000000 -41.000000 0.768628 0.268000 0.206000
17.000000 -40.000000 0.850542 0.261000 0.222000
17.000000 -39.000000 0.774718 0.293000 0.227000
17.000000 -38.000000 0.920912 0.253000 0.233000
17.000000 -37.000000 0.888055 0.277000 0.246000
17.000000 -36.000000 0.815468 0.271000 0.221000
17.000000 -35.000000 0.841297 0.271000 0.228000
17.000000 -34.000000 0.879280 0.290000 0.255000
17.000000 -33.000000 0.975818 0.538000 0.525000
17.000000 -32.000000 1.065885 0.440000 0.469000
17.000000 -31.000000 1.032586 0.460000 0.475000
17.000000 -30.000000 0.997828 0.465000 0.464000
17.000000 -29.000000 1.082430 0.473000 0.512000
17.000000 -28.000000 1.052504 0.495000 0.521000
17.000000 -27.000000 0.978580 0.514000 0.503000
17.000000 -26.000000 0.894059 0.557000 0.498000
17.000000 -25.000000 1.042948 0.512000 0.534000
17.000000 -24.000000 1.037678 0.504000 0.523000
17.000000 -23.000000 1.027760 0.576000 0.592000
17.000000 -22.000000 0.993098 0.581000 0.577000
17.000000 -21.000000 1.073781 0.542000 0.582000
17.000000 -20.000000 1.014166 0.564000 0.572000
17.000000 -19.000000 0.994907 0.591000 0.588000
17.000000 -18.000000 1.037525 0.586000 0.608000
17.000000 -17.000000 1.027333 0.585000 0.601000
17.000000 -16.000000 0.988159 0.592000 0.585000
17.000000 -15.000000 0.930518 0.619000 0.576000
17.000000 -14.000000 0.970763 0.616000 0.598000
17.000000 -13.000000 0.950779 0.630000 0.599000
17.000000 -12.000000 1.001681 0.589000 0.590000
17.000000 -11.000000 1.006809 0.586000 0.590000
17.000000 -10.000000 1.042235 0.568000 0.592000
17.000000 -9.000000 0.975378 0.569000 0.555000
17.000000 -8.000000 1.055059 0.581000 0.613000
17.000000 -7.000000 1.003479 0.572000 0.574000
17.000000 -6.000000 1.032911 0.577000 0.596000
17.000000 -5.000000 0.945439 0.605000 0.572000
17.000000 -4.000000 1.051177 0.586000 0.616000
17.000000 -3.000000 0.981180 0.585000 0.574000
17.000000 -2.000000 1.010239 0.585000 0.591000
17.000000 -1.000000 0.977531 0.579000 0.566000
17.000000 0.000000 1.045745 0.590000 0.617000
17.000000 1.000000 1.042992 0.558000 0.582000
17.000000 2.000000 0.983177 0.595000 0.585000
17.000000 3.000000 1.028003 0.571000 0.587000
17.000000 4.000000 1.060642 0.544000 0.577000
17.000000 5.000000 1.052521 0.571000 0.601000
17.000000 6.000000 0.999983 0.589000 0.589000
17.000000 7.000000 1.089586 0.558000 0.608000
17.000000 8.000000 1.037979 0.579000 0.601000
17.000000 9.000000 1.006903 0.578000 0.582000
17.000000 10.000000 1.025756 0.582000 0.597000
17.000000 11.000000 0.999983 0.578000 0.578000
17.000000 12.000000 0.938318 0.600000 0.563000
17.000000 13.000000 0.983120 0.593000 0.583000
17.000000 14.000000 1.010033 0.597000 0.603000
17.000000 15.000000 0.937587 0.609000 0.571000
17.000000 16.000000 0.988139 0.591000 0.584000
17.000000 17.000000 0.919728 0.623000 0.573000
17.000000 18.000000 1.022670 0.573000 0.586000
17.000000 19.000000 0.973494 0.604000 0.588000
17.000000 20.000000 1.003379 0.589000 0.591000
17.000000 21.000000 0.980952 0.578000 0.567000
17.000000 22.000000 0.959648 0.595000 0.571000
17.000000 23.000000 0.975421 0.570000 0.556000
17.000000 24.000000 0.999981 0.525000 0.525000
17.000000 25.000000 1.053415 0.524000 0.552000
17.000000 26.000000 1.025125 0.517000 0.530000
17.000000 27.000000 1.037381 0.508000 0.527000
17.000000 28.000000 1.001889 0.524000 0.525000
17.000000 29.000000 1.014442 0.484000 0.491000
17.000000 30.000000 1.124685 0.433000 0.487000
17.000000 31.000000 0.948177 0.444000 0.421000
17.000000 32.000000 0.856205 0.466000 0.399000
17.000000 33.000000 0.916354 0.562000 0.515000
17.000607 34.000211 0.812245 0.277000 0.225000
17.000000 35.000000 0.821262 0.263000 0.216000
17.000000 36.000000 0.845041 0.284000 0.240000
17.000000 37.000000 0.793450 0.276000 0.219000
17.000000 38.000000 0.807114 0.280000 0.226000
17.000000 39.000000 0.865218 0.282000 0.244000
17.000000 40.000000 0.873157 0.276000 0.241000
17.000000 41.000000 0.790585 0.277000 0.219000
17.000000 42.000000 0.427960 0.007000 0.003000
17.000000 43.000000 0.000000 0.000000 0.000000
17.000000 44.000000 0.990099 0.001000 0.001000
17.000000 45.000000 0.000000 0.001000 0.000000
18.000000 -45.000000 0.000000 0.002000 0.000000
18.000000 -44.000000 0.000000 0.000000 0.000000
18.000773 -42.999664 0.000000 0.001000 0.000000
18.000000 -42.000000 0.665557 0.006000 0.004000
18.000000 -41.000000 0.881855 0.254000 0.224000
18.000000 -40.000000 0.770963 0.262000 0.202000
18.000000 -39.000000 0.672332 0.293000 0.197000
18.000000 -38.000000 0.964806 0.256000 0.247000
18.000000 -37.000000 0.794935 0.278000 0.221000
18.000000 -36.000000 0.895877 0.269000 0.241000
18.000000 -35.000000 0.803607 0.275000 0.221000
18.000000 -34.000000 0.824476 0.302000 0.249000
18.000000 -33.000000 0.900654 0.292000 0.263000
18.000000 -32.000000 0.927463 0.524000 0.486000
18.000000 -31.000000 1.090678 0.441000 0.481000
18.000000 -30.000000 1.017369 0.460000 0.468000
18.000000 -29.000000 0.995898 0.490000 0.488000
18.000000 -28.000000 0.968172 0.503000 0.487000
18.000000 -27.000000 1.041156 0.510000 0.531000
18.000000 -26.000000 1.075029 0.493000 0.530000
18.000000 -25.000000 1.009190 0.543000 0.548000
18.000000 -24.000000 0.987090 0.543000 0.536000
18.000000 -23.000000 1.045521 0.527000 0.551000
18.000000 -22.000000 0.928918 0.591000 0.549000
18.000000 -21.000000 0.982947 0.587000 0.577000
18.000000 -20.000000 0.954158 0.611000 0.583000
18.000000 -19.000000 1.020287 0.591000 0.603000
18.000000 -18.000000 1.036772 0.598000 0.620000
18.000000 -17.000000 0.960511 0.608000 0.584000
18.000000 -16.000000 0.927085 0.631000 0.585000
18.000000 -15.000000 0.956224 0.617000 0.590000
18.000000 -14.000000 1.016458 0.607000 0.617000
18.000000 -13.000000 0.978425 0.603000 0.590000
18.000000 -12.000000 1.022711 0.616000 0.630000
18.000000 -11.000000 1.036440 0.576000 0.597000
18.000000 -10.000000 0.978245 0.598000 0.585000
18.000000 -9.000000 0.984677 0.588000 0.579000
18.000000 -8.000000 0.930630 0.620000 0.577000
18.000000 -7.000000 0.977294 0.617000 0.603000
18.000000 -6.000000 1.064894 0.570000 0.607000
18.000000 -5.000000 1.038243 0.575000 0.597000
18.000000 -4.000000 0.972539 0.583000 0.567000
18.000000 -3.000000 1.020016 0.599000 0.611000
18.000000 -2.000000 0.969630 0.593000 0.575000
18.000000 -1.000000 0.981180 0.585000 0.574000
18.000000 0.000000 1.003350 0.594000 0.596000
18.000000 1.000000 1.044308 0.564000 0.589000
18.000000 2.000000 1.019247 0.571000 0.582000
18.000000 3.000000 1.006879 0.580000 0.584000
18.000000 4.000000 1.079768 0.564000 0.609000
18.000000 5.000000 1.020852 0.575000 0.587000
18.000000 6.000000 0.999983 0.593000 0.593000
18.000000 7.000000 0.968515 0.572000 0.554000
18.000000 8.000000 0.958387 0.601000 0.576000
18.000000 9.000000 0.955916 0.590000 0.564000
18.000000 10.000000 0.913806 0.615000 0.562000
18.000000 11.000000 0.965445 0.608000 0.587000
18.000000 12.000000 1.019785 0.606000 0.618000
18.000000 13.000000 0.947272 0.645000 0.611000
18.000000 14.000000 0.963302 0.627000 0.604000
18.000000 15.000000 0.966651 0.630000 0.609000
18.000000 16.000000 0.939379 0.627000 0.589000
18.000000 17.000000 0.923062 0.637000 0.588000
18.000000 18.000000 0.989727 0.585000 0.579000
18.000000 19.000000 1.042535 0.564000 0.588000
18.000000 20.000000 0.994950 0.596000 0.593000
18.000000 21.000000 0.918152 0.611000 0.561000
18.000000 22.000000 0.999983 0.591000 0.591000
18.000000 23.000000 0.996411 0.560000 0.558000
17.999961 23.999902 1.071408 0.532000 0.570000
18.000000 25.000000 1.064812 0.509000 0.542000
18.000000 26.000000 0.977594 0.536000 0.524000
18.000000 27.000000 1.038834 0.489000 0.508000
18.000000 28.000000 0.970395 0.507000 0.492000
18.000000 29.000000 1.026348 0.493000 0.506000
18.000000 30.000000 1.042578 0.446000 0.465000
18.000000 31.000000 0.995864 0.486000 0.484000
18.000000 32.000000 0.953340 0.536000 0.511000
18.000000 33.000000 0.763554 0.313000 0.239000
18.000000 34.000000 0.732417 0.299000 0.219000
18.000000 35.000000 0.845833 0.266000 0.225000
18.000000 36.000000 0.897777 0.274000 0.246000
18.000000 37.000000 0.789628 0.290000 0.229000
18.000000 38.000000 0.845833 0.266000 0.225000
18.000000 39.000000 0.869698 0.261000 0.227000
18.000000 40.000000 0.835684 0.280000 0.234000
18.000000 41.000000 0.720988 0.276000 0.199000
18.000000 42.000000 0.272480 0.011000 0.003000
18.000000 43.000000 0.000000 0.000000 0.000000
18.000000 44.000000 100.000000 0.000000 0.001000
18.000000 45.000000 0.000000 0.000000 0.000000
19.000837 -45.000528 0.000000 0.001000 0.000000
19.000000 -44.000000 0.000000 0.000000 0.000000
19.000000 -43.000000 0.000000 0.000000 0.000000
19.000000 -42.000000 0.000000 0.000000 0.000000
19.000000 -41.000000 0.869352 0.245000 0.213000
19.000000 -40.000000 0.794298 0.282000 0.224000
19.000000 -39.000000 0.765540 0.273000 0.209000
19.000000 -38.000000 0.800671 0.286000 0.229000
19.000000 -37.000000 0.827175 0.272000 0.225000
19.000000 -36.000000 0.781663 0.284000 0.222000
19.000000 -35.000000 0.919548 0.286000 0.263000
19.000000 -34.000000 0.852367 0.271000 0.231000
19.000000 -33.000000 0.774045 0.270000 0.209000
19.000000 -32.000000 0.914176 0.606000 0.554000
19.000000 -31.000000 0.972036 0.501000 0.487000
19.000000 -30.000000 1.012557 0.477000 0.483000
19.000000 -29.000000 0.999980 0.496000 0.496000
19.000000 -28.000000 1.064831 0.478000 0.509000
19.000000 -27.000000 1.089047 0.494000 0.538000
19.000000 -26.000000 1.062605 0.495000 0.526000
19.000000 -25.000000 0.977883 0.543000 0.531000
19.000000 -24.000000 1.013041 0.536000 0.543000
19.000000 -23.000000 0.950411 0.585000 0.556000
19.000000 -22.000000 1.066768 0.554000 0.591000
19.000000 -21.000000 1.005094 0.587000 0.590000
19.000000 -20.000000 0.999983 0.595000 0.595000
19.000000 -19.000000 1.031070 0.579000 0.597000
19.000000 -18.000000 0.985181 0.608000 0.599000
19.000000 -17.000000 0.903677 0.623000 0.563000
19.000000 -16.000000 1.020672 0.580000 0.592000
19.000000 -15.000000 1.040121 0.573000 0.596000
19.000000 -14.000000 1.001626 0.609000 0.610000
19.000000 -13.000000 0.929472 0.624000 0.580000
19.000000 -12.000000 0.946930 0.622000 0.589000
19.000000 -11.000000 0.949512 0.634000 0.602000
19.000000 -10.000000 1.031233 0.608000 0.627000
19.000000 -9.000000 0.999984 0.628000 0.628000
19.000000 -8.000000 0.938595 0.619000 0.581000
19.000000 -7.000000 1.010435 0.574000 0.580000
19.000000 -6.000000 0.982860 0.584000 0.574000
19.000000 -5.000000 0.986538 0.595000 0.587000
19.000000 -4.000000 0.980116 0.604000 0.592000
19.000000 -3.000000 1.011827 0.591000 0.598000
19.000000 -2.000000 1.020636 0.581000 0.593000
19.000000 -1.000000 1.005200 0.575000 0.578000
19.000000 0.000000 1.041940 0.572000 0.596000
19.000000 1.000000 0.981620 0.599000 0.588000
19.000000 2.000000 1.003361 0.592000 0.594000
19.000000 3.000000 0.931692 0.615000 0.573000
19.000000 4.000000 0.924327 0.608000 0.562000
19.000000 5.000000 0.965614 0.611000 0.590000
19.000000 6.000000 0.965970 0.588000 0.568000
19.000000 7.000000 1.003273 0.608000 0.610000
19.000000 8.000000 0.971508 0.597000 0.580000
19.000000 9.000000 0.951012 0.633000 0.602000
19.000000 10.000000 1.006628 0.602000 0.606000
19.000000 11.000000 1.051478 0.602000 0.633000
19.000000 12.000000 0.966004 0.618000 0.597000
19.000000 13.000000 0.974343 0.624000 0.608000
19.000000 14.000000 0.974858 0.597000 0.582000
19.000000 15.000000 1.008194 0.609000 0.614000
19.000000 16.000000 0.985491 0.621000 0.612000
19.000000 17.000000 0.944063 0.608000 0.574000
19.000000 18.000000 0.863695 0.631000 0.545000
19.000000 19.000000 0.948703 0.624000 0.592000
19.000000 20.000000 0.930255 0.631000 0.587000
19.000000 21.000000 1.003437 0.579000 0.581000
19.000000 22.000000 1.124039 0.532000 0.598000
19.000000 23.000000 0.975507 0.572000 0.558000
19.000000 24.000000 0.999982 0.547000 0.547000
19.000000 25.000000 0.960343 0.555000 0.533000
19.000000 26.000000 0.999981 0.513000 0.513000
19.000000 27.000000 0.988443 0.520000 0.514000
19.000000 28.000000 1.082946 0.458000 0.496000
19.000000 29.000000 1.040232 0.472000 0.491000
19.000000 30.000000 0.973120 0.484000 0.471000
19.000000 31.000000 0.933981 0.500000 0.467000
19.000000 32.000000 0.953627 0.604000 0.576000
19.000000 33.000000 0.803543 0.280000 0.225000
19.000000 34.000000 0.803481 0.285000 0.229000
19.000000 35.000000 0.816226 0.283000 0.231000
19.000000 36.000000 0.809494 0.273000 0.221000
19.000000 37.000000 0.861908 0.268000 0.231000
19.000000 38.000000 0.809159 0.283000 0.229000
19.000000 39.000000 0.749115 0.291000 0.218000
19.000000 40.000000 0.905764 0.276000 0.250000
19.000000 41.000000 0.996024 0.254000 0.253000
19.000000 42.000000 0.000000 0.000000 0.000000
19.000000 43.000000 200.000000 0.000000 0.002000
19.000000 44.000000 100.000000 0.000000 0.001000
19.000915 45.000020 0.000000 0.000000 0.000000
20.000000 -45.000000 100.000000 0.000000 0.001000
20.000000 -44.000000 0.000000 0.000000 0.000000
20.000000 -43.000000 0.000000 0.000000 0.000000
20.000000 -42.000000 100.000000 0.000000 0.001000
20.000000 -41.000000 0.996678 0.003000 0.003000
20.000000 -40.000000 0.742932 0.284000 0.211000
20.000000 -39.000000 0.758214 0.273000 0.207000
20.000000 -38.000000 0.788564 0.298000 0.235000
20.000000 -37.000000 0.888427 0.260000 0.231000
20.000000 -36.000000 0.895877 0.269000 0.241000
20.000000 -35.000000 0.756823 0.292000 0.221000
20.000000 -34.000000 0.773353 0.278000 0.215000
20.000000 -33.000000 0.841723 0.297000 0.250000
20.000000 -32.000000 0.753181 0.312000 0.235000
20.000000 -31.000000 1.007472 0.534000 0.538000
20.000000 -30.000000 1.004163 0.478000 0.480000
20.000000 -29.000000 1.069598 0.474000 0.507000
20.000000 -28.000000 0.990234 0.513000 0.508000
20.000000 -27.000000 1.030405 0.493000 0.508000
20.000000 -26.000000 1.021591 0.509000 0.520000
20.000000 -25.000000 0.992696 0.549000 0.545000
20.000000 -24.000000 1.031996 0.531000 0.548000
20.000000 -23.000000 1.027656 0.542000 0.557000
20.000000 -22.000000 1.024893 0.562000 0.576000
20.000000 -21.000000 1.134335 0.521000 0.591000
20.000000 -20.000000 1.016932 0.590000 0.600000
20.000000 -19.000000 0.945529 0.606000 0.573000
20.000000 -18.000000 0.968239 0.630000 0.610000
20.000000 -17.000000 1.026783 0.597000 0.613000
20.000000 -16.000000 0.953585 0.625000 0.596000
20.000000 -15.000000 0.903314 0.631000 0.570000
20.000000 -14.000000 1.023592 0.593000 0.607000
20.000000 -13.000000 1.027101 0.590000 0.606000
20.000000 -12.000000 1.049725 0.583000 0.612000
20.000000 -11.000000 0.968239 0.630000 0.610000
20.000000 -10.000000 0.982468 0.628000 0.617000
20.000000 -9.000000 0.952592 0.633000 0.603000
20.000000 -8.000000 0.977476 0.622000 0.608000
20.000000 -7.000000 0.951283 0.616000 0.586000
20.000000 -6.000000 0.952287 0.608000 0.579000
20.000000 -5.000000 0.982010 0.612000 0.601000
20.000000 -4.000000 1.055926 0.572000 0.604000
20.000000 -3.000000 1.112458 0.569000 0.633000
20.000000 -2.000000 1.046857 0.576000 0.603000
20.000000 -1.000000 1.001678 0.590000 0.591000
20.000000 0.000000 1.047200 0.593000 0.621000
20.000000 1.000000 0.989456 0.570000 0.564000
20.000000 2.000000 0.950145 0.622000 0.591000
20.000000 3.000000 1.007037 0.567000 0.571000
20.000000 4.000000 1.054655 0.567000 0.598000
20.000000 5.000000 0.940499 0.622000 0.585000
20.000000 6.000000 1.019851 0.604000 0.616000
20.000000 7.000000 1.031131 0.610000 0.629000
20.000000 8.000000 0.932055 0.633000 0.590000
20.000000 9.000000 1.018378 0.598000 0.609000
20.000000 10.000000 0.963185 0.625000 0.602000
20.000000 11.000000 0.962403 0.612000 0.589000
20.000000 12.000000 0.998350 0.612000 0.611000
20.000000 13.000000 0.990017 0.602000 0.596000
20.000000 14.000000 0.994975 0.599000 0.596000
20.000000 15.000000 0.980815 0.626000 0.614000
20.000000 16.000000 1.025915 0.617000 0.633000
20.000000 17.000000 0.988375 0.603000 0.596000
20.000000 18.000000 0.991746 0.607000 0.602000
20.000000 19.000000 0.995017 0.604000 0.601000
20.000000 20.000000 1.014835 0.606000 0.615000
20.000000 21.000000 1.048983 0.551000 0.578000
20.000000 22.000000 0.965687 0.554000 0.535000
20.000000 23.000000 0.999982 0.568000 0.568000
20.000000 24.000000 1.016835 0.534000 0.543000
20.000000 25.000000 1.030169 0.530000 0.546000
20.000000 26.000000 1.039087 0.537000 0.558000
20.000000 27.000000 0.977718 0.539000 0.527000
20.000000 28.000000 0.954699 0.530000 0.506000
20.000000 29.000000 1.104188 0.451000 0.498000
20.000000 30.000000 1.082765 0.459000 0.497000
20.000000 31.000000 0.940334 0.570000 0.536000
20.000000 32.000000 0.795195 0.293000 0.233000
20.000000 33.000000 0.830421 0.289000 0.240000
20.000000 34.000000 0.897403 0.273000 0.245000
20.000000 35.000000 0.835542 0.298000 0.249000
20.000000 36.000000 0.788900 0.289000 0.228000
20.000000 37.000000 0.817213 0.290000 0.237000
20.000000 38.000000 0.746502 0.288000 0.215000
20.000000 39.000000 0.968955 0.258000 0.250000
20.000000 40.000000 0.887930 0.241000 0.214000
20.000000 41.000000 0.498753 0.004000 0.002000
20.000000 42.000000 0.000000 0.001000 0.000000
20.000000 43.000000 100.000000 0.000000 0.001000
20.000000 44.000000 0.000000 0.000000 0.000000
20.000000 45.000000 0.000000 0.000000 0.000000
21.000000 -45.000000 0.000000 0.000000 0.000000
21.000000 -44.000000 0.000000 0.000000 0.000000
21.000000 -43.000000 0.000000 0.000000 0.000000
21.000000 -42.000000 0.000000 0.000000 0.000000
21.000000 -41.000000 0.000000 0.009000 0.000000
21.000000 -40.000000 0.766757 0.283000 0.217000
21.000000 -39.000000 0.869698 0.261000 0.227000
21.000000 -38.000000 0.897777 0.274000 0.246000
21.000000 -37.000000 0.723660 0.304000 0.220000
21.000000 -36.000000 0.790844 0.263000 0.208000
21.000000 -35.000000 0.884581 0.260000 0.230000
21.000000 -34.000000 0.800638 0.301000 0.241000
21.000000 -33.000000 0.780114 0.282000 0.220000
21.000000 -32.000000 0.797805 0.277000 0.221000
21.000000 -31.000000 0.906543 0.289000 0.262000
21.000000 -30.000000 0.952364 0.546000 0.520000
21.000000 -29.000000 1.067051 0.492000 0.525000
21.000000 -28.000000 0.938300 0.535000 0.502000
21.000000 -27.000000 1.107048 0.495000 0.548000
21.000000 -26.000000 1.036448 0.521000 0.540000
21.000000 -25.000000 1.033752 0.533000 0.551000
21.000000 -24.000000 0.990841 0.547000 0.542000
21.000000 -23.000000 0.999982 0.555000 0.555000
21.000000 -22.000000 0.976892 0.563000 0.550000
21.000000 -21.000000 0.994663 0.564000 0.561000
21.000000 -20.000000 1.060957 0.574000 0.609000
21.000000 -19.000000 0.955041 0.623000 0.595000
21.000000 -18.000000 0.938625 0.603000 0.566000
21.000000 -17.000000 0.988139 0.591000 0.584000
21.000000 -16.000000 1.026650 0.600000 0.616000
21.000000 -15.000000 1.034636 0.606000 0.627000
21.000000 -14.000000 0.973711 0.609000 0.593000
21.000000 -13.000000 1.003252 0.612000 0.614000
21.000000 -12.000000 0.959296 0.639000 0.613000
21.000000 -11.000000 0.990228 0.615000 0.609000
21.000000 -10.000000 0.939859 0.632000 0.594000
21.000000 -9.000000 0.978983 0.619000 0.606000
21.000000 -8.000000 1.006498 0.614000 0.618000
21.000000 -7.000000 0.923998 0.658000 0.608000
21.000000 -6.000000 1.027581 0.616000 0.633000
21.000000 -5.000000 0.979016 0.620000 0.607000
21.000000 -4.000000 1.004799 0.623000 0.626000
21.000000 -3.000000 0.943203 0.634000 0.598000
21.000000 -2.000000 0.967376 0.644000 0.623000
21.000000 -1.000000 1.015782 0.633000 0.643000
21.000000 0.000000 0.981380 0.645000 0.633000
21.000000 1.000000 1.017957 0.612000 0.623000
21.000000 2.000000 0.989149 0.646000 0.639000
21.000000 3.000000 0.962279 0.610000 0.587000
21.000000 4.000000 0.952666 0.634000 0.604000
21.000000 5.000000 1.017899 0.614000 0.625000
21.000000 6.000000 1.019591 0.612000 0.624000
21.000000 7.000000 0.980504 0.616000 0.604000
21.000000 8.000000 0.987018 0.617000 0.609000
21.000000 9.000000 1.092574 0.594000 0.649000
21.000000 10.000000 1.012804 0.624000 0.632000
21.000000 11.000000 1.011497 0.608000 0.615000
21.000000 12.000000 0.977220 0.615000 0.601000
21.000000 13.000000 1.016244 0.615000 0.625000
21.000000 14.000000 0.980376 0.612000 0.600000
21.000000 15.000000 1.008127 0.614000 0.619000
21.000000 16.000000 0.979917 0.598000 0.586000
21.000000 17.000000 1.029343 0.579000 0.596000
21.000000 18.000000 1.034406 0.581000 0.601000
21.000000 19.000000 1.020322 0.590000 0.602000
21.000000 20.000000 1.155119 0.535000 0.618000
21.000000 21.000000 1.015827 0.568000 0.577000
21.000000 22.000000 1.014370 0.556000 0.564000
21.000000 23.000000 1.029943 0.534000 0.550000
21.000000 24.000000 1.075451 0.530000 0.570000
21.000000 25.000000 1.018849 0.530000 0.540000
21.000000 26.000000 1.038368 0.521000 0.541000
21.000000 27.000000 0.998069 0.523000 0.522000
21.000000 28.000000 1.097690 0.481000 0.528000
21.000000 29.000000 1.056111 0.481000 0.508000
21.000000 30.000000 0.940019 0.567000 0.533000
21.000000 31.000000 0.810498 0.285000 0.231000
21.000000 32.000000 0.817488 0.274000 0.224000
21.000000 33.000000 0.862160 0.283000 0.244000
21.000000 34.000000 0.792737 0.304000 0.241000
21.000000 35.000000 0.851323 0.296000 0.252000
21.000000 36.000000 0.725783 0.310000 0.225000
21.000000 37.000000 0.826384 0.265000 0.219000
21.000000 38.000000 0.810880 0.275000 0.223000
21.000000 39.000000 0.766297 0.291000 0.223000
21.000000 40.000000 0.996070 0.257000 0.256000
21.000000 41.000000 0.000000 0.005000 0.000000
21.000000 42.000000 0.000000 0.001000 0.000000
21.000000 43.000000 0.000000 0.000000 0.000000
21.000000 44.000000 0.000000 0.000000 0.000000
21.000000 45.000000 0.000000 0.001000 0.000000
22.000000 -45.000000 0.000000 0.000000 0.000000
22.000000 -44.000000 0.000000 0.001000 0.000000
22.000000 -43.000000 0.000000 0.000000 0.000000
22.000000 -42.000000 0.000000 0.000000 0.000000
22.000000 -41.000000 100.000000 0.000000 0.001000
22.000000 -40.000000 0.665557 0.006000 0.004000
22.000000 -39.000000 0.820980 0.257000 0.211000
22.000000 -38.000000 0.861787 0.275000 0.237000
22.000000 -37.000000 0.675653 0.296000 0.200000
22.000000 -36.000000 0.856135 0.292000 0.250000
22.000996 -35.000102 0.776197 0.286000 0.222000
22.000000 -34.000000 0.808334 0.287000 0.232000
22.000000 -33.000000 0.768656 0.281000 0.216000
22.000000 -32.000000 0.806640 0.300000 0.242000
22.000000 -31.000000 0.735166 0.287000 0.211000
22.000000 -30.000000 0.950226 0.623000 0.592000
22.000000 -29.000000 0.915603 0.557000 0.510000
22.000000 -28.000000 0.998061 0.521000 0.520000
22.000000 -27.000000 1.054594 0.531000 0.560000
22.000000 -26.000000 1.020542 0.535000 0.546000
22.000000 -25.000000 1.037434 0.534000 0.554000
22.000000 -24.000000 0.996257 0.537000 0.535000
22.000000 -23.000000 0.991317 0.577000 0.572000
22.000000 -22.000000 1.022244 0.539000 0.551000
22.000000 -21.000000 1.068120 0.543000 0.580000
22.000000 -20.000000 1.006951 0.574000 0.578000
22.000000 -19.000000 1.037589 0.585000 0.607000
22.000000 -18.000000 1.006394 0.624000 0.628000
22.000000 -17.000000 1.001658 0.597000 0.598000
22.000000 -16.000000 1.021542 0.603000 0.616000
22.000000 -15.000000 0.978637 0.609000 0.596000
22.000000 -14.000000 0.998314 0.599000 0.598000
22.000000 -13.000000 0.909361 0.640000 0.582000
22.000000 -12.000000 0.982524 0.630000 0.619000
22.000000 -11.000000 0.980784 0.625000 0.613000
22.000000 -10.000000 1.051909 0.597000 0.628000
22.000000 -9.000000 1.011310 0.618000 0.625000
22.000000 -8.000000 1.004886 0.612000 0.615000
22.000000 -7.000000 0.947437 0.628000 0.595000
22.000000 -6.000000 1.074117 0.607000 0.652000
22.000000 -5.000000 1.006404 0.623000 0.627000
22.000000 -4.000000 0.995161 0.622000 0.619000
22.000000 -3.000000 1.011573 0.604000 0.611000
22.000000 -2.000000 1.010922 0.640000 0.647000
22.000000 -1.000000 1.039792 0.628000 0.653000
22.000000 0.000000 1.035872 0.613000 0.635000
22.000000 1.000000 0.907281 0.658000 0.597000
22.000000 2.000000 1.001576 0.628000 0.629000
22.000000 3.000000 0.944344 0.647000 0.611000
22.000000 4.000000 1.067086 0.611000 0.652000
22.000000 5.000000 1.014618 0.615000 0.624000
22.000000 6.000000 1.068890 0.595000 0.636000
22.000000 7.000000 1.019591 0.612000 0.624000
22.000000 8.000000 0.975869 0.622000 0.607000
22.000000 9.000000 0.995098 0.614000 0.611000
22.000000 10.000000 0.967726 0.620000 0.600000
22.000000 11.000000 0.999984 0.615000 0.615000
22.000000 12.000000 0.953256 0.642000 0.612000
22.000000 13.000000 0.968137 0.628000 0.608000
22.000000 14.000000 1.009852 0.608000 0.614000
22.000000 15.000000 0.979815 0.595000 0.583000
22.000000 16.000000 0.991650 0.600000 0.595000
22.000000 17.000000 1.029933 0.601000 0.619000
22.000000 18.000000 0.938396 0.617000 0.579000
22.000000 19.000000 1.054083 0.573000 0.604000
22.000000 20.000000 0.996541 0.581000 0.579000
22.000000 21.000000 0.957175 0.584000 0.559000
22.000000 22.000000 1.086856 0.541000 0.588000
22.000000 23.000000 0.999982 0.565000 0.565000
22.000000 24.000000 0.998177 0.554000 0.553000
22.000000 25.000000 1.017026 0.528000 0.537000
22.000000 26.000000 0.979761 0.544000 0.533000
22.000000 27.000000 0.984801 0.527000 0.519000
22.000000 28.000000 0.976904 0.520000 0.508000
22.000000 29.000000 0.922226 0.553000 0.510000
22.000000 30.000000 0.991494 0.589000 0.584000
22.000000 31.000000 0.850311 0.294000 0.250000
22.000000 32.000000 0.835134 0.273000 0.228000
22.000000 33.000000 0.799973 0.300000 0.240000
22.000000 34.000000 0.763909 0.305000 0.233000
22.000000 35.000000 0.790913 0.287000 0.227000
22.000000 36.000000 0.693638 0.284000 0.197000
22.000000 37.000000 0.871763 0.273000 0.238000
22.000000 38.000000 0.789089 0.294000 0.232000
22.000000 39.000000 0.826685 0.277000 0.229000
22.000000 40.000000 0.831947 0.006000 0.005000
22.000000 41.000000 0.000000 0.002000 0.000000
22.000000 42.000000 0.000000 0.000000 0.000000
22.000000 43.000000 0.000000 0.000000 0.000000
22.000000 44.000000 0.000000 0.000000 0.000000
22.000000 45.000000 0.000000 0.000000 0.000000
23.000000 -45.000000 0.000000 0.001000 0.000000
23.000000 -44.000000 0.000000 0.000000 0.000000
23.000000 -43.000000 0.000000 0.000000 0.000000
23.000000 -42.000000 0.000000 0.000000 0.000000
23.000000 -41.000000 0.000000 0.000000 0.000000
23.000000 -40.000000 0.000000 0.000000 0.000000
23.000000 -39.000000 0.332779 0.006000 0.002000
23.000000 -38.000000 0.675563 0.299000 0.202000
23.000000 -37.000000 0.815944 0.288000 0.235000
23.000000 -36.000000 0.904909 0.263000 0.238000
23.000000 -35.000000 0.801320 0.297000 0.238000
23.000000 -34.000000 0.871498 0.288000 0.251000
23.000000 -33.000000 0.844261 0.289000 0.244000
23.000000 -32.000000 0.820041 0.289000 0.237000
23.000000 -31.000000 0.884987 0.287000 0.254000
23.000000 -30.000000 0.774809 0.302000 0.234000
23.000000 -29.000000 0.989831 0.591000 0.585000
23.000000 -28.000000 1.020465 0.537000 0.548000
23.000000 -27.000000 1.023791 0.546000 0.559000
23.000000 -26.000000 0.987571 0.564000 0.557000
23.000000 -25.000000 0.979498 0.537000 0.526000
23.000000 -24.000000 1.017712 0.564000 0.574000
23.000000 -23.000000 0.974210 0.582000 0.567000
22.999826 -21.999517 1.047082 0.552000 0.578000
23.000000 -21.000000 1.003516 0.566000 0.568000
23.000000 -20.000000 1.025623 0.585000 0.600000
23.000000 -19.000000 1.003356 0.593000 0.595000
23.000000 -18.000000 1.092038 0.554000 0.605000
23.000000 -17.000000 0.978949 0.618000 0.605000
23.000000 -16.000000 1.016961 0.589000 0.599000
23.000000 -15.000000 0.974261 0.622000 0.606000
22.999957 -13.999945 1.045133 0.598000 0.625000
23.000893 -12.999188 1.001602 0.618000 0.619000
23.000000 -12.000000 1.016404 0.609000 0.619000
23.000000 -11.000000 1.014737 0.610000 0.619000
23.000000 -10.000000 0.977937 0.635000 0.621000
23.000000 -9.000000 1.006364 0.627000 0.631000
23.000000 -8.000000 1.012784 0.625000 0.633000
22.999589 -6.999839 1.053227 0.601000 0.633000
23.000000 -6.000000 0.988873 0.630000 0.623000
23.000000 -5.000000 0.980440 0.614000 0.602000
23.000000 -4.000000 0.979284 0.628000 0.615000
23.000000 -3.000000 1.041650 0.624000 0.650000
23.000000 -2.000000 0.960365 0.631000 0.606000
23.000000 -1.000000 0.988766 0.624000 0.617000
23.000000 0.000000 1.001612 0.614000 0.615000
23.000000 1.000000 1.075485 0.596000 0.641000
23.000000 2.000000 0.969073 0.647000 0.627000
23.000000 3.000000 1.006293 0.634000 0.638000
23.000000 4.000000 1.003204 0.621000 0.623000
23.000000 5.000000 0.947190 0.644000 0.610000
23.000000 6.000000 0.984137 0.631000 0.621000
23.000000 7.000000 0.948583 0.642000 0.609000
23.000000 8.000000 0.960738 0.637000 0.612000
23.000000 9.000000 1.012602 0.634000 0.642000
23.000000 10.000000 1.059950 0.617000 0.654000
23.000000 11.000000 0.990244 0.616000 0.610000
23.000000 12.000000 1.015832 0.631000 0.641000
23.000000 13.000000 0.971947 0.642000 0.624000
23.000000 14.000000 0.976920 0.607000 0.593000
23.000000 15.000000 0.977584 0.625000 0.611000
23.000000 16.000000 0.993594 0.626000 0.622000
23.000000 17.000000 0.983907 0.622000 0.612000
23.000000 18.000000 1.015527 0.579000 0.588000
23.000000 19.000000 1.047020 0.574000 0.601000
23.000000 20.000000 0.931537 0.599000 0.558000
23.000000 21.000000 0.955233 0.581000 0.555000
23.000000 22.000000 1.024849 0.563000 0.577000
23.000000 23.000000 0.970622 0.579000 0.562000
23.000000 24.000000 1.025575 0.547000 0.561000
23.000000 25.000000 1.029447 0.543000 0.559000
23.000000 26.000000 1.059240 0.540000 0.572000
23.000000 27.000000 0.931563 0.570000 0.531000
23.000000 28.000000 1.015395 0.519000 0.527000
23.000000 29.000000 0.934490 0.626000 0.585000
23.000000 30.000000 0.815303 0.287000 0.234000
23.000000 31.000000 0.853117 0.286000 0.244000
23.000000 32.000000 0.801415 0.277000 0.222000
23.000000 33.000000 0.804936 0.282000 0.227000
23.000000 34.000000 0.824146 0.273000 0.225000
23.000000 35.000000 0.857113 0.287000 0.246000
23.000000 36.000000 0.925892 0.270000 0.250000
23.000000 37.000000 0.834454 0.290000 0.242000
23.000000 38.000000 0.670011 0.297000 0.199000
23.000000 39.000000 0.748130 0.004000 0.003000
23.000000 40.000000 0.000000 0.000000 0.000000
23.000000 41.000000 0.000000 0.000000 0.000000
23.000000 42.000000 0.000000 0.000000 0.000000
23.000000 43.000000 0.000000 0.001000 0.000000
23.000000 44.000000 0.000000 0.000000 0.000000
23.000000 45.000000 0.000000 0.000000 0.000000
24.000000 -45.000000 0.000000 0.000000 0.000000
24.000000 -44.000000 0.000000 0.000000 0.000000
24.000000 -43.000000 0.000000 0.000000 0.000000
24.000000 -42.000000 0.000000 0.000000 0.000000
24.000000 -41.000000 0.000000 0.000000 0.000000
24.000000 -40.000000 0.000000 0.000000 0.000000
24.000000 -39.000000 0.624220 0.008000 0.005000
24.000000 -38.000000 0.866887 0.263000 0.228000
24.000000 -37.000000 0.788705 0.284000 0.224000
24.000000 -36.000000 0.925892 0.270000 0.250000
24.000000 -35.000000 0.809831 0.284000 0.230000
24.000000 -34.000000 0.776197 0.286000 0.222000
24.000000 -33.000000 0.768681 0.294000 0.226000
24.000000 -32.000000 0.817828 0.280000 0.229000
24.000000 -31.000000 0.794493 0.292000 0.232000
24.000000 -30.000000 0.848456 0.297000 0.252000
24.000000 -29.000000 0.819465 0.277000 0.227000
24.000000 -28.000000 0.971698 0.601000 0.584000
24.000000 -27.000000 0.985923 0.569000 0.561000
24.000000 -26.000000 0.987766 0.573000 0.566000
24.000000 -25.000000 1.042686 0.562000 0.586000
24.000000 -24.000000 0.981244 0.587000 0.576000
24.000000 -23.000000 1.019146 0.574000 0.585000
24.000000 -22.000000 0.989691 0.583000 0.577000
24.000000 -21.000000 1.043918 0.569000 0.594000
24.000000 -20.000000 1.044865 0.557000 0.582000
24.000000 -19.000000 1.015211 0.591000 0.600000
24.000000 -18.000000 1.056024 0.571000 0.603000
24.000000 -17.000000 1.097584 0.584000 0.641000
24.000000 -16.000000 1.069710 0.588000 0.629000
24.000000 -15.000000 0.993625 0.629000 0.625000
24.000000 -14.000000 0.991932 0.621000 0.616000
24.000000 -13.000000 0.940353 0.654000 0.615000
24.000000 -12.000000 1.004709 0.635000 0.638000
24.000000 -11.000000 1.059950 0.617000 0.654000
24.000000 -10.000000 0.992351 0.655000 0.650000
24.000000 -9.000000 1.001542 0.642000 0.643000
24.000000 -8.000000 0.988820 0.627000 0.620000
24.000000 -7.000000 0.989314 0.656000 0.649000
24.000000 -6.000000 1.015732 0.635000 0.645000
24.000000 -5.000000 1.001587 0.624000 0.625000
24.000000 -4.000000 0.979447 0.633000 0.620000
24.000000 -3.000000 1.004754 0.629000 0.632000
24.000000 -2.000000 1.056461 0.602000 0.636000
24.000000 -1.000000 1.020553 0.632000 0.645000
24.000000 0.000000 1.003038 0.655000 0.657000
24.000000 1.000000 0.973710 0.647000 0.630000
24.000000 2.000000 1.020328 0.639000 0.652000
24.000000 3.000000 0.968588 0.637000 0.617000
24.000000 4.000000 0.927343 0.647000 0.600000
24.000000 5.000000 0.990740 0.649000 0.643000
24.000000 6.000000 1.003194 0.623000 0.625000
24.000000 7.000000 0.999984 0.635000 0.635000
24.000000 8.000000 0.992135 0.637000 0.632000
24.000000 9.000000 0.995215 0.629000 0.626000
24.000000 10.000000 0.958638 0.653000 0.626000
24.000000 11.000000 0.947435 0.647000 0.613000
24.000000 12.000000 0.982851 0.642000 0.631000
24.000000 13.000000 1.014500 0.620000 0.629000
24.000000 14.000000 0.969682 0.627000 0.608000
24.000000 15.000000 1.017612 0.624000 0.635000
24.000000 16.000000 1.090425 0.586000 0.639000
24.000000 17.000000 1.029042 0.585000 0.602000
24.000000 18.000000 1.034229 0.584000 0.604000
24.000000 19.000000 1.001701 0.582000 0.583000
24.000000 20.000000 1.010170 0.589000 0.595000
24.000000 21.000000 1.017871 0.559000 0.569000
24.000000 22.000000 1.032649 0.551000 0.569000
24.000000 23.000000 0.998200 0.561000 0.560000
24.000000 24.000000 1.014091 0.567000 0.575000
24.000000 25.000000 1.033752 0.533000 0.551000
24.000000 26.000000 0.977552 0.535000 0.523000
24.000000 27.000000 0.970263 0.572000 0.555000
24.000000 28.000000 0.999984 0.623000 0.623000
24.000000 29.000000 0.844413 0.270000 0.228000
24.000000 30.000000 0.771217 0.306000 0.236000
24.000000 31.000000 0.827215 0.301000 0.249000
24.000000 32.000000 0.833918 0.271000 0.226000
24.000000 33.000000 0.775484 0.294000 0.228000
24.000000 34.000000 0.772387 0.290000 0.224000
24.000000 35.000000 0.940040 0.267000 0.251000
24.000000 36.000000 0.935571 0.264000 0.247000
24.000000 37.000000 0.866635 0.270000 0.234000
24.000000 38.000000 0.901427 0.274000 0.247000
24.000000 39.000000 0.142653 0.007000 0.001000
24.000000 40.000000 100.000000 0.000000 0.001000
24.000000 41.000000 0.000000 0.000000 0.000000
24.000000 42.000000 100.000000 0.000000 0.001000
24.000000 43.000000 0.000000 0.000000 0.000000
24.000000 44.000000 0.000000 0.000000 0.000000
24.000000 45.000000 0.000000 0.000000 0.000000
25.000000 -45.000000 0.000000 0.003000 0.000000
25.000000 -44.000000 0.000000 0.000000 0.000000
25.000000 -43.000000 0.000000 0.001000 0.000000
25.000000 -42.000000 0.000000 0.000000 0.000000
25.000000 -41.000000 0.000000 0.000000 0.000000
25.000000 -40.000000 0.000000 0.000000 0.000000
25.000000 -39.000000 0.000000 0.000000 0.000000
25.000000 -38.000000 2.657807 0.003000 0.008000
25.000000 -37.000000 0.707671 0.325000 0.230000
25.000000 -36.000000 0.758715 0.286000 0.217000
25.000000 -35.000000 0.818811 0.276000 0.226000
25.000000 -34.000000 0.868482 0.289000 0.251000
25.000000 -33.000000 0.901785 0.275000 0.248000
25.000000 -32.000000 0.781543 0.293000 0.229000
25.000000 -31.000000 0.822434 0.276000 0.227000
25.000000 -30.000000 0.821278 0.291000 0.239000
25.000000 -29.000000 0.832163 0.292000 0.243000
25.000000 -28.000000 0.801320 0.297000 0.238000
25.000000 -27.000000 0.959040 0.635000 0.609000
25.000000 -26.000000 1.024805 0.564000 0.578000
25.000000 -25.000000 1.068821 0.552000 0.590000
25.000000 -24.000000 1.029665 0.539000 0.555000
25.000000 -23.000000 0.988139 0.591000 0.584000
25.000000 -22.000000 0.946740 0.601000 0.569000
25.000000 -21.000000 1.020566 0.583000 0.595000
25.000000 -20.000000 1.026828 0.596000 0.612000
25.000000 -19.000000 0.999983 0.596000 0.596000
25.000000 -18.000000 1.099802 0.561000 0.617000
25.000000 -17.000000 0.983372 0.602000 0.592000
25.000000 -16.000000 1.118355 0.566000 0.633000
25.000000 -15.000000 0.996805 0.629000 0.627000
25.000000 -14.000000 1.016009 0.624000 0.634000
25.000000 -13.000000 0.971991 0.643000 0.625000
25.000000 -12.000000 0.916404 0.670000 0.614000
25.000000 -11.000000 0.942173 0.640000 0.603000
25.000000 -10.000000 0.982743 0.638000 0.627000
25.000000 -9.000000 1.059487 0.605000 0.641000
25.000000 -8.000000 1.017472 0.629000 0.640000
25.000000 -7.000000 1.004686 0.638000 0.641000
24.999033 -5.999628 1.003129 0.636000 0.638000
25.000000 -5.000000 0.978480 0.651000 0.637000
25.000000 -4.000000 1.030384 0.625000 0.644000
25.000000 -3.000000 0.978644 0.656000 0.642000
25.000000 -2.000000 0.980318 0.661000 0.648000
25.000000 -1.000000 0.983242 0.657000 0.646000
25.000000 0.000000 0.995341 0.646000 0.643000
25.000000 1.000000 0.989265 0.653000 0.646000
25.000000 2.000000 1.001557 0.636000 0.637000
25.000000 3.000000 0.933821 0.665000 0.621000
25.000000 4.000000 1.050298 0.636000 0.668000
25.000000 5.000000 0.995326 0.644000 0.641000
25.000000 6.000000 0.990782 0.652000 0.646000
25.000000 7.000000 0.979985 0.650000 0.637000
25.000000 8.000000 0.973628 0.645000 0.628000
25.000000 9.000000 0.971638 0.635000 0.617000
25.000000 10.000000 0.957753 0.663000 0.635000
25.000000 11.000000 1.020750 0.626000 0.639000
25.000000 12.000000 1.016377 0.610000 0.620000
25.000000 13.000000 1.016217 0.616000 0.626000
25.000000 14.000000 0.992316 0.652000 0.647000
25.000000 15.000000 1.053854 0.594000 0.626000
25.000000 16.000000 1.020356 0.589000 0.601000
25.000000 17.000000 1.004910 0.609000 0.612000
25.000000 18.000000 1.058502 0.581000 0.615000
25.000000 19.000000 1.008372 0.596000 0.601000
25.000000 20.000000 0.995008 0.603000 0.600000
25.000000 21.000000 1.064554 0.573000 0.610000
25.000000 22.000000 1.005146 0.581000 0.584000
25.000000 23.000000 1.041794 0.574000 0.598000
25.000000 24.000000 1.019945 0.551000 0.562000
25.000000 25.000000 0.968904 0.547000 0.530000
25.000000 26.000000 0.998231 0.571000 0.570000
25.000000 27.000000 0.957060 0.629000 0.602000
25.000000 28.000000 0.808846 0.293000 0.237000
25.000000 29.000000 0.851560 0.283000 0.241000
25.000000 30.000000 0.820918 0.296000 0.243000
25.000000 31.000000 0.775411 0.285000 0.221000
25.000000 32.000000 0.775616 0.312000 0.242000
25.000000 33.000000 0.832209 0.304000 0.253000
25.000000 34.000000 0.837515 0.277000 0.232000
25.000000 35.000000 0.811049 0.307000 0.249000
25.000000 36.000000 0.848027 0.283000 0.240000
25.000000 37.000000 0.898798 0.257000 0.231000
25.000000 38.000000 3.986711 0.003000 0.012000
25.000000 39.000000 0.000000 0.000000 0.000000
25.000000 40.000000 100.000000 0.000000 0.001000
25.000000 41.000000 0.000000 0.000000 0.000000
25.000000 42.000000 100.000000 0.000000 0.001000
25.000000 43.000000 0.000000 0.002000 0.000000
25.000000 44.000000 0.000000 0.000000 0.000000
25.000000 45.000000 100.000000 0.000000 0.001000
26.000000 -45.000000 0.000000 0.000000 0.000000
26.000000 -44.000000 0.000000 0.001000 0.000000
26.000000 -43.000000 0.000000 0.000000 0.000000
26.000000 -42.000000 0.000000 0.001000 0.000000
26.000000 -41.000000 100.000000 0.000000 0.001000
26.000000 -40.000000 100.000000 0.000000 0.001000
26.000000 -39.000000 100.000000 0.000000 0.001000
26.000000 -38.000000 1.661130 0.003000 0.005000
26.000000 -37.000000 0.867733 0.242000 0.210000
26.000000 -36.000000 0.863085 0.263000 0.227000
26.000000 -35.000000 0.770522 0.292000 0.225000
26.000000 -34.000000 0.769712 0.304000 0.234000
26.000000 -33.000000 0.731519 0.298000 0.218000
26.000000 -32.000000 0.920830 0.278000 0.256000
26.000000 -31.000000 0.791942 0.274000 0.217000
26.000000 -30.000000 0.909056 0.264000 0.240000
26.000000 -29.000000 0.813839 0.274000 0.223000
26.000000 -28.000000 0.860184 0.279000 0.240000
26.000000 -27.000000 0.870277 0.293000 0.255000
26.000000 -26.000000 0.960291 0.655000 0.629000
26.000000 -25.000000 1.008234 0.606000 0.611000
26.000000 -24.000000 1.005164 0.579000 0.582000
26.000000 -23.000000 1.010204 0.587000 0.593000
26.000000 -22.000000 1.032797 0.579000 0.598000
26.000000 -21.000000 1.055537 0.576000 0.608000
26.000000 -20.000000 1.029092 0.584000 0.601000
26.000000 -19.000000 0.956366 0.619000 0.592000
26.000000 -18.000000 0.986955 0.614000 0.606000
26.000000 -17.000000 1.004950 0.604000 0.607000
26.000000 -16.000000 1.018347 0.599000 0.610000
26.000000 -15.000000 0.978811 0.614000 0.601000
26.000000 -14.000000 0.960800 0.638000 0.613000
26.000000 -13.000000 1.085791 0.606000 0.658000
26.000000 -12.000000 0.953228 0.663000 0.632000
26.000000 -11.000000 1.037601 0.638000 0.662000
26.000000 -10.000000 1.050145 0.618000 0.649000
26.000000 -9.000000 0.992245 0.646000 0.641000
26.000000 -8.000000 0.974110 0.657000 0.640000
26.000000 -7.000000 1.056766 0.634000 0.670000
26.000000 -6.000000 0.962485 0.640000 0.616000
26.000000 -5.000000 0.999985 0.653000 0.653000
26.000000 -4.000000 1.024216 0.619000 0.634000
26.000000 -3.000000 0.976837 0.648000 0.633000
26.000000 -2.000000 1.060838 0.608000 0.645000
26.000000 -1.000000 0.999984 0.640000 0.640000
26.000000 0.000000 0.940106 0.668000 0.628000
26.000000 1.000000 1.003076 0.647000 0.649000
26.000000 2.000000 0.995481 0.666000 0.663000
26.000000 3.000000 0.960738 0.637000 0.612000
26.000000 4.000000 1.004586 0.652000 0.655000
26.000000 5.000000 1.058807 0.629000 0.666000
26.000000 6.000000 0.999984 0.628000 0.628000
26.000000 7.000000 0.953439 0.666000 0.635000
26.000000 8.000000 0.996950 0.659000 0.657000
26.000000 9.000000 1.016113 0.620000 0.630000
26.000000 10.000000 0.975370 0.650000 0.634000
26.000000 11.000000 1.025502 0.627000 0.643000
26.000000 12.000000 0.972378 0.652000 0.634000
26.000000 13.000000 1.044537 0.606000 0.633000
26.000000 14.000000 1.004854 0.616000 0.619000
26.000000 15.000000 1.012950 0.617000 0.625000
26.000000 16.000000 0.996721 0.613000 0.611000
26.000000 17.000000 1.067751 0.605000 0.646000
26.000000 18.000000 1.025025 0.599000 0.614000
26.000000 19.000000 1.018722 0.587000 0.598000
26.000000 20.000000 1.018105 0.607000 0.618000
26.000000 21.000000 0.951570 0.599000 0.570000
26.000000 22.000000 0.979713 0.592000 0.580000
26.000000 23.000000 1.105243 0.551000 0.609000
26.000000 24.000000 0.978389 0.602000 0.589000
26.000000 25.000000 1.025889 0.579000 0.594000
26.000000 26.000000 1.016431 0.608000 0.618000
26.000000 27.000000 0.791365 0.302000 0.239000
26.000000 28.000000 0.815041 0.292000 0.238000
26.000000 29.000000 0.704740 0.315000 0.222000
26.000000 30.000000 0.858079 0.296000 0.254000
26.000000 31.000000 0.768394 0.285000 0.219000
26.000000 32.000000 0.749090 0.283000 0.212000
26.000000 33.000000 0.819973 0.300000 0.246000
26.000000 34.000000 0.673378 0.297000 0.200000
26.000000 35.000000 0.858627 0.283000 0.243000
26.000000 36.000000 0.775411 0.285000 0.221000
26.000000 37.000000 0.724228 0.301000 0.218000
26.000000 38.000000 0.997506 0.004000 0.004000
26.000000 39.000000 0.000000 0.000000 0.000000
26.000000 40.000000 0.000000 0.001000 0.000000
26.000000 41.000000 0.000000 0.001000 0.000000
26.000000 42.000000 200.000000 0.000000 0.002000
26.000000 43.000000 0.000000 0.000000 0.000000
26.000000 44.000000 0.000000 0.000000 0.000000
26.000000 45.000000 0.000000 0.000000 0.000000
27.000000 -45.000000 0.000000 0.000000 0.000000
27.000000 -44.000000 0.000000 0.000000 0.000000
27.000000 -43.000000 0.000000 0.000000 0.000000
27.000000 -42.000000 0.000000 0.000000 0.000000
27.000000 -41.000000 0.000000 0.000000 0.000000
27.000000 -40.000000 0.000000 0.000000 0.000000
27.000000 -39.000000 0.000000 0.001000 0.000000
27.000000 -38.000000 0.000000 0.000000 0.000000
27.000000 -37.000000 0.299700 0.010000 0.003000
27.000000 -36.000000 0.896263 0.270000 0.242000
27.000000 -35.000000 0.746502 0.288000 0.215000
27.000000 -34.000000 0.898214 0.285000 0.256000
27.000000 -33.000000 0.815672 0.293000 0.239000
27.000000 -32.000000 0.774484 0.306000 0.237000
27.000000 -31.000000 0.916633 0.276000 0.253000
27.000000 -30.000000 0.810604 0.301000 0.244000
27.000000 -29.000000 0.794493 0.292000 0.232000
27.000000 -28.000000 0.818153 0.286000 0.234000
27.000000 -27.000000 0.922760 0.272000 0.251000
27.000000 -26.000000 0.823075 0.277000 0.228000
27.000000 -25.000000 0.978513 0.652000 0.638000
27.000000 -24.000000 0.971816 0.639000 0.621000
27.000000 -23.000000 0.982098 0.615000 0.604000
27.000000 -22.000000 1.004926 0.607000 0.610000
27.000000 -21.000000 1.036167 0.608000 0.630000
27.000000 -20.000000 1.067779 0.590000 0.630000
27.000000 -19.000000 1.058201 0.584000 0.618000
27.000000 -18.000000 1.055914 0.590000 0.623000
27.000000 -17.000000 1.033691 0.623000 0.644000
27.000000 -16.000000 1.016431 0.608000 0.618000
27.000000 -15.000000 1.039916 0.601000 0.625000
27.000000 -14.000000 1.107364 0.596000 0.660000
27.000000 -13.000000 1.027626 0.615000 0.632000
27.000000 -12.000000 0.999984 0.638000 0.638000
27.000000 -11.000000 1.055812 0.609000 0.643000
27.000000 -10.000000 1.049906 0.641000 0.673000
27.000000 -9.000000 0.964218 0.671000 0.647000
27.000000 -8.000000 1.006244 0.639000 0.643000
27.000000 -7.000000 1.009433 0.635000 0.641000
27.000000 -6.000000 1.038925 0.642000 0.667000
27.000000 -5.000000 0.950287 0.664000 0.631000
27.000000 -4.000000 1.009389 0.638000 0.644000
27.000000 -3.000000 0.975217 0.646000 0.630000
27.000000 -2.000000 0.996968 0.663000 0.661000
27.000000 -1.000000 0.956642 0.646000 0.618000
27.000000 0.000000 0.941071 0.645000 0.607000
27.000000 1.000000 1.031088 0.643000 0.663000
27.000000 2.000000 1.085697 0.630000 0.684000
27.000000 3.000000 1.006313 0.632000 0.636000
27.000000 4.000000 1.032694 0.642000 0.663000
27.000000 5.000000 0.999984 0.639000 0.639000
27.000000 6.000000 1.003100 0.642000 0.644000
27.000000 7.000000 0.956113 0.661000 0.632000
27.000000 8.000000 0.963400 0.656000 0.632000
27.000000 9.000000 0.985988 0.643000 0.634000
27.000000 10.000000 1.089999 0.611000 0.666000
27.000000 11.000000 1.055812 0.609000 0.643000
27.000000 12.000000 0.993564 0.623000 0.619000
27.000000 13.000000 0.993339 0.602000 0.598000
27.000000 14.000000 0.993437 0.611000 0.607000
27.000000 15.000000 1.035336 0.594000 0.615000
27.000000 16.000000 1.036711 0.599000 0.621000
27.000000 17.000000 0.976213 0.631000 0.616000
27.000000 18.000000 1.035277 0.595000 0.616000
27.000000 19.000000 1.011459 0.610000 0.617000
27.000000 20.000000 0.990099 0.607000 0.601000
27.000000 21.000000 0.951012 0.633000 0.602000
27.000000 22.000000 1.089022 0.584000 0.636000
27.000000 23.000000 0.956029 0.637000 0.609000
27.000000 24.000000 1.035127 0.626000 0.648000
27.000000 25.000000 1.022885 0.655000 0.670000
27.000000 26.000000 0.977236 0.264000 0.258000
27.000000 27.000000 0.905764 0.276000 0.250000
27.000000 28.000000 0.733982 0.297000 0.218000
27.000000 29.000000 0.852537 0.312000 0.266000
26.999584 30.000054 0.938815 0.278000 0.261000
27.000000 31.000000 0.786158 0.304000 0.239000
27.000000 32.000000 0.770467 0.305000 0.235000
27.000000 33.000000 0.730615 0.297000 0.217000
27.000000 34.000000 0.779822 0.268000 0.209000
27.000000 35.000000 0.788075 0.269000 0.212000
27.000000 36.000000 0.913823 0.267000 0.244000
27.000000 37.000000 0.332779 0.006000 0.002000
27.000000 38.000000 100.000000 0.000000 0.001000
27.000000 39.000000 0.497512 0.002000 0.001000
27.000000 40.000000 0.000000 0.001000 0.000000
27.000000 41.000000 100.000000 0.000000 0.001000
27.000000 42.000000 0.000000 0.000000 0.000000
27.000000 43.000000 0.000000 0.000000 0.000000
27.000000 44.000000 0.000000 0.000000 0.000000
27.000000 45.000000 0.000000 0.000000 0.000000
28.000000 -45.000000 100.000000 0.000000 0.001000
28.000000 -44.000000 0.000000 0.000000 0.000000
28.000000 -43.000000 0.000000 0.000000 0.000000
28.000000 -42.000000 0.000000 0.001000 0.000000
28.000000 -41.000000 0.990099 0.001000 0.001000
28.000000 -40.000000 0.000000 0.000000 0.000000
28.000000 -39.000000 0.000000 0.000000 0.000000
28.000000 -38.000000 0.000000 0.001000 0.000000
28.000000 -37.000000 0.000000 0.000000 0.000000
28.000000 -36.000000 2.487562 0.002000 0.005000
28.000000 -35.000000 0.829758 0.282000 0.234000
28.000000 -34.000000 0.808088 0.271000 0.219000
28.000000 -33.000000 0.749976 0.316000 0.237000
28.000000 -32.000000 0.744654 0.282000 0.210000
28.000000 -31.000000 0.866139 0.269000 0.233000
28.000000 -30.000000 0.871397 0.280000 0.244000
28.000000 -29.000000 0.774061 0.301000 0.233000
28.000000 -28.000000 0.782152 0.303000 0.237000
28.000000 -27.000000 0.977575 0.268000 0.262000
28.000000 -26.000000 0.867566 0.287000 0.249000
28.000000 -25.000000 0.781414 0.334000 0.261000
28.000000 -24.000000 0.983592 0.671000 0.660000
28.000000 -23.000000 1.043322 0.623000 0.650000
28.000000 -22.000000 0.981692 0.656000 0.644000
28.000000 -21.000000 1.071168 0.590000 0.632000
28.000000 -20.000000 1.016087 0.621000 0.631000
28.000000 -19.000000 0.989013 0.638000 0.631000
28.000000 -18.000000 1.033909 0.619000 0.640000
28.000000 -17.000000 1.008035 0.621000 0.626000
28.000000 -16.000000 1.081513 0.601000 0.650000
28.000000 -15.000000 0.988546 0.612000 0.605000
28.000000 -14.000000 1.047061 0.616000 0.645000
28.000000 -13.000000 0.962249 0.636000 0.612000
28.000000 -12.000000 1.066649 0.615000 0.656000
28.000000 -11.000000 0.977833 0.632000 0.618000
28.000000 -10.000000 0.931073 0.653000 0.608000
28.000000 -9.000000 1.034904 0.630000 0.652000
28.000000 -8.000000 0.965664 0.641000 0.619000
28.000000 -7.000000 1.062380 0.609000 0.647000
28.000000 -6.000000 1.054612 0.659000 0.695000
28.000000 -5.000000 0.958749 0.679000 0.651000
28.000000 -4.000000 0.978805 0.661000 0.647000
28.000000 -3.000000 0.982021 0.668000 0.656000
28.000000 -2.000000 1.006064 0.658000 0.662000
28.000000 -1.000000 1.058068 0.637000 0.674000
28.000000 0.000000 1.013683 0.657000 0.666000
28.000000 1.000000 1.021556 0.649000 0.663000
28.000000 2.000000 1.080498 0.621000 0.671000
28.000000 3.000000 1.024009 0.666000 0.682000
28.000000 4.000000 0.956571 0.691000 0.661000
28.000000 5.000000 0.966062 0.678000 0.655000
28.000000 6.000000 1.004436 0.674000 0.677000
28.000000 7.000000 1.068893 0.624000 0.667000
28.000000 8.000000 0.998402 0.632000 0.631000
28.000000 9.000000 1.003189 0.624000 0.626000
28.000000 10.000000 0.986976 0.615000 0.607000
28.000000 11.000000 1.060637 0.643000 0.682000
28.000000 12.000000 0.965717 0.642000 0.620000
28.000000 13.000000 0.971368 0.629000 0.611000
28.000000 14.000000 0.999984 0.622000 0.622000
28.000000 15.000000 0.960738 0.637000 0.612000
28.000000 16.000000 0.957237 0.655000 0.627000
28.000000 17.000000 0.985584 0.625000 0.616000
28.000000 18.000000 1.044125 0.589000 0.615000
28.000000 19.000000 1.011310 0.618000 0.625000
28.000000 20.000000 0.985584 0.625000 0.616000
28.000000 21.000000 0.967477 0.646000 0.625000
28.000000 22.000000 1.039729 0.629000 0.654000
28.000000 23.000000 0.996931 0.655000 0.653000
28.000000 24.000000 0.977429 0.665000 0.650000
28.000000 25.000000 0.792360 0.289000 0.229000
28.000000 26.000000 0.800638 0.301000 0.241000
28.000000 27.000000 0.762190 0.307000 0.234000
28.000000 28.000000 0.821024 0.285000 0.234000
28.000000 29.000000 0.869833 0.292000 0.254000
28.000000 30.000000 0.832059 0.268000 0.223000
28.000000 31.000000 0.859125 0.284000 0.244000
28.000000 32.000000 0.733742 0.308000 0.226000
28.000000 33.000000 0.818488 0.270000 0.221000
28.000000 34.000000 0.910817 0.258000 0.235000
28.000000 35.000000 0.792360 0.289000 0.229000
28.000000 36.000000 0.249792 0.012000 0.003000
28.000000 37.000000 0.000000 0.002000 0.000000
28.000000 38.000000 0.000000 0.000000 0.000000
28.000000 39.000000 0.000000 0.001000 0.000000
28.000000 40.000000 0.000000 0.004000 0.000000
28.000000 41.000000 0.000000 0.000000 0.000000
28.000000 42.000000 0.000000 0.000000 0.000000
28.000000 43.000000 0.000000 0.001000 0.000000
28.000000 44.000000 0.000000 0.000000 0.000000
28.000000 45.000000 0.000000 0.000000 0.000000
29.000000 -45.000000 0.000000 0.000000 0.000000
29.000000 -44.000000 0.000000 0.000000 0.000000
29.000000 -43.000000 0.000000 0.000000 0.000000
29.000000 -42.000000 0.000000 0.003000 0.000000
29.000000 -41.000000 0.000000 0.001000 0.000000
29.000000 -40.000000 0.000000 0.000000 0.000000
29.000000 -39.000000 0.000000 0.001000 0.000000
29.000000 -38.000000 0.000000 0.000000 0.000000
29.000000 -37.000000 100.000000 0.000000 0.001000
29.000000 -36.000000 0.000000 0.000000 0.000000
29.000000 -35.000000 1.711840 0.007000 0.012000
29.000000 -34.000000 0.733529 0.304000 0.223000
29.000000 -33.000000 0.842074 0.266000 0.224000
29.000000 -32.000000 0.749975 0.296000 0.222000
29.000000 -31.000000 0.796640 0.300000 0.239000
29.000000 -30.000000 0.823915 0.284000 0.234000
29.000000 -29.000000 0.720612 0.315000 0.227000
29.000000 -28.000000 0.942823 0.280000 0.264000
29.000000 -27.000000 0.816921 0.295000 0.241000
29.000000 -26.000000 0.790824 0.306000 0.242000
29.000000 -25.000000 0.782429 0.285000 0.223000
29.000000 -24.000000 0.797175 0.286000 0.228000
29.000000 -23.000000 1.068641 0.670000 0.716000
29.000000 -22.000000 0.948591 0.681000 0.646000
29.000000 -21.000000 1.035588 0.646000 0.669000
29.000000 -20.000000 1.065023 0.615000 0.655000
29.000000 -19.000000 1.040609 0.640000 0.666000
29.000000 -18.000000 1.060826 0.641000 0.680000
29.000000 -17.000000 0.978347 0.647000 0.633000
29.000000 -16.000000 0.995341 0.646000 0.643000
29.000000 -15.000000 0.950287 0.664000 0.631000
29.000000 -14.000000 1.020684 0.628000 0.641000
29.000000 -13.000000 0.984408 0.642000 0.632000
29.000000 -12.000000 1.007712 0.647000 0.652000
29.000000 -11.000000 1.046757 0.620000 0.649000
29.000000 -10.000000 0.987485 0.640000 0.632000
29.000000 -9.000000 1.026925 0.631000 0.648000
29.000000 -8.000000 0.977972 0.636000 0.622000
28.999326 -7.000464 1.029441 0.645000 0.664000
29.000000 -6.000000 0.942843 0.665000 0.627000
29.000000 -5.000000 0.987900 0.662000 0.654000
29.000000 -4.000000 1.017334 0.634000 0.645000
29.000000 -3.000000 1.062583 0.623000 0.662000
29.000000 -2.000000 1.020265 0.641000 0.654000
29.000000 -1.000000 1.002952 0.674000 0.676000
29.000000 0.000000 1.059266 0.641000 0.679000
29.000000 1.000000 1.051385 0.642000 0.675000
29.000000 2.000000 1.121194 0.627000 0.703000
29.000000 3.000000 1.057675 0.624000 0.660000
29.000000 4.000000 1.002997 0.664000 0.666000
29.000000 5.000000 0.930917 0.666000 0.620000
29.000000 6.000000 1.006293 0.634000 0.638000
29.000000 7.000000 0.966034 0.648000 0.626000
29.000000 8.000000 0.968686 0.639000 0.619000
29.000000 9.000000 1.001475 0.671000 0.672000
29.000000 10.000000 0.995362 0.649000 0.646000
29.000000 11.000000 1.021893 0.639000 0.653000
29.000000 12.000000 1.044737 0.648000 0.677000
28.999939 13.000013 1.012161 0.657000 0.665000
29.000000 14.000000 0.973991 0.654000 0.637000
29.000000 15.000000 0.996879 0.644000 0.642000
29.000000 16.000000 0.968070 0.658000 0.637000
29.000000 17.000000 0.995237 0.632000 0.629000
29.000000 18.000000 1.034353 0.611000 0.632000
29.000000 19.000000 1.006092 0.655000 0.659000
29.000000 20.000000 1.003119 0.638000 0.640000
29.000000 21.000000 0.962085 0.686000 0.660000
29.000000 22.000000 1.023653 0.676000 0.692000
29.000000 23.000000 1.062850 0.684000 0.727000
29.000000 24.000000 0.844493 0.283000 0.239000
29.000000 25.000000 0.750755 0.321000 0.241000
29.000000 26.000000 0.858988 0.305000 0.262000
29.000000 27.000000 0.773623 0.296000 0.229000
29.000000 28.000000 0.898923 0.287000 0.258000
29.000000 29.000000 0.755907 0.295000 0.223000
29.000000 30.000000 0.855524 0.270000 0.231000
29.000000 31.000000 0.827436 0.284000 0.235000
29.000000 32.000000 0.825755 0.287000 0.237000
29.000000 33.000000 0.745008 0.302000 0.225000
29.000000 34.000000 0.941140 0.255000 0.240000
29.000000 35.000000 0.998004 0.005000 0.005000
29.000000 36.000000 0.000000 0.001000 0.000000
29.000000 37.000000 100.000000 0.000000 0.001000
29.000000 38.000000 100.000000 0.000000 0.001000
29.000000 39.000000 100.000000 0.000000 0.001000
29.000000 40.000000 0.000000 0.000000 0.000000
29.000000 41.000000 0.000000 0.000000 0.000000
29.000000 42.000000 0.000000 0.000000 0.000000
29.000000 43.000000 0.000000 0.001000 0.000000
29.000000 44.000000 0.000000 0.000000 0.000000
29.000000 45.000000 0.000000 0.000000 0.000000
30.000000 -45.000000 0.000000 0.001000 0.000000
30.000000 -44.000000 0.000000 0.000000 0.000000
30.000000 -43.000000 0.000000 0.000000 0.000000
30.000000 -42.000000 0.000000 0.000000 0.000000
30.000000 -41.000000 0.000000 0.000000 0.000000
30.000000 -40.000000 0.000000 0.001000 0.000000
30.000000 -39.000000 0.000000 0.000000 0.000000
30.000000 -38.000000 0.000000 0.001000 0.000000
30.000000 -37.000000 0.000000 0.000000 0.000000
30.000000 -36.000000 0.000000 0.000000 0.000000
30.000000 -35.000000 0.000000 0.000000 0.000000
30.000000 -34.000000 0.798403 0.005000 0.004000
30.000000 -33.000000 0.812053 0.298000 0.242000
30.000000 -32.000000 0.857113 0.287000 0.246000
30.000000 -31.000000 0.882752 0.273000 0.241000
30.000000 -30.000000 0.870599 0.286000 0.249000
30.000000 -29.000000 0.738830 0.314000 0.232000
30.000000 -28.000000 0.889266 0.271000 0.241000
30.000000 -27.000000 0.780379 0.296000 0.231000
30.000000 -26.000000 0.877592 0.286000 0.251000
30.000000 -25.000000 0.812245 0.277000 0.225000
30.000000 -24.000000 0.858591 0.290000 0.249000
30.000000 -23.000000 0.909714 0.277000 0.252000
30.000000 -22.000000 0.998605 0.724000 0.723000
30.000000 -21.000000 1.015722 0.699000 0.710000
30.000000 -20.000000 1.014478 0.690000 0.700000
30.000000 -19.000000 0.981441 0.701000 0.688000
30.000000 -18.000000 1.052199 0.632000 0.665000
30.000000 -17.000000 0.995319 0.643000 0.640000
30.000000 -16.000000 0.991030 0.670000 0.664000
30.000000 -15.000000 0.943150 0.651000 0.614000
30.000000 -14.000000 1.006064 0.658000 0.662000
30.000000 -13.000000 1.042503 0.635000 0.662000
30.000000 -12.000000 1.032542 0.645000 0.666000
30.000000 -11.000000 0.981831 0.661000 0.649000
30.000000 -10.000000 1.068166 0.660000 0.705000
30.000000 -9.000000 0.984834 0.660000 0.650000
30.000000 -8.000000 0.979861 0.646000 0.633000
30.000000 -7.000000 0.992432 0.662000 0.657000
30.000000 -6.000000 1.038269 0.653000 0.678000
30.000000 -5.000000 1.033830 0.650000 0.672000
30.000000 -4.000000 0.976247 0.674000 0.658000
30.000000 -3.000000 0.993850 0.652000 0.648000
30.000000 -2.000000 0.992466 0.665000 0.660000
30.000000 -1.000000 1.084095 0.642000 0.696000
30.000000 0.000000 1.009131 0.656000 0.662000
30.000000 1.000000 0.974536 0.668000 0.651000
30.000000 2.000000 1.078723 0.635000 0.685000
30.000000 3.000000 1.056907 0.650000 0.687000
30.000000 4.000000 0.978546 0.653000 0.639000
30.000000 5.000000 0.999984 0.635000 0.635000
30.000000 6.000000 1.007425 0.672000 0.677000
30.000000 7.000000 0.999984 0.643000 0.643000
30.000000 8.000000 0.992233 0.645000 0.640000
30.000000 9.000000 1.004469 0.669000 0.672000
30.000000 10.000000 0.988063 0.671000 0.663000
30.000000 11.000000 1.015512 0.644000 0.654000
30.000000 12.000000 1.009508 0.630000 0.636000
30.000000 13.000000 1.041715 0.647000 0.674000
30.000000 14.000000 0.996996 0.669000 0.667000
30.000000 15.000000 1.051708 0.638000 0.671000
30.000000 16.000000 1.076294 0.629000 0.677000
30.000000 17.000000 1.035533 0.647000 0.670000
30.000000 18.000000 0.944593 0.686000 0.648000
30.000000 19.000000 0.997120 0.698000 0.696000
30.000000 20.000000 1.027521 0.690000 0.709000
30.000000 21.000000 1.007118 0.701000 0.706000
30.000000 22.000000 1.013933 0.717000 0.727000
30.000000 23.000000 0.946529 0.262000 0.248000
30.000000 24.000000 0.853541 0.280000 0.239000
30.000000 25.000000 0.957563 0.283000 0.271000
30.000000 26.000000 0.895877 0.269000 0.241000
30.000000 27.000000 0.872231 0.274000 0.239000
30.000000 28.000000 0.781118 0.297000 0.232000
30.000000 29.000000 0.785917 0.313000 0.246000
30.000000 30.000000 0.812877 0.310000 0.252000
30.000000 31.000000 0.784485 0.297000 0.233000
30.000000 32.000000 0.876730 0.284000 0.249000
30.000000 33.000000 0.797125 0.281000 0.224000
30.000000 34.000000 0.831947 0.006000 0.005000
30.000000 35.000000 0.000000 0.000000 0.000000
30.000000 36.000000 0.000000 0.000000 0.000000
30.000000 37.000000 0.000000 0.000000 0.000000
30.000000 38.000000 0.000000 0.000000 0.000000
30.000000 39.000000 0.000000 0.000000 0.000000
30.000000 40.000000 0.000000 0.000000 0.000000
30.000000 41.000000 0.000000 0.001000 0.000000
30.000000 42.000000 0.000000 0.000000 0.000000
30.000000 43.000000 0.000000 0.000000 0.000000
30.000000 44.000000 0.000000 0.000000 0.000000
30.000000 45.000000 0.000000 0.000000 0.000000
31.000000 -45.000000 0.000000 0.000000 0.000000
31.000000 -44.000000 100.000000 0.000000 0.001000
31.000000 -43.000000 0.000000 0.000000 0.000000
31.000000 -42.000000 0.000000 0.001000 0.000000
31.000000 -41.000000 0.000000 0.000000 0.000000
31.000000 -40.000000 0.000000 0.001000 0.000000
31.000000 -39.000000 0.000000 0.000000 0.000000
30.999914 -37.999984 0.000000 0.001000 0.000000
31.000000 -37.000000 0.000000 0.001000 0.000000
31.000000 -36.000000 0.000000 0.000000 0.000000
31.000000 -35.000000 0.000000 0.000000 0.000000
31.000000 -34.000000 0.230592 0.013000 0.003000
31.000000 -33.000000 0.363306 0.011000 0.004000
31.000000 -32.000000 0.905076 0.274000 0.248000
31.000000 -31.000000 0.755751 0.303000 0.229000
31.000000 -30.000000 0.786640 0.300000 0.236000
31.000000 -29.000000 0.775219 0.307000 0.238000
31.000000 -28.000000 0.862513 0.291000 0.251000
31.000000 -27.000000 0.958297 0.264000 0.253000
31.000000 -26.000000 0.829481 0.305000 0.253000
31.000000 -25.000000 0.772127 0.316000 0.244000
31.000000 -24.000000 0.810783 0.296000 0.240000
31.000000 -23.000000 0.827018 0.318000 0.263000
31.000000 -22.000000 0.840960 0.283000 0.238000
31.000000 -21.000000 0.833859 0.301000 0.251000
31.000000 -20.000000 0.990450 0.734000 0.727000
31.000000 -19.000000 1.060243 0.697000 0.739000
31.000000 -18.000000 1.020256 0.740000 0.755000
31.000000 -17.000000 1.008757 0.684000 0.690000
31.000000 -16.000000 0.999986 0.696000 0.696000
31.000000 -15.000000 1.040708 0.663000 0.690000
31.000000 -14.000000 1.028008 0.678000 0.697000
31.000000 -13.000000 0.967924 0.655000 0.634000
31.000000 -12.000000 0.991175 0.681000 0.675000
31.000000 -11.000000 1.015416 0.648000 0.658000
31.000000 -10.000000 1.024449 0.654000 0.670000
31.000000 -9.000000 1.068413 0.643000 0.687000
31.000000 -8.000000 1.039739 0.654000 0.680000
31.000000 -7.000000 1.004586 0.652000 0.655000
31.000000 -6.000000 0.971457 0.666000 0.647000
31.000000 -5.000000 1.049290 0.649000 0.681000
31.000000 -4.000000 1.008927 0.671000 0.677000
31.000000 -3.000000 0.992556 0.673000 0.668000
31.000000 -2.000000 0.979900 0.697000 0.683000
31.000000 -1.000000 1.085520 0.643000 0.698000
31.000000 0.000000 1.033217 0.662000 0.684000
31.000000 1.000000 1.009187 0.652000 0.658000
31.000000 2.000000 1.045367 0.639000 0.668000
31.000000 3.000000 1.006073 0.657000 0.661000
31.000000 4.000000 1.045370 0.661000 0.691000
31.000000 5.000000 1.026058 0.652000 0.669000
31.000000 6.000000 1.021165 0.661000 0.675000
31.000000 7.000000 1.048046 0.645000 0.676000
31.000000 8.000000 1.028375 0.634000 0.652000
31.000000 9.000000 1.008980 0.667000 0.673000
31.000000 10.000000 1.024301 0.658000 0.674000
31.000000 11.000000 1.017842 0.672000 0.684000
31.000000 12.000000 1.042732 0.655000 0.683000
31.000000 13.000000 1.051577 0.659000 0.693000
31.000000 14.000000 0.985171 0.675000 0.665000
31.000000 15.000000 1.005955 0.670000 0.674000
31.000000 16.000000 0.983833 0.681000 0.670000
31.000000 17.000000 1.026494 0.679000 0.697000
31.000000 18.000000 1.008217 0.729000 0.735000
31.000000 19.000000 0.980913 0.734000 0.720000
31.000000 20.000000 1.020590 0.728000 0.743000
31.000000 21.000000 0.881088 0.286000 0.252000
31.000000 22.000000 0.863608 0.308000 0.266000
31.000000 23.000000 0.753181 0.312000 0.235000
31.000000 24.000000 0.778476 0.307000 0.239000
31.000000 25.000000 0.766209 0.308000 0.236000
31.000000 26.000000 0.866409 0.292000 0.253000
31.000000 27.000000 0.829904 0.294000 0.244000
31.000000 28.000000 0.779635 0.295000 0.230000
31.000000 29.000000 0.806095 0.294000 0.237000
31.000000 30.000000 0.716589 0.307000 0.220000
31.000000 31.000000 0.877162 0.285000 0.250000
31.000000 32.000000 0.880835 0.277000 0.244000
31.000000 33.000000 1.283880 0.007000 0.009000
31.000000 34.000000 0.099900 0.010000 0.001000
31.000000 35.000000 100.000000 0.000000 0.001000
31.000000 36.000000 0.000000 0.001000 0.000000
31.000000 37.000000 0.990099 0.001000 0.001000
31.000000 38.000000 0.000000 0.000000 0.000000
31.000000 39.000000 0.000000 0.000000 0.000000
31.000000 40.000000 0.000000 0.000000 0.000000
31.000000 41.000000 0.000000 0.000000 0.000000
31.000000 42.000000 0.000000 0.001000 0.000000
31.000000 43.000000 100.000000 0.000000 0.001000
31.000000 44.000000 0.000000 0.000000 0.000000
31.000000 45.000000 0.000000 0.000000 0.000000
32.000000 -45.000000 0.000000 0.000000 0.000000
32.000000 -44.000000 0.000000 0.000000 0.000000
32.000000 -43.000000 100.000000 0.000000 0.001000
32.000000 -42.000000 0.000000 0.000000 0.000000
32.000000 -41.000000 0.000000 0.000000 0.000000
32.000000 -40.000000 0.000000 0.000000 0.000000
32.000000 -39.000000 0.000000 0.000000 0.000000
32.000000 -38.000000 0.000000 0.000000 0.000000
32.000000 -37.000000 100.000000 0.000000 0.001000
32.000000 -36.000000 0.000000 0.002000 0.000000
32.000000 -35.000000 100.000000 0.000000 0.001000
32.000000 -34.000000 0.000000 0.000000 0.000000
32.000000 -33.000000 0.199601 0.005000 0.001000
32.000000 -32.000000 0.741233 0.286000 0.212000
32.000000 -31.000000 0.721452 0.298000 0.215000
32.000000 -30.000000 0.819700 0.294000 0.241000
32.000000 -29.000000 0.778852 0.303000 0.236000
32.000000 -28.000000 0.814657 0.286000 0.233000
32.000000 -27.000000 0.775894 0.299000 0.232000
32.000000 -26.000000 0.833306 0.300000 0.250000
32.000000 -25.000000 0.685693 0.315000 0.216000
32.000000 -24.000000 0.730239 0.304000 0.222000
32.000000 -23.000000 0.789628 0.290000 0.229000
32.000000 -22.000000 0.855676 0.298000 0.255000
32.000000 -21.000000 0.940925 0.271000 0.255000
32.000000 -20.000000 0.826059 0.299000 0.247000
31.999985 -19.000116 1.016051 0.747000 0.759000
32.000000 -18.000000 0.993248 0.742000 0.737000
32.000000 -17.000000 1.030331 0.725000 0.747000
32.000000 -16.000000 1.009408 0.743000 0.750000
32.000000 -15.000000 0.939422 0.743000 0.698000
32.000000 -14.000000 1.005636 0.708000 0.712000
32.000000 -13.000000 0.977419 0.709000 0.693000
32.000000 -12.000000 1.011613 0.688000 0.696000
32.000000 -11.000000 0.981308 0.696000 0.683000
32.000000 -10.000000 1.013418 0.670000 0.679000
32.000000 -9.000000 1.018664 0.696000 0.709000
32.000000 -8.000000 0.979578 0.686000 0.672000
32.000000 -7.000000 1.056215 0.658000 0.695000
32.000000 -6.000000 1.064259 0.669000 0.712000
32.000000 -5.000000 1.079923 0.663000 0.716000
32.000000 -4.000000 1.081065 0.666000 0.720000
32.000000 -3.000000 0.949699 0.696000 0.661000
32.000000 -2.000000 1.034008 0.676000 0.699000
32.000000 -1.000000 1.029880 0.669000 0.689000
32.000000 0.000000 1.035099 0.655000 0.678000
32.000000 1.000000 1.027926 0.680000 0.699000
32.000000 2.000000 1.080230 0.648000 0.700000
32.000000 3.000000 0.991277 0.689000 0.683000
32.000000 4.000000 1.018690 0.695000 0.708000
32.000000 5.000000 0.999985 0.680000 0.680000
32.000000 6.000000 0.984227 0.698000 0.687000
32.000000 7.000000 1.063313 0.679000 0.722000
32.000000 8.000000 1.021006 0.666000 0.680000
32.000000 9.000000 0.987363 0.713000 0.704000
32.000000 10.000000 1.021724 0.690000 0.705000
32.000000 11.000000 1.030642 0.685000 0.706000
32.000000 12.000000 0.994320 0.706000 0.702000
32.000000 13.000000 1.053299 0.694000 0.731000
32.000000 14.000000 1.001424 0.695000 0.696000
32.000000 15.000000 0.991535 0.710000 0.704000
32.000000 16.000000 1.028792 0.729000 0.750000
32.000000 17.000000 0.988051 0.754000 0.745000
32.000000 18.000000 1.046591 0.751000 0.786000
32.000000 19.000000 1.024543 0.733000 0.751000
32.000000 20.000000 0.725216 0.313000 0.227000
32.000000 21.000000 0.867081 0.301000 0.261000
32.000000 22.000000 0.907769 0.282000 0.256000
32.000000 23.000000 0.841243 0.315000 0.265000
32.000000 24.000000 0.809831 0.284000 0.230000
32.000000 25.000000 0.832736 0.293000 0.244000
32.000000 26.000000 0.828255 0.297000 0.246000
32.000000 27.000000 0.919967 0.275000 0.253000
32.000000 28.000000 0.836149 0.293000 0.245000
32.000000 29.000000 0.809831 0.284000 0.230000
32.000000 30.000000 0.945221 0.274000 0.259000
32.000000 31.000000 0.765315 0.277000 0.212000
32.000000 32.000000 0.852711 0.292000 0.249000
32.000000 33.000000 0.181653 0.011000 0.002000
32.000000 34.000000 0.000000 0.001000 0.000000
32.000000 35.000000 0.000000 0.001000 0.000000
32.000000 36.000000 0.000000 0.000000 0.000000
32.000000 37.000000 0.000000 0.000000 0.000000
32.000000 38.000000 0.000000 0.000000 0.000000
32.000000 39.000000 0.000000 0.000000 0.000000
32.000000 40.000000 100.000000 0.000000 0.001000
32.000000 41.000000 0.000000 0.000000 0.000000
32.000000 42.000000 0.000000 0.001000 0.000000
32.000000 43.000000 0.000000 0.001000 0.000000
32.000000 44.000000 0.000000 0.000000 0.000000
32.000000 45.000000 0.000000 0.000000 0.000000
33.000000 -45.000000 100.000000 0.000000 0.001000
33.000000 -44.000000 0.000000 0.000000 0.000000
33.000000 -43.000000 0.000000 0.000000 0.000000
33.000000 -42.000000 0.000000 0.001000 0.000000
33.000000 -41.000000 100.000000 0.000000 0.001000
33.000000 -40.000000 0.000000 0.000000 0.000000
33.000000 -39.000000 0.000000 0.000000 0.000000
33.000000 -38.000000 0.000000 0.000000 0.000000
33.000000 -37.000000 0.000000 0.001000 0.000000
33.000000 -36.000000 0.990099 0.001000 0.001000
33.000000 -35.000000 0.000000 0.001000 0.000000
33.000000 -34.000000 0.000000 0.002000 0.000000
33.000000 -33.000000 0.000000 0.000000 0.000000
33.000000 -32.000000 0.356888 0.014000 0.005000
33.000000 -31.000000 0.332779 0.006000 0.002000
33.000000 -30.000000 0.675219 0.311000 0.210000
32.999482 -28.999962 0.862984 0.292000 0.252000
33.000000 -28.000000 0.821650 0.286000 0.235000
33.000000 -27.000000 0.805169 0.308000 0.248000
33.000000 -26.000000 0.860110 0.286000 0.246000
33.000000 -25.000000 0.795275 0.298000 0.237000
33.000000 -24.000000 0.847722 0.289000 0.245000
33.000000 -23.000000 0.867103 0.286000 0.248000
33.000000 -22.000000 0.772846 0.317000 0.245000
33.000000 -21.000000 0.784785 0.316000 0.248000
33.000000 -20.000000 0.794676 0.302000 0.240000
33.000000 -19.000000 0.902141 0.276000 0.249000
33.000000 -18.000000 0.861457 0.296000 0.255000
33.000000 -17.000000 1.005209 0.766000 0.770000
33.000000 -16.000000 1.023986 0.750000 0.768000
33.000000 -15.000000 1.070464 0.752000 0.805000
33.000000 -14.000000 1.001268 0.781000 0.782000
33.000000 -13.000000 1.038185 0.733000 0.761000
33.000000 -12.000000 1.001332 0.743000 0.744000
33.000000 -11.000000 1.002741 0.726000 0.728000
33.000000 -10.000000 1.050490 0.693000 0.728000
33.000000 -9.000000 1.022875 0.699000 0.715000
33.000000 -8.000000 1.058808 0.697000 0.738000
33.000000 -7.000000 1.050405 0.714000 0.750000
33.000000 -6.000000 1.021202 0.707000 0.722000
33.000000 -5.000000 1.049631 0.705000 0.740000
33.000000 -4.000000 0.995712 0.702000 0.699000
33.000000 -3.000000 1.017177 0.698000 0.710000
33.000000 -2.000000 1.051836 0.675000 0.710000
33.000000 -1.000000 1.025373 0.709000 0.727000
33.000000 0.000000 1.016020 0.686000 0.697000
33.000000 1.000000 1.001424 0.695000 0.696000
33.000000 2.000000 1.055378 0.686000 0.724000
33.000000 3.000000 1.042075 0.689000 0.718000
33.000000 4.000000 1.101476 0.670000 0.738000
33.000000 5.000000 0.998585 0.714000 0.713000
33.000000 6.000000 1.045174 0.686000 0.717000
33.000000 7.000000 1.046429 0.689000 0.721000
33.000000 8.000000 1.060854 0.690000 0.732000
33.000000 9.000000 1.016769 0.715000 0.727000
33.000000 10.000000 0.967467 0.738000 0.714000
33.000000 11.000000 1.041473 0.699000 0.728000
33.000000 12.000000 1.038447 0.702000 0.729000
33.000000 13.000000 0.966265 0.771000 0.745000
33.000000 14.000000 0.988595 0.790000 0.781000
33.000000 15.000000 1.058419 0.753000 0.797000
33.000000 16.000000 1.015551 0.771000 0.783000
33.000000 17.000000 1.029010 0.758000 0.780000
33.000000 18.000000 0.771498 0.302000 0.233000
33.000000 19.000000 0.765707 0.286000 0.219000
33.000000 20.000000 0.801277 0.307000 0.246000
33.000000 21.000000 0.815763 0.304000 0.248000
33.000000 22.000000 0.863452 0.293000 0.253000
33.000000 23.000000 0.839131 0.286000 0.240000
33.000000 24.000000 0.844039 0.295000 0.249000
33.000000 25.000000 0.805617 0.319000 0.257000
33.000000 26.000000 0.805433 0.293000 0.236000
33.000000 27.000000 0.827436 0.284000 0.235000
33.000000 28.000000 0.808334 0.287000 0.232000
33.000000 29.000000 0.667763 0.298000 0.199000
33.000000 30.000000 0.825755 0.287000 0.237000
33.000000 31.000000 0.635786 0.011000 0.007000
33.000000 32.000000 0.249792 0.012000 0.003000
33.000000 33.000000 0.000000 0.001000 0.000000
33.000000 34.000000 0.000000 0.000000 0.000000
33.000000 35.000000 0.000000 0.000000 0.000000
33.000000 36.000000 100.000000 0.000000 0.001000
33.000000 37.000000 0.000000 0.000000 0.000000
33.000000 38.000000 0.000000 0.001000 0.000000
33.000000 39.000000 0.000000 0.000000 0.000000
33.000000 40.000000 100.000000 0.000000 0.001000
33.000000 41.000000 100.000000 0.000000 0.001000
33.000000 42.000000 0.000000 0.001000 0.000000
33.000000 43.000000 100.000000 0.000000 0.001000
33.000000 44.000000 0.000000 0.000000 0.000000
33.000000 45.000000 0.990099 0.001000 0.001000
34.000000 -45.000000 0.000000 0.000000 0.000000
34.000000 -44.000000 0.000000 0.000000 0.000000
34.000000 -43.000000 0.000000 0.000000 0.000000
34.000000 -42.000000 0.000000 0.000000 0.000000
34.000000 -41.000000 0.000000 0.001000 0.000000
34.000000 -40.000000 0.000000 0.000000 0.000000
34.000000 -39.000000 0.000000 0.000000 0.000000
34.000000 -38.000000 0.000000 0.001000 0.000000
34.000000 -37.000000 0.000000 0.000000 0.000000
34.000000 -36.000000 0.000000 0.000000 0.000000
34.000000 -35.000000 0.000000 0.000000 0.000000
34.000000 -34.000000 0.000000 0.000000 0.000000
34.000000 -33.000000 0.000000 0.000000 0.000000
34.000000 -32.000000 0.000000 0.000000 0.000000
34.000000 -31.000000 0.272480 0.011000 0.003000
34.000000 -30.000000 0.443951 0.009000 0.004000
34.000000 -29.000000 0.717745 0.287000 0.206000
34.000000 -28.000000 0.752450 0.303000 0.228000
34.000000 -27.000000 0.816103 0.310000 0.253000
34.000000 -26.000000 0.935814 0.265000 0.248000
33.999773 -25.000135 0.850135 0.307000 0.261000
34.000000 -24.000000 1.007713 0.258000 0.260000
34.000000 -23.000000 0.825593 0.281000 0.232000
34.000000 -22.000000 0.846378 0.306000 0.259000
34.000000 -21.000000 0.827675 0.296000 0.245000
34.000000 -20.000000 0.686726 0.332000 0.228000
34.000000 -19.000000 0.756731 0.296000 0.224000
34.000000 -18.000000 0.871397 0.280000 0.244000
34.000000 -17.000000 0.677830 0.298000 0.202000
34.000000 -16.000000 0.747342 0.285000 0.213000
34.000000 -15.000000 1.002503 0.795000 0.797000
34.000000 -14.000000 1.050115 0.778000 0.817000
34.000000 -13.000000 1.022600 0.796000 0.814000
34.000000 -12.000000 1.047846 0.794000 0.832000
34.000000 -11.000000 1.005019 0.795000 0.799000
34.000000 -10.000000 0.956676 0.785000 0.751000
34.000000 -9.000000 0.998644 0.745000 0.744000
34.000000 -8.000000 0.986510 0.742000 0.732000
34.000000 -7.000000 0.975923 0.748000 0.730000
34.000000 -6.000000 1.042002 0.714000 0.744000
34.000000 -5.000000 0.983571 0.731000 0.719000
34.000000 -4.000000 0.986491 0.741000 0.731000
34.000000 -3.000000 1.040716 0.712000 0.741000
34.000000 -2.000000 1.022147 0.722000 0.738000
34.000000 -1.000000 1.057168 0.717000 0.758000
34.000000 0.000000 1.044492 0.719000 0.751000
34.000000 1.000000 1.066182 0.710000 0.757000
34.000000 2.000000 1.085368 0.691000 0.750000
34.000000 3.000000 0.986363 0.734000 0.724000
34.000000 4.000000 1.039986 0.725000 0.754000
34.000000 5.000000 0.981220 0.746000 0.732000
34.000000 6.000000 1.035897 0.724000 0.750000
34.000000 7.000000 1.013302 0.751000 0.761000
34.000000 8.000000 1.025353 0.749000 0.768000
34.000000 9.000000 1.010754 0.743000 0.751000
34.000000 10.000000 0.959988 0.775000 0.744000
34.000000 11.000000 1.011112 0.809000 0.818000
34.000000 12.000000 1.079780 0.777000 0.839000
34.000000 13.000000 1.024007 0.791000 0.810000
34.000000 14.000000 1.021866 0.777000 0.794000
34.000000 15.000000 1.056343 0.763000 0.806000
34.000000 16.000000 0.874042 0.270000 0.236000
34.000000 17.000000 0.884860 0.278000 0.246000
34.000000 18.000000 0.846638 0.300000 0.254000
34.000000 19.000000 0.844172 0.276000 0.233000
34.000000 20.000000 0.746058 0.319000 0.238000
34.000000 21.000000 0.799327 0.309000 0.247000
34.000000 22.000000 0.873654 0.285000 0.249000
34.000000 23.000000 0.859125 0.284000 0.244000
34.000000 24.000000 0.813088 0.305000 0.248000
34.000000 25.000000 0.869534 0.276000 0.240000
34.000000 26.000000 0.895651 0.278000 0.249000
34.000000 27.000000 0.745850 0.303000 0.226000
34.000000 28.000000 0.797953 0.297000 0.237000
34.000000 29.000000 0.907374 0.270000 0.245000
34.000000 30.000000 1.397206 0.005000 0.007000
34.000000 31.000000 0.333111 0.015000 0.005000
34.000000 32.000000 0.000000 0.000000 0.000000
34.000000 33.000000 0.000000 0.000000 0.000000
34.000000 34.000000 0.000000 0.000000 0.000000
34.000000 35.000000 0.000000 0.000000 0.000000
34.000000 36.000000 0.000000 0.001000 0.000000
34.000000 37.000000 0.000000 0.001000 0.000000
34.000000 38.000000 0.000000 0.000000 0.000000
34.000000 39.000000 0.000000 0.000000 0.000000
34.000000 40.000000 0.000000 0.003000 0.000000
34.000000 41.000000 0.990099 0.001000 0.001000
34.000000 42.000000 0.000000 0.001000 0.000000
34.000000 43.000000 0.000000 0.000000 0.000000
34.000000 44.000000 0.000000 0.000000 0.000000
34.000000 45.000000 100.000000 0.000000 0.001000
35.000000 -45.000000 0.000000 0.000000 0.000000
35.000000 -44.000000 100.000000 0.000000 0.001000
35.000000 -43.000000 0.000000 0.000000 0.000000
35.000000 -42.000000 0.000000 0.001000 0.000000
35.000000 -41.000000 0.000000 0.000000 0.000000
35.000000 -40.000000 0.000000 0.001000 0.000000
35.000000 -39.000000 0.000000 0.002000 0.000000
35.000000 -38.000000 0.000000 0.000000 0.000000
35.000000 -37.000000 0.000000 0.000000 0.000000
35.000000 -36.000000 0.000000 0.000000 0.000000
35.000000 -35.000000 0.000000 0.000000 0.000000
35.000000 -34.000000 0.000000 0.000000 0.000000
35.000000 -33.000000 0.000000 0.000000 0.000000
35.000000 -32.000000 0.000000 0.000000 0.000000
35.000000 -31.000000 0.000000 0.000000 0.000000
35.000000 -30.000000 100.000000 0.000000 0.001000
35.000000 -29.000000 1.109878 0.009000 0.010000
35.000000 -28.000000 0.814787 0.297000 0.242000
35.000000 -27.000000 0.846618 0.313000 0.265000
35.000000 -26.000000 0.746155 0.327000 0.244000
35.000000 -25.000000 0.762962 0.308000 0.235000
35.000000 -24.000000 0.795891 0.294000 0.234000
35.000000 -23.000000 0.746852 0.320000 0.239000
35.000000 -22.000000 0.799973 0.300000 0.240000
35.000000 -21.000000 0.747580 0.313000 0.234000
35.000000 -20.000000 0.749183 0.315000 0.236000
35.000000 -19.000000 0.792955 0.285000 0.226000
35.000000 -18.000000 0.867767 0.295000 0.256000
35.000000 -17.000000 0.791920 0.298000 0.236000
35.000000 -16.000000 0.791069 0.292000 0.231000
35.000000 -15.000000 0.871592 0.296000 0.258000
35.000000 -14.000000 0.779635 0.295000 0.230000
35.000000 -13.000000 0.795429 0.308000 0.245000
35.000000 -12.000000 1.038834 0.798000 0.829000
35.000000 -11.000000 1.033653 0.802000 0.829000
35.000000 -10.000000 1.040981 0.805000 0.838000
35.000000 -9.000000 1.056429 0.815000 0.861000
35.000000 -8.000000 1.081368 0.811000 0.877000
35.000000 -7.000000 0.992698 0.823000 0.817000
35.000000 -6.000000 0.993738 0.800000 0.795000
35.000000 -5.000000 1.008837 0.791000 0.798000
35.000000 -4.000000 0.978684 0.798000 0.781000
35.000000 -3.000000 0.994839 0.777000 0.773000
35.000000 -2.000000 1.030131 0.763000 0.786000
35.000000 -1.000000 1.034062 0.763000 0.789000
35.000000 0.000000 1.042203 0.758000 0.790000
35.000000 1.000000 1.044104 0.748000 0.781000
35.000000 2.000000 0.970500 0.780000 0.757000
35.000000 3.000000 0.991115 0.789000 0.782000
35.000000 4.000000 0.986203 0.798000 0.787000
35.000000 5.000000 1.017731 0.789000 0.803000
35.000000 6.000000 0.964052 0.807000 0.778000
35.000000 7.000000 0.980872 0.837000 0.821000
35.000000 8.000000 1.061639 0.811000 0.861000
35.000000 9.000000 1.057869 0.812000 0.859000
35.000000 10.000000 1.039794 0.829000 0.862000
35.000000 11.000000 1.044067 0.794000 0.829000
35.000000 12.000000 1.010088 0.792000 0.800000
35.000000 13.000000 0.949424 0.277000 0.263000
35.000000 14.000000 0.837810 0.296000 0.248000
35.000000 15.000000 0.855604 0.284000 0.243000
35.000000 16.000000 0.890004 0.291000 0.259000
35.000000 17.000000 0.781226 0.320000 0.250000
35.000000 18.000000 0.793079 0.319000 0.253000
35.000000 19.000000 0.873725 0.301000 0.263000
35.000000 20.000000 0.826502 0.294000 0.243000
35.000000 21.000000 0.857609 0.288000 0.247000
35.000000 22.000000 0.775616 0.312000 0.242000
35.000000 23.000000 0.775707 0.272000 0.211000
35.000000 24.000000 0.834956 0.303000 0.253000
35.000000 25.000000 0.903303 0.300000 0.271000
35.000000 26.000000 0.908362 0.262000 0.238000
35.000000 27.000000 0.811616 0.292000 0.237000
35.000000 28.000000 0.856638 0.300000 0.257000
35.000000 29.000000 0.461184 0.013000 0.006000
35.000000 30.000000 0.000000 0.000000 0.000000
35.000000 31.000000 0.000000 0.000000 0.000000
35.000000 32.000000 0.000000 0.000000 0.000000
35.000000 33.000000 0.000000 0.000000 0.000000
35.000000 34.000000 0.000000 0.000000 0.000000
35.000000 35.000000 0.000000 0.000000 0.000000
35.000000 36.000000 200.000000 0.000000 0.002000
35.000000 37.000000 0.000000 0.000000 0.000000
35.000000 38.000000 0.000000 0.001000 0.000000
35.000000 39.000000 100.000000 0.000000 0.001000
35.000000 40.000000 0.000000 0.000000 0.000000
35.000000 41.000000 0.000000 0.000000 0.000000
35.000000 42.000000 0.000000 0.001000 0.000000
35.000000 43.000000 0.000000 0.000000 0.000000
35.000000 44.000000 0.000000 0.000000 0.000000
35.000000 45.000000 0.000000 0.001000 0.000000
36.000000 -45.000000 0.000000 0.000000 0.000000
36.000000 -44.000000 0.000000 0.000000 0.000000
36.000000 -43.000000 0.000000 0.000000 0.000000
36.000000 -42.000000 0.000000 0.000000 0.000000
36.000000 -41.000000 0.000000 0.000000 0.000000
36.000000 -40.000000 0.000000 0.000000 0.000000
36.000000 -39.000000 0.000000 0.000000 0.000000
36.000000 -38.000000 0.000000 0.001000 0.000000
36.000000 -37.000000 0.000000 0.000000 0.000000
36.000000 -36.000000 0.000000 0.000000 0.000000
36.000000 -35.000000 0.000000 0.000000 0.000000
36.000000 -34.000000 0.000000 0.000000 0.000000
36.000000 -33.000000 0.000000 0.000000 0.000000
36.000000 -32.000000 0.000000 0.001000 0.000000
36.000000 -31.000000 0.000000 0.001000 0.000000
36.000000 -30.000000 0.000000 0.000000 0.000000
36.000000 -29.000000 0.000000 0.000000 0.000000
36.000022 -27.999398 0.570613 0.007000 0.004000
36.000000 -27.000000 0.981376 0.269000 0.264000
36.000000 -26.000000 0.819022 0.315000 0.258000
36.000000 -25.000000 0.791920 0.298000 0.236000
36.000000 -24.000000 0.834454 0.290000 0.242000
36.000000 -23.000000 0.828255 0.297000 0.246000
36.000000 -22.000000 0.673571 0.337000 0.227000
36.000000 -21.000000 0.781431 0.302000 0.236000
36.000000 -20.000000 0.813854 0.317000 0.258000
36.000000 -19.000000 0.815508 0.309000 0.252000
36.000000 -18.000000 0.816967 0.306000 0.250000
36.000000 -17.000000 0.911940 0.284000 0.259000
36.000000 -16.000000 0.883088 0.308000 0.272000
36.000000 -15.000000 0.850819 0.295000 0.251000
36.000000 -14.000000 0.788248 0.307000 0.242000
36.000000 -13.000000 0.832748 0.299000 0.249000
36.000000 -12.000000 0.896291 0.299000 0.268000
36.000000 -11.000000 0.788436 0.312000 0.246000
36.000000 -10.000000 0.742493 0.334000 0.248000
36.000000 -9.000000 1.009708 0.823000 0.831000
36.000000 -8.000000 1.073878 0.812000 0.872000
36.000000 -7.000000 1.103171 0.785000 0.866000
36.000000 -6.000000 1.014291 0.839000 0.851000
36.000000 -5.000000 1.056207 0.836000 0.883000
36.000000 -4.000000 1.065934 0.834000 0.889000
36.000000 -3.000000 1.050167 0.837000 0.879000
36.000000 -2.000000 1.056591 0.848000 0.896000
36.000000 -1.000000 1.038494 0.857000 0.890000
36.000000 0.000000 1.058321 0.840000 0.889000
36.000000 1.000000 1.076634 0.835000 0.899000
36.000000 2.000000 1.061138 0.834000 0.885000
36.000000 3.000000 1.042541 0.846000 0.882000
36.000000 4.000000 1.051795 0.830000 0.873000
36.000000 5.000000 1.039320 0.839000 0.872000
36.000000 6.000000 1.054932 0.819000 0.864000
36.000000 7.000000 1.037202 0.833000 0.864000
36.000000 8.000000 1.046728 0.813000 0.851000
36.000000 9.000000 1.029327 0.818000 0.842000
36.000000 10.000000 0.863128 0.285000 0.246000
36.000000 11.000000 0.838788 0.304000 0.255000
36.000000 12.000000 0.879569 0.299000 0.263000
36.000000 13.000000 0.802563 0.309000 0.248000
36.000000 14.000000 0.697430 0.314000 0.219000
36.000000 15.000000 0.922788 0.298000 0.275000
36.000000 16.000000 0.827450 0.313000 0.259000
36.000000 17.000000 0.784541 0.311000 0.244000
36.000000 18.000000 0.858037 0.310000 0.266000
36.000000 19.000000 0.883304 0.300000 0.265000
36.000000 20.000000 0.850665 0.288000 0.245000
36.000000 21.000000 0.826639 0.300000 0.248000
36.000000 22.000000 0.854062 0.281000 0.240000
36.000000 23.000000 0.821165 0.302000 0.248000
36.000000 24.000000 0.858079 0.296000 0.254000
36.000000 25.000000 0.812259 0.293000 0.238000
36.000000 26.000000 0.818445 0.314000 0.257000
36.000000 27.000000 0.850665 0.288000 0.245000
36.000000 28.000000 0.416320 0.012000 0.005000
36.000000 29.000000 100.000000 0.000000 0.001000
36.000000 30.000000 100.000000 0.000000 0.001000
36.000000 31.000000 0.000000 0.000000 0.000000
36.000000 32.000000 0.000000 0.001000 0.000000
36.000000 33.000000 0.000000 0.000000 0.000000
36.000000 34.000000 0.000000 0.000000 0.000000
36.000000 35.000000 0.000000 0.000000 0.000000
36.000000 36.000000 0.000000 0.000000 0.000000
36.000000 37.000000 0.000000 0.000000 0.000000
36.000000 38.000000 0.000000 0.000000 0.000000
36.000000 39.000000 0.000000 0.000000 0.000000
36.000000 40.000000 0.000000 0.002000 0.000000
36.000000 41.000000 0.000000 0.000000 0.000000
36.000000 42.000000 0.000000 0.000000 0.000000
36.000000 43.000000 0.000000 0.000000 0.000000
36.000000 44.000000 0.000000 0.000000 0.000000
36.000000 45.000000 0.000000 0.000000 0.000000
37.000000 -45.000000 0.000000 0.000000 0.000000
36.999397 -44.000257 0.000000 0.000000 0.000000
37.000000 -43.000000 0.000000 0.000000 0.000000
37.000000 -42.000000 0.000000 0.000000 0.000000
37.000000 -41.000000 0.000000 0.001000 0.000000
37.000000 -40.000000 0.000000 0.000000 0.000000
37.000000 -39.000000 0.000000 0.000000 0.000000
37.000000 -38.000000 0.000000 0.000000 0.000000
37.000000 -37.000000 0.000000 0.000000 0.000000
37.000000 -36.000000 0.000000 0.000000 0.000000
37.000000 -35.000000 0.000000 0.000000 0.000000
37.000000 -34.000000 0.000000 0.000000 0.000000
37.000000 -33.000000 0.000000 0.001000 0.000000
37.000000 -32.000000 0.000000 0.001000 0.000000
37.000000 -31.000000 100.000000 0.000000 0.001000
37.000000 -30.000000 0.000000 0.000000 0.000000
37.000000 -29.000000 1.980198 0.001000 0.002000
37.000000 -28.000000 0.000000 0.001000 0.000000
37.000000 -27.000000 0.124922 0.016000 0.002000
37.000000 -26.000000 0.816026 0.299000 0.244000
37.000000 -25.000000 0.817865 0.313000 0.256000
37.000000 -24.000000 0.891577 0.286000 0.255000
37.000000 -23.000000 0.857113 0.287000 0.246000
37.000000 -22.000000 0.717626 0.340000 0.244000
37.000000 -21.000000 0.836149 0.293000 0.245000
37.000000 -20.000000 0.925139 0.294000 0.272000
37.000000 -19.000000 0.787556 0.306000 0.241000
37.000000 -18.000000 0.886567 0.291000 0.258000
37.000000 -17.000000 0.851457 0.303000 0.258000
37.000000 -16.000000 0.931866 0.279000 0.260000
37.000000 -15.000000 0.878758 0.297000 0.261000
37.000000 -14.000000 0.848456 0.297000 0.252000
37.000000 -13.000000 0.743804 0.324000 0.241000
37.000000 -12.000000 0.766641 0.300000 0.230000
37.000000 -11.000000 0.913463 0.289000 0.264000
37.000000 -10.000000 0.901997 0.296000 0.267000
37.000000 -9.000000 0.803421 0.290000 0.233000
37.000000 -8.000000 0.753823 0.325000 0.245000
37.000000 -7.000000 0.778792 0.321000 0.250000
37.000000 -6.000000 0.839562 0.293000 0.246000
37.000000 -5.000000 0.809496 0.294000 0.238000
37.000000 -4.000000 1.036617 0.819000 0.849000
37.000000 -3.000000 1.053063 0.829000 0.873000
37.000000 -2.000000 1.026209 0.839000 0.861000
37.000000 -1.000000 1.033046 0.847000 0.875000
37.000000 0.000000 1.040755 0.834000 0.868000
37.000000 1.000000 1.037113 0.835000 0.866000
37.000000 2.000000 1.045978 0.848000 0.887000
37.000000 3.000000 1.038542 0.830000 0.862000
37.000000 4.000000 1.032754 0.824000 0.851000
37.000000 5.000000 0.774667 0.324000 0.251000
37.000000 6.000000 0.816694 0.311000 0.254000
37.000000 7.000000 0.775552 0.303000 0.235000
37.000000 8.000000 0.892128 0.306000 0.273000
37.000000 9.000000 0.815508 0.309000 0.252000
37.000000 10.000000 0.942204 0.277000 0.261000
37.000000 11.000000 0.923303 0.300000 0.277000
37.000000 12.000000 0.861709 0.311000 0.268000
37.000000 13.000000 0.877047 0.301000 0.264000
37.000000 14.000000 0.846378 0.306000 0.259000
37.000000 15.000000 0.874971 0.304000 0.266000
37.000000 16.000000 0.799973 0.295000 0.236000
37.000000 17.000000 0.903670 0.270000 0.244000
37.000000 18.000000 0.752243 0.331000 0.249000
37.000000 19.000000 1.037839 0.264000 0.274000
37.000000 20.000000 0.865022 0.289000 0.250000
37.000000 21.000000 0.859681 0.278000 0.239000
37.000000 22.000000 0.841895 0.291000 0.245000
37.000000 23.000000 0.840504 0.301000 0.253000
37.000000 24.000000 0.825314 0.292000 0.241000
37.000000 25.000000 0.838683 0.310000 0.260000
37.000000 26.000000 0.818156 0.319000 0.261000
37.000000 27.000000 0.332963 0.009000 0.003000
37.000000 28.000000 0.000000 0.000000 0.000000
37.000000 29.000000 0.000000 0.000000 0.000000
37.000000 30.000000 0.000000 0.000000 0.000000
37.000000 31.000000 0.000000 0.000000 0.000000
37.000000 32.000000 100.000000 0.000000 0.001000
37.000000 33.000000 0.000000 0.001000 0.000000
37.000000 34.000000 0.000000 0.000000 0.000000
37.000000 35.000000 100.000000 0.000000 0.001000
37.000000 36.000000 100.000000 0.000000 0.001000
37.000000 37.000000 0.000000 0.000000 0.000000
37.000000 38.000000 0.000000 0.001000 0.000000
37.000000 39.000000 100.000000 0.000000 0.001000
37.000000 40.000000 0.000000 0.000000 0.000000
37.000000 41.000000 200.000000 0.000000 0.002000
37.000000 42.000000 0.000000 0.000000 0.000000
37.000000 43.000000 0.000000 0.000000 0.000000
37.000000 44.000000 0.000000 0.001000 0.000000
37.000000 45.000000 0.000000 0.000000 0.000000
38.000000 -45.000000 0.332226 0.003000 0.001000
38.000000 -44.000000 0.000000 0.000000 0.000000
38.000000 -43.000000 0.000000 0.001000 0.000000
38.000000 -42.000000 100.000000 0.000000 0.001000
38.000000 -41.000000 0.000000 0.002000 0.000000
38.000000 -40.000000 0.990099 0.001000 0.001000
38.000000 -39.000000 0.000000 0.000000 0.000000
38.000000 -38.000000 0.000000 0.000000 0.000000
38.000000 -37.000000 0.000000 0.001000 0.000000
38.000000 -36.000000 0.000000 0.001000 0.000000
38.000000 -35.000000 0.000000 0.000000 0.000000
38.000000 -34.000000 0.000000 0.000000 0.000000
38.000000 -33.000000 200.000000 0.000000 0.002000
38.000000 -32.000000 0.000000 0.001000 0.000000
38.000000 -31.000000 100.000000 0.000000 0.001000
38.000000 -30.000000 100.000000 0.000000 0.001000
38.000000 -29.000000 100.000000 0.000000 0.001000
38.000000 -28.000000 0.000000 0.001000 0.000000
38.000000 -27.000000 0.000000 0.000000 0.000000
38.000000 -26.000000 0.499168 0.006000 0.003000
38.000000 -25.000000 0.307456 0.013000 0.004000
38.000000 -24.000000 0.801256 0.312000 0.250000
38.000000 -23.000000 0.882125 0.297000 0.262000
38.000000 -22.000000 0.828452 0.309000 0.256000
38.000000 -21.000000 0.807666 0.312000 0.252000
38.000000 -20.000000 0.978839 0.284000 0.278000
38.000000 -19.000000 0.782723 0.313000 0.245000
38.000000 -18.000000 0.813699 0.306000 0.249000
38.000000 -17.000000 0.876595 0.308000 0.270000
38.000000 -16.000000 0.847800 0.322000 0.273000
38.000000 -15.000000 0.891060 0.303000 0.270000
38.000000 -14.000000 0.784350 0.320000 0.251000
38.000000 -13.000000 0.682222 0.321000 0.219000
38.000000 -12.000000 0.721718 0.345000 0.249000
38.000000 -11.000000 0.745904 0.307000 0.229000
38.000000 -10.000000 0.853541 0.280000 0.239000
38.000000 -9.000000 0.819973 0.300000 0.246000
38.000000 -8.000000 0.785689 0.308000 0.242000
38.000000 -7.000000 0.770522 0.292000 0.225000
38.000000 -6.000000 0.837260 0.295000 0.247000
38.000000 -5.000000 0.731838 0.317000 0.232000
38.000000 -4.000000 0.798020 0.307000 0.245000
38.000000 -3.000000 0.733923 0.327000 0.240000
38.000000 -2.000000 0.898214 0.285000 0.256000
38.000000 -1.000000 0.842417 0.311000 0.262000
38.000000 0.000000 0.943827 0.285000 0.269000
38.000000 1.000000 0.772702 0.308000 0.238000
38.000000 2.000000 0.840364 0.307000 0.258000
38.000000 3.000000 0.820235 0.306000 0.251000
38.000000 4.000000 0.823125 0.311000 0.256000
38.000000 5.000000 0.825755 0.287000 0.237000
38.000000 6.000000 0.970748 0.308000 0.299000
38.000000 7.000000 0.750795 0.305000 0.229000
38.000000 8.000000 0.868482 0.289000 0.251000
38.000000 9.000000 0.803960 0.301000 0.242000
38.000000 10.000000 0.833306 0.306000 0.255000
38.000000 11.000000 0.858627 0.283000 0.243000
38.000000 12.000000 0.806531 0.305000 0.246000
38.000000 13.000000 0.879280 0.290000 0.255000
38.000000 14.000000 0.859681 0.278000 0.239000
38.000000 15.000000 0.788167 0.288000 0.227000
38.000000 16.000000 0.841895 0.291000 0.245000
38.000000 17.000000 0.754814 0.310000 0.234000
38.000000 18.000000 0.777085 0.332000 0.258000
38.000000 19.000000 0.819085 0.293000 0.240000
38.000000 20.000000 0.796583 0.295000 0.235000
38.000000 21.000000 0.802444 0.324000 0.260000
38.000000 22.000000 0.793417 0.305000 0.242000
38.000000 23.000000 0.699679 0.333000 0.233000
38.000000 24.000000 0.776674 0.309000 0.240000
38.000000 25.000000 0.624220 0.008000 0.005000
38.000000 26.000000 0.332779 0.006000 0.002000
38.000000 27.000000 0.000000 0.000000 0.000000
38.000000 28.000000 0.000000 0.000000 0.000000
38.000000 29.000000 0.000000 0.001000 0.000000
38.000000 30.000000 0.000000 0.000000 0.000000
38.000000 31.000000 0.000000 0.000000 0.000000
38.000000 32.000000 0.000000 0.000000 0.000000
38.000000 33.000000 0.000000 0.000000 0.000000
38.000000 34.000000 0.000000 0.000000 0.000000
38.000000 35.000000 0.000000 0.000000 0.000000
38.000000 36.000000 0.000000 0.000000 0.000000
38.000000 37.000000 0.000000 0.001000 0.000000
38.000000 38.000000 0.000000 0.000000 0.000000
38.000000 39.000000 0.000000 0.000000 0.000000
38.000000 40.000000 0.000000 0.001000 0.000000
38.000000 41.000000 0.000000 0.001000 0.000000
38.000000 42.000000 0.000000 0.000000 0.000000
38.000000 43.000000 0.000000 0.000000 0.000000
38.000000 44.000000 0.000000 0.001000 0.000000
38.000000 45.000000 2.970297 0.001000 0.003000
39.000000 -45.000000 1.980198 0.001000 0.002000
39.000000 -44.000000 0.000000 0.001000 0.000000
39.000000 -43.000000 0.000000 0.000000 0.000000
39.000000 -42.000000 0.000000 0.000000 0.000000
39.000000 -41.000000 0.000000 0.000000 0.000000
39.000000 -40.000000 0.000000 0.000000 0.000000
39.000000 -39.000000 0.000000 0.000000 0.000000
39.000000 -38.000000 0.000000 0.000000 0.000000
39.000000 -37.000000 100.000000 0.000000 0.001000
39.000000 -36.000000 0.000000 0.000000 0.000000
39.000000 -35.000000 0.000000 0.000000 0.000000
39.000000 -34.000000 0.000000 0.001000 0.000000
39.000000 -33.000000 0.000000 0.000000 0.000000
39.000000 -32.000000 0.000000 0.002000 0.000000
39.000000 -31.000000 0.000000 0.002000 0.000000
39.000000 -30.000000 0.000000 0.000000 0.000000
39.000000 -29.000000 0.000000 0.000000 0.000000
39.000000 -28.000000 0.000000 0.000000 0.000000
39.000000 -27.000000 0.000000 0.000000 0.000000
39.000000 -26.000000 0.000000 0.000000 0.000000
39.000000 -25.000000 0.000000 0.001000 0.000000
39.000000 -24.000000 0.570613 0.007000 0.004000
39.000000 -23.000000 0.998890 0.009000 0.009000
39.000000 -22.000000 0.919969 0.300000 0.276000
39.000000 -21.000000 0.774895 0.311000 0.241000
39.000000 -20.000000 0.803100 0.320000 0.257000
39.000000 -19.000000 0.930523 0.288000 0.268000
39.000000 -18.000000 0.849470 0.299000 0.254000
39.000000 -17.000000 0.847193 0.288000 0.244000
39.000000 -16.000000 0.793787 0.291000 0.231000
39.000000 -15.000000 0.779528 0.313000 0.244000
39.000000 -14.000000 0.790099 0.324000 0.256000
39.000000 -13.000000 0.837260 0.295000 0.247000
39.000000 -12.000000 0.920383 0.289000 0.266000
39.000000 -11.000000 0.749203 0.323000 0.242000
39.000000 -10.000000 0.884459 0.303000 0.268000
39.000000 -9.000000 0.842595 0.305000 0.257000
39.000000 -8.000000 0.819022 0.315000 0.258000
39.000000 -7.000000 0.839717 0.312000 0.262000
39.000000 -6.000000 0.851695 0.290000 0.247000
39.000000 -5.000000 0.836964 0.319000 0.267000
39.000000 -4.000000 0.881550 0.304000 0.268000
39.000000 -3.000000 0.790514 0.296000 0.234000
39.000000 -2.000000 0.902746 0.288000 0.260000
39.000000 -1.000000 0.842417 0.311000 0.262000
39.000000 0.000000 0.787277 0.315000 0.248000
39.000000 1.000000 0.845584 0.285000 0.241000
39.000000 2.000000 0.766001 0.312000 0.239000
39.000000 3.000000 0.904898 0.284000 0.257000
39.000000 4.000000 0.763780 0.326000 0.249000
39.000000 5.000000 0.795353 0.303000 0.241000
39.000000 6.000000 0.834330 0.326000 0.272000
39.000000 7.000000 0.853868 0.308000 0.263000
39.000000 8.000000 0.846849 0.320000 0.271000
39.000000 9.000000 0.860437 0.301000 0.259000
39.000000 10.000000 0.819909 0.311000 0.255000
39.000000 11.000000 0.760772 0.301000 0.229000
39.000000 12.000000 0.839201 0.311000 0.261000
39.000000 13.000000 0.814440 0.318000 0.259000
39.000000 14.000000 0.837106 0.307000 0.257000
39.000000 15.000000 0.857113 0.287000 0.246000
39.000000 16.000000 0.838898 0.298000 0.250000
39.000000 17.000000 0.891862 0.296000 0.264000
39.000000 18.000000 0.750806 0.301000 0.226000
39.000000 19.000000 0.808359 0.334000 0.270000
39.000000 20.000000 0.743647 0.316000 0.235000
39.000000 21.000000 0.806200 0.289000 0.233000
39.000000 22.000000 0.843110 0.306000 0.258000
39.000000 23.000000 1.220866 0.009000 0.011000
39.000000 24.000000 0.635786 0.011000 0.007000
39.000000 25.000000 0.000000 0.000000 0.000000
39.000000 26.000000 0.000000 0.000000 0.000000
39.000000 27.000000 0.000000 0.002000 0.000000
39.000000 28.000000 0.000000 0.000000 0.000000
39.000000 29.000000 0.000000 0.000000 0.000000
39.000000 30.000000 0.000000 0.001000 0.000000
39.000000 31.000000 100.000000 0.000000 0.001000
39.000000 32.000000 0.000000 0.000000 0.000000
39.000000 33.000000 0.000000 0.000000 0.000000
39.000000 34.000000 0.000000 0.000000 0.000000
39.000000 35.000000 0.000000 0.000000 0.000000
39.000000 36.000000 0.000000 0.000000 0.000000
39.000000 37.000000 0.000000 0.000000 0.000000
39.000000 38.000000 0.000000 0.000000 0.000000
39.000000 39.000000 0.000000 0.001000 0.000000
39.000000 40.000000 0.000000 0.000000 0.000000
39.000000 41.000000 100.000000 0.000000 0.001000
39.000000 42.000000 0.000000 0.000000 0.000000
39.000000 43.000000 0.000000 0.001000 0.000000
39.000000 44.000000 0.000000 0.000000 0.000000
39.000000 45.000000 4.950495 0.001000 0.005000
40.000000 -45.000000 0.941824 0.258000 0.243000
40.000000 -44.000000 0.000000 0.000000 0.000000
40.000000 -43.000000 0.000000 0.000000 0.000000
40.000000 -42.000000 0.000000 0.000000 0.000000
40.000000 -41.000000 0.000000 0.001000 0.000000
40.000000 -40.000000 0.000000 0.001000 0.000000
40.000000 -39.000000 0.000000 0.000000 0.000000
40.000000 -38.000000 100.000000 0.000000 0.001000
40.000000 -37.000000 100.000000 0.000000 0.001000
40.000000 -36.000000 0.000000 0.000000 0.000000
40.000000 -35.000000 0.000000 0.000000 0.000000
40.000000 -34.000000 0.000000 0.001000 0.000000
40.000000 -33.000000 0.000000 0.000000 0.000000
40.000000 -32.000000 100.000000 0.000000 0.001000
40.000000 -31.000000 0.000000 0.001000 0.000000
40.000000 -30.000000 0.000000 0.000000 0.000000
40.000000 -29.000000 0.000000 0.000000 0.000000
40.000000 -28.000000 0.000000 0.001000 0.000000
40.000000 -27.000000 0.000000 0.001000 0.000000
40.000000 -26.000000 200.000000 0.000000 0.002000
40.000000 -25.000000 100.000000 0.000000 0.001000
40.000000 -24.000000 0.000000 0.000000 0.000000
40.000000 -23.000000 0.000000 0.000000 0.000000
40.000000 -22.000000 0.249792 0.012000 0.003000
40.000000 -21.000000 0.808752 0.319000 0.258000
40.000000 -20.000000 0.741076 0.309000 0.229000
40.000000 -19.000000 0.754240 0.293000 0.221000
40.000000 -18.000000 0.859907 0.307000 0.264000
40.000000 -17.000000 0.946812 0.301000 0.285000
40.000000 -16.000000 0.913303 0.300000 0.274000
40.000000 -15.000000 0.854208 0.295000 0.252000
40.000000 -14.000000 0.811525 0.329000 0.267000
40.000000 -13.000000 0.767057 0.322000 0.247000
40.000000 -12.000000 0.809643 0.331000 0.268000
40.000000 -11.000000 0.918537 0.307000 0.282000
40.000000 -10.000000 0.910269 0.301000 0.274000
40.000000 -9.000000 0.853712 0.294000 0.251000
40.000000 -8.000000 0.745376 0.326000 0.243000
40.000000 -7.000000 0.792659 0.328000 0.260000
40.000000 -6.000000 0.679857 0.328000 0.223000
40.000000 -5.000000 0.858102 0.289000 0.248000
40.000000 -4.000000 0.869132 0.321000 0.279000
40.000000 -3.000000 0.795083 0.327000 0.260000
40.000000 -2.000000 0.858493 0.311000 0.267000
40.000000 -1.000000 0.788319 0.326000 0.257000
40.000000 0.000000 0.811662 0.308000 0.250000
40.000000 1.000000 0.902746 0.288000 0.260000
40.000000 2.000000 0.837474 0.320000 0.268000
40.000000 3.000000 0.905199 0.306000 0.277000
40.000000 4.000000 0.838256 0.303000 0.254000
40.000000 5.000000 0.815155 0.303000 0.247000
40.000000 6.000000 0.805006 0.318000 0.256000
40.000000 7.000000 0.808151 0.318000 0.257000
40.000000 8.000000 0.695632 0.345000 0.240000
40.000000 9.000000 0.797987 0.302000 0.241000
40.000000 10.000000 0.757645 0.326000 0.247000
40.000000 11.000000 0.805799 0.309000 0.249000
40.000000 12.000000 0.774073 0.332000 0.257000
40.000000 13.000000 0.772411 0.312000 0.241000
40.000000 14.000000 0.905981 0.266000 0.241000
40.000000 15.000000 0.757645 0.326000 0.247000
40.000000 16.000000 0.757074 0.317000 0.240000
40.000000 17.000000 0.864658 0.303000 0.262000
40.000000 18.000000 0.821165 0.302000 0.248000
40.000000 19.000000 0.832748 0.299000 0.249000
40.000000 20.000000 0.838898 0.298000 0.250000
40.000000 21.000000 0.885782 0.289000 0.256000
40.000000 22.000000 0.285307 0.007000 0.002000
40.000000 23.000000 0.000000 0.000000 0.000000
40.000000 24.000000 0.000000 0.000000 0.000000
40.000000 25.000000 0.000000 0.001000 0.000000
40.000000 26.000000 0.000000 0.000000 0.000000
40.000000 27.000000 200.000000 0.000000 0.002000
40.000000 28.000000 0.990099 0.001000 0.001000
40.000000 29.000000 0.000000 0.000000 0.000000
40.000000 30.000000 100.000000 0.000000 0.001000
40.000000 31.000000 0.000000 0.000000 0.000000
40.000000 32.000000 0.000000 0.000000 0.000000
40.000000 33.000000 0.000000 0.000000 0.000000
40.000000 34.000000 0.000000 0.000000 0.000000
40.000000 35.000000 0.000000 0.000000 0.000000
40.000000 36.000000 0.000000 0.000000 0.000000
40.000000 37.000000 0.000000 0.000000 0.000000
40.000000 38.000000 0.000000 0.000000 0.000000
40.000000 39.000000 0.000000 0.000000 0.000000
40.000000 40.000000 100.000000 0.000000 0.001000
40.000000 41.000000 0.000000 0.000000 0.000000
40.000000 42.000000 0.000000 0.000000 0.000000
40.000000 43.000000 0.000000 0.001000 0.000000
40.000000 44.000000 0.000000 0.000000 0.000000
40.000000 45.000000 0.750795 0.305000 0.229000
41.000000 -45.000000 0.807942 0.276000 0.223000
41.000000 -44.000000 0.000000 0.002000 0.000000
41.000000 -43.000000 0.000000 0.000000 0.000000
41.000000 -42.000000 100.000000 0.000000 0.001000
41.000000 -41.000000 0.000000 0.000000 0.000000
41.000000 -40.000000 100.000000 0.000000 0.001000
41.000000 -39.000000 0.000000 0.001000 0.000000
41.000000 -38.000000 0.000000 0.000000 0.000000
41.000000 -37.000000 0.000000 0.000000 0.000000
41.000000 -36.000000 0.000000 0.001000 0.000000
41.000000 -35.000000 0.000000 0.000000 0.000000
41.000000 -34.000000 0.000000 0.000000 0.000000
41.000000 -33.000000 0.000000 0.000000 0.000000
41.000000 -32.000000 0.000000 0.000000 0.000000
41.000000 -31.000000 0.000000 0.000000 0.000000
41.000000 -30.000000 0.990099 0.001000 0.001000
41.000000 -29.000000 0.000000 0.000000 0.000000
41.000000 -28.000000 1.980198 0.001000 0.002000
41.000000 -27.000000 0.000000 0.001000 0.000000
41.000000 -26.000000 100.000000 0.000000 0.001000
41.000000 -25.000000 0.000000 0.000000 0.000000
41.000000 -24.000000 0.000000 0.000000 0.000000
41.000000 -23.000000 0.000000 0.000000 0.000000
41.000000 -22.000000 0.000000 0.000000 0.000000
41.000000 -21.000000 0.000000 0.009000 0.000000
41.000000 -20.000000 0.499376 0.008000 0.004000
41.000000 -19.000000 0.732285 0.325000 0.238000
41.000000 -18.000000 0.809500 0.336000 0.272000
41.000000 -17.000000 0.883929 0.293000 0.259000
41.000000 -16.000000 0.837635 0.308000 0.258000
41.000000 -15.000000 0.799974 0.310000 0.248000
41.000000 -14.000000 0.823701 0.295000 0.243000
41.000000 -13.000000 0.798631 0.298000 0.238000
41.000000 -12.000000 0.801217 0.322000 0.258000
41.000000 -11.000000 0.959564 0.297000 0.285000
41.000000 -10.000000 0.876225 0.299000 0.262000
41.000000 -9.000000 0.812898 0.294000 0.239000
41.000000 -8.000000 0.953537 0.280000 0.267000
41.000000 -7.000000 0.914444 0.304000 0.278000
40.999858 -6.000158 0.779195 0.308000 0.240000
41.000000 -5.000000 0.789133 0.332000 0.262000
41.000000 -4.000000 0.857577 0.309000 0.265000
41.000000 -3.000000 0.827215 0.301000 0.249000
41.000000 -2.000000 0.789610 0.328000 0.259000
41.000000 -1.000000 0.779635 0.295000 0.230000
41.000000 0.000000 0.877103 0.293000 0.257000
41.000000 1.000000 0.892226 0.297000 0.265000
41.000000 2.000000 0.840882 0.308000 0.259000
41.000000 3.000000 0.816174 0.321000 0.262000
41.000000 4.000000 0.820235 0.306000 0.251000
41.000000 5.000000 0.778101 0.320000 0.249000
41.000000 6.000000 0.815360 0.325000 0.265000
41.000000 7.000000 0.843621 0.307000 0.259000
41.000000 8.000000 0.855278 0.311000 0.266000
41.000000 9.000000 0.766001 0.312000 0.239000
41.000000 10.000000 0.749249 0.343000 0.257000
41.000000 11.000000 0.773111 0.335000 0.259000
41.000000 12.000000 0.795083 0.327000 0.260000
41.000000 13.000000 0.782454 0.331000 0.259000
41.000000 14.000000 0.862267 0.305000 0.263000
41.000000 15.000000 0.740159 0.331000 0.245000
41.000000 16.000000 0.806640 0.300000 0.242000
41.000000 17.000000 0.811887 0.319000 0.259000
41.000000 18.000000 0.740276 0.335000 0.248000
41.000000 19.000000 0.900283 0.321000 0.289000
41.000000 20.000000 0.499168 0.006000 0.003000
41.000000 21.000000 0.166528 0.012000 0.002000
41.000000 22.000000 0.000000 0.001000 0.000000
41.000000 23.000000 0.000000 0.000000 0.000000
41.000000 24.000000 0.000000 0.001000 0.000000
41.000000 25.000000 0.000000 0.001000 0.000000
41.000000 26.000000 0.000000 0.000000 0.000000
41.000000 27.000000 0.497512 0.002000 0.001000
41.000000 28.000000 0.000000 0.001000 0.000000
41.000000 29.000000 0.000000 0.000000 0.000000
41.000000 30.000000 0.000000 0.000000 0.000000
41.000000 31.000000 100.000000 0.000000 0.001000
41.000000 32.000000 100.000000 0.000000 0.001000
41.000000 33.000000 0.000000 0.001000 0.000000
41.000000 34.000000 0.000000 0.000000 0.000000
41.000000 35.000000 0.000000 0.002000 0.000000
41.000000 36.000000 0.000000 0.000000 0.000000
41.000000 37.000000 0.000000 0.000000 0.000000
41.000000 38.000000 0.000000 0.000000 0.000000
41.000000 39.000000 0.000000 0.000000 0.000000
41.000000 40.000000 0.000000 0.000000 0.000000
41.000000 41.000000 0.000000 0.001000 0.000000
41.000000 42.000000 0.000000 0.000000 0.000000
41.000000 43.000000 0.000000 0.000000 0.000000
41.000000 44.000000 0.000000 0.000000 0.000000
41.000000 45.000000 0.881886 0.271000 0.239000
42.000000 -45.000000 0.869833 0.292000 0.254000
42.000000 -44.000000 1.980198 0.001000 0.002000
42.000000 -43.000000 0.000000 0.000000 0.000000
42.000000 -42.000000 0.000000 0.001000 0.000000
42.000000 -41.000000 0.000000 0.000000 0.000000
42.000000 -40.000000 0.000000 0.000000 0.000000
42.000000 -39.000000 0.000000 0.000000 0.000000
42.000000 -38.000000 0.000000 0.001000 0.000000
42.000000 -37.000000 0.000000 0.000000 0.000000
42.000000 -36.000000 0.990099 0.001000 0.001000
42.000000 -35.000000 0.000000 0.000000 0.000000
42.000000 -34.000000 0.000000 0.000000 0.000000
42.000000 -33.000000 0.000000 0.000000 0.000000
42.000000 -32.000000 0.000000 0.000000 0.000000
42.000000 -31.000000 0.000000 0.000000 0.000000
42.000000 -30.000000 0.000000 0.000000 0.000000
42.000000 -29.000000 0.990099 0.001000 0.001000
42.000000 -28.000000 100.000000 0.000000 0.001000
42.000000 -27.000000 100.000000 0.000000 0.001000
42.000000 -26.000000 0.000000 0.000000 0.000000
42.000000 -25.000000 0.990099 0.001000 0.001000
42.000000 -24.000000 0.000000 0.002000 0.000000
42.000000 -23.000000 0.000000 0.001000 0.000000
42.000000 -22.000000 0.000000 0.001000 0.000000
42.000000 -21.000000 0.000000 0.000000 0.000000
42.000000 -20.000000 100.000000 0.000000 0.001000
42.000000 -19.000000 0.000000 0.001000 0.000000
42.000000 -18.000000 0.333111 0.015000 0.005000
42.000000 -17.000000 1.089918 0.011000 0.012000
42.000000 -16.000000 0.858988 0.305000 0.262000
42.000000 -15.000000 0.774752 0.333000 0.258000
42.000000 -14.000000 0.836574 0.306000 0.256000
42.000000 -13.000000 0.787402 0.334000 0.263000
42.000000 -12.000000 0.817563 0.307000 0.251000
42.000000 -11.000000 0.876944 0.317000 0.278000
42.000000 -10.000000 0.834409 0.302000 0.252000
42.000000 -9.000000 0.700835 0.351000 0.246000
42.000000 -8.000000 0.864658 0.303000 0.262000
42.000000 -7.000000 0.797360 0.306000 0.244000
42.000000 -6.000000 0.764327 0.331000 0.253000
42.000000 -5.000000 0.797402 0.311000 0.248000
42.000000 -4.000000 0.784591 0.325000 0.255000
42.000000 -3.000000 0.932446 0.311000 0.290000
42.000000 -2.000000 0.696255 0.349000 0.243000
42.000000 -1.000000 0.766209 0.308000 0.236000
42.000000 0.000000 0.861172 0.317000 0.273000
42.000000 1.000000 0.771318 0.328000 0.253000
42.000000 2.000000 0.858493 0.311000 0.267000
42.000000 3.000000 0.713824 0.325000 0.232000
42.000000 4.000000 0.773861 0.314000 0.243000
42.000000 5.000000 0.849332 0.312000 0.265000
42.000000 6.000000 0.828920 0.304000 0.252000
42.000000 7.000000 0.759737 0.333000 0.253000
42.000000 8.000000 0.824426 0.319000 0.263000
42.000000 9.000000 0.854757 0.303000 0.259000
42.000000 10.000000 0.862267 0.305000 0.263000
42.000000 11.000000 0.741076 0.309000 0.229000
42.000000 12.000000 0.719490 0.328000 0.236000
42.000000 13.000000 0.827135 0.324000 0.268000
42.000000 14.000000 0.843110 0.306000 0.258000
42.000000 15.000000 0.818445 0.314000 0.257000
42.000000 16.000000 0.802020 0.293000 0.235000
42.000000 17.000000 0.997506 0.004000 0.004000
42.000000 18.000000 0.544959 0.011000 0.006000
42.000000 19.000000 0.000000 0.000000 0.000000
42.000000 20.000000 0.000000 0.000000 0.000000
42.000000 21.000000 0.000000 0.000000 0.000000
42.000000 22.000000 0.000000 0.000000 0.000000
42.000000 23.000000 0.000000 0.000000 0.000000
42.000000 24.000000 0.000000 0.000000 0.000000
42.000000 25.000000 0.000000 0.000000 0.000000
42.000000 26.000000 0.990099 0.001000 0.001000
42.000000 27.000000 100.000000 0.000000 0.001000
42.000000 28.000000 0.000000 0.000000 0.000000
42.000000 29.000000 0.000000 0.000000 0.000000
42.000000 30.000000 0.000000 0.000000 0.000000
42.000000 31.000000 100.000000 0.000000 0.001000
42.000000 32.000000 0.990099 0.001000 0.001000
42.000000 33.000000 100.000000 0.000000 0.001000
42.000000 34.000000 0.000000 0.000000 0.000000
42.000000 35.000000 0.000000 0.000000 0.000000
42.000000 36.000000 0.000000 0.000000 0.000000
42.000000 37.000000 0.000000 0.000000 0.000000
42.000000 38.000000 0.000000 0.000000 0.000000
42.000000 39.000000 0.000000 0.001000 0.000000
42.000000 40.000000 100.000000 0.000000 0.001000
42.000000 41.000000 0.000000 0.001000 0.000000
42.000000 42.000000 100.000000 0.000000 0.001000
42.000000 43.000000 0.000000 0.000000 0.000000
42.000000 44.000000 0.990099 0.001000 0.001000
42.000000 45.000000 0.718188 0.291000 0.209000
43.000000 -45.000000 0.883179 0.274000 0.242000
43.000000 -44.000000 0.990099 0.001000 0.001000
43.000000 -43.000000 0.000000 0.000000 0.000000
43.000000 -42.000000 0.000000 0.000000 0.000000
43.000000 -41.000000 0.000000 0.001000 0.000000
43.000000 -40.000000 0.497512 0.002000 0.001000
43.000000 -39.000000 0.000000 0.000000 0.000000
43.000000 -38.000000 0.000000 0.000000 0.000000
43.000000 -37.000000 0.000000 0.001000 0.000000
43.000000 -36.000000 0.000000 0.000000 0.000000
43.000000 -35.000000 0.000000 0.000000 0.000000
43.000000 -34.000000 0.000000 0.000000 0.000000
43.000000 -33.000000 100.000000 0.000000 0.001000
43.000000 -32.000000 0.000000 0.000000 0.000000
43.000000 -31.000000 0.000000 0.000000 0.000000
43.000000 -30.000000 0.000000 0.002000 0.000000
43.000000 -29.000000 0.000000 0.000000 0.000000
43.000000 -28.000000 0.000000 0.000000 0.000000
43.000000 -27.000000 0.000000 0.000000 0.000000
43.000000 -26.000000 0.000000 0.000000 0.000000
43.000000 -25.000000 0.000000 0.000000 0.000000
43.000000 -24.000000 0.000000 0.000000 0.000000
43.000000 -23.000000 100.000000 0.000000 0.001000
43.000000 -22.000000 0.000000 0.000000 0.000000
43.000000 -21.000000 0.000000 0.001000 0.000000
43.000000 -20.000000 0.000000 0.000000 0.000000
43.000000 -19.000000 100.000000 0.000000 0.001000
43.000000 -18.000000 0.000000 0.000000 0.000000
43.000000 -17.000000 0.000000 0.002000 0.000000
43.000000 -16.000000 0.230592 0.013000 0.003000
43.000000 -15.000000 0.749064 0.008000 0.006000
43.000000 -14.000000 0.870522 0.309000 0.269000
43.000000 -13.000000 0.742276 0.357000 0.265000
43.000193 -11.999584 0.864326 0.317000 0.274000
43.000000 -11.000000 0.823502 0.306000 0.252000
43.000000 -10.000000 0.762634 0.316000 0.241000
43.000000 -9.000000 0.985312 0.273000 0.269000
43.000000 -8.000000 0.661831 0.346000 0.229000
43.000000 -7.000000 0.853633 0.328000 0.280000
43.000000 -6.000000 0.780230 0.314000 0.245000
43.000000 -5.000000 0.769692 0.317000 0.244000
43.000000 -4.000000 0.774831 0.342000 0.265000
43.000000 -3.000000 0.786640 0.300000 0.236000
43.000000 -2.000000 0.857587 0.302000 0.259000
43.000000 -1.000000 0.838880 0.329000 0.276000
43.000000 0.000000 0.786139 0.318000 0.250000
43.000000 1.000000 0.781226 0.320000 0.250000
43.000000 2.000000 0.746008 0.315000 0.235000
43.000000 3.000000 0.872936 0.307000 0.268000
43.000000 4.000000 0.845885 0.318000 0.269000
43.000000 5.000000 0.819289 0.321000 0.263000
43.000000 6.000000 0.841556 0.303000 0.255000
43.000000 7.000000 0.727515 0.345000 0.251000
43.000000 8.000000 0.726132 0.325000 0.236000
43.000000 9.000000 0.877162 0.285000 0.250000
43.000000 10.000000 0.844343 0.302000 0.255000
43.000000 11.000000 0.712589 0.341000 0.243000
43.000000 12.000000 0.934396 0.305000 0.285000
43.000000 13.000000 0.914444 0.304000 0.278000
43.000000 14.000000 0.857568 0.316000 0.271000
43.000000 15.000000 0.571021 0.014000 0.008000
43.000000 16.000000 0.230592 0.013000 0.003000
43.000000 17.000000 0.000000 0.001000 0.000000
43.000000 18.000000 0.000000 0.000000 0.000000
43.000000 19.000000 100.000000 0.000000 0.001000
43.000000 20.000000 0.000000 0.000000 0.000000
43.000000 21.000000 0.000000 0.000000 0.000000
43.000000 22.000000 200.000000 0.000000 0.002000
43.000000 23.000000 0.000000 0.000000 0.000000
43.000000 24.000000 100.000000 0.000000 0.001000
43.000000 25.000000 0.990099 0.001000 0.001000
43.000000 26.000000 0.000000 0.001000 0.000000
43.000000 27.000000 0.000000 0.000000 0.000000
43.000000 28.000000 0.000000 0.000000 0.000000
43.000000 29.000000 0.000000 0.001000 0.000000
43.000000 30.000000 0.000000 0.002000 0.000000
43.000000 31.000000 0.000000 0.001000 0.000000
43.000000 32.000000 0.000000 0.000000 0.000000
43.000000 33.000000 0.000000 0.000000 0.000000
43.000000 34.000000 100.000000 0.000000 0.001000
43.000000 35.000000 0.000000 0.000000 0.000000
43.000000 36.000000 0.000000 0.000000 0.000000
43.000000 37.000000 0.000000 0.000000 0.000000
43.000000 38.000000 0.000000 0.000000 0.000000
43.000000 39.000000 100.000000 0.000000 0.001000
43.000000 40.000000 0.000000 0.000000 0.000000
43.000000 41.000000 0.000000 0.001000 0.000000
43.000000 42.000000 0.000000 0.000000 0.000000
43.000000 43.000000 0.000000 0.000000 0.000000
43.000000 44.000000 0.497512 0.002000 0.001000
43.000000 45.000000 0.781663 0.284000 0.222000
44.000000 -45.000000 0.781853 0.298000 0.233000
44.000000 -44.000000 0.000000 0.000000 0.000000
44.000000 -43.000000 0.000000 0.001000 0.000000
44.000000 -42.000000 0.000000 0.000000 0.000000
44.000000 -41.000000 200.000000 0.000000 0.002000
44.000000 -40.000000 0.000000 0.000000 0.000000
44.000000 -39.000000 0.000000 0.000000 0.000000
44.000000 -38.000000 0.000000 0.000000 0.000000
44.000000 -37.000000 0.000000 0.001000 0.000000
44.000000 -36.000000 0.000000 0.000000 0.000000
44.000000 -35.000000 0.000000 0.000000 0.000000
44.000000 -34.000000 0.000000 0.000000 0.000000
44.000000 -33.000000 0.000000 0.000000 0.000000
44.000000 -32.000000 0.000000 0.001000 0.000000
44.000000 -31.000000 0.497512 0.002000 0.001000
44.000000 -30.000000 0.000000 0.000000 0.000000
44.000000 -29.000000 0.000000 0.000000 0.000000
44.000000 -28.000000 100.000000 0.000000 0.001000
44.000000 -27.000000 0.000000 0.000000 0.000000
44.000000 -26.000000 0.000000 0.000000 0.000000
44.000000 -25.000000 0.000000 0.000000 0.000000
44.000000 -24.000000 0.000000 0.001000 0.000000
44.000000 -23.000000 0.000000 0.001000 0.000000
44.000000 -22.000000 100.000000 0.000000 0.001000
44.000000 -21.000000 0.000000 0.000000 0.000000
44.000000 -20.000000 0.000000 0.002000 0.000000
44.000000 -19.000000 0.000000 0.000000 0.000000
44.000000 -18.000000 0.000000 0.000000 0.000000
44.000000 -17.000000 0.000000 0.000000 0.000000
44.000000 -16.000000 0.000000 0.000000 0.000000
44.000000 -15.000000 0.000000 0.000000 0.000000
44.000000 -14.000000 0.000000 0.000000 0.000000
44.000000 -13.000000 0.624220 0.008000 0.005000
44.000000 -12.000000 0.443951 0.009000 0.004000
44.000000 -11.000000 0.899101 0.010000 0.009000
44.000000 -10.000000 0.883929 0.293000 0.259000
44.000000 -9.000000 0.826600 0.323000 0.267000
44.000000 -8.000000 0.766130 0.325000 0.249000
44.000000 -7.000000 0.888483 0.296000 0.263000
44.000000 -6.000000 0.949120 0.295000 0.280000
44.000000 -5.000000 0.979628 0.295000 0.289000
44.000000 -4.000000 0.797595 0.336000 0.268000
44.000000 -3.000000 0.781853 0.298000 0.233000
44.000000 -2.000000 1.010101 0.296000 0.299000
44.000000 -1.000000 0.758387 0.327000 0.248000
44.000000 0.000000 0.740613 0.347000 0.257000
44.000000 1.000000 0.857117 0.329000 0.282000
44.000000 2.000000 0.817584 0.318000 0.260000
44.000000 3.000000 0.795083 0.327000 0.260000
44.000000 4.000000 0.746155 0.327000 0.244000
44.000000 5.000000 0.848074 0.316000 0.268000
44.000000 6.000000 0.841095 0.321000 0.270000
44.000000 7.000000 0.791641 0.312000 0.247000
44.000000 8.000000 0.868072 0.326000 0.283000
44.000000 9.000000 0.783674 0.319000 0.250000
44.000000 10.000000 0.924698 0.279000 0.258000
44.000000 11.000000 0.666223 0.015000 0.010000
44.000000 12.000000 0.099900 0.010000 0.001000
44.000000 13.000000 0.166528 0.012000 0.002000
44.000000 14.000000 0.000000 0.000000 0.000000
44.000000 15.000000 100.000000 0.000000 0.001000
44.000000 16.000000 0.000000 0.002000 0.000000
44.000000 17.000000 0.000000 0.001000 0.000000
44.000000 18.000000 0.000000 0.000000 0.000000
44.000000 19.000000 0.000000 0.000000 0.000000
44.000000 20.000000 0.000000 0.000000 0.000000
44.000000 21.000000 0.000000 0.000000 0.000000
44.000000 22.000000 0.000000 0.000000 0.000000
44.000000 23.000000 0.000000 0.001000 0.000000
44.000000 24.000000 0.000000 0.000000 0.000000
44.000000 25.000000 0.000000 0.000000 0.000000
44.000000 26.000000 100.000000 0.000000 0.001000
44.000000 27.000000 0.000000 0.001000 0.000000
44.000000 28.000000 0.000000 0.000000 0.000000
44.000000 29.000000 0.000000 0.000000 0.000000
44.000000 30.000000 100.000000 0.000000 0.001000
44.000000 31.000000 0.000000 0.000000 0.000000
44.000000 32.000000 0.000000 0.000000 0.000000
44.000000 33.000000 100.000000 0.000000 0.001000
44.000000 34.000000 0.000000 0.000000 0.000000
44.000000 35.000000 0.000000 0.001000 0.000000
44.000000 36.000000 0.000000 0.000000 0.000000
44.000000 37.000000 0.000000 0.000000 0.000000
44.000000 38.000000 0.000000 0.000000 0.000000
44.000000 39.000000 0.000000 0.000000 0.000000
44.000000 40.000000 0.000000 0.000000 0.000000
44.000000 41.000000 0.000000 0.001000 0.000000
44.000000 42.000000 0.000000 0.000000 0.000000
44.000000 43.000000 0.000000 0.001000 0.000000
44.000000 44.000000 0.995025 0.002000 0.002000
44.000000 45.000000 0.736818 0.304000 0.224000
45.000000 -45.000000 0.881088 0.286000 0.252000
45.000000 -44.000000 0.850878 0.275000 0.234000
45.000000 -43.000000 0.000000 0.000000 0.000000
45.000000 -42.000000 0.000000 0.000000 0.000000
45.000000 -41.000000 0.000000 0.000000 0.000000
45.000000 -40.000000 0.000000 0.000000 0.000000
45.000000 -39.000000 0.000000 0.001000 0.000000
45.000000 -38.000000 0.000000 0.000000 0.000000
45.000000 -37.000000 0.000000 0.002000 0.000000
45.000000 -36.000000 0.000000 0.000000 0.000000
45.000000 -35.000000 0.000000 0.000000 0.000000
45.000000 -34.000000 0.000000 0.000000 0.000000
45.000000 -33.000000 0.000000 0.000000 0.000000
45.000000 -32.000000 0.332226 0.003000 0.001000
45.000000 -31.000000 0.000000 0.000000 0.000000
45.000000 -30.000000 0.000000 0.000000 0.000000
45.000000 -29.000000 0.000000 0.000000 0.000000
45.000000 -28.000000 0.000000 0.000000 0.000000
45.000000 -27.000000 0.000000 0.000000 0.000000
45.000000 -26.000000 100.000000 0.000000 0.001000
45.000000 -25.000000 0.000000 0.000000 0.000000
45.000000 -24.000000 0.000000 0.000000 0.000000
45.000000 -23.000000 0.000000 0.000000 0.000000
45.000000 -22.000000 0.000000 0.000000 0.000000
45.000000 -21.000000 100.000000 0.000000 0.001000
45.000000 -20.000000 0.000000 0.000000 0.000000
45.000000 -19.000000 300.000000 0.000000 0.003000
45.000000 -18.000000 0.000000 0.000000 0.000000
45.000000 -17.000000 100.000000 0.000000 0.001000
45.000000 -16.000000 100.000000 0.000000 0.001000
45.000000 -15.000000 0.000000 0.000000 0.000000
45.000000 -14.000000 0.000000 0.000000 0.000000
45.000000 -13.000000 0.990099 0.001000 0.001000
45.000000 -12.000000 0.000000 0.000000 0.000000
45.000000 -11.000000 0.000000 0.001000 0.000000
45.000000 -10.000000 0.000000 0.000000 0.000000
45.000000 -9.000000 0.166528 0.012000 0.002000
45.000000 -8.000000 0.199800 0.010000 0.002000
45.000000 -7.000000 0.454133 0.011000 0.005000
45.000000 -6.000000 0.927909 0.014000 0.013000
45.000000 -5.000000 1.622971 0.008000 0.013000
45.000000 -4.000000 0.843234 0.319000 0.269000
45.000000 -3.000000 0.870635 0.317000 0.276000
45.000000 -2.000000 0.833307 0.318000 0.265000
45.000000 -1.000000 0.727532 0.323000 0.235000
45.000000 0.000000 0.853706 0.335000 0.286000
45.000000 1.000000 0.839317 0.305000 0.256000
45.000000 2.000000 0.859348 0.320000 0.275000
45.000000 3.000000 0.871682 0.304000 0.265000
45.000000 4.000000 0.909939 0.311000 0.283000
45.000000 5.000000 0.999092 0.011000 0.011000
45.000000 6.000000 0.785153 0.014000 0.011000
45.000000 7.000000 0.749376 0.012000 0.009000
45.000000 8.000000 0.099900 0.010000 0.001000
45.000000 9.000000 0.272480 0.011000 0.003000
45.000000 10.000000 0.000000 0.000000 0.000000
45.000000 11.000000 0.000000 0.000000 0.000000
45.000000 12.000000 0.000000 0.000000 0.000000
45.000000 13.000000 0.990099 0.001000 0.001000
45.000000 14.000000 0.000000 0.000000 0.000000
45.000000 15.000000 0.000000 0.000000 0.000000
45.000000 16.000000 0.000000 0.001000 0.000000
45.000000 17.000000 0.000000 0.000000 0.000000
45.000000 18.000000 0.000000 0.000000 0.000000
45.000000 19.000000 0.000000 0.000000 0.000000
45.000000 20.000000 0.000000 0.001000 0.000000
45.000000 21.000000 0.000000 0.000000 0.000000
45.000000 22.000000 0.000000 0.000000 0.000000
45.000000 23.000000 0.000000 0.000000 0.000000
45.000000 24.000000 0.000000 0.000000 0.000000
45.000000 25.000000 0.000000 0.000000 0.000000
45.000000 26.000000 100.000000 0.000000 0.001000
45.000000 27.000000 1.980198 0.001000 0.002000
45.000000 28.000000 0.000000 0.000000 0.000000
45.000000 29.000000 0.000000 0.000000 0.000000
45.000000 30.000000 0.000000 0.001000 0.000000
45.000000 31.000000 0.000000 0.000000 0.000000
45.000000 32.000000 0.000000 0.000000 0.000000
45.000000 33.000000 0.000000 0.000000 0.000000
45.000000 34.000000 0.000000 0.000000 0.000000
45.000000 35.000000 0.000000 0.001000 0.000000
45.000000 36.000000 0.000000 0.000000 0.000000
45.000000 37.000000 0.000000 0.001000 0.000000
45.000000 38.000000 0.000000 0.000000 0.000000
45.000000 39.000000 0.000000 0.000000 0.000000
45.000000 40.000000 0.000000 0.001000 0.000000
45.000000 41.000000 0.000000 0.000000 0.000000
45.000000 42.000000 0.000000 0.001000 0.000000
45.000000 43.000000 0.000000 0.000000 0.000000
45.000000 44.000000 0.877162 0.285000 0.250000
45.000000 45.000000 0.797918 0.292000 0.233000
